player,first_in_percent,first_won_percent,second_won_percent,return_points_won_percent,winners_percent,unforced_percent,df_percent,aces_and_unret_percentage,winners_per_point,forced_per_point,unforced_per_point,net_frequency,net_winner_rate,net_unforced_rate,net_forced_rate,net_points_won_ratio,forehand_side_shot_usage_pct,forehand_side_winner_pct,forehand_side_induced_forced_pct,forehand_side_unforced_pct,backhand_side_shot_usage_pct,backhand_side_winner_pct,backhand_side_induced_forced_pct,backhand_side_unforced_pct,forehand_groundstroke_shot_usage_pct,forehand_groundstroke_winner_pct,forehand_groundstroke_induced_forced_pct,forehand_groundstroke_unforced_pct,backhand_groundstroke_shot_usage_pct,backhand_groundstroke_winner_pct,backhand_groundstroke_induced_forced_pct,backhand_groundstroke_unforced_pct,forehand_slice_shot_usage_pct,forehand_slice_winner_pct,forehand_slice_induced_forced_pct,forehand_slice_unforced_pct,backhand_slice_shot_usage_pct,backhand_slice_winner_pct,backhand_slice_induced_forced_pct,backhand_slice_unforced_pct,forehand_volley_shot_usage_pct,forehand_volley_winner_pct,forehand_volley_induced_forced_pct,forehand_volley_unforced_pct,backhand_volley_shot_usage_pct,backhand_volley_winner_pct,backhand_volley_induced_forced_pct,backhand_volley_unforced_pct,overhead_smash_shot_usage_pct,overhead_smash_winner_pct,overhead_smash_induced_forced_pct,overhead_smash_unforced_pct,backhand_overhead_smash_shot_usage_pct,backhand_overhead_smash_winner_pct,backhand_overhead_smash_induced_forced_pct,backhand_overhead_smash_unforced_pct,forehand_drop_shot_shot_usage_pct,forehand_drop_shot_winner_pct,forehand_drop_shot_induced_forced_pct,forehand_drop_shot_unforced_pct,backhand_drop_shot_shot_usage_pct,backhand_drop_shot_winner_pct,backhand_drop_shot_induced_forced_pct,backhand_drop_shot_unforced_pct,forehand_lob_shot_usage_pct,forehand_lob_winner_pct,forehand_lob_induced_forced_pct,forehand_lob_unforced_pct,backhand_lob_shot_usage_pct,backhand_lob_winner_pct,backhand_lob_induced_forced_pct,backhand_lob_unforced_pct,forehand_half_volley_shot_usage_pct,forehand_half_volley_winner_pct,forehand_half_volley_induced_forced_pct,forehand_half_volley_unforced_pct,backhand_half_volley_shot_usage_pct,backhand_half_volley_winner_pct,backhand_half_volley_induced_forced_pct,backhand_half_volley_unforced_pct,forehand_swinging_volley_shot_usage_pct,forehand_swinging_volley_winner_pct,forehand_swinging_volley_induced_forced_pct,forehand_swinging_volley_unforced_pct,backhand_swinging_volley_shot_usage_pct,backhand_swinging_volley_winner_pct,backhand_swinging_volley_induced_forced_pct,backhand_swinging_volley_unforced_pct
Abedallah Shelbayh,0.5933333333333334,0.6404494382022472,0.5245901639344263,0.3150684931506849,0.1756756756756756,0.1993243243243243,0.02,0.08,0.3539823008849557,0.1504424778761062,0.495575221238938,0.052516411,0.541666667,0.041666667,0.083333333,0.833333333,57.98687089715536,12.075471698113208,1.8867924528301887,13.58490566037736,41.13785557986871,4.25531914893617,5.851063829787234,10.638297872340424,49.23413566739606,7.555555555555555,2.2222222222222223,13.77777777777778,30.63457330415755,2.142857142857143,5.714285714285714,12.142857142857142,2.62582056892779,8.333333333333332,0.0,0.0,5.908096280087528,3.7037037037037033,3.7037037037037033,7.4074074074074066,0.87527352297593,75.0,0.0,25.0,2.1881838074398248,20.0,10.0,0.0,1.312910284463895,100.0,0.0,0.0,0.2188183807439825,100.0,0.0,0.0,2.844638949671773,23.07692307692308,0.0,30.76923076923077,1.5317286652078774,14.285714285714285,0.0,14.285714285714285,0.6564551422319475,33.33333333333333,0.0,0.0,0.437636761487965,0.0,0.0,0.0,,,,,0.2188183807439825,0.0,100.0,0.0,0.437636761487965,50.0,0.0,0.0,,,,
Adam Pavlasek,0.5425531914893617,0.7352941176470589,0.4883720930232558,0.3693181818181818,0.1456043956043956,0.25,0.026595744680851,0.1170212765957446,0.2137931034482758,0.193103448275862,0.593103448275862,0.037643208,0.347826087,0.086956522,0.217391304,0.739130435,44.35351882160393,8.118081180811808,5.904059040590406,14.391143911439114,55.64648117839607,2.647058823529412,3.5294117647058822,13.823529411764708,38.62520458265139,6.779661016949152,5.508474576271186,15.677966101694915,42.71685761047464,1.532567049808429,3.065134099616858,14.942528735632186,2.9459901800327333,0.0,0.0,5.555555555555555,9.983633387888707,1.639344262295082,1.639344262295082,9.836065573770492,1.309328968903437,62.5,12.5,0.0,1.309328968903437,25.0,37.5,12.5,0.8183306055646482,20.0,0.0,20.0,0.1636661211129296,0.0,0.0,0.0,0.3273322422258592,0.0,50.0,0.0,0.9819967266775778,33.33333333333333,0.0,16.666666666666664,0.1636661211129296,0.0,0.0,0.0,0.4909983633387889,0.0,0.0,0.0,,,,,,,,,0.1636661211129296,0.0,100.0,0.0,,,,
Adam Walton,0.6304347826086957,0.6724137931034483,0.4705882352941176,0.3596491228070175,0.0825242718446602,0.1116504854368932,0.0,0.0108695652173913,0.2666666666666666,0.35,0.3833333333333333,0.037634409,0.5,0.142857143,0.071428571,0.714285714,47.31182795698925,6.25,7.386363636363637,7.386363636363637,52.68817204301075,2.5510204081632653,4.081632653061225,5.1020408163265305,41.935483870967744,3.8461538461538463,8.333333333333332,7.051282051282051,44.623655913978496,0.6024096385542169,4.216867469879518,6.024096385542169,2.1505376344086025,0.0,0.0,0.0,5.10752688172043,5.263157894736842,0.0,0.0,1.6129032258064515,50.0,0.0,33.33333333333333,0.8064516129032258,33.33333333333333,0.0,0.0,0.8064516129032258,66.66666666666666,0.0,0.0,0.2688172043010753,100.0,0.0,0.0,,,,,,,,,0.8064516129032258,0.0,0.0,0.0,1.6129032258064515,16.666666666666664,0.0,0.0,,,,,0.2688172043010753,0.0,100.0,0.0,,,,,,,,
Adrian Andreev,0.6405990016638935,0.6571428571428571,0.4768518518518518,0.4042553191489361,0.1368515205724508,0.1690518783542039,0.0316139767054908,0.0415973377703826,0.3099273607748184,0.2784503631961259,0.4116222760290557,0.036818182,0.345679012,0.111111111,0.135802469,0.716049383,48.95454545454545,9.5636025998143,7.242339832869081,8.72794800371402,50.95454545454545,2.230151650312221,3.300624442462088,6.779661016949152,43.54545454545454,7.411273486430063,6.993736951983298,9.08141962421712,41.0,2.549889135254989,2.993348115299334,7.206208425720622,1.818181818181818,5.0,0.0,2.5,7.727272727272727,0.0,1.7647058823529411,4.117647058823529,0.8181818181818182,44.44444444444444,11.11111111111111,5.555555555555555,0.3181818181818182,0.0,28.57142857142857,28.57142857142857,1.8636363636363635,41.46341463414634,14.634146341463412,12.195121951219512,,,,,0.1818181818181818,50.0,25.0,0.0,1.2727272727272727,7.142857142857142,14.285714285714285,3.571428571428571,0.2727272727272727,0.0,33.33333333333333,0.0,0.4090909090909091,0.0,0.0,0.0,0.0454545454545454,0.0,0.0,0.0,0.0909090909090909,0.0,0.0,0.0,0.4090909090909091,33.33333333333333,0.0,0.0,0.1363636363636363,0.0,33.33333333333333,33.33333333333333
Adrian Garcia,0.5371900826446281,0.7230769230769231,0.5178571428571429,0.2523364485981308,0.1578947368421052,0.2149122807017544,0.0909090909090909,0.0826446280991735,0.3170731707317073,0.2195121951219512,0.4634146341463415,0.027888446,0.428571429,0.142857143,0.142857143,0.571428571,58.964143426294825,12.837837837837837,7.432432432432432,18.24324324324324,41.03585657370518,6.796116504854369,6.796116504854369,10.679611650485436,55.77689243027888,10.0,7.857142857142857,18.571428571428573,36.65338645418327,4.3478260869565215,5.434782608695652,11.956521739130435,,,,,2.3904382470119523,0.0,16.666666666666664,0.0,1.195219123505976,33.33333333333333,0.0,33.33333333333333,0.796812749003984,50.0,50.0,0.0,,,,,,,,,1.195219123505976,100.0,0.0,0.0,1.195219123505976,66.66666666666666,0.0,0.0,,,,,,,,,0.398406374501992,0.0,0.0,0.0,,,,,0.398406374501992,100.0,0.0,0.0,,,,
Adrian Mannarino,0.6112617309697602,0.6796315250767656,0.5171673819742489,0.3514316012725345,0.1321766561514195,0.1861198738170347,0.0321167883211678,0.0796663190823774,0.2641908212560386,0.2472826086956521,0.4879227053140096,0.032981814,0.412724307,0.11908646,0.102773246,0.662316476,54.27203271279457,5.422821453355804,4.441360166551006,9.348666600574996,45.65802216722264,3.853405609238746,4.371906669809097,7.918925288710818,49.95157645539653,3.6514433433864713,4.243860404997846,9.295562257647566,40.08393414397934,2.926174496644295,4.25503355704698,8.04026845637584,1.4042827935004842,2.2988505747126435,1.532567049808429,5.747126436781609,3.46497363607016,0.7763975155279503,2.7950310559006213,5.900621118012422,0.9469493166899816,41.47727272727273,7.954545454545454,17.613636363636363,0.9092865597761756,39.64497041420118,11.83431952662722,12.42603550295858,0.8931453782416874,54.81927710843374,6.626506024096386,7.228915662650602,0.0484235446034649,22.22222222222222,22.22222222222222,0.0,0.511137415258797,23.157894736842103,12.63157894736842,15.789473684210526,0.4035295383622082,25.333333333333336,6.666666666666667,12.0,0.2205961476380071,12.195121951219512,2.4390243902439024,0.0,0.5918433229312385,6.363636363636363,4.545454545454546,2.727272727272727,0.2851608737759604,15.09433962264151,16.9811320754717,5.660377358490567,0.1129882707414182,23.809523809523807,14.285714285714285,4.761904761904762,0.0591843322931238,27.27272727272727,27.27272727272727,36.36363636363637,0.0430431507586355,50.0,12.5,12.5
Adrian Voinea,0.6190476190476191,0.5,0.625,0.3478260869565217,0.0909090909090909,0.1704545454545454,0.0476190476190476,0.0952380952380952,0.1818181818181818,0.2272727272727272,0.5909090909090909,0.034482759,0.0,0.0,0.0,0.0,55.172413793103445,6.25,6.25,20.833333333333336,44.82758620689656,2.564102564102564,5.128205128205128,7.6923076923076925,51.72413793103448,6.666666666666667,6.666666666666667,22.22222222222222,13.79310344827586,0.0,16.666666666666664,0.0,1.1494252873563218,0.0,0.0,0.0,29.88505747126437,3.8461538461538463,0.0,11.538461538461538,2.2988505747126435,0.0,0.0,0.0,1.1494252873563218,0.0,0.0,0.0,,,,,,,,,,,,,,,,,,,,,,,,,,,,,,,,,,,,,,,,
Adrien Bossel,0.5476190476190477,0.6086956521739131,0.2105263157894736,0.2222222222222222,0.0641025641025641,0.2435897435897435,0.0238095238095238,0.0238095238095238,0.1333333333333333,0.2666666666666666,0.6,0.026785714,0.0,0.333333333,0.333333333,0.333333333,54.46428571428571,4.918032786885246,3.278688524590164,13.114754098360656,45.535714285714285,1.96078431372549,11.76470588235294,19.607843137254903,50.0,5.357142857142857,3.571428571428571,12.5,36.60714285714285,2.4390243902439024,12.195121951219512,17.073170731707318,3.571428571428571,0.0,0.0,0.0,2.6785714285714284,0.0,0.0,0.0,,,,,1.7857142857142856,0.0,50.0,50.0,,,,,,,,,0.8928571428571428,0.0,0.0,100.0,2.6785714285714284,0.0,0.0,66.66666666666666,,,,,0.8928571428571428,0.0,0.0,0.0,,,,,,,,,,,,,0.8928571428571428,0.0,0.0,0.0
Agustin Calleri,0.5357142857142857,0.7111111111111111,0.4358974358974359,0.3369565217391304,0.1988636363636363,0.3068181818181818,0.0714285714285714,0.0476190476190476,0.3069306930693069,0.2178217821782178,0.4752475247524752,0.078282828,0.419354839,0.096774194,0.161290323,0.677419355,38.63636363636363,13.725490196078432,5.88235294117647,13.725490196078432,61.36363636363637,4.11522633744856,5.349794238683128,11.11111111111111,33.33333333333333,8.333333333333332,5.303030303030303,14.393939393939394,51.76767676767676,3.414634146341464,3.902439024390244,11.707317073170731,,,,,5.05050505050505,0.0,0.0,0.0,2.525252525252525,50.0,10.0,0.0,2.7777777777777777,27.27272727272727,18.181818181818183,9.090909090909092,1.0101010101010102,75.0,0.0,25.0,0.2525252525252525,0.0,100.0,0.0,0.5050505050505051,0.0,50.0,0.0,0.7575757575757576,0.0,33.33333333333333,66.66666666666666,0.5050505050505051,0.0,0.0,0.0,0.2525252525252525,0.0,0.0,0.0,,,,,0.5050505050505051,0.0,50.0,0.0,0.7575757575757576,66.66666666666666,0.0,33.33333333333333,,,,
Agustin Velotti,0.4888888888888889,0.9090909090909092,0.5217391304347826,0.5483870967741935,0.102803738317757,0.1308411214953271,0.1111111111111111,0.0888888888888888,0.3043478260869565,0.3043478260869565,0.391304347826087,0.016042781,0.666666667,0.0,0.0,0.666666667,46.524064171122994,4.597701149425287,6.896551724137931,6.896551724137931,53.475935828877006,3.0,1.0,3.0,35.82887700534759,4.477611940298507,8.955223880597014,8.955223880597014,37.96791443850268,2.8169014084507045,1.4084507042253522,2.8169014084507045,9.62566844919786,0.0,0.0,0.0,14.43850267379679,0.0,0.0,3.7037037037037033,0.53475935828877,100.0,0.0,0.0,0.53475935828877,100.0,0.0,0.0,0.53475935828877,0.0,0.0,0.0,,,,,,,,,,,,,,,,,0.53475935828877,0.0,0.0,0.0,,,,,,,,,,,,,,,,
Aisam Ul Haq Qureshi,0.7127659574468085,0.7014925373134329,0.4814814814814814,0.2962962962962963,0.2227722772277227,0.1485148514851485,0.0106382978723404,0.202127659574468,0.40625,0.140625,0.453125,0.180672269,0.348837209,0.162790698,0.093023256,0.651162791,46.21848739495798,10.0,4.545454545454546,11.818181818181818,53.78151260504202,11.71875,3.125,12.5,37.81512605042017,3.333333333333333,3.333333333333333,12.22222222222222,18.067226890756302,13.953488372093023,0.0,11.627906976744184,0.8403361344537815,0.0,0.0,0.0,24.789915966386555,3.389830508474576,3.389830508474576,10.16949152542373,4.621848739495799,36.36363636363637,18.181818181818183,9.090909090909092,7.9831932773109235,21.052631578947366,10.526315789473683,26.31578947368421,2.100840336134454,80.0,0.0,20.0,0.4201680672268907,100.0,0.0,0.0,,,,,,,,,0.4201680672268907,0.0,0.0,0.0,,,,,0.4201680672268907,0.0,0.0,0.0,2.5210084033613445,33.33333333333333,0.0,0.0,,,,,,,,
Akira Santillan,0.6111111111111112,0.7575757575757576,0.4285714285714285,0.5660377358490566,0.1682242990654205,0.2336448598130841,0.1111111111111111,0.1111111111111111,0.3428571428571428,0.1142857142857142,0.5428571428571428,0.035502959,0.666666667,0.166666667,0.0,0.833333333,47.92899408284024,9.876543209876544,4.938271604938271,13.580246913580249,52.071005917159766,4.545454545454546,0.0,9.090909090909092,42.60355029585799,6.944444444444445,5.555555555555555,12.5,21.89349112426036,8.108108108108109,0.0,10.81081081081081,1.183431952662722,0.0,0.0,0.0,27.810650887573964,0.0,0.0,6.382978723404255,1.183431952662722,0.0,0.0,50.0,0.591715976331361,100.0,0.0,0.0,1.7751479289940828,100.0,0.0,0.0,,,,,1.183431952662722,0.0,0.0,50.0,1.183431952662722,0.0,0.0,50.0,,,,,0.591715976331361,0.0,0.0,0.0,,,,,,,,,,,,,,,,
Alan Mackin,0.5522388059701493,0.4594594594594595,0.2666666666666666,0.2711864406779661,0.0555555555555555,0.1904761904761904,0.0597014925373134,0.0,0.2058823529411764,0.2058823529411764,0.5882352941176471,0.005319149,1.0,0.0,0.0,1.0,45.74468085106383,4.651162790697675,3.488372093023256,10.465116279069768,54.25531914893617,2.941176470588235,3.92156862745098,10.784313725490197,44.14893617021277,3.614457831325301,3.614457831325301,10.843373493975903,48.93617021276596,3.260869565217391,4.3478260869565215,11.956521739130435,1.0638297872340423,0.0,0.0,0.0,5.319148936170213,0.0,0.0,0.0,0.5319148936170213,100.0,0.0,0.0,,,,,,,,,,,,,,,,,,,,,,,,,,,,,,,,,,,,,,,,,,,,
Albano Olivetti,0.4754098360655737,0.8275862068965517,0.34375,0.1818181818181818,0.1809523809523809,0.1904761904761904,0.180327868852459,0.1967213114754098,0.3333333333333333,0.238095238095238,0.4285714285714285,0.386363636,0.176470588,0.352941176,0.235294118,0.647058824,45.45454545454545,25.0,15.0,25.0,50.0,9.090909090909092,9.090909090909092,13.636363636363637,22.727272727272727,20.0,10.0,20.0,11.363636363636363,20.0,0.0,0.0,2.272727272727273,0.0,0.0,0.0,18.181818181818183,12.5,0.0,0.0,18.181818181818183,37.5,25.0,37.5,13.636363636363637,0.0,16.666666666666664,33.33333333333333,2.272727272727273,0.0,0.0,0.0,,,,,,,,,,,,,,,,,2.272727272727273,0.0,0.0,0.0,,,,,2.272727272727273,0.0,0.0,100.0,,,,,2.272727272727273,0.0,100.0,0.0
Albert Costa,0.6397306397306397,0.6263157894736842,0.4953271028037383,0.4201388888888889,0.1589743589743589,0.1965811965811965,0.0202020202020202,0.0300859598853868,0.3901192504258944,0.1976149914821124,0.4122657580919932,0.023956194,0.542857143,0.071428571,0.114285714,0.771428571,54.3562066306862,8.51063829787234,4.539007092198582,7.5177304964539005,45.6437933693138,4.391891891891892,2.871621621621622,9.45945945945946,50.65535851966075,6.69710806697108,4.71841704718417,7.76255707762557,36.08326908249807,2.9914529914529915,2.564102564102564,10.47008547008547,1.233616037008481,12.5,0.0,0.0,6.6306861989205865,2.3255813953488373,0.0,2.3255813953488373,0.2313030069390902,66.66666666666666,0.0,33.33333333333333,0.3855050115651504,60.0,20.0,0.0,0.7710100231303008,90.0,0.0,0.0,0.07710100231303,0.0,100.0,0.0,0.8481110254433308,27.27272727272727,9.090909090909092,9.090909090909092,1.6962220508866617,31.818181818181817,13.636363636363637,22.727272727272727,0.3855050115651504,0.0,0.0,0.0,0.6168080185042405,0.0,0.0,0.0,0.1542020046260601,0.0,0.0,0.0,0.1542020046260601,0.0,0.0,0.0,0.07710100231303,0.0,0.0,0.0,,,,
Albert Montanes,0.5602836879432624,0.5443037974683544,0.3225806451612903,0.3422818791946309,0.1344827586206896,0.2344827586206896,0.0780141843971631,0.0354609929078014,0.3177570093457944,0.1495327102803738,0.5327102803738317,0.009819967,0.666666667,0.0,0.0,1.0,61.8657937806874,6.613756613756613,3.439153439153439,10.052910052910052,37.80687397708674,3.896103896103896,1.2987012987012987,8.225108225108226,56.79214402618658,5.187319884726225,3.45821325648415,10.95100864553314,22.913256955810148,3.571428571428571,2.142857142857143,6.428571428571428,3.109656301145663,0.0,0.0,0.0,13.911620294599016,2.3529411764705883,0.0,10.588235294117649,0.4909983633387889,66.66666666666666,0.0,0.0,0.3273322422258592,50.0,0.0,0.0,0.1636661211129296,100.0,0.0,0.0,,,,,0.9819967266775778,66.66666666666666,16.666666666666664,0.0,0.6546644844517185,25.0,0.0,25.0,0.3273322422258592,0.0,0.0,0.0,,,,,,,,,,,,,,,,,,,,
Albert Ramos,0.6417986714358712,0.6393312101910829,0.4964336661911555,0.3548218029350105,0.1218628719275549,0.1839586028460543,0.029126213592233,0.0403679100664282,0.2886597938144329,0.2290132547864506,0.4815905743740795,0.017567904,0.546099291,0.070921986,0.070921986,0.709219858,55.58185895838525,6.859448554135844,4.886796682358216,8.271687962340282,44.41814104161475,2.41234221598878,2.608695652173913,7.994389901823282,52.00598056316969,5.462386200287494,4.863440344992813,8.481073310972688,36.53127336157488,1.534788540245566,2.557980900409277,8.628922237380628,1.3830052329927736,2.702702702702702,0.0,0.9009009009009008,6.591078993271866,1.5122873345935728,2.2684310018903595,4.3478260869565215,0.3862447047096935,54.83870967741935,6.451612903225806,9.67741935483871,0.5482182905556939,52.27272727272727,2.272727272727273,9.090909090909092,0.5855968103663095,59.57446808510638,10.638297872340424,4.25531914893617,0.0373785198106155,33.33333333333333,0.0,0.0,0.7351108896087715,35.59322033898305,8.47457627118644,15.254237288135592,0.2118116122601545,29.411764705882355,11.76470588235294,23.52941176470588,0.3364066782955395,11.11111111111111,7.4074074074074066,0.0,0.448542237727386,5.555555555555555,5.555555555555555,0.0,0.0373785198106155,0.0,0.0,0.0,0.0373785198106155,33.33333333333333,33.33333333333333,33.33333333333333,0.1121355594318465,66.66666666666666,11.11111111111111,0.0,0.0124595066035385,100.0,0.0,0.0
Alberto Martin,0.6666666666666666,0.6153846153846154,0.4615384615384615,0.3375,0.1518987341772152,0.1772151898734177,0.0641025641025641,0.0,0.4210526315789473,0.175438596491228,0.4035087719298245,0.030959752,0.7,0.1,0.1,0.9,56.03715170278638,9.392265193370166,2.209944751381215,7.18232044198895,43.65325077399381,4.964539007092199,4.25531914893617,7.092198581560284,49.22600619195047,5.031446540880504,2.515723270440252,7.547169811320755,26.93498452012384,2.2988505747126435,4.597701149425287,8.045977011494253,2.1671826625387,0.0,0.0,0.0,12.38390092879257,2.5,2.5,5.0,1.238390092879257,100.0,0.0,0.0,0.9287925696594428,33.33333333333333,33.33333333333333,33.33333333333333,0.3095975232198142,100.0,0.0,0.0,,,,,2.1671826625387,42.85714285714285,0.0,14.285714285714285,2.476780185758514,37.5,0.0,0.0,0.3095975232198142,0.0,0.0,0.0,0.9287925696594428,0.0,0.0,0.0,,,,,,,,,0.6191950464396285,50.0,0.0,0.0,,,,
Alejandro Davidovich Fokina,0.6707479964381122,0.6415532691669432,0.4901960784313725,0.3786679087098277,0.161962212610972,0.214545868427043,0.0287177203918076,0.0621104185218165,0.3145449546329392,0.2023645861974154,0.4828155072862249,0.031316178,0.516393443,0.100409836,0.077868852,0.741803279,49.71443239427582,9.42300245256228,5.447269910933264,12.559700529237125,50.15080536482064,5.284708893154191,4.00511836212412,10.019193857965451,41.94314316883784,7.114443084455324,5.523255813953488,13.693390452876375,41.61586344092922,4.286815728604472,4.1788743253662295,10.547417116422514,3.343387024321376,0.5758157389635317,1.5355086372360844,3.262955854126679,5.660014117949047,1.3605442176870748,1.7006802721088436,6.802721088435375,0.7123147019187576,61.26126126126125,2.702702702702702,12.612612612612612,1.1166014246294038,46.55172413793103,6.896551724137931,9.770114942528735,0.9690046845921838,58.27814569536424,11.258278145695364,7.947019867549669,0.0770069948020278,41.66666666666667,25.0,16.666666666666664,2.085606109221588,27.07692307692308,8.615384615384615,10.153846153846152,0.7315664506192645,14.035087719298245,5.263157894736842,13.157894736842104,0.5262144644805237,14.634146341463412,4.878048780487805,1.2195121951219512,0.8278251941217994,13.178294573643411,3.10077519379845,1.550387596899225,0.0962587435025348,20.0,6.666666666666667,6.666666666666667,0.1026759930693704,18.75,12.5,12.5,0.0385034974010139,50.0,0.0,0.0,0.0192517487005069,33.33333333333333,0.0,33.33333333333333
Alejandro Falla,0.6079545454545454,0.6697819314641744,0.4685990338164251,0.2789256198347107,0.1215415019762845,0.1640316205533596,0.0189393939393939,0.0492424242424242,0.2948328267477204,0.2310030395136778,0.4741641337386018,0.048862115,0.328767123,0.123287671,0.136986301,0.616438356,48.39357429718876,8.437067773167358,4.702627939142462,11.756569847856154,51.60642570281125,4.669260700389105,5.447470817120623,9.208819714656292,43.373493975903614,5.864197530864197,4.62962962962963,11.882716049382717,41.29852744310576,4.376012965964344,5.186385737439222,9.40032414910859,1.3386880856760377,10.0,0.0,5.0,6.827309236947792,1.96078431372549,1.96078431372549,7.84313725490196,1.7402945113788488,38.46153846153847,11.538461538461538,15.384615384615383,1.0040160642570282,13.333333333333334,26.666666666666668,20.0,1.0040160642570282,53.333333333333336,6.666666666666667,6.666666666666667,0.2008032128514056,33.33333333333333,0.0,0.0,0.2677376171352075,50.0,0.0,0.0,0.3346720214190093,0.0,0.0,40.0,0.4016064257028112,0.0,0.0,16.666666666666664,1.2717536813922357,10.526315789473683,10.526315789473683,0.0,0.1338688085676037,0.0,0.0,0.0,0.4685408299866131,0.0,14.285714285714285,0.0,0.1338688085676037,50.0,0.0,50.0,0.2008032128514056,66.66666666666666,33.33333333333333,0.0
Alejandro Gonzalez,0.5175438596491229,0.6949152542372882,0.6,0.4308943089430894,0.1392405063291139,0.2616033755274262,0.0526315789473684,0.0964912280701754,0.2268041237113402,0.1958762886597938,0.5773195876288659,0.021568627,0.545454545,0.0,0.0,0.727272727,45.68627450980392,5.579399141630901,6.437768240343347,12.446351931330472,54.31372549019608,3.249097472924188,1.444043321299639,9.747292418772563,42.74509803921568,3.211009174311927,6.422018348623854,13.302752293577983,48.62745098039216,2.82258064516129,1.6129032258064515,10.080645161290322,0.9803921568627452,0.0,0.0,0.0,4.117647058823529,0.0,0.0,9.523809523809524,0.196078431372549,100.0,0.0,0.0,0.9803921568627452,40.0,0.0,0.0,0.5882352941176471,100.0,0.0,0.0,,,,,0.5882352941176471,33.33333333333333,33.33333333333333,0.0,,,,,0.196078431372549,100.0,0.0,0.0,0.5882352941176471,0.0,0.0,0.0,0.392156862745098,0.0,0.0,0.0,,,,,,,,,,,,
Alejandro Lopez Escribano,0.6129032258064516,0.631578947368421,0.3333333333333333,0.3888888888888889,0.0597014925373134,0.2238805970149253,0.0967741935483871,0.032258064516129,0.1578947368421052,0.2105263157894736,0.631578947368421,0.004784689,1.0,0.0,0.0,1.0,55.980861244019145,3.418803418803419,5.128205128205128,9.401709401709402,44.01913875598086,2.1739130434782608,2.1739130434782608,14.130434782608695,47.84688995215311,3.0,4.0,11.0,43.0622009569378,2.2222222222222223,2.2222222222222223,14.444444444444445,4.784688995215311,0.0,10.0,0.0,,,,,0.4784688995215311,100.0,0.0,0.0,,,,,,,,,,,,,1.4354066985645932,0.0,33.33333333333333,0.0,0.4784688995215311,0.0,0.0,0.0,1.4354066985645932,0.0,0.0,0.0,0.4784688995215311,0.0,0.0,0.0,,,,,,,,,,,,,,,,
Alejandro Moro Canas,0.7233009708737864,0.6912751677852349,0.4561403508771929,0.3231707317073171,0.1162162162162162,0.1702702702702702,0.0097087378640776,0.0242718446601941,0.2878787878787879,0.25,0.4621212121212121,0.03610675,0.608695652,0.130434783,0.086956522,0.782608696,51.177394034536896,8.588957055214724,6.134969325153374,8.588957055214724,48.822605965463104,3.215434083601286,4.180064308681672,10.610932475884244,39.56043956043956,5.555555555555555,7.5396825396825395,9.92063492063492,40.81632653061224,1.5384615384615383,3.8461538461538463,11.153846153846157,7.535321821036106,0.0,0.0,2.083333333333333,5.337519623233909,0.0,2.941176470588235,2.941176470588235,1.2558869701726845,87.5,0.0,0.0,1.726844583987441,27.27272727272727,18.181818181818183,27.27272727272727,0.6279434850863422,100.0,0.0,0.0,,,,,1.8838304552590264,25.0,8.333333333333332,16.666666666666664,0.4709576138147566,66.66666666666666,0.0,0.0,0.3139717425431711,0.0,0.0,0.0,0.4709576138147566,33.33333333333333,0.0,0.0,,,,,,,,,,,,,,,,
Alejandro Tabilo,0.6494169096209913,0.7216610549943884,0.4948024948024948,0.3598200899550225,0.1755358462675535,0.1681448632668145,0.0313411078717201,0.1056851311953352,0.3419689119170984,0.2290155440414507,0.4269430051813471,0.037385221,0.461988304,0.111111111,0.081871345,0.713450292,51.289899431569744,9.420289855072465,5.072463768115942,9.207161125319692,48.68823786620026,4.894476874719354,4.535249214189493,8.801077682981589,42.10756449497158,7.943925233644859,5.29595015576324,9.865005192107995,40.68648885002186,3.6539494895217626,4.45996775926921,8.866200967221923,5.574989068648885,0.7843137254901961,1.568627450980392,3.5294117647058822,3.4105815478793176,1.282051282051282,0.641025641025641,1.9230769230769231,1.1805859204197635,53.70370370370371,9.25925925925926,7.4074074074074066,1.114997813729777,33.33333333333333,7.84313725490196,19.607843137254903,0.8963707914298208,60.97560975609756,9.75609756097561,9.75609756097561,,,,,0.9182334936598164,14.285714285714285,2.380952380952381,19.047619047619047,2.4923480542195016,9.649122807017545,10.526315789473683,13.157894736842104,0.3279405334499344,26.666666666666668,13.333333333333334,6.666666666666667,0.7214691735898557,15.151515151515152,3.0303030303030303,6.0606060606060606,0.2842151289899431,15.384615384615383,7.6923076923076925,0.0,0.0655881066899868,0.0,0.0,0.0,,,,,0.1967643200699606,66.66666666666666,0.0,11.11111111111111
Aleksandar Kovacevic,0.5972927241962775,0.7705382436260623,0.4789915966386555,0.3321492007104796,0.1793760831889081,0.1949740034662045,0.0406091370558375,0.1725888324873096,0.2741514360313316,0.2010443864229765,0.5248041775456919,0.013714286,0.625,0.166666667,0.083333333,0.791666667,57.54285714285714,7.745779543197617,4.766633565044687,11.817279046673288,42.34285714285714,3.643724696356275,3.913630229419703,11.06612685560054,53.142857142857146,6.129032258064516,4.946236559139785,12.043010752688172,27.257142857142856,4.821802935010482,5.241090146750524,14.046121593291405,2.457142857142857,2.3255813953488373,2.3255813953488373,2.3255813953488373,13.885714285714284,0.411522633744856,0.411522633744856,4.11522633744856,0.5142857142857142,66.66666666666666,0.0,22.22222222222222,0.2857142857142857,40.0,40.0,0.0,0.4571428571428572,75.0,0.0,12.5,,,,,0.6857142857142857,50.0,0.0,16.666666666666664,0.6857142857142857,8.333333333333332,8.333333333333332,41.66666666666667,0.1714285714285714,33.33333333333333,33.33333333333333,0.0,0.2285714285714286,0.0,0.0,0.0,,,,,,,,,0.1142857142857143,50.0,0.0,50.0,,,,
Aleksandar Vukic,0.5963391136801541,0.7366720516962844,0.4821002386634845,0.3136363636363636,0.1929092805005213,0.1903023983315954,0.0183044315992292,0.1618497109826589,0.2793914246196404,0.2406639004149377,0.4785615491009682,0.0228125,0.397260274,0.123287671,0.095890411,0.671232877,58.03125,9.046849757673666,7.162089391491653,11.577813677975229,41.875,2.5373134328358207,3.0597014925373136,9.701492537313433,53.28125,7.859237536656892,7.155425219941349,11.20234604105572,35.625,2.368421052631579,2.982456140350877,9.736842105263158,1.5625,0.0,4.0,6.0,4.875,0.0,1.282051282051282,8.974358974358974,0.53125,47.05882352941176,0.0,17.647058823529413,0.5625,33.33333333333333,11.11111111111111,11.11111111111111,0.625,50.0,20.0,10.0,0.03125,100.0,0.0,0.0,1.53125,24.489795918367346,8.16326530612245,28.57142857142857,0.25,0.0,25.0,37.5,0.15625,0.0,20.0,0.0,0.34375,0.0,0.0,0.0,0.03125,0.0,0.0,0.0,0.1875,0.0,16.666666666666664,0.0,0.3125,40.0,0.0,20.0,,,,
Aleksandr Nedovyesov,0.695364238410596,0.7619047619047619,0.4565217391304347,0.3724137931034483,0.1385135135135135,0.206081081081081,0.0331125827814569,0.0662251655629139,0.287037037037037,0.1944444444444444,0.5185185185185185,0.039735099,0.444444444,0.0,0.0,0.5,49.22737306843267,10.31390134529148,7.623318385650224,13.452914798206278,50.55187637969095,3.4934497816593884,1.7467248908296942,10.91703056768559,44.150110375275936,8.5,8.5,14.499999999999998,31.346578366445915,2.8169014084507045,2.112676056338028,13.380281690140844,1.7660044150110374,0.0,0.0,0.0,17.218543046357617,1.282051282051282,0.0,7.6923076923076925,0.8830022075055187,75.0,0.0,0.0,1.1037527593818983,40.0,0.0,0.0,0.6622516556291391,100.0,0.0,0.0,,,,,0.4415011037527593,0.0,0.0,50.0,0.4415011037527593,0.0,50.0,0.0,,,,,0.4415011037527593,50.0,0.0,0.0,0.8830022075055187,0.0,0.0,0.0,,,,,0.4415011037527593,0.0,0.0,0.0,,,,
Aleksandre Metreveli,0.5,0.66,0.5,0.2236842105263158,0.1306818181818181,0.2159090909090909,0.05,0.05,0.2686567164179104,0.2388059701492537,0.4925373134328358,0.079681275,0.35,0.2,0.15,0.8,53.78486055776892,10.37037037037037,7.4074074074074066,11.11111111111111,46.21513944223107,3.4482758620689653,5.172413793103448,15.517241379310343,42.23107569721115,6.60377358490566,8.49056603773585,9.433962264150944,32.27091633466135,4.938271604938271,4.938271604938271,13.580246913580249,3.187250996015936,0.0,0.0,12.5,8.366533864541832,0.0,0.0,14.285714285714285,3.187250996015936,37.5,12.5,12.5,2.3904382470119523,0.0,33.33333333333333,50.0,2.3904382470119523,66.66666666666666,0.0,0.0,,,,,2.3904382470119523,0.0,0.0,33.33333333333333,0.796812749003984,0.0,0.0,50.0,0.398406374501992,0.0,0.0,100.0,2.3904382470119523,0.0,0.0,0.0,,,,,,,,,,,,,,,,
Alessandro Giannessi,0.6380368098159509,0.6634615384615384,0.5084745762711864,0.3885714285714285,0.1893491124260355,0.2159763313609467,0.0674846625766871,0.0184049079754601,0.4066666666666667,0.18,0.4133333333333333,0.034364261,0.6,0.166666667,0.033333333,0.666666667,62.77205040091638,10.036496350364963,3.4671532846715327,7.116788321167883,36.08247422680412,1.9047619047619049,2.5396825396825395,7.301587301587302,53.72279495990836,6.823027718550106,3.411513859275053,6.823027718550106,21.993127147766323,1.5625,2.604166666666667,8.333333333333332,3.2073310423825885,0.0,3.571428571428571,0.0,11.34020618556701,1.0101010101010102,2.0202020202020203,7.07070707070707,1.3745704467353952,75.0,0.0,8.333333333333332,0.3436426116838488,33.33333333333333,33.33333333333333,0.0,1.3745704467353952,58.333333333333336,0.0,33.33333333333333,,,,,1.9473081328751431,35.294117647058826,11.76470588235294,11.76470588235294,0.2290950744558992,0.0,0.0,0.0,1.0309278350515465,0.0,0.0,0.0,1.9473081328751431,5.88235294117647,0.0,0.0,,,,,0.2290950744558992,0.0,0.0,0.0,0.1145475372279496,100.0,0.0,0.0,,,,
Alex Barrena,0.7058823529411765,0.5833333333333334,0.6,0.1818181818181818,0.0631578947368421,0.1157894736842105,0.0196078431372549,0.0196078431372549,0.2272727272727272,0.3181818181818182,0.4545454545454545,0.037878788,0.0,0.2,0.6,0.6,53.03030303030303,7.142857142857142,7.142857142857142,11.428571428571429,46.96969696969697,0.0,3.225806451612903,3.225806451612903,41.66666666666667,5.454545454545454,5.454545454545454,12.727272727272728,43.93939393939394,0.0,1.7241379310344829,3.4482758620689653,5.303030303030303,0.0,0.0,0.0,2.272727272727273,0.0,0.0,0.0,0.7575757575757576,0.0,100.0,0.0,0.7575757575757576,0.0,100.0,0.0,2.272727272727273,0.0,33.33333333333333,33.33333333333333,,,,,3.0303030303030303,50.0,0.0,0.0,,,,,,,,,,,,,,,,,,,,,,,,,,,,
Alex Bogdanovic,0.7205882352941176,0.5918367346938775,0.3684210526315789,0.2166666666666666,0.09375,0.1640625,0.0294117647058823,0.0147058823529411,0.2972972972972973,0.1891891891891892,0.5135135135135135,0.044198895,0.625,0.25,0.0,0.75,53.59116022099448,9.278350515463918,2.061855670103093,10.309278350515465,46.408839779005525,2.380952380952381,5.952380952380952,10.714285714285714,49.72375690607735,6.666666666666667,2.2222222222222223,8.88888888888889,34.25414364640884,0.0,8.064516129032258,14.516129032258066,0.5524861878453038,0.0,0.0,0.0,8.83977900552486,0.0,0.0,0.0,2.209944751381215,50.0,0.0,50.0,1.1049723756906076,100.0,0.0,0.0,0.5524861878453038,100.0,0.0,0.0,,,,,,,,,,,,,,,,,2.209944751381215,0.0,0.0,0.0,0.5524861878453038,0.0,0.0,0.0,,,,,,,,,,,,
Alex Bogomolov Jr,0.6346153846153846,0.6060606060606061,0.2631578947368421,0.1951219512195122,0.053763440860215,0.1827956989247312,0.0192307692307692,0.0,0.2,0.16,0.64,0.038961039,0.5,0.0,0.0,0.833333333,59.09090909090909,5.494505494505495,3.296703296703297,10.989010989010987,40.909090909090914,0.0,1.5873015873015872,9.523809523809524,52.5974025974026,2.469135802469136,3.7037037037037033,12.34567901234568,33.11688311688312,0.0,1.96078431372549,9.803921568627452,2.5974025974025974,0.0,0.0,0.0,4.545454545454546,0.0,0.0,14.285714285714285,1.2987012987012987,50.0,0.0,0.0,,,,,2.5974025974025974,50.0,0.0,0.0,,,,,,,,,0.6493506493506493,0.0,0.0,0.0,,,,,2.5974025974025974,0.0,0.0,0.0,,,,,,,,,,,,,,,,
Alex Bolt,0.5666666666666667,0.7352941176470589,0.4230769230769231,0.2391304347826087,0.1572327044025157,0.2547169811320754,0.0166666666666666,0.0555555555555555,0.2857142857142857,0.1571428571428571,0.5571428571428572,0.061538462,0.46875,0.1875,0.1875,0.75,60.96153846153847,10.410094637223976,4.73186119873817,16.40378548895899,39.03846153846154,3.4482758620689653,3.4482758620689653,12.807881773399016,54.80769230769232,7.719298245614035,3.8596491228070176,16.140350877192983,18.65384615384616,0.0,2.061855670103093,13.402061855670103,1.9230769230769231,0.0,0.0,20.0,17.115384615384617,1.1235955056179776,2.247191011235955,11.235955056179774,1.9230769230769231,60.0,30.0,10.0,2.5,38.46153846153847,15.384615384615383,15.384615384615383,1.5384615384615383,50.0,12.5,37.5,,,,,0.576923076923077,33.33333333333333,0.0,0.0,0.3846153846153846,50.0,0.0,50.0,,,,,0.3846153846153846,0.0,50.0,0.0,0.1923076923076923,0.0,0.0,0.0,,,,,,,,,,,,
Alex Corretja,0.5054347826086957,0.6935483870967742,0.5,0.4190871369294606,0.1501028101439342,0.187799862919808,0.0285326086956521,0.056624518966465,0.3453689167974882,0.2346938775510204,0.4199372056514913,0.036391101,0.509433962,0.083018868,0.105660377,0.788679245,47.68401015228426,6.387225548902195,4.8569527611443775,7.917498336660013,52.31598984771574,5.09399636143117,3.032140691328077,8.126137052759248,43.496192893401016,3.50109409190372,4.522246535375638,8.315098468271334,40.736040609137056,4.361370716510903,2.959501557632399,9.423676012461058,1.300761421319797,2.4390243902439024,0.0,0.0,9.168781725888325,0.6920415224913495,1.384083044982699,2.768166089965398,1.1104060913705585,54.285714285714285,17.142857142857142,5.714285714285714,1.427664974619289,42.22222222222222,11.11111111111111,11.11111111111111,0.7931472081218274,64.0,8.0,12.0,0.031725888324873,100.0,0.0,0.0,0.2855329949238578,66.66666666666666,11.11111111111111,0.0,0.2538071065989847,50.0,12.5,0.0,0.2538071065989847,12.5,0.0,0.0,0.4124365482233503,0.0,7.6923076923076925,0.0,0.2220812182741117,0.0,14.285714285714285,0.0,0.1903553299492386,33.33333333333333,0.0,0.0,0.2220812182741117,71.42857142857143,14.285714285714285,0.0,0.0951776649746193,0.0,33.33333333333333,0.0
Alex De Minaur,0.582819862268938,0.7037728026533997,0.5183898059658268,0.3887913887913888,0.1427722301474084,0.1707085116500237,0.0334662317264709,0.0770810680198139,0.300921187308086,0.2555441828727396,0.4426816786079836,0.032073778,0.462256149,0.072094996,0.117048346,0.750636132,48.393590685274354,6.700770138849851,5.227949856652988,7.768845916015516,51.54656002611605,3.0135106607557525,2.997677855182605,6.40173105340933,43.08060611006828,4.843394796665825,5.146501641828745,8.108108108108109,42.91466035528714,2.072900158478605,2.8462757527733755,6.706814580031696,2.5136701216028725,0.6493506493506493,1.83982683982684,0.974025974025974,6.376669659131097,0.6399317406143344,1.4078498293515358,4.223549488054608,1.0881688838107677,48.5,8.5,8.75,1.139856905791779,42.959427207637226,13.842482100238662,6.443914081145586,0.6882668190103104,53.75494071146245,13.438735177865611,7.5098814229249,0.065290133028646,33.33333333333333,8.333333333333332,4.166666666666666,0.4379879757338339,27.95031055900621,12.422360248447204,19.25465838509317,0.299246443047961,17.272727272727273,11.818181818181818,22.727272727272727,0.4379879757338339,14.285714285714285,2.484472049689441,0.6211180124223602,0.6719442857531488,6.477732793522267,3.643724696356275,1.214574898785425,0.0788922440762806,24.13793103448276,13.79310344827586,3.4482758620689653,0.065290133028646,16.666666666666664,12.5,0.0,0.0680105552381729,56.00000000000001,8.0,8.0,0.0136021110476345,40.0,20.0,0.0
Alex Kuznetsov,0.6981132075471698,0.7297297297297297,0.25,0.2857142857142857,0.2293577981651376,0.2935779816513761,0.0377358490566037,0.1886792452830188,0.3125,0.0625,0.625,0.06918239,0.363636364,0.181818182,0.181818182,0.545454545,55.9748427672956,13.48314606741573,2.247191011235955,23.59550561797753,44.0251572327044,4.285714285714286,1.4285714285714286,12.857142857142856,45.911949685534594,6.849315068493151,0.0,27.3972602739726,33.9622641509434,5.555555555555555,1.851851851851852,11.11111111111111,3.1446540880503147,0.0,0.0,0.0,8.176100628930817,0.0,0.0,15.384615384615383,1.257861635220126,0.0,0.0,50.0,1.8867924528301887,0.0,0.0,33.33333333333333,3.7735849056603774,66.66666666666666,33.33333333333333,0.0,,,,,1.8867924528301887,100.0,0.0,0.0,,,,,,,,,,,,,,,,,,,,,,,,,,,,
Alex Marti Pujolras,0.5490196078431373,0.4642857142857143,0.217391304347826,0.4166666666666667,0.1261261261261261,0.3423423423423423,0.0196078431372549,0.0392156862745098,0.1967213114754098,0.1967213114754098,0.6065573770491803,0.014662757,0.4,0.2,0.2,0.6,58.65102639296188,5.0,4.0,11.5,41.05571847507331,1.4285714285714286,2.857142857142857,9.285714285714286,54.25219941348973,3.783783783783784,3.783783783783784,11.351351351351353,34.89736070381232,0.0,3.361344537815126,9.243697478991598,0.8797653958944283,0.0,0.0,33.33333333333333,3.519061583577713,0.0,0.0,0.0,,,,,1.1730205278592376,50.0,0.0,25.0,,,,,,,,,2.6392961876832843,22.22222222222222,0.0,11.11111111111111,0.2932551319648094,0.0,0.0,0.0,0.5865102639296188,50.0,0.0,0.0,1.1730205278592376,0.0,0.0,25.0,,,,,,,,,0.2932551319648094,0.0,100.0,0.0,,,,
Alex Michelsen,0.6671664167916042,0.7157303370786516,0.5045045045045045,0.3800648298217179,0.1705607476635514,0.1413551401869159,0.0337331334332833,0.0937031484257871,0.3568985176738882,0.2793614595210946,0.3625997719498289,0.056196319,0.449781659,0.074235808,0.144104803,0.772925764,51.85276073619632,9.086606720302887,6.862281116895409,9.13393279697113,48.04907975460122,6.179775280898876,5.107252298263535,6.384065372829417,44.09815950920245,6.3995548135781855,6.789092932665554,9.515859766277128,40.68711656441718,4.463208685162847,4.463208685162847,6.332931242460796,3.3128834355828225,2.2222222222222223,2.2222222222222223,5.925925925925927,3.77914110429448,0.6493506493506493,2.5974025974025974,5.194805194805195,1.7914110429447854,63.013698630136986,10.95890410958904,8.21917808219178,2.085889570552147,37.64705882352941,16.470588235294116,9.411764705882351,0.8588957055214724,45.71428571428572,17.142857142857142,2.857142857142857,0.0490797546012269,50.0,0.0,0.0,0.8834355828220859,16.666666666666664,11.11111111111111,13.88888888888889,0.7852760736196319,34.375,6.25,12.5,0.3435582822085889,0.0,0.0,0.0,0.3926380368098159,0.0,18.75,0.0,0.3680981595092024,13.333333333333334,6.666666666666667,6.666666666666667,0.245398773006135,10.0,30.0,0.0,0.1963190184049079,50.0,12.5,12.5,0.0245398773006134,100.0,0.0,0.0
Alex Molcan,0.6529933481152993,0.6825127334465195,0.536741214057508,0.3477777777777778,0.1309655937846837,0.1670366259711432,0.0354767184035476,0.0643015521064301,0.3037542662116041,0.2372013651877133,0.4590443686006826,0.021221532,0.37804878,0.146341463,0.109756098,0.62195122,52.30331262939959,6.086095992083127,3.908955962394854,6.976744186046512,47.696687370600415,2.984264785675529,3.255561584373305,6.94519804666305,46.68737060041408,4.2682926829268295,3.880266075388026,7.095343680709535,36.33540372670808,2.564102564102564,3.276353276353276,7.122507122507122,2.536231884057971,0.0,0.0,0.0,8.178053830227745,0.949367088607595,1.5822784810126582,4.746835443037975,0.5952380952380952,52.17391304347826,13.043478260869565,13.043478260869565,0.7246376811594203,25.0,10.714285714285714,14.285714285714285,0.4917184265010352,57.89473684210527,10.526315789473683,15.789473684210526,0.025879917184265,0.0,100.0,0.0,1.1645962732919255,42.22222222222222,8.88888888888889,13.333333333333334,1.0093167701863357,17.94871794871795,10.256410256410255,20.51282051282051,0.6987577639751553,11.11111111111111,0.0,0.0,1.2681159420289856,4.081632653061225,2.0408163265306123,0.0,0.077639751552795,0.0,0.0,33.33333333333333,0.15527950310559,0.0,0.0,16.666666666666664,0.05175983436853,50.0,0.0,0.0,,,,
Alexander Blockx,0.660377358490566,0.7142857142857143,0.4166666666666667,0.3292682926829268,0.2074468085106383,0.2393617021276596,0.0283018867924528,0.0943396226415094,0.3333333333333333,0.1839080459770115,0.4827586206896552,0.030651341,0.5625,0.0,0.0625,0.875,46.93486590038314,8.979591836734693,4.081632653061225,10.612244897959185,53.06513409961686,2.527075812274368,2.166064981949458,5.776173285198556,37.547892720306514,8.16326530612245,4.591836734693878,12.755102040816327,47.89272030651341,1.6,2.4,5.6000000000000005,4.980842911877394,0.0,0.0,0.0,2.681992337164751,0.0,0.0,7.142857142857142,0.9578544061302682,80.0,20.0,0.0,0.3831417624521072,50.0,0.0,0.0,1.3409961685823757,28.57142857142857,0.0,0.0,,,,,0.5747126436781609,0.0,0.0,33.33333333333333,0.1915708812260536,0.0,0.0,100.0,1.532567049808429,0.0,0.0,0.0,1.532567049808429,0.0,0.0,0.0,,,,,0.1915708812260536,100.0,0.0,0.0,,,,,0.1915708812260536,100.0,0.0,0.0
Alexander Bublik,0.5933745279780295,0.7567254845241539,0.4529337273111017,0.3338192419825073,0.2214954923104118,0.2081491956867597,0.0878819086852042,0.2073463783041537,0.3352287412768157,0.1881623158438873,0.4763504781597312,0.073483932,0.361390668,0.120768527,0.094236048,0.626715462,50.37649589888395,11.183771520085411,5.338315761377285,12.8786867743227,49.26045448433508,6.209908557390474,4.476593421591375,11.901187389108776,31.10797364528708,10.136157337367626,5.835314458612492,15.625675383617896,34.227511093182734,5.205264191710862,4.262423885287762,11.883716362207815,10.757025682398815,1.375,1.6875,3.375,7.583703106091166,1.0638297872340423,1.773049645390071,7.890070921985816,2.810272959526691,38.75598086124402,6.698564593301436,14.354066985645932,2.568239881672717,29.05759162303665,11.518324607329845,14.136125654450264,1.1899959661153692,57.06214689265536,11.864406779661016,7.344632768361582,0.0605082694634933,44.44444444444444,22.22222222222222,11.11111111111111,3.247277127874143,14.078674948240169,7.246376811594203,22.77432712215321,2.8573349468871854,9.88235294117647,7.0588235294117645,26.35294117647059,0.8941777598494016,7.518796992481203,9.774436090225564,3.007518796992481,1.6135538523598223,4.166666666666666,5.416666666666667,3.333333333333333,0.3294339115234637,10.20408163265306,12.244897959183673,2.0408163265306123,0.2823719241629689,11.904761904761903,2.380952380952381,4.761904761904762,0.0403388463089955,16.666666666666664,0.0,0.0,0.0672314105149926,60.0,10.0,10.0
Alexander Cozbinov,0.6271186440677966,0.581081081081081,0.4090909090909091,0.4336283185840708,0.0865800865800865,0.238095238095238,0.0169491525423728,0.0169491525423728,0.1956521739130435,0.2282608695652173,0.5760869565217391,0.039039039,0.346153846,0.076923077,0.076923077,0.615384615,52.702702702702695,2.849002849002849,3.418803418803419,6.267806267806268,47.2972972972973,2.5396825396825395,2.857142857142857,9.841269841269842,48.7987987987988,1.2307692307692308,3.3846153846153846,6.153846153846154,41.74174174174174,1.4388489208633095,1.7985611510791366,9.352517985611511,1.351351351351351,0.0,11.11111111111111,0.0,2.8528528528528527,0.0,5.263157894736842,15.789473684210526,1.951951951951952,46.15384615384615,0.0,15.384615384615383,1.5015015015015014,30.0,10.0,0.0,0.3003003003003003,0.0,0.0,0.0,,,,,,,,,0.6006006006006006,25.0,25.0,50.0,0.3003003003003003,0.0,0.0,0.0,0.4504504504504504,0.0,0.0,0.0,,,,,0.1501501501501501,0.0,100.0,0.0,,,,,,,,
Alexander Popp,0.66,0.7474747474747475,0.4313725490196078,0.2695652173913043,0.1886792452830188,0.1245283018867924,0.0466666666666666,0.0933333333333333,0.4390243902439024,0.2439024390243902,0.3170731707317073,0.05785124,0.714285714,0.142857143,0.0,0.785714286,45.867768595041326,17.117117117117118,10.81081081081081,16.216216216216218,54.132231404958674,12.97709923664122,6.106870229007633,6.106870229007633,41.32231404958678,12.0,12.0,18.0,47.10743801652893,11.403508771929824,7.017543859649122,5.263157894736842,0.8264462809917356,0.0,0.0,0.0,3.71900826446281,0.0,0.0,0.0,2.066115702479339,80.0,0.0,0.0,2.066115702479339,60.0,0.0,40.0,1.2396694214876034,100.0,0.0,0.0,0.4132231404958678,0.0,0.0,0.0,,,,,,,,,0.4132231404958678,0.0,0.0,0.0,0.8264462809917356,50.0,0.0,0.0,,,,,,,,,,,,,,,,
Alexander Ritschard,0.6031746031746031,0.5,0.48,0.2666666666666666,0.1481481481481481,0.2037037037037037,0.0,0.0158730158730158,0.375,0.075,0.55,0.03164557,0.8,0.2,0.0,0.8,59.49367088607595,10.638297872340424,2.127659574468085,19.148936170212767,40.50632911392405,7.8125,1.5625,6.25,53.16455696202531,8.333333333333332,2.380952380952381,17.857142857142858,32.278481012658226,5.88235294117647,1.96078431372549,5.88235294117647,2.5316455696202533,0.0,0.0,0.0,6.962025316455696,9.090909090909092,0.0,9.090909090909092,1.89873417721519,66.66666666666666,0.0,33.33333333333333,0.6329113924050633,100.0,0.0,0.0,0.6329113924050633,100.0,0.0,0.0,,,,,1.2658227848101269,0.0,0.0,100.0,,,,,,,,,0.6329113924050633,0.0,0.0,0.0,,,,,,,,,,,,,,,,
Alexander Shevchenko,0.6065989847715736,0.6359832635983264,0.4666666666666667,0.3296602387511478,0.154557463672391,0.197710259797446,0.0219966159052453,0.0837563451776649,0.3007159904534606,0.1933174224343675,0.5047732696897375,0.026247401,0.524752475,0.138613861,0.069306931,0.762376238,50.805613305613306,8.491048593350383,5.115089514066496,11.76470588235294,49.142411642411645,4.49497620306716,3.278688524590164,10.206240084611316,44.75051975051975,6.329849012775841,5.2264808362369335,12.659698025551682,42.9054054054054,3.876438522107813,3.210175651120533,10.599636583888552,2.988565488565489,1.7391304347826086,2.608695652173913,0.8695652173913043,4.054054054054054,0.641025641025641,2.564102564102564,5.128205128205128,0.8575883575883576,69.6969696969697,3.0303030303030303,6.0606060606060606,0.8056133056133057,38.70967741935484,6.451612903225806,22.58064516129032,0.6237006237006237,50.0,12.5,16.666666666666664,0.0779625779625779,33.33333333333333,0.0,0.0,1.1434511434511436,34.090909090909086,4.545454545454546,11.363636363636363,0.4677754677754678,22.22222222222222,11.11111111111111,11.11111111111111,0.2338877338877339,0.0,0.0,0.0,0.7796257796257797,10.0,3.333333333333333,0.0,0.0779625779625779,33.33333333333333,0.0,0.0,0.0519750519750519,0.0,0.0,50.0,0.1299376299376299,80.0,20.0,0.0,,,,
Alexander Vasilenko,0.7111111111111111,0.53125,0.6153846153846154,0.2448979591836734,0.0851063829787234,0.1382978723404255,0.0,0.0222222222222222,0.2692307692307692,0.2307692307692307,0.5,0.023529412,0.25,0.0,0.5,1.0,41.76470588235294,5.633802816901409,4.225352112676056,8.450704225352112,58.235294117647065,3.0303030303030303,3.0303030303030303,7.07070707070707,38.23529411764706,4.615384615384616,1.5384615384615383,9.230769230769232,46.47058823529412,2.5316455696202533,2.5316455696202533,7.59493670886076,1.7647058823529411,0.0,0.0,0.0,9.411764705882351,0.0,0.0,6.25,1.1764705882352942,50.0,50.0,0.0,0.5882352941176471,0.0,0.0,0.0,,,,,,,,,,,,,1.7647058823529411,33.33333333333333,33.33333333333333,0.0,,,,,,,,,,,,,,,,,0.5882352941176471,0.0,100.0,0.0,,,,
Alexander Waske,0.559322033898305,0.7878787878787878,0.5384615384615384,0.1666666666666666,0.134453781512605,0.2100840336134453,0.0508474576271186,0.135593220338983,0.2,0.25,0.55,0.236363636,0.192307692,0.192307692,0.269230769,0.615384615,42.72727272727273,4.25531914893617,12.76595744680851,27.659574468085108,57.27272727272727,9.523809523809524,6.349206349206349,14.285714285714285,30.0,3.0303030303030303,6.0606060606060606,30.303030303030305,30.0,3.0303030303030303,3.0303030303030303,12.12121212121212,1.818181818181818,0.0,0.0,0.0,10.909090909090908,8.333333333333332,0.0,8.333333333333332,9.090909090909092,10.0,40.0,10.0,12.727272727272728,28.57142857142857,21.428571428571427,14.285714285714285,1.818181818181818,0.0,0.0,100.0,,,,,,,,,1.818181818181818,0.0,0.0,100.0,,,,,1.818181818181818,0.0,0.0,0.0,,,,,,,,,,,,,,,,
Alexander Zverev,0.6880174291938997,0.7418197171205404,0.4848696461824953,0.3642817371937639,0.1844836164617243,0.1725069301300732,0.0450254175744371,0.1506172839506173,0.3239173330563921,0.2355384775158375,0.4395056599854606,0.043874283,0.429195804,0.128059441,0.099213287,0.675699301,49.9721950564728,7.459708365310822,4.911742133537989,8.937068303914044,49.991370879595,4.507096279248178,3.7897967011891054,7.28807057920982,44.79664039578899,5.0896793801635205,4.849963614571294,9.040708873763965,42.70264051084393,3.5385513494094933,3.623871749966321,7.319592258296287,2.086329555696178,1.6544117647058825,1.0110294117647058,1.6544117647058825,4.416192065044392,1.0855405992184108,2.0408163265306123,4.429005644811116,1.3403900362423056,43.63376251788269,7.0100143061516444,16.165951359084406,1.267521908377917,34.039334341906205,11.195158850226928,15.279878971255672,1.1102801587758155,61.4853195164076,9.844559585492227,7.426597582037997,0.0786208748010508,39.02439024390244,17.073170731707318,7.317073170731707,0.1649120788509847,19.76744186046512,6.976744186046512,15.11627906976744,0.703752708585016,20.708446866485016,7.084468664850137,12.26158038147139,0.1514890026654394,10.126582278481012,1.2658227848101269,8.860759493670885,0.5541812882317974,5.536332179930796,3.460207612456748,3.1141868512110724,0.1610769142265432,19.047619047619047,8.333333333333332,7.142857142857142,0.1534065849776601,8.75,12.5,6.25,0.1610769142265432,41.66666666666667,19.047619047619047,20.23809523809524,0.1150549387332451,36.66666666666666,11.666666666666666,8.333333333333332
Alexandr Dolgopolov,0.5503426462836057,0.7365900383141762,0.4853458382180539,0.353322528363047,0.1843649946638207,0.1923692636072572,0.033210332103321,0.1001581444385872,0.3419795221843003,0.2088737201365187,0.4491467576791809,0.030035635,0.508474576,0.124293785,0.09039548,0.745762712,49.22789750551502,10.996208204067564,5.584281282316442,11.306446053085144,50.73816392329883,6.086956521739131,4.816053511705685,11.036789297658862,40.403868997115225,9.99580008399832,6.005879882402352,12.7677446451071,41.74444255896827,5.772357723577236,5.0,11.341463414634148,6.058034956728322,1.96078431372549,1.680672268907563,1.96078431372549,6.516205667741389,1.3020833333333337,1.3020833333333337,6.25,1.0690649923638214,53.96825396825397,3.1746031746031744,11.11111111111111,0.763617851688444,44.44444444444444,8.88888888888889,17.77777777777778,0.763617851688444,60.0,13.333333333333334,8.88888888888889,0.0848464279653826,20.0,0.0,20.0,0.509078567792296,20.0,13.333333333333334,10.0,1.1369421347361277,13.432835820895525,8.955223880597014,25.37313432835821,0.2036314271169184,0.0,0.0,8.333333333333332,0.3902935686407602,17.391304347826086,13.043478260869565,4.3478260869565215,0.0509078567792296,66.66666666666666,0.0,0.0,0.033938571186153,0.0,50.0,0.0,0.1696928559307653,50.0,10.0,20.0,0.0678771423723061,25.0,50.0,0.0
Alexandre Muller,0.6105263157894737,0.6099137931034483,0.4729729729729729,0.3091715976331361,0.1476323119777158,0.2012534818941504,0.0302631578947368,0.0894736842105263,0.2862823061630218,0.1848906560636183,0.5288270377733598,0.037269517,0.473684211,0.105263158,0.115789474,0.663157895,45.233424872499015,6.764960971379011,4.163052905464007,10.75455333911535,54.02118477834444,4.793028322440087,3.2679738562091507,10.312273057371096,35.97489211455473,4.252998909487459,4.362050163576881,12.213740458015266,45.625735582581406,4.041272570937231,3.095442820292347,10.66208082545142,6.276971361318164,0.625,0.0,4.375,5.256963515103962,0.0,2.985074626865672,5.223880597014925,0.7846214201647704,65.0,10.0,10.0,1.2946253432718713,30.303030303030305,6.0606060606060606,21.21212121212121,0.745390349156532,63.1578947368421,10.526315789473683,5.263157894736842,0.078462142016477,0.0,0.0,0.0,0.6669282071400549,29.411764705882355,5.88235294117647,11.76470588235294,0.8630835621812475,22.727272727272727,4.545454545454546,18.181818181818183,0.1961553550411926,0.0,0.0,0.0,0.6669282071400549,11.76470588235294,0.0,0.0,0.2353864260494311,16.666666666666664,16.666666666666664,0.0,0.1176932130247155,0.0,33.33333333333333,0.0,0.3530796390741467,77.77777777777779,22.22222222222222,0.0,0.1176932130247155,66.66666666666666,33.33333333333333,0.0
Alexandre Penaud,0.8,0.5454545454545454,0.1818181818181818,0.4262295081967213,0.1120689655172413,0.2413793103448276,0.0181818181818181,0.0,0.3023255813953488,0.0697674418604651,0.627906976744186,0.01010101,0.666666667,0.0,0.0,1.0,51.51515151515152,5.228758169934641,1.96078431372549,10.45751633986928,48.48484848484848,3.4722222222222223,0.0,7.638888888888889,46.12794612794613,4.37956204379562,2.18978102189781,11.67883211678832,35.01683501683502,4.807692307692308,0.0,6.730769230769231,3.3670033670033668,0.0,0.0,0.0,11.447811447811448,0.0,0.0,2.941176470588235,,,,,,,,,0.6734006734006733,50.0,0.0,0.0,,,,,0.3367003367003366,0.0,0.0,0.0,1.3468013468013469,0.0,0.0,75.0,0.6734006734006733,0.0,0.0,0.0,0.6734006734006733,0.0,0.0,0.0,0.3367003367003366,100.0,0.0,0.0,,,,,,,,,,,,
Alexei Popyrin,0.6234273318872018,0.7446068197633959,0.4804147465437788,0.3337595907928389,0.2029671038486347,0.1780262309180821,0.0455531453362256,0.1431670281995661,0.3672248803827751,0.1997607655502392,0.4324162679425837,0.064305823,0.465437788,0.108294931,0.076036866,0.714285714,56.17128463476071,12.292271168557107,5.987865998417305,10.920601424426271,43.50274114683657,5.040871934604905,3.610354223433242,10.45640326975477,48.09601422432953,9.33456561922366,6.192236598890943,11.583487369069625,28.878352348496072,4.3099025141098,4.053360697793741,12.16008209338122,3.05230404504371,2.912621359223301,1.9417475728155336,1.9417475728155336,10.949770336346123,0.6765899864682002,1.0825439783491204,6.2246278755074425,2.3707215883834643,53.75,2.5,15.0,2.163283449399912,34.93150684931507,11.643835616438356,13.013698630136986,1.274262853756112,61.627906976744185,12.790697674418606,2.3255813953488373,0.0148170099273966,0.0,0.0,0.0,0.5778633871684694,17.94871794871795,12.82051282051282,17.94871794871795,0.4296932878945028,0.0,3.4482758620689653,6.896551724137931,0.3556082382575196,4.166666666666666,4.166666666666666,0.0,0.9038376055711956,9.836065573770492,1.639344262295082,3.278688524590164,0.2370721588383464,12.5,0.0,0.0,0.1629871092013631,18.181818181818183,0.0,9.090909090909092,0.2074381389835531,57.14285714285714,7.142857142857142,7.142857142857142,,,,
Alexey Vatutin,0.5789473684210527,0.5,0.3125,0.2307692307692307,0.0519480519480519,0.1558441558441558,0.0526315789473684,0.0,0.1739130434782608,0.391304347826087,0.4347826086956521,0.024390244,0.0,0.0,0.333333333,0.333333333,51.21951219512195,4.761904761904762,6.349206349206349,6.349206349206349,48.78048780487805,1.6666666666666667,8.333333333333332,10.0,45.52845528455284,5.357142857142857,5.357142857142857,7.142857142857142,44.71544715447154,1.818181818181818,7.272727272727272,10.909090909090908,3.252032520325204,0.0,0.0,0.0,3.252032520325204,0.0,25.0,0.0,,,,,,,,,2.4390243902439024,0.0,33.33333333333333,0.0,,,,,,,,,,,,,,,,,0.8130081300813009,0.0,0.0,0.0,,,,,,,,,,,,,,,,
Alexis Galarneau,0.6156351791530945,0.671957671957672,0.5084745762711864,0.4551724137931034,0.1306532663316583,0.1440536013400335,0.0390879478827361,0.0358306188925081,0.3544973544973545,0.2486772486772486,0.3915343915343915,0.024150943,0.5625,0.0625,0.09375,0.78125,53.58490566037736,6.197183098591549,3.661971830985916,5.070422535211268,46.41509433962264,3.739837398373984,3.414634146341464,6.178861788617886,49.13207547169811,4.147465437788019,3.686635944700461,5.22273425499232,36.528301886792455,3.0991735537190084,3.3057851239669422,7.024793388429752,1.8867924528301887,0.0,0.0,0.0,7.09433962264151,1.0638297872340423,1.0638297872340423,3.191489361702128,0.6792452830188679,55.55555555555556,11.11111111111111,11.11111111111111,0.5283018867924528,42.85714285714285,14.285714285714285,14.285714285714285,0.7547169811320755,70.0,0.0,0.0,,,,,0.4528301886792453,0.0,16.666666666666664,16.666666666666664,0.981132075471698,15.384615384615383,0.0,0.0,0.4528301886792453,50.0,0.0,0.0,1.0566037735849056,7.142857142857142,14.285714285714285,0.0,,,,,0.1509433962264151,0.0,50.0,0.0,0.2264150943396226,66.66666666666666,0.0,0.0,0.0754716981132075,100.0,0.0,0.0
Aljaz Bedene,0.5456229735988883,0.6808149405772496,0.4780835881753313,0.3633200795228628,0.1337808678973867,0.2066650683289379,0.0407596109309865,0.0889300602130616,0.2428666224286662,0.2415394824153948,0.5136031851360319,0.019271664,0.386206897,0.165517241,0.089655172,0.668965517,52.55183413078149,7.334344967121901,6.29742033383915,11.026808295397066,47.421584263689525,2.130044843049327,3.223094170403588,9.445067264573993,49.62785752259437,6.052490626673808,6.079271558650241,11.060524906266735,38.822434875066456,1.7117425539198905,2.978432043820609,9.140705237932217,0.5449229133439659,4.878048780487805,4.878048780487805,0.0,6.578947368421052,0.6060606060606061,3.2323232323232323,7.6767676767676765,0.518341307814992,43.58974358974359,7.6923076923076925,15.384615384615383,0.531632110579479,27.500000000000004,5.0,27.500000000000004,0.5449229133439659,51.21951219512195,17.073170731707318,7.317073170731707,0.0531632110579479,50.0,0.0,0.0,0.8240297713981924,30.64516129032258,8.064516129032258,16.129032258064516,0.8506113769271665,12.5,14.0625,31.25,0.2392344497607655,5.555555555555555,22.22222222222222,0.0,0.5582137161084529,2.380952380952381,2.380952380952381,2.380952380952381,0.1063264221158958,12.5,12.5,25.0,0.0265816055289739,50.0,0.0,0.0,0.1461988304093567,27.27272727272727,0.0,18.181818181818183,,,,
Altug Celikbilek,0.4716981132075472,0.72,0.3571428571428571,0.3389830508474576,0.0892857142857142,0.2767857142857143,0.0943396226415094,0.0377358490566037,0.2051282051282051,0.1282051282051282,0.6666666666666666,0.066390041,0.25,0.0625,0.0625,0.75,48.96265560165975,3.389830508474576,3.389830508474576,13.559322033898304,51.037344398340245,3.252032520325204,0.8130081300813009,8.130081300813007,41.49377593360996,1.0,3.0,15.0,40.24896265560166,2.061855670103093,1.0309278350515465,9.278350515463918,1.6597510373443984,0.0,0.0,0.0,7.883817427385892,0.0,0.0,5.263157894736842,2.489626556016597,16.666666666666664,0.0,0.0,2.489626556016597,33.33333333333333,0.0,0.0,1.6597510373443984,25.0,25.0,25.0,,,,,1.2448132780082988,33.33333333333333,0.0,0.0,,,,,0.4149377593360996,0.0,0.0,0.0,0.4149377593360996,0.0,0.0,0.0,,,,,,,,,,,,,,,,
Alvaro Guillen Meza,0.6737588652482269,0.6684210526315789,0.4565217391304347,0.4244604316546763,0.1303571428571428,0.2071428571428571,0.0425531914893617,0.0212765957446808,0.2815126050420168,0.2815126050420168,0.4369747899159664,0.024472574,0.586206897,0.068965517,0.103448276,0.827586207,59.66244725738397,7.355021216407355,6.930693069306932,8.628005657708627,40.33755274261603,3.1380753138075312,3.765690376569038,8.99581589958159,53.50210970464136,5.205047318611988,6.940063091482649,9.305993690851736,33.586497890295355,2.010050251256281,3.266331658291457,9.045226130653267,2.70042194092827,9.375,3.125,0.0,4.050632911392405,0.0,8.333333333333332,8.333333333333332,0.6751054852320675,62.5,0.0,12.5,0.8438818565400843,50.0,10.0,10.0,0.8438818565400843,70.0,20.0,0.0,,,,,1.0126582278481011,33.33333333333333,8.333333333333332,8.333333333333332,1.0126582278481011,8.333333333333332,0.0,16.666666666666664,0.8438818565400843,0.0,10.0,0.0,0.8438818565400843,10.0,0.0,0.0,0.0843881856540084,0.0,0.0,0.0,,,,,,,,,,,,
Amir Weintraub,0.6547619047619048,0.6363636363636364,0.5862068965517241,0.4354838709677419,0.1301369863013698,0.2876712328767123,0.0595238095238095,0.0238095238095238,0.2615384615384615,0.1692307692307692,0.5692307692307692,0.033333333,0.375,0.0,0.125,0.875,42.91666666666666,4.854368932038835,4.854368932038835,18.446601941747574,57.08333333333333,8.75912408759124,4.37956204379562,13.138686131386862,41.25,4.040404040404041,4.040404040404041,19.19191919191919,46.66666666666666,8.928571428571429,3.571428571428571,14.285714285714285,0.8333333333333334,0.0,0.0,0.0,7.916666666666666,0.0,10.526315789473683,10.526315789473683,,,,,0.8333333333333334,50.0,0.0,0.0,,,,,,,,,,,,,,,,,,,,,,,,,,,,,0.8333333333333334,0.0,0.0,0.0,0.8333333333333334,50.0,50.0,0.0,0.8333333333333334,50.0,0.0,0.0
Andre Agassi,0.6314154952598888,0.7178358788506343,0.5365853658536586,0.3717115444134943,0.1426868044515103,0.1379173290937997,0.0279503105590062,0.0587285682476063,0.3446684105246961,0.2902754269887675,0.3647484228342822,0.034554143,0.460309536,0.131802297,0.115327009,0.701447828,45.29079754601227,8.831816211530127,7.943216298222801,7.899869960988297,54.65521472392639,4.525862068965517,5.091594827586207,7.498204022988506,42.99386503067485,7.237442922374429,7.842465753424658,7.945205479452055,47.65153374233129,3.8726954372231934,5.06746317849418,7.930785868781543,0.2404907975460122,6.122448979591836,6.122448979591836,2.0408163265306123,4.903067484662577,1.8018018018018016,2.3023023023023024,2.6026026026026026,0.6429447852760737,48.854961832061065,9.16030534351145,11.450381679389311,0.6576687116564417,41.04477611940299,11.194029850746269,13.432835820895525,0.5987730061349693,60.65573770491803,13.114754098360656,8.19672131147541,0.0834355828220859,35.294117647058826,17.647058823529413,11.76470588235294,0.0392638036809816,62.5,12.5,0.0,0.5840490797546012,28.57142857142857,17.647058823529413,15.126050420168069,0.407361963190184,16.867469879518072,4.819277108433735,1.2048192771084338,0.5349693251533743,6.422018348623854,5.504587155963304,0.0,0.147239263803681,3.333333333333333,6.666666666666667,6.666666666666667,0.1766871165644171,8.333333333333332,5.555555555555555,0.0,0.2208588957055214,44.44444444444444,17.77777777777778,8.88888888888889,0.063803680981595,38.46153846153847,38.46153846153847,7.6923076923076925
Andrea Arnaboldi,0.5393258426966292,0.7916666666666666,0.6097560975609756,0.1686746987951807,0.1744186046511628,0.0755813953488372,0.0449438202247191,0.1011235955056179,0.5,0.2857142857142857,0.2142857142857142,0.112,0.642857143,0.071428571,0.071428571,0.785714286,60.0,13.333333333333334,10.666666666666668,6.666666666666667,40.0,22.0,8.0,8.0,54.400000000000006,11.76470588235294,11.76470588235294,5.88235294117647,19.2,12.5,8.333333333333332,12.5,2.4,0.0,0.0,0.0,11.2,0.0,7.142857142857142,7.142857142857142,3.2,50.0,0.0,25.0,8.0,70.0,10.0,0.0,,,,,,,,,,,,,0.8,100.0,0.0,0.0,,,,,0.8,0.0,0.0,0.0,,,,,,,,,,,,,,,,
Andrea Collarini,0.8727272727272727,0.7708333333333334,0.7142857142857143,0.3666666666666666,0.1043478260869565,0.1130434782608695,0.0363636363636363,0.0727272727272727,0.2962962962962963,0.2962962962962963,0.4074074074074074,0.017316017,0.75,0.0,0.0,1.0,63.63636363636363,4.761904761904762,4.081632653061225,5.442176870748299,35.4978354978355,1.2195121951219512,2.4390243902439024,3.658536585365853,60.17316017316018,3.597122302158273,4.316546762589928,5.755395683453238,29.43722943722944,0.0,2.941176470588235,4.411764705882353,2.1645021645021645,0.0,0.0,0.0,3.896103896103896,0.0,0.0,0.0,0.4329004329004329,100.0,0.0,0.0,,,,,0.8658008658008658,50.0,0.0,0.0,0.4329004329004329,100.0,0.0,0.0,,,,,0.8658008658008658,0.0,0.0,0.0,,,,,0.8658008658008658,0.0,0.0,0.0,,,,,,,,,,,,,,,,
Andrea Pellegrino,0.7659574468085106,0.5277777777777778,0.3636363636363636,0.3050847457627119,0.0566037735849056,0.2358490566037736,0.0212765957446808,0.0,0.1463414634146341,0.2682926829268293,0.5853658536585366,0.005263158,1.0,0.0,0.0,1.0,57.36842105263158,2.752293577981652,10.091743119266056,19.26605504587156,37.368421052631575,4.225352112676056,0.0,4.225352112676056,51.578947368421055,1.020408163265306,8.16326530612245,21.428571428571427,30.526315789473685,1.7241379310344829,0.0,5.172413793103448,3.1578947368421053,0.0,16.666666666666664,0.0,4.2105263157894735,0.0,0.0,0.0,,,,,,,,,0.5263157894736842,100.0,0.0,0.0,,,,,1.5789473684210529,33.33333333333333,33.33333333333333,0.0,0.5263157894736842,100.0,0.0,0.0,0.5263157894736842,0.0,100.0,0.0,2.1052631578947367,25.0,0.0,0.0,,,,,,,,,,,,,,,,
Andrea Vavassori,0.6646706586826348,0.6171171171171171,0.4464285714285714,0.3072100313479624,0.1592649310872894,0.1761102603369065,0.0329341317365269,0.1137724550898203,0.2907488986784141,0.2511013215859031,0.4581497797356828,0.117404737,0.342105263,0.087719298,0.166666667,0.745614035,58.59938208032956,9.314586994727591,7.205623901581721,11.599297012302284,41.1946446961895,3.25,4.0,9.5,42.22451081359424,4.878048780487805,6.585365853658537,13.170731707317074,15.139031925849638,3.401360544217688,2.7210884353741496,12.925170068027212,7.518022657054583,0.0,2.73972602739726,4.10958904109589,19.87641606591143,0.0,1.0362694300518136,8.290155440414509,5.046343975283213,51.02040816326531,10.20408163265306,10.20408163265306,4.531410916580844,15.909090909090908,20.454545454545457,6.8181818181818175,1.235839340885685,58.333333333333336,16.666666666666664,16.666666666666664,,,,,1.235839340885685,0.0,16.666666666666664,16.666666666666664,0.1029866117404737,100.0,0.0,0.0,0.7209062821833162,14.285714285714285,14.285714285714285,0.0,1.235839340885685,0.0,0.0,0.0,0.6179196704428425,0.0,33.33333333333333,0.0,0.3089598352214212,0.0,33.33333333333333,0.0,,,,,,,,
Andreas Haider Maurer,0.5678670360110804,0.7170731707317073,0.4743589743589743,0.3190883190883191,0.1390449438202247,0.172752808988764,0.0498614958448753,0.077562326869806,0.3169642857142857,0.2142857142857142,0.46875,0.042387543,0.571428571,0.06122449,0.102040816,0.816326531,53.11418685121107,8.143322475570033,3.908794788273615,9.93485342019544,46.88581314878893,3.8745387453874542,4.428044280442804,8.118081180811808,43.0795847750865,6.2248995983935735,4.016064257028113,11.04417670682731,35.034602076124564,1.2345679012345678,3.7037037037037033,8.641975308641975,6.055363321799308,1.4285714285714286,2.857142857142857,4.285714285714286,8.217993079584774,1.0526315789473684,2.1052631578947367,6.315789473684211,1.5570934256055362,72.22222222222221,5.555555555555555,0.0,1.8166089965397925,57.14285714285714,9.523809523809524,9.523809523809524,0.4325259515570934,20.0,20.0,20.0,0.1730103806228373,50.0,0.0,0.0,1.2110726643598615,14.285714285714285,0.0,14.285714285714285,0.7785467128027681,22.22222222222222,33.33333333333333,11.11111111111111,0.6055363321799307,14.285714285714285,0.0,0.0,0.7785467128027681,0.0,11.11111111111111,0.0,0.0865051903114186,0.0,0.0,0.0,0.0865051903114186,0.0,100.0,0.0,0.0865051903114186,100.0,0.0,0.0,,,,
Andreas Seppi,0.5877003031615418,0.686072218128224,0.5073529411764706,0.3412526997840173,0.1371107266435986,0.197015570934256,0.0277176266782156,0.061498484192291,0.2963855421686747,0.1921686746987951,0.5102409638554217,0.020819113,0.459016393,0.12568306,0.098360656,0.704918033,51.11490329920364,7.567326953038059,4.740707767638549,9.770754507010906,48.87372013651877,3.5381750465549344,2.467411545623836,9.497206703910614,46.91695108077361,5.819592628516004,4.582929194956353,9.917555771096024,38.70307167235495,3.409758965314521,2.410346854791299,9.553203997648442,1.6382252559726962,2.7777777777777777,4.166666666666666,2.083333333333333,8.70307167235495,0.9150326797385622,1.568627450980392,8.104575163398692,0.6257110352673493,54.54545454545454,7.272727272727272,14.545454545454543,0.5460750853242321,47.91666666666667,8.333333333333332,18.75,0.5233219567690558,45.65217391304348,10.869565217391305,0.0,0.0341296928327645,33.33333333333333,0.0,33.33333333333333,0.8532423208191127,37.333333333333336,6.666666666666667,17.333333333333336,0.3071672354948805,14.814814814814811,22.22222222222222,25.925925925925924,0.3071672354948805,33.33333333333333,0.0,7.4074074074074066,0.477815699658703,0.0,2.380952380952381,7.142857142857142,0.0341296928327645,0.0,0.0,33.33333333333333,0.0910125142207053,12.5,12.5,0.0,0.2161547212741752,42.10526315789473,21.052631578947366,15.789473684210526,0.0113765642775881,0.0,0.0,100.0
Andreas Vinciguerra,0.5409836065573771,0.8484848484848485,0.2857142857142857,0.288135593220339,0.1166666666666666,0.175,0.0327868852459016,0.0983606557377049,0.2352941176470588,0.2058823529411764,0.5588235294117647,0.060747664,0.307692308,0.076923077,0.076923077,0.692307692,53.73831775700935,4.3478260869565215,1.7391304347826086,8.695652173913043,46.26168224299065,3.0303030303030303,5.05050505050505,9.090909090909092,49.06542056074766,2.857142857142857,1.9047619047619049,9.523809523809524,31.308411214953267,1.4925373134328357,2.985074626865672,8.955223880597014,0.9345794392523364,0.0,0.0,0.0,11.214953271028037,0.0,8.333333333333332,8.333333333333332,1.4018691588785046,66.66666666666666,0.0,0.0,3.2710280373831773,28.57142857142857,14.285714285714285,14.285714285714285,0.4672897196261681,0.0,0.0,0.0,,,,,,,,,,,,,0.9345794392523364,0.0,0.0,0.0,0.4672897196261681,0.0,0.0,0.0,0.9345794392523364,0.0,0.0,0.0,,,,,,,,,,,,
Andrei Pavel,0.5957943925233645,0.7137254901960784,0.5028901734104047,0.3797814207650273,0.1801007556675063,0.1586901763224181,0.0257009345794392,0.0817757009345794,0.3724137931034483,0.2310344827586206,0.396551724137931,0.073302469,0.452631579,0.063157895,0.094736842,0.810526316,49.2283950617284,7.523510971786834,4.545454545454546,9.090909090909092,50.77160493827161,9.118541033434653,5.775075987841945,8.662613981762918,43.67283950617284,4.240282685512367,4.063604240282685,9.717314487632509,37.73148148148148,7.157464212678937,5.725971370143149,9.611451942740286,0.6172839506172839,0.0,12.5,0.0,8.641975308641975,0.8928571428571428,1.7857142857142856,5.357142857142857,2.7777777777777777,44.44444444444444,2.7777777777777777,8.333333333333332,3.08641975308642,50.0,15.0,7.5,0.6944444444444444,44.44444444444444,11.11111111111111,0.0,0.0771604938271604,100.0,0.0,0.0,0.3086419753086419,25.0,50.0,0.0,0.6944444444444444,33.33333333333333,11.11111111111111,11.11111111111111,0.6944444444444444,11.11111111111111,0.0,0.0,0.3086419753086419,0.0,25.0,0.0,0.3086419753086419,25.0,25.0,0.0,0.2314814814814814,0.0,0.0,0.0,0.1543209876543209,50.0,0.0,0.0,,,,
Andrei Stoliarov,0.58,0.6724137931034483,0.6190476190476191,0.3177570093457944,0.0676328502415458,0.178743961352657,0.02,0.0,0.2258064516129032,0.2096774193548387,0.5645161290322581,0.060518732,0.285714286,0.19047619,0.19047619,0.761904762,46.68587896253602,4.938271604938271,3.7037037037037033,8.641975308641975,53.31412103746398,3.2432432432432434,3.783783783783784,11.351351351351353,42.363112391930834,3.401360544217688,3.401360544217688,8.843537414965986,42.65129682997118,2.027027027027027,2.702702702702702,10.81081081081081,1.440922190201729,0.0,0.0,0.0,4.899135446685879,0.0,0.0,11.76470588235294,0.5763688760806917,50.0,0.0,50.0,3.170028818443804,18.181818181818183,27.27272727272727,27.27272727272727,1.1527377521613833,25.0,25.0,0.0,0.2881844380403458,100.0,0.0,0.0,0.2881844380403458,0.0,0.0,0.0,,,,,0.2881844380403458,0.0,0.0,0.0,2.0172910662824206,0.0,0.0,0.0,0.2881844380403458,0.0,0.0,0.0,0.2881844380403458,0.0,0.0,0.0,0.2881844380403458,100.0,0.0,0.0,,,,
Andrej Martin,0.6166666666666667,0.5765765765765766,0.4347826086956521,0.4431818181818182,0.1292134831460674,0.2106741573033707,0.0333333333333333,0.0444444444444444,0.2733812949640288,0.2302158273381295,0.4964028776978417,0.050793651,0.4375,0.03125,0.125,0.75,59.68253968253968,7.712765957446808,5.851063829787234,12.23404255319149,40.0,3.571428571428571,3.968253968253968,9.126984126984128,53.96825396825397,5.294117647058823,5.588235294117648,13.529411764705882,24.761904761904763,2.564102564102564,4.487179487179487,10.256410256410255,2.380952380952381,0.0,0.0,0.0,12.063492063492063,1.3157894736842104,1.3157894736842104,7.894736842105263,1.2698412698412698,75.0,12.5,0.0,1.746031746031746,36.36363636363637,9.090909090909092,9.090909090909092,1.2698412698412698,37.5,12.5,0.0,,,,,0.1587301587301587,100.0,0.0,0.0,0.7936507936507936,0.0,20.0,0.0,,,,,0.4761904761904762,0.0,0.0,0.0,0.1587301587301587,0.0,0.0,0.0,0.1587301587301587,0.0,0.0,0.0,0.4761904761904762,33.33333333333333,33.33333333333333,0.0,,,,
Andres Artunedo,0.5945945945945946,0.5454545454545454,0.2,0.1578947368421052,0.0714285714285714,0.3392857142857143,0.0,0.0,0.16,0.08,0.76,0.013605442,1.0,0.0,0.0,1.0,40.13605442176871,5.084745762711865,1.694915254237288,16.94915254237288,59.863945578231295,1.1363636363636365,1.1363636363636365,10.227272727272728,36.054421768707485,1.8867924528301887,1.8867924528301887,15.09433962264151,53.06122448979592,1.282051282051282,1.282051282051282,11.538461538461538,1.3605442176870748,0.0,0.0,50.0,4.761904761904762,0.0,0.0,0.0,0.6802721088435374,100.0,0.0,0.0,,,,,0.6802721088435374,100.0,0.0,0.0,,,,,0.6802721088435374,0.0,0.0,100.0,0.6802721088435374,0.0,0.0,0.0,0.6802721088435374,0.0,0.0,0.0,1.3605442176870748,0.0,0.0,0.0,,,,,,,,,,,,,,,,
Andrew Harris,0.6491228070175439,0.5945945945945946,0.45,0.3137254901960784,0.074074074074074,0.2407407407407407,0.0350877192982456,0.0350877192982456,0.1538461538461538,0.2307692307692307,0.6153846153846154,0.038043478,0.428571429,0.142857143,0.142857143,0.571428571,51.63043478260869,6.315789473684211,8.421052631578947,11.578947368421051,48.369565217391305,0.0,1.1235955056179776,14.606741573033707,46.19565217391305,2.3529411764705883,8.235294117647058,12.941176470588236,34.23913043478261,0.0,1.5873015873015872,17.46031746031746,2.1739130434782608,0.0,0.0,0.0,12.5,0.0,0.0,4.3478260869565215,1.6304347826086956,66.66666666666666,0.0,0.0,0.5434782608695652,0.0,0.0,100.0,0.5434782608695652,100.0,0.0,0.0,0.5434782608695652,0.0,0.0,0.0,0.5434782608695652,100.0,0.0,0.0,,,,,,,,,0.5434782608695652,0.0,0.0,0.0,,,,,,,,,0.5434782608695652,0.0,100.0,0.0,,,,
Andrey Golubev,0.5629139072847682,0.6647058823529411,0.5984848484848485,0.2971014492753623,0.1695501730103806,0.2301038062283737,0.043046357615894,0.076158940397351,0.3260869565217391,0.1521739130434782,0.5173913043478261,0.040792541,0.542857143,0.085714286,0.057142857,0.742857143,54.89510489510489,12.738853503184714,4.45859872611465,11.67728237791932,44.75524475524475,3.125,3.6458333333333335,16.666666666666664,49.3006993006993,9.929078014184398,4.25531914893617,12.05673758865248,33.91608391608392,2.7491408934707904,3.7800687285223367,18.55670103092784,1.6317016317016315,0.0,0.0,0.0,9.090909090909092,1.282051282051282,1.282051282051282,11.538461538461538,1.1655011655011656,80.0,0.0,10.0,1.048951048951049,33.33333333333333,22.22222222222222,0.0,1.6317016317016315,57.14285714285714,0.0,7.142857142857142,,,,,0.9324009324009324,25.0,37.5,12.5,0.1165501165501165,0.0,0.0,100.0,,,,,0.5827505827505828,0.0,0.0,0.0,0.2331002331002331,0.0,0.0,50.0,,,,,,,,,,,,
Andrey Kuznetsov,0.5523012552301255,0.7045454545454546,0.5700934579439252,0.3483606557377049,0.1780538302277432,0.1532091097308488,0.0292887029288702,0.0794979079497908,0.3964497041420118,0.2071005917159763,0.3964497041420118,0.035168196,0.434782609,0.043478261,0.130434783,0.695652174,51.22324159021407,11.641791044776118,6.865671641791045,11.641791044776118,48.776758409785934,8.77742946708464,3.761755485893417,8.77742946708464,48.47094801223242,10.410094637223976,6.940063091482649,11.987381703470032,39.60244648318042,8.108108108108109,3.088803088803089,8.880308880308881,0.6116207951070336,0.0,0.0,0.0,6.422018348623854,0.0,4.761904761904762,9.523809523809524,0.764525993883792,40.0,0.0,0.0,1.2232415902140672,37.5,25.0,0.0,0.6116207951070336,75.0,0.0,0.0,0.3058103975535168,50.0,0.0,50.0,0.3058103975535168,50.0,0.0,50.0,0.6116207951070336,50.0,0.0,0.0,0.1529051987767584,0.0,0.0,0.0,0.3058103975535168,0.0,0.0,0.0,0.1529051987767584,0.0,0.0,0.0,0.3058103975535168,50.0,0.0,0.0,0.1529051987767584,0.0,100.0,0.0,,,,
Andrey Rublev,0.6263632053105738,0.7577592732778198,0.506979695431472,0.3720300751879699,0.2010865377205825,0.1535023503120906,0.0285285285285285,0.1773352299668089,0.3354387547935935,0.2552447552447552,0.4085269569140536,0.026501509,0.466483012,0.1184573,0.105601469,0.737373737,51.732697362016935,10.828864427509645,7.644181014206416,9.64342835638348,48.25756838314027,3.388804841149773,3.212304589006556,7.927382753403933,46.40075927187774,9.734095557769969,8.008601248229926,10.122200660827607,42.79421785262338,3.0651123116292296,3.326698891100369,8.080750639749787,3.1684999513287257,1.0752688172043012,0.7680491551459293,2.227342549923195,4.404750316363282,1.1602209944751385,0.9392265193370166,4.530386740331491,0.5816217268568091,46.44351464435147,7.949790794979079,14.225941422594143,0.6375936922028619,33.587786259541986,10.687022900763358,18.70229007633588,0.9661247931470848,59.44584382871536,9.82367758186398,6.54911838790932,0.0389370193711671,43.75,0.0,12.5,0.1606152049060644,31.818181818181817,6.0606060606060606,25.75757575757576,0.0803076024530322,18.181818181818183,9.090909090909092,30.303030303030305,0.0803076024530322,6.0606060606060606,0.0,3.0303030303030303,0.2506570622018884,6.796116504854369,0.9708737864077668,2.912621359223301,0.0365034556604691,6.666666666666667,0.0,13.333333333333334,0.0243356371069794,0.0,10.0,20.0,0.3382653557870145,43.884892086330936,18.705035971223023,7.913669064748201,0.0267692008176774,36.36363636363637,18.181818181818183,27.27272727272727
Andy Murray,0.5940968122786304,0.727027027027027,0.5038976148923793,0.3811029480145075,0.1556664558000046,0.1630936482275485,0.0304604486422668,0.093978748524203,0.3148636763412489,0.2574250727285028,0.4272376699817333,0.030610592,0.475992439,0.085444234,0.106994329,0.742155009,49.13318211276734,6.783653279943469,5.031209515958073,7.473795783771052,50.85177298398297,4.032771961766045,3.7983614019116976,7.150659990896677,43.23210813813535,4.9844737123889065,4.997858443088125,7.832744405182568,36.25127303027497,3.5563784957221305,4.105478227557144,8.105605925169199,2.878205721692436,1.4475271411338964,1.2464817048652996,1.0454362685967027,11.151745208776966,0.45662100456621,1.0689082606890827,3.7359900373599,0.9605592074807888,55.78313253012048,9.036144578313252,9.759036144578314,1.0114804184797703,41.53318077803203,12.356979405034323,9.496567505720824,0.5751782242384964,60.7645875251509,8.651911468812877,5.432595573440644,0.0740672159985186,32.8125,12.5,1.5625,0.475650402740487,20.19464720194648,14.11192214111922,17.51824817518248,1.0531432274789372,16.483516483516482,12.527472527472527,13.956043956043956,0.7094250532358115,7.830342577487764,3.752039151712888,2.1207177814029365,1.1723451532265532,5.528134254689043,3.948667324777887,2.566633761105627,0.1168873252476622,23.76237623762376,11.88118811881188,5.9405940594059405,0.1215165262475696,16.19047619047619,7.6190476190476195,4.761904761904762,0.1851680399962966,38.75,16.875,13.750000000000002,0.0162022034996759,50.0,14.285714285714285,7.142857142857142
Andy Roddick,0.6479799561540871,0.7694538424359594,0.5275800711743772,0.3237863091610806,0.1742599742599742,0.1371428571428571,0.0253679924835577,0.1703726902599436,0.3040763226366001,0.2756287944492628,0.4199479618386817,0.053245995,0.376979294,0.080998782,0.128501827,0.671741778,50.6355794798625,8.017931476144732,6.628242074927954,8.178033941722703,49.34496400544782,3.2923703752382205,3.627521850561872,7.517907603338371,44.74025552889293,5.827353772559252,6.501413350728419,8.574327752409944,35.90051235488683,2.4749345135940746,3.025923584138741,7.813205672477644,2.565017186587976,1.5170670037926677,2.149178255372945,1.7699115044247788,10.26655425124846,0.5369551484523057,3.190145293746052,6.127605811749842,1.647318243725274,44.48818897637795,12.007874015748031,7.677165354330709,2.1272456060704323,28.65853658536585,14.634146341463412,10.21341463414634,0.982553991828264,53.79537953795379,13.2013201320132,5.6105610561056105,0.035670276931059,9.090909090909092,18.181818181818183,0.0,0.1848368895518516,15.789473684210526,14.035087719298245,26.31578947368421,0.1783513846552954,7.272727272727272,20.0,21.818181818181817,0.2042934042415202,4.761904761904762,4.761904761904762,3.1746031746031744,0.6161229651728387,5.789473684210527,2.1052631578947367,1.5789473684210529,0.1524093650690706,8.51063829787234,10.638297872340424,4.25531914893617,0.2172644140346325,7.462686567164178,4.477611940298507,4.477611940298507,0.1588948699656268,63.26530612244898,8.16326530612245,10.20408163265306,0.003242752448278,100.0,0.0,0.0
Ante Pavic,0.6746987951807228,0.8035714285714286,0.3333333333333333,0.225,0.2208588957055214,0.2024539877300613,0.0602409638554216,0.2771084337349397,0.2653061224489796,0.1632653061224489,0.5714285714285714,0.109375,0.333333333,0.095238095,0.238095238,0.714285714,57.29166666666666,6.363636363636363,5.454545454545454,13.636363636363637,42.70833333333333,7.317073170731707,2.4390243902439024,15.853658536585366,46.875,2.2222222222222223,1.1111111111111112,14.444444444444445,32.29166666666667,6.451612903225806,1.6129032258064515,20.967741935483872,2.604166666666667,0.0,0.0,0.0,6.770833333333333,0.0,0.0,0.0,4.166666666666666,12.5,25.0,25.0,3.125,33.33333333333333,0.0,0.0,3.125,66.66666666666666,33.33333333333333,0.0,,,,,,,,,0.5208333333333333,0.0,100.0,0.0,,,,,,,,,0.5208333333333333,0.0,100.0,0.0,,,,,,,,,,,,
Antoine Bellier,0.680327868852459,0.8313253012048193,0.5897435897435898,0.2110091743119266,0.238095238095238,0.0735930735930736,0.0327868852459016,0.2295081967213114,0.4821428571428571,0.2857142857142857,0.2321428571428571,0.389937107,0.35483871,0.032258065,0.177419355,0.758064516,48.42767295597484,20.77922077922078,11.688311688311687,7.792207792207792,51.57232704402516,13.414634146341465,8.536585365853659,8.536585365853659,20.12578616352201,6.25,9.375,12.5,10.69182389937107,5.88235294117647,5.88235294117647,23.52941176470588,8.80503144654088,0.0,7.142857142857142,0.0,20.12578616352201,3.125,0.0,9.375,14.465408805031446,43.47826086956522,17.391304347826086,8.695652173913043,15.09433962264151,33.33333333333333,20.833333333333336,0.0,3.1446540880503147,80.0,20.0,0.0,,,,,,,,,0.628930817610063,100.0,0.0,0.0,0.628930817610063,0.0,0.0,0.0,,,,,1.257861635220126,0.0,0.0,0.0,5.031446540880504,0.0,12.5,0.0,,,,,,,,
Antoine Escoffier,0.6492537313432836,0.7471264367816092,0.5531914893617021,0.3157894736842105,0.2209737827715356,0.1535580524344569,0.0522388059701492,0.1791044776119403,0.3888888888888889,0.2333333333333333,0.3777777777777777,0.064139942,0.590909091,0.090909091,0.136363636,0.909090909,61.224489795918366,11.428571428571429,5.714285714285714,10.0,37.90087463556851,8.461538461538462,6.153846153846154,10.0,55.39358600583091,7.894736842105263,5.789473684210527,10.0,29.15451895043732,7.000000000000001,5.0,8.0,1.749271137026239,0.0,0.0,16.666666666666664,5.247813411078718,0.0,0.0,16.666666666666664,2.915451895043732,70.0,10.0,10.0,2.0408163265306123,57.14285714285714,14.285714285714285,14.285714285714285,0.8746355685131195,66.66666666666666,0.0,0.0,,,,,,,,,0.5830903790087464,0.0,50.0,50.0,0.2915451895043732,0.0,0.0,0.0,0.2915451895043732,0.0,0.0,0.0,,,,,,,,,,,,,0.5830903790087464,0.0,50.0,0.0
Antoine Hoang,0.7254901960784313,0.5945945945945946,0.5,0.3559322033898305,0.1272727272727272,0.2272727272727272,0.0784313725490196,0.0392156862745098,0.2727272727272727,0.25,0.4772727272727273,0.00625,1.0,0.0,0.0,1.0,49.375,3.79746835443038,5.063291139240507,13.924050632911392,50.625,11.11111111111111,8.641975308641975,12.34567901234568,44.375,4.225352112676056,5.633802816901409,15.492957746478872,45.625,10.95890410958904,6.849315068493151,13.6986301369863,5.0,0.0,0.0,0.0,3.125,0.0,0.0,0.0,,,,,0.625,100.0,0.0,0.0,,,,,,,,,,,,,0.625,0.0,100.0,0.0,,,,,0.625,0.0,100.0,0.0,,,,,,,,,,,,,,,,
Antonio Veic,0.7090909090909091,0.5897435897435898,0.3125,0.238095238095238,0.1030927835051546,0.1855670103092783,0.0181818181818181,0.0727272727272727,0.2142857142857142,0.1785714285714285,0.6071428571428571,0.014084507,0.0,0.5,0.0,0.0,54.22535211267606,6.493506493506493,3.896103896103896,10.38961038961039,45.77464788732394,1.5384615384615383,3.076923076923077,13.846153846153848,47.88732394366197,7.352941176470589,4.411764705882353,10.294117647058822,37.32394366197183,1.8867924528301887,3.7735849056603774,15.09433962264151,5.633802816901409,0.0,0.0,0.0,7.042253521126761,0.0,0.0,10.0,,,,,,,,,0.7042253521126761,0.0,0.0,100.0,,,,,,,,,,,,,,,,,0.7042253521126761,0.0,0.0,0.0,,,,,0.7042253521126761,0.0,0.0,0.0,,,,,,,,
Aristotelis Thanos,0.5510204081632653,0.5185185185185185,0.3636363636363636,0.2105263157894736,0.0689655172413793,0.3103448275862069,0.0408163265306122,0.0408163265306122,0.1142857142857142,0.1714285714285714,0.7142857142857143,0.078947368,0.222222222,0.333333333,0.111111111,0.444444444,50.877192982456144,5.172413793103448,6.896551724137931,22.41379310344828,49.122807017543856,1.7857142857142856,3.571428571428571,21.428571428571427,38.59649122807017,2.272727272727273,6.8181818181818175,18.181818181818183,25.438596491228072,0.0,3.4482758620689653,20.6896551724138,0.8771929824561403,100.0,0.0,0.0,16.666666666666664,0.0,0.0,26.31578947368421,1.7543859649122806,50.0,0.0,50.0,2.631578947368421,33.33333333333333,0.0,33.33333333333333,1.7543859649122806,0.0,0.0,0.0,,,,,5.263157894736842,0.0,0.0,50.0,0.8771929824561403,0.0,0.0,0.0,1.7543859649122806,0.0,50.0,0.0,2.631578947368421,0.0,0.0,0.0,,,,,0.8771929824561403,0.0,100.0,0.0,0.8771929824561403,0.0,0.0,100.0,,,,
Arklon Huertas Del Pino,0.4204545454545454,0.6756756756756757,0.4509803921568627,0.431578947368421,0.0601092896174863,0.1366120218579235,0.0113636363636363,0.0113636363636363,0.2127659574468085,0.2765957446808511,0.5106382978723404,0.018099548,0.5,0.0,0.125,0.75,41.6289592760181,2.717391304347826,2.717391304347826,5.434782608695652,52.26244343891403,1.7316017316017316,3.463203463203463,6.0606060606060606,34.38914027149321,1.3157894736842104,1.3157894736842104,5.921052631578947,22.850678733031675,0.99009900990099,3.96039603960396,9.9009900990099,3.8461538461538463,0.0,0.0,0.0,26.01809954751132,0.8695652173913043,2.608695652173913,1.7391304347826086,1.1312217194570136,60.0,0.0,0.0,0.4524886877828055,50.0,0.0,0.0,0.2262443438914027,0.0,100.0,0.0,,,,,2.0361990950226243,0.0,22.22222222222222,11.11111111111111,1.1312217194570136,0.0,20.0,40.0,,,,,1.809954751131222,12.5,0.0,0.0,,,,,,,,,,,,,,,,
Arnaud Clement,0.5390218522372529,0.6814671814671814,0.4898419864559819,0.3952434881087203,0.1724511930585683,0.2001084598698481,0.0478668054110301,0.0494263018534863,0.3584474885844749,0.2134703196347032,0.4280821917808219,0.053467001,0.4375,0.0703125,0.08203125,0.69140625,52.14387803716056,8.085883965280951,4.705344906349931,8.085883965280951,47.856121962839445,4.579392732702837,3.3847685415629667,7.267297162767545,46.49833253930444,5.07172131147541,4.559426229508197,8.504098360655737,42.949023344449735,3.050471436494731,2.939545202440377,7.76483638380477,1.500714626012387,1.5873015873015872,3.1746031746031744,0.0,2.2391615054787994,3.191489361702128,2.127659574468085,0.0,1.7627441638875654,41.891891891891895,5.405405405405405,8.108108108108109,1.7389232968080035,36.98630136986301,10.95890410958904,8.21917808219178,1.40543115769414,64.40677966101694,5.084745762711865,6.779661016949152,0.1905669366364935,37.5,12.5,0.0,0.2620295378751786,27.27272727272727,27.27272727272727,0.0,0.071462601238685,33.33333333333333,33.33333333333333,0.0,0.4287756074321105,0.0,5.555555555555555,0.0,0.3334921391138637,7.142857142857142,14.285714285714285,0.0,0.1429252024773701,16.666666666666664,16.666666666666664,0.0,0.2858504049547403,8.333333333333332,8.333333333333332,0.0,0.1429252024773701,66.66666666666666,0.0,16.666666666666664,0.0476417341591233,50.0,0.0,0.0
Arnaud Di Pasquale,0.6551724137931034,0.631578947368421,0.65,0.4107142857142857,0.1140350877192982,0.1491228070175438,0.0172413793103448,0.0344827586206896,0.2972972972972973,0.2702702702702703,0.4324324324324324,0.028248588,0.6,0.2,0.0,0.8,57.6271186440678,5.88235294117647,3.92156862745098,10.784313725490197,42.3728813559322,6.666666666666667,8.0,6.666666666666667,53.6723163841808,5.263157894736842,4.2105263157894735,11.578947368421051,28.24858757062147,6.0,12.0,6.0,1.694915254237288,0.0,0.0,0.0,11.299435028248588,0.0,0.0,5.0,0.5649717514124294,100.0,0.0,0.0,2.2598870056497176,50.0,0.0,25.0,,,,,,,,,,,,,,,,,1.694915254237288,0.0,0.0,0.0,0.5649717514124294,0.0,0.0,0.0,,,,,,,,,,,,,,,,
Arthur Cazaux,0.617741935483871,0.7180156657963447,0.4725738396624472,0.307032590051458,0.1820448877805486,0.1787198669991687,0.0225806451612903,0.15,0.2943925233644859,0.2359813084112149,0.4696261682242991,0.039503904,0.488372093,0.11627907,0.127906977,0.697674419,53.100597152044095,7.439446366782007,5.27681660899654,10.207612456747404,46.85346807533303,3.92156862745098,3.92156862745098,8.137254901960784,45.613229214515385,5.035246727089628,4.733131923464249,10.976837865055389,38.76894809370693,2.7251184834123223,4.028436018957346,8.412322274881516,3.261368856224162,0.0,2.8169014084507045,1.4084507042253522,4.960955443270556,0.9259259259259258,0.0,5.555555555555555,1.148369315571888,68.0,16.0,0.0,1.3780431786862657,40.0,13.333333333333334,16.666666666666664,0.8268259072117593,44.44444444444444,11.11111111111111,27.77777777777778,,,,,1.2861736334405145,21.428571428571427,21.428571428571427,10.714285714285714,0.5971520440973818,23.07692307692308,7.6923076923076925,7.6923076923076925,0.6430868167202572,7.142857142857142,0.0,0.0,0.8727606798346348,0.0,0.0,0.0,0.2296738631143775,40.0,0.0,0.0,0.2756086357372531,16.666666666666664,16.666666666666664,0.0,0.091869545245751,100.0,0.0,0.0,,,,
Arthur Fery,0.6138613861386139,0.5967741935483871,0.4871794871794871,0.3218390804597701,0.1276595744680851,0.1117021276595744,0.0,0.0297029702970297,0.3387096774193548,0.3225806451612903,0.3387096774193548,0.165254237,0.333333333,0.025641026,0.128205128,0.538461538,50.0,9.322033898305085,7.627118644067797,9.322033898305085,50.0,8.47457627118644,9.322033898305085,8.47457627118644,25.0,1.694915254237288,10.16949152542373,13.559322033898304,27.966101694915253,9.090909090909092,7.575757575757576,7.575757575757576,11.440677966101696,3.7037037037037033,0.0,0.0,13.983050847457626,0.0,6.0606060606060606,12.12121212121212,8.050847457627118,31.57894736842105,10.526315789473683,0.0,5.084745762711865,33.33333333333333,25.0,8.333333333333332,0.847457627118644,50.0,0.0,0.0,,,,,2.11864406779661,0.0,20.0,60.0,2.11864406779661,0.0,20.0,0.0,0.423728813559322,0.0,0.0,0.0,0.423728813559322,0.0,0.0,0.0,1.2711864406779665,66.66666666666666,0.0,0.0,0.423728813559322,0.0,0.0,0.0,0.847457627118644,0.0,0.0,0.0,,,,
Arthur Fils,0.6141361256544503,0.736999147485081,0.5067842605156038,0.359375,0.2197291556027615,0.2154806160382368,0.0408376963350785,0.1871727748691099,0.3122923588039867,0.1996677740863787,0.487375415282392,0.034413295,0.573170732,0.143902439,0.06097561,0.758536585,53.49169044821219,10.10513102149694,6.496155656676604,12.53726659344108,46.46634211851603,5.346820809248555,3.359826589595376,12.030346820809248,44.97230149404062,8.52930197835013,7.222844344904815,13.5498320268757,38.66879301661911,3.972216192750163,3.733449099196874,12.37247666594313,5.732751384925297,0.8784773060029283,1.610541727672035,2.781844802342606,5.50612724525768,1.3719512195121952,0.3048780487804878,8.231707317073171,1.1247272116837337,55.223880597014926,5.223880597014925,19.402985074626866,0.9484639919422528,57.52212389380531,7.079646017699115,13.274336283185844,1.141514184992446,63.97058823529412,4.411764705882353,12.5,0.0251804599630686,66.66666666666666,0.0,0.0,0.3105590062111801,29.72972972972973,5.405405405405405,24.324324324324326,0.9400705052878966,27.67857142857143,0.8928571428571428,21.428571428571427,0.117508813160987,21.428571428571427,0.0,7.142857142857142,0.268591572939399,15.625,0.0,9.375,0.041967433271781,20.0,20.0,0.0,0.1091153265066308,7.6923076923076925,23.07692307692308,0.0,0.0503609199261373,83.33333333333334,0.0,16.666666666666664,,,,
Arthur Rinderknech,0.6421143847487002,0.728744939271255,0.4576271186440678,0.2682027649769585,0.1924966502903081,0.1822242072353729,0.0216637781629116,0.1525129982668977,0.3248407643312102,0.1859872611464968,0.4878980891719745,0.080196399,0.453061224,0.13877551,0.081632653,0.67755102,52.83142389525368,12.0817843866171,6.257744733581165,12.88723667905824,47.10310965630114,4.169562195969423,3.127171646977067,12.161223071577483,44.38625204582651,7.964601769911504,6.047197640117994,13.569321533923304,36.00654664484452,1.7272727272727273,2.636363636363636,12.636363636363637,2.454991816693944,2.666666666666667,2.666666666666667,1.3333333333333337,6.219312602291326,1.0526315789473684,2.631578947368421,6.315789473684211,2.520458265139116,57.14285714285714,11.688311688311687,14.285714285714285,3.3060556464811786,33.663366336633665,9.9009900990099,15.84158415841584,1.1456628477905073,65.71428571428571,2.857142857142857,8.571428571428571,0.0981996726677577,100.0,0.0,0.0,1.276595744680851,30.76923076923077,15.384615384615383,17.94871794871795,0.6219312602291326,5.263157894736842,5.263157894736842,31.57894736842105,0.392798690671031,0.0,8.333333333333332,0.0,0.5564648117839607,0.0,0.0,0.0,0.425531914893617,15.384615384615383,0.0,7.6923076923076925,0.2945990180032733,11.11111111111111,0.0,22.22222222222222,0.2291325695581014,57.14285714285714,0.0,14.285714285714285,,,,
Aslan Karatsev,0.5829750644883921,0.7042772861356932,0.5010309278350515,0.3558951965065502,0.1895580589254766,0.2445840554592721,0.0515907136715391,0.1044711951848667,0.3066472586123241,0.2037845705967976,0.4895681707908782,0.043335162,0.487341772,0.132911392,0.094936709,0.768987342,49.794295117937466,11.59460203800606,6.857614982098595,14.62407050399339,50.16456390565003,5.768179332968836,4.674685620557682,13.067249863313284,44.76138233680746,9.099264705882351,6.893382352941177,15.012254901960784,43.650575973669774,5.026704366949419,4.86961985548225,13.540684888469997,1.412506856829402,1.9417475728155336,1.9417475728155336,4.854368932038835,4.539221064179923,2.114803625377644,0.3021148036253776,6.646525679758309,1.0148107515085023,56.75675675675676,4.054054054054054,14.864864864864863,0.8365331870543061,49.18032786885246,9.836065573770492,14.754098360655735,1.5222161272627537,53.15315315315316,11.711711711711713,10.81081081081081,0.0959956116291826,14.285714285714285,0.0,14.285714285714285,0.2468458584750411,16.666666666666664,0.0,33.33333333333333,0.575973669775096,11.904761904761903,14.285714285714285,26.1904761904762,0.1919912232583653,14.285714285714285,0.0,0.0,0.2468458584750411,11.11111111111111,5.555555555555555,11.11111111111111,0.0685682940208447,40.0,0.0,0.0,0.0137136588041689,0.0,0.0,0.0,0.575973669775096,33.33333333333333,14.285714285714285,16.666666666666664,0.2057048820625343,40.0,13.333333333333334,13.333333333333334
Attila Balazs,0.6129032258064516,0.5947368421052631,0.525,0.3065134099616858,0.0893169877408056,0.1733800350262697,0.0516129032258064,0.0387096774193548,0.2484076433121019,0.2165605095541401,0.535031847133758,0.013888889,0.666666667,0.083333333,0.083333333,0.75,44.44444444444444,6.770833333333333,5.208333333333334,10.15625,54.74537037037037,2.748414376321353,2.9598308668076108,9.513742071881609,33.91203703703704,5.460750853242321,5.119453924914676,11.262798634812286,36.3425925925926,2.547770700636943,3.5031847133757963,12.420382165605096,6.944444444444445,3.333333333333333,0.0,3.333333333333333,14.120370370370368,0.819672131147541,0.0,3.278688524590164,0.5787037037037037,60.0,20.0,0.0,0.4629629629629629,75.0,0.0,25.0,0.2314814814814814,100.0,0.0,0.0,,,,,1.3888888888888888,16.666666666666664,16.666666666666664,33.33333333333333,2.083333333333333,5.555555555555555,16.666666666666664,5.555555555555555,1.273148148148148,9.090909090909092,18.181818181818183,0.0,1.7361111111111112,0.0,0.0,0.0,0.1157407407407407,0.0,0.0,0.0,,,,,,,,,,,,
Axel Michon,0.7115384615384616,0.6486486486486487,0.3333333333333333,0.2641509433962264,0.1047619047619047,0.1142857142857142,0.0576923076923076,0.0192307692307692,0.3571428571428571,0.3214285714285714,0.3214285714285714,0.03875969,0.4,0.0,0.0,0.8,60.46511627906976,7.6923076923076925,7.6923076923076925,5.128205128205128,39.53488372093023,7.84313725490196,5.88235294117647,9.803921568627452,57.36434108527132,5.405405405405405,8.108108108108109,5.405405405405405,30.23255813953488,7.6923076923076925,7.6923076923076925,12.82051282051282,1.550387596899225,0.0,0.0,0.0,6.2015503875969,0.0,0.0,0.0,0.7751937984496124,100.0,0.0,0.0,1.550387596899225,0.0,0.0,0.0,,,,,,,,,,,,,,,,,,,,,0.7751937984496124,100.0,0.0,0.0,,,,,0.7751937984496124,0.0,0.0,0.0,0.7751937984496124,100.0,0.0,0.0,,,,
Baptiste Crepatte,0.5392156862745098,0.509090909090909,0.425531914893617,0.375,0.1347826086956521,0.1782608695652174,0.0392156862745098,0.0098039215686274,0.3658536585365853,0.1829268292682926,0.4512195121951219,0.040963855,0.529411765,0.117647059,0.0,0.705882353,55.90361445783133,9.051724137931034,3.8793103448275854,9.051724137931034,43.13253012048192,5.027932960893855,3.35195530726257,8.938547486033519,50.36144578313253,6.220095693779904,3.349282296650718,9.569377990430622,34.4578313253012,3.4965034965034967,2.797202797202797,5.594405594405594,1.4457831325301205,0.0,33.33333333333333,0.0,3.855421686746989,0.0,6.25,12.5,1.9277108433734944,62.5,0.0,0.0,0.9638554216867472,50.0,0.0,25.0,0.2409638554216867,0.0,0.0,0.0,,,,,1.4457831325301205,33.33333333333333,0.0,16.666666666666664,2.1686746987951806,11.11111111111111,11.11111111111111,44.44444444444444,,,,,1.2048192771084338,0.0,0.0,0.0,0.2409638554216867,100.0,0.0,0.0,0.4819277108433735,50.0,0.0,50.0,0.2409638554216867,0.0,0.0,0.0,,,,
Beibit Zhukayev,0.6517857142857143,0.7945205479452054,0.5384615384615384,0.3565891472868217,0.2282157676348547,0.2448132780082987,0.0267857142857142,0.2678571428571428,0.2450980392156862,0.2058823529411764,0.5490196078431373,0.067961165,0.357142857,0.107142857,0.071428571,0.714285714,53.640776699029125,9.049773755656108,6.787330316742081,14.027149321266968,46.35922330097088,2.6178010471204187,3.1413612565445024,13.089005235602096,44.66019417475729,5.978260869565218,7.065217391304348,13.586956521739127,35.92233009708738,2.702702702702702,4.054054054054054,14.864864864864863,3.3980582524271843,0.0,0.0,14.285714285714285,7.766990291262135,0.0,0.0,3.125,2.4271844660194173,10.0,10.0,20.0,0.9708737864077668,0.0,0.0,0.0,2.669902912621359,72.72727272727273,9.090909090909092,9.090909090909092,,,,,0.2427184466019417,0.0,0.0,100.0,0.4854368932038834,0.0,0.0,100.0,,,,,0.7281553398058253,0.0,0.0,0.0,0.2427184466019417,0.0,0.0,0.0,,,,,,,,,0.4854368932038834,50.0,0.0,0.0
Ben Shelton,0.6584093872229465,0.7267326732673267,0.4866412213740458,0.3197417601087325,0.1826651139577441,0.2004658126767592,0.0433507170795306,0.1496088657105606,0.2845673505798394,0.2372881355932203,0.4781445138269402,0.065684076,0.356097561,0.143089431,0.120325203,0.62601626,54.010466730748696,10.223452639905082,7.197943444730077,12.497528178762112,45.818647869272674,2.797202797202797,3.916083916083916,10.256410256410255,45.25258998184343,7.694123200377626,7.127684682558414,12.886476280387066,30.01174837124853,1.9572953736654803,4.092526690391459,11.103202846975089,2.787568087151554,1.1494252873563218,1.1494252873563218,3.4482758620689653,11.41728078607284,0.5612722170252572,1.4967259120673526,7.5771749298409725,2.4030759371996155,38.22222222222222,12.444444444444445,14.22222222222222,1.837018049770373,26.744186046511626,11.627906976744184,17.441860465116278,1.238919149845135,55.172413793103445,10.344827586206897,11.20689655172414,0.0854426999893196,37.5,0.0,12.5,1.2602798248424651,16.101694915254235,5.932203389830509,19.491525423728813,0.5874185624265726,7.272727272727272,18.181818181818183,18.181818181818183,0.4165331624479333,7.6923076923076925,7.6923076923076925,2.564102564102564,1.5272882623090889,1.3986013986013983,1.3986013986013983,1.3986013986013983,0.3631314749546085,8.823529411764707,14.705882352941178,14.705882352941178,0.3524511374559436,12.12121212121212,15.151515151515152,12.12121212121212,0.2883691124639538,48.14814814814815,14.814814814814811,11.11111111111111,,,,
Benjamin Balleret,0.6346153846153846,0.6060606060606061,0.4736842105263157,0.1590909090909091,0.0833333333333333,0.28125,0.0384615384615384,0.0384615384615384,0.1666666666666666,0.1388888888888889,0.6944444444444444,0.023668639,0.5,0.25,0.0,0.75,47.33727810650888,5.0,3.75,12.5,52.66272189349112,2.247191011235955,2.247191011235955,16.853932584269664,43.19526627218935,2.73972602739726,4.10958904109589,13.6986301369863,44.37869822485207,2.666666666666667,2.666666666666667,16.0,2.366863905325444,0.0,0.0,0.0,3.5502958579881656,0.0,0.0,16.666666666666664,0.591715976331361,100.0,0.0,0.0,1.183431952662722,0.0,0.0,50.0,0.591715976331361,100.0,0.0,0.0,,,,,0.591715976331361,0.0,0.0,0.0,1.183431952662722,0.0,0.0,0.0,,,,,2.366863905325444,0.0,0.0,25.0,,,,,,,,,,,,,,,,
Benjamin Becker,0.5352112676056338,0.6578947368421053,0.404040404040404,0.3218390804597701,0.1421188630490956,0.165374677002584,0.028169014084507,0.1126760563380281,0.2649572649572649,0.2393162393162393,0.4957264957264957,0.015649452,0.5,0.2,0.0,0.6,56.02503912363067,6.145251396648044,5.027932960893855,10.05586592178771,43.81846635367762,3.214285714285714,3.571428571428571,7.857142857142857,52.26917057902973,5.389221556886228,5.389221556886228,10.479041916167663,35.0547730829421,3.125,4.464285714285714,8.482142857142858,2.660406885758998,0.0,0.0,0.0,7.511737089201878,2.083333333333333,0.0,4.166666666666666,0.1564945226917058,0.0,0.0,0.0,0.4694835680751174,33.33333333333333,0.0,33.33333333333333,0.7824726134585289,80.0,0.0,20.0,,,,,,,,,0.1564945226917058,0.0,0.0,0.0,,,,,0.6259780907668232,0.0,0.0,0.0,0.1564945226917058,0.0,0.0,0.0,,,,,,,,,,,,
Benjamin Bonzi,0.6092796092796092,0.7234468937875751,0.55625,0.3463356973995272,0.1645645645645645,0.1603603603603603,0.0305250305250305,0.1184371184371184,0.3020477815699658,0.2849829351535836,0.4129692832764505,0.050901804,0.440944882,0.031496063,0.086614173,0.724409449,49.53907815631263,8.090614886731391,7.119741100323624,10.517799352750808,50.34068136272545,6.130573248407643,6.210191082802548,8.9171974522293,36.47294589178357,6.703296703296704,8.35164835164835,12.967032967032967,41.60320641282565,5.105973025048169,6.358381502890173,9.53757225433526,8.977955911823647,0.4464285714285714,2.6785714285714284,2.6785714285714284,5.490981963927856,0.0,2.18978102189781,6.569343065693431,1.5230460921843687,44.73684210526316,2.631578947368421,5.263157894736842,1.8837675350701404,38.297872340425535,12.76595744680851,0.0,1.282565130260521,56.25,12.5,6.25,0.0801603206412825,50.0,0.0,0.0,0.561122244488978,7.142857142857142,7.142857142857142,14.285714285714285,0.4008016032064128,20.0,10.0,40.0,0.4408817635270541,0.0,0.0,0.0,0.8416833667334669,14.285714285714285,9.523809523809524,0.0,0.1202404809619238,0.0,0.0,0.0,0.0400801603206412,0.0,0.0,0.0,0.1603206412825651,50.0,0.0,0.0,,,,
Benjamin Hassan,0.671875,0.6976744186046512,0.7619047619047619,0.4067796610169492,0.1544715447154471,0.089430894308943,0.015625,0.03125,0.3953488372093023,0.3720930232558139,0.2325581395348837,0.026143791,0.5,0.25,0.25,0.75,50.98039215686274,16.666666666666664,8.974358974358974,11.538461538461538,49.01960784313725,5.333333333333334,12.0,1.3333333333333337,43.790849673202615,16.417910447761194,10.44776119402985,11.940298507462686,41.830065359477125,3.125,9.375,1.5625,3.92156862745098,0.0,0.0,0.0,2.6143790849673203,0.0,0.0,0.0,1.30718954248366,50.0,0.0,50.0,1.30718954248366,50.0,50.0,0.0,,,,,,,,,1.96078431372549,33.33333333333333,0.0,0.0,3.2679738562091507,20.0,40.0,0.0,,,,,,,,,,,,,,,,,,,,,,,,
Benoit Paire,0.5096266044340724,0.7481396680022896,0.4301011302795954,0.3615203299941072,0.2167985927880387,0.239226033421284,0.0717619603267211,0.1572345390898483,0.3415697674418604,0.1540697674418604,0.5036337209302325,0.063240703,0.47819063,0.163166397,0.084006462,0.686591276,50.11238250919493,9.357798165137616,4.057084607543323,14.230377166156982,49.73436861463016,9.880854560394411,4.622021364009861,14.00986031224322,38.93543114017164,5.930202046706901,3.83101548150092,15.271582261873522,41.05026563138537,8.23792931806869,4.629168740666999,13.763066202090592,5.3330608908868005,1.1494252873563218,1.3409961685823757,3.6398467432950192,3.1058438904781367,0.3289473684210526,0.3289473684210526,4.934210526315789,2.6358806702084183,53.100775193798455,6.5891472868217065,16.666666666666664,1.828769922353903,37.43016759776536,10.614525139664805,21.22905027932961,0.960359624029424,63.82978723404256,9.574468085106384,9.574468085106384,0.0204331834899877,0.0,0.0,50.0,1.4507560277891296,10.56338028169014,7.746478873239436,23.943661971830984,2.492848385778504,20.081967213114755,6.147540983606557,26.639344262295083,0.3882304863097671,13.157894736842104,10.526315789473683,7.894736842105263,0.7662443808745403,14.666666666666666,2.666666666666667,10.666666666666668,0.2656313853698406,15.384615384615383,7.6923076923076925,23.07692307692308,0.1225991009399264,16.666666666666664,0.0,0.0,0.1430322844299141,42.85714285714285,21.428571428571427,14.285714285714285,0.3473641193297916,58.82352941176471,5.88235294117647,5.88235294117647
Bernabe Zapata Miralles,0.708029197080292,0.6391752577319587,0.5083333333333333,0.3677852348993288,0.1314613911933631,0.167836630504148,0.0206812652068126,0.0413625304136253,0.2910321489001692,0.2927241962774958,0.416243654822335,0.027287319,0.411764706,0.082352941,0.141176471,0.694117647,51.7817014446228,7.68753874767514,7.005579665220087,9.54742715437074,48.154093097913325,3.2,3.933333333333333,6.133333333333333,47.223113964687,5.574439157036029,7.138001359619306,9.7212780421482,40.54574638844301,3.008709422011085,3.800475059382423,6.571654790182106,1.5409309791332264,2.083333333333333,0.0,0.0,5.553772070626003,0.5780346820809248,1.7341040462427744,2.8901734104046244,0.6741573033707865,47.61904761904761,9.523809523809524,9.523809523809524,0.6741573033707865,23.809523809523807,23.809523809523807,0.0,0.8346709470304976,61.53846153846154,7.6923076923076925,15.384615384615383,0.0321027287319422,0.0,0.0,0.0,0.7704654895666132,45.83333333333333,8.333333333333332,16.666666666666664,0.8667736757624398,14.814814814814811,7.4074074074074066,14.814814814814811,0.2889245585874799,0.0,0.0,0.0,0.4173354735152488,0.0,0.0,0.0,0.160513643659711,20.0,0.0,0.0,0.0321027287319422,0.0,0.0,0.0,0.2889245585874799,33.33333333333333,22.22222222222222,11.11111111111111,0.0321027287319422,0.0,100.0,0.0
Bernard Tomic,0.6626398210290828,0.7258609047940581,0.4986737400530504,0.3294501397949674,0.1921935631134444,0.1702807578178498,0.0246085011185682,0.1677852348993288,0.3157538877620013,0.2163624070317782,0.4672075726842461,0.019982993,0.539007092,0.09929078,0.106382979,0.75177305,49.631519274376416,9.594517418617931,5.93946316390634,10.451170759565963,50.31179138321995,3.690140845070423,3.126760563380282,9.126760563380282,44.302721088435376,8.605246321177223,6.014075495841331,10.812539987204095,30.640589569161,4.162812210915819,3.792784458834413,11.14708603145236,3.160430839002268,0.8968609865470852,1.345291479820628,4.932735426008969,18.027210884353742,0.628930817610063,1.8081761006289307,5.345911949685535,0.4251700680272109,43.333333333333336,13.333333333333334,13.333333333333334,0.6235827664399093,52.27272727272727,4.545454545454546,11.363636363636363,0.6377551020408163,60.0,13.333333333333334,8.88888888888889,0.042517006802721,66.66666666666666,33.33333333333333,0.0,0.6660997732426304,25.53191489361702,12.76595744680851,19.148936170212767,0.3543083900226758,24.0,0.0,32.0,0.2125850340136054,13.333333333333334,0.0,0.0,0.5810657596371882,4.878048780487805,4.878048780487805,2.4390243902439024,0.0708616780045351,60.0,0.0,0.0,0.042517006802721,0.0,33.33333333333333,33.33333333333333,0.1558956916099773,72.72727272727273,9.090909090909092,0.0,,,,
Billy Harris,0.6549707602339181,0.6875,0.4406779661016949,0.2236024844720497,0.1114457831325301,0.2018072289156626,0.0526315789473684,0.0643274853801169,0.2166666666666666,0.2833333333333333,0.4833333333333333,0.018,0.333333333,0.111111111,0.333333333,0.777777778,50.4,6.746031746031746,8.73015873015873,10.714285714285714,49.6,3.629032258064517,4.838709677419355,12.5,40.0,6.5,8.5,12.0,44.0,3.1818181818181817,5.454545454545454,14.09090909090909,7.8,2.564102564102564,0.0,5.128205128205128,4.4,0.0,0.0,0.0,1.0,40.0,40.0,0.0,0.2,0.0,0.0,0.0,0.6,33.33333333333333,33.33333333333333,33.33333333333333,,,,,0.8,0.0,50.0,0.0,,,,,0.2,0.0,0.0,0.0,1.0,40.0,0.0,0.0,,,,,,,,,,,,,,,,
Bjorn Fratangelo,0.5169491525423728,0.8852459016393442,0.6140350877192983,0.2389380530973451,0.1731601731601731,0.0692640692640692,0.0423728813559322,0.1016949152542373,0.56,0.22,0.22,0.011976048,0.5,0.5,0.0,0.5,53.293413173652695,21.34831460674157,5.617977528089887,4.49438202247191,46.706586826347305,11.538461538461538,7.6923076923076925,8.974358974358974,47.90419161676647,21.25,6.25,3.75,33.532934131736525,10.714285714285714,8.928571428571429,10.714285714285714,2.9940119760479043,0.0,0.0,0.0,9.580838323353294,0.0,6.25,6.25,1.1976047904191618,50.0,0.0,50.0,,,,,,,,,,,,,,,,,,,,,1.1976047904191618,50.0,0.0,0.0,3.592814371257485,50.0,0.0,0.0,,,,,,,,,,,,,,,,
Bjorn Phau,0.54,0.654320987654321,0.3768115942028985,0.25,0.1258503401360544,0.173469387755102,0.0466666666666666,0.04,0.3009708737864077,0.2718446601941747,0.4271844660194174,0.024761905,0.538461538,0.0,0.076923077,0.692307692,44.95238095238096,6.779661016949152,4.661016949152542,7.627118644067797,55.04761904761904,5.190311418685121,5.88235294117647,8.996539792387544,38.66666666666666,4.433497536945813,5.41871921182266,8.866995073891626,35.61904761904762,7.4866310160427805,5.347593582887701,11.229946524064172,3.428571428571429,0.0,0.0,0.0,15.80952380952381,1.2048192771084338,3.614457831325301,6.024096385542169,1.9047619047619049,70.0,0.0,0.0,0.5714285714285714,0.0,33.33333333333333,0.0,,,,,,,,,,,,,0.7619047619047619,0.0,25.0,0.0,0.9523809523809524,0.0,0.0,0.0,2.2857142857142856,0.0,16.666666666666664,0.0,,,,,,,,,,,,,,,,
Blaz Kavcic,0.6276595744680851,0.6779661016949152,0.2857142857142857,0.2772277227722772,0.0871794871794871,0.2461538461538461,0.0638297872340425,0.0212765957446808,0.2272727272727272,0.1363636363636363,0.6363636363636364,0.006514658,0.5,0.0,0.0,1.0,48.5342019543974,4.026845637583892,1.342281879194631,5.704697986577181,51.14006514657981,0.9554140127388536,1.5923566878980893,7.961783439490445,46.57980456026058,3.146853146853147,1.3986013986013983,5.944055944055944,40.87947882736157,0.796812749003984,1.593625498007968,9.56175298804781,0.8143322475570033,0.0,0.0,0.0,8.957654723127035,0.0,0.0,1.818181818181818,0.4885993485342019,66.66666666666666,0.0,0.0,,,,,,,,,0.1628664495114006,0.0,0.0,0.0,,,,,0.4885993485342019,33.33333333333333,33.33333333333333,0.0,0.6514657980456027,25.0,0.0,0.0,0.6514657980456027,0.0,0.0,0.0,,,,,,,,,,,,,,,,
Blaz Rola,0.6013071895424836,0.5652173913043478,0.4754098360655737,0.3793103448275862,0.137546468401487,0.2788104089219331,0.0392156862745098,0.0522875816993464,0.2396694214876033,0.1900826446280991,0.5702479338842975,0.027586207,0.25,0.25,0.0625,0.375,58.620689655172406,6.764705882352941,5.294117647058823,12.058823529411764,41.37931034482759,2.5,2.083333333333333,11.666666666666666,54.65517241379311,5.993690851735016,5.678233438485805,11.67192429022082,32.41379310344827,1.0638297872340423,1.0638297872340423,13.297872340425531,1.0344827586206895,0.0,0.0,0.0,5.689655172413794,3.0303030303030303,0.0,3.0303030303030303,0.6896551724137931,25.0,0.0,25.0,0.8620689655172413,20.0,0.0,20.0,0.8620689655172413,40.0,0.0,40.0,0.1724137931034483,0.0,0.0,0.0,1.206896551724138,14.285714285714285,0.0,14.285714285714285,1.5517241379310345,22.22222222222222,22.22222222222222,0.0,0.1724137931034483,0.0,0.0,0.0,0.5172413793103449,0.0,0.0,33.33333333333333,,,,,,,,,,,,,0.1724137931034483,0.0,100.0,0.0
Bob Bryan,0.6349206349206349,0.675,0.5652173913043478,0.1739130434782608,0.1559633027522936,0.0458715596330275,0.0158730158730158,0.1428571428571428,0.5,0.25,0.25,0.25974026,0.25,0.1,0.05,0.55,46.75324675324675,11.11111111111111,5.555555555555555,11.11111111111111,53.24675324675325,9.75609756097561,4.878048780487805,0.0,29.87012987012987,0.0,8.695652173913043,8.695652173913043,19.480519480519483,6.666666666666667,0.0,0.0,1.2987012987012987,0.0,0.0,0.0,19.480519480519483,0.0,6.666666666666667,0.0,10.38961038961039,37.5,0.0,25.0,10.38961038961039,25.0,12.5,0.0,,,,,,,,,1.2987012987012987,100.0,0.0,0.0,1.2987012987012987,100.0,0.0,0.0,,,,,1.2987012987012987,0.0,0.0,0.0,3.896103896103896,0.0,0.0,0.0,1.2987012987012987,0.0,0.0,0.0,,,,,,,,
Bobby Reynolds,0.5913978494623656,0.7818181818181819,0.5,0.2359550561797752,0.1373626373626373,0.1813186813186813,0.010752688172043,0.1505376344086021,0.2037037037037037,0.2037037037037037,0.5925925925925926,0.0456621,0.4,0.1,0.0,0.6,57.53424657534247,6.349206349206349,5.555555555555555,13.492063492063492,42.465753424657535,3.225806451612903,4.301075268817205,16.129032258064516,52.51141552511416,4.3478260869565215,6.086956521739131,13.043478260869565,36.98630136986301,2.469135802469136,4.938271604938271,18.51851851851852,2.28310502283105,0.0,0.0,20.0,2.73972602739726,0.0,0.0,0.0,2.28310502283105,40.0,0.0,20.0,1.36986301369863,33.33333333333333,0.0,0.0,0.45662100456621,100.0,0.0,0.0,,,,,,,,,,,,,,,,,0.91324200913242,0.0,0.0,0.0,,,,,0.45662100456621,0.0,0.0,0.0,,,,,,,,
Bohdan Ulihrach,0.5609756097560976,0.5652173913043478,0.4722222222222222,0.2537313432835821,0.087248322147651,0.1677852348993288,0.0609756097560975,0.0609756097560975,0.1951219512195122,0.3170731707317073,0.4878048780487805,0.019900498,0.75,0.0,0.0,1.0,50.74626865671642,5.88235294117647,6.862745098039216,14.705882352941178,49.25373134328358,2.0202020202020203,6.0606060606060606,5.05050505050505,47.2636815920398,4.2105263157894735,6.315789473684211,15.789473684210526,37.3134328358209,0.0,6.666666666666667,6.666666666666667,1.4925373134328357,0.0,0.0,0.0,6.965174129353234,0.0,0.0,0.0,0.4975124378109453,100.0,0.0,0.0,0.4975124378109453,100.0,0.0,0.0,0.9950248756218906,50.0,0.0,0.0,,,,,,,,,0.9950248756218906,50.0,50.0,0.0,0.4975124378109453,0.0,100.0,0.0,3.482587064676617,0.0,0.0,0.0,,,,,,,,,,,,,,,,
Borna Coric,0.6240697972799589,0.7138157894736842,0.5215017064846417,0.3408106041294927,0.1498721227621483,0.1945012787723785,0.023094688221709,0.0898126764177572,0.2895385699189856,0.2053539978865798,0.5040507220852413,0.036045917,0.496957404,0.123732252,0.089249493,0.718052738,51.99239599327338,7.593868654197722,5.048516383068486,10.3360990015469,47.84675001827886,4.2940097799511,3.4077017114914425,10.605134474327627,45.93112524676464,5.030245144858325,4.998408150270615,10.808659662527855,39.84060832053813,3.376766379152138,3.3400623967700493,11.506698476784733,2.6321561745996926,2.7777777777777777,1.1111111111111112,2.2222222222222223,5.096146815822183,1.5781922525107603,1.5781922525107603,4.591104734576758,1.2210280032170795,51.49700598802395,8.383233532934131,13.77245508982036,1.0528624698398772,38.88888888888889,10.416666666666668,17.36111111111111,1.0016816553337722,64.23357664233576,8.75912408759124,8.02919708029197,0.0292461797177743,25.0,25.0,0.0,0.5410543247788258,33.78378378378378,14.864864864864863,9.45945945945946,0.643415953791036,17.045454545454543,7.954545454545454,10.227272727272728,0.4386926957666155,5.0,5.0,8.333333333333332,1.1113548292754258,7.894736842105263,3.947368421052632,0.6578947368421052,0.1316078087299846,33.33333333333333,0.0,5.555555555555555,0.0658039043649923,22.22222222222222,11.11111111111111,0.0,0.0950500840827666,46.15384615384615,7.6923076923076925,7.6923076923076925,0.0073115449294435,0.0,0.0,0.0
Borna Gojo,0.6403508771929824,0.6575342465753424,0.3902439024390244,0.2368421052631578,0.1842105263157894,0.2263157894736842,0.0701754385964912,0.1228070175438596,0.28,0.2533333333333333,0.4666666666666667,0.032727273,0.666666667,0.111111111,0.111111111,0.777777778,60.36363636363637,9.036144578313252,8.433734939759036,15.060240963855422,39.63636363636363,5.504587155963304,4.587155963302752,9.174311926605505,54.90909090909091,5.298013245033113,8.609271523178808,15.2317880794702,38.18181818181819,4.761904761904762,4.761904761904762,8.571428571428571,1.4545454545454546,0.0,0.0,0.0,0.3636363636363636,0.0,0.0,0.0,1.090909090909091,33.33333333333333,33.33333333333333,33.33333333333333,0.3636363636363636,100.0,0.0,0.0,1.818181818181818,80.0,0.0,0.0,,,,,1.090909090909091,66.66666666666666,0.0,33.33333333333333,0.7272727272727273,0.0,0.0,50.0,,,,,,,,,,,,,,,,,,,,,,,,
Botic Van De Zandschulp,0.6299860853432282,0.7078961899503037,0.4738326543403321,0.372959300988733,0.161470961782704,0.2090405264980949,0.0499768089053803,0.0844155844155844,0.299898536019713,0.2374257138715756,0.4623858530221771,0.038770219,0.489649682,0.063694268,0.132165605,0.765923567,51.86134090628472,9.320873757514434,6.49961311826677,10.642223677162074,47.93801703914063,3.232453316162267,3.4449452672247265,9.01481004507405,44.89443141128535,6.992574257425743,6.25,11.193619361936197,35.21422397826892,2.217741935483871,3.1644460028050494,10.334852734922862,2.4694406716878627,1.7500000000000002,2.5,1.7500000000000002,9.868502284232624,1.000938379730998,2.3146700031279326,4.910853925555208,1.3551055685887148,55.125284738041,12.984054669703871,7.289293849658314,1.2161995308062723,44.16243654822335,13.959390862944163,6.598984771573605,0.8210890233362144,60.526315789473685,12.406015037593985,6.390977443609022,0.089517224348685,51.72413793103448,17.24137931034483,0.0,1.3890603778244228,21.77777777777777,10.888888888888888,20.444444444444446,0.4969749351771823,11.801242236024844,12.422360248447204,19.875776397515526,0.6790961847141622,6.363636363636363,5.909090909090909,0.9090909090909092,0.9106062476848994,2.0338983050847457,5.084745762711865,1.3559322033898304,0.160513643659711,15.384615384615383,17.307692307692307,0.0,0.1389060377824422,6.666666666666667,11.11111111111111,2.2222222222222223,0.0926040251882948,40.0,6.666666666666667,10.0,0.0030868008396098,0.0,0.0,100.0
Bradley Klahn,0.6090225563909775,0.6666666666666666,0.6153846153846154,0.3356164383561644,0.1254480286738351,0.1971326164874552,0.0601503759398496,0.0676691729323308,0.2795698924731182,0.2150537634408602,0.5053763440860215,0.052777778,0.210526316,0.157894737,0.105263158,0.315789474,54.16666666666666,11.282051282051285,6.666666666666667,15.384615384615383,45.83333333333333,2.4242424242424243,4.242424242424243,10.303030303030305,47.22222222222222,11.76470588235294,7.0588235294117645,16.470588235294116,11.944444444444445,2.3255813953488373,2.3255813953488373,18.6046511627907,4.166666666666666,0.0,6.666666666666667,6.666666666666667,29.72222222222222,0.0,2.803738317757009,6.5420560747663545,1.9444444444444444,14.285714285714285,0.0,14.285714285714285,2.5,22.22222222222222,22.22222222222222,22.22222222222222,0.2777777777777778,100.0,0.0,0.0,0.2777777777777778,0.0,0.0,0.0,0.5555555555555556,0.0,0.0,0.0,,,,,,,,,1.1111111111111112,25.0,25.0,0.0,,,,,0.2777777777777778,0.0,0.0,0.0,,,,,,,,
Brandon Holt,0.6178343949044586,0.7319587628865979,0.45,0.375,0.116504854368932,0.1779935275080906,0.019108280254777,0.0764331210191082,0.2448979591836734,0.2244897959183673,0.5306122448979592,0.027616279,0.473684211,0.105263158,0.105263158,0.842105263,48.98255813953488,5.044510385756676,4.154302670623145,7.418397626112759,50.872093023255815,2.0,2.2857142857142856,7.7142857142857135,43.75,3.654485049833888,3.654485049833888,7.973421926910299,45.49418604651162,0.9584664536741214,2.2364217252396164,8.30670926517572,3.1976744186046515,0.0,0.0,0.0,3.0523255813953485,4.761904761904762,0.0,0.0,0.436046511627907,66.66666666666666,0.0,0.0,1.162790697674419,37.5,0.0,12.5,1.0174418604651163,57.14285714285714,28.57142857142857,14.285714285714285,,,,,0.1453488372093023,0.0,100.0,0.0,,,,,0.436046511627907,0.0,0.0,0.0,1.0174418604651163,0.0,14.285714285714285,0.0,,,,,0.1453488372093023,0.0,0.0,0.0,,,,,,,,
Brandon Nakashima,0.6491310474401127,0.7272069464544139,0.4966532797858099,0.3310843373493976,0.1805423406279733,0.1543767840152236,0.0225457961484264,0.154062940347581,0.3107426099495313,0.2552271088680605,0.4333093006488824,0.040769335,0.465116279,0.11627907,0.112956811,0.697674419,51.9301097114994,8.033385498174232,5.190401669274909,7.955138236828378,48.05634565894623,3.46674182638106,4.368658399098083,8.342728297632469,44.53474197480699,6.1131386861313874,5.200729927007299,8.485401459854014,36.20479479886225,2.581369248035915,4.414515525626637,8.791619902731014,4.456183123391575,0.60790273556231,2.127659574468085,1.5197568389057752,9.22389272653393,0.2936857562408223,2.7900146842878124,5.580029368575625,1.2325612894487337,56.04395604395605,12.087912087912088,14.285714285714285,1.3680075849925504,36.63366336633664,11.88118811881188,13.861386138613865,0.7449546254909928,70.9090909090909,9.090909090909092,3.636363636363636,0.040633888663145,33.33333333333333,0.0,0.0,0.2708925910876337,30.0,5.0,20.0,0.4063388866314506,33.33333333333333,13.333333333333334,16.666666666666664,0.2844372206420154,0.0,0.0,0.0,0.5282405526208858,2.564102564102564,0.0,0.0,0.3386157388595421,28.000000000000004,12.0,8.0,0.257347961533252,15.789473684210526,10.526315789473683,10.526315789473683,0.0677231477719084,40.0,20.0,0.0,0.0270892591087633,0.0,0.0,100.0
Brayden Schnur,0.6966067864271457,0.7392550143266475,0.4868421052631579,0.2760869565217391,0.1873048907388137,0.1696149843912591,0.029940119760479,0.1437125748502994,0.3302752293577982,0.2140672782874617,0.4525993883792049,0.067329763,0.465909091,0.079545455,0.090909091,0.738636364,52.56312165263963,10.91703056768559,8.005822416302767,10.771470160116449,47.43687834736037,5.32258064516129,2.419354838709677,11.935483870967742,45.67712318286152,8.040201005025125,8.542713567839195,11.390284757118929,33.66488140780413,4.090909090909091,2.0454545454545454,12.5,2.6778882938026016,0.0,0.0,0.0,10.022953328232594,0.0,1.5267175572519085,12.213740458015266,2.9074215761285385,50.0,10.526315789473683,13.157894736842104,2.5248661055853097,39.39393939393939,12.12121212121212,3.0303030303030303,0.8416220351951033,54.54545454545454,0.0,0.0,0.0765110941086457,100.0,0.0,0.0,,,,,0.4590665646518745,0.0,0.0,33.33333333333333,0.1530221882172915,0.0,0.0,0.0,0.612088752869166,12.5,0.0,0.0,,,,,0.0765110941086457,0.0,0.0,0.0,0.306044376434583,50.0,0.0,25.0,,,,
Brian Battistone,0.64,0.5833333333333334,0.2962962962962963,0.175,0.1391304347826087,0.1391304347826087,0.0666666666666666,0.0533333333333333,0.375,0.28125,0.34375,0.408602151,0.236842105,0.078947368,0.210526316,0.526315789,49.46236559139785,17.391304347826086,10.869565217391305,8.695652173913043,50.53763440860215,8.51063829787234,8.51063829787234,14.893617021276595,20.43010752688172,0.0,5.263157894736842,10.526315789473683,31.18279569892473,6.896551724137931,0.0,17.24137931034483,5.376344086021505,20.0,0.0,20.0,1.0752688172043012,0.0,0.0,0.0,13.978494623655912,15.384615384615383,23.07692307692308,0.0,12.903225806451612,16.666666666666664,25.0,16.666666666666664,7.526881720430108,57.14285714285714,14.285714285714285,14.285714285714285,,,,,1.0752688172043012,0.0,0.0,0.0,,,,,,,,,,,,,1.0752688172043012,100.0,0.0,0.0,5.376344086021505,0.0,20.0,0.0,,,,,,,,
Bruno Kuzuhara,0.6265822784810127,0.6868686868686869,0.4915254237288136,0.376,0.0636042402826855,0.2120141342756183,0.0443037974683544,0.0126582278481012,0.1702127659574468,0.2659574468085106,0.5638297872340425,0.016566265,0.636363636,0.0,0.0,0.727272727,63.10240963855421,3.579952267303103,4.534606205250596,8.591885441527445,36.89759036144578,0.4081632653061224,2.4489795918367347,6.938775510204081,56.92771084337349,2.1164021164021163,5.026455026455026,9.25925925925926,28.614457831325304,0.5263157894736842,2.631578947368421,7.894736842105263,4.66867469879518,0.0,0.0,3.225806451612903,6.927710843373494,0.0,0.0,4.3478260869565215,0.1506024096385542,100.0,0.0,0.0,0.3012048192771084,0.0,0.0,0.0,1.0542168674698795,71.42857142857143,0.0,0.0,,,,,,,,,0.6024096385542169,0.0,25.0,0.0,0.1506024096385542,0.0,0.0,0.0,0.4518072289156626,0.0,0.0,0.0,0.1506024096385542,100.0,0.0,0.0,,,,,,,,,,,,
Bu Yunchaokete,0.5660377358490566,0.7333333333333333,0.4521739130434782,0.42578125,0.1554702495201535,0.1324376199616123,0.0188679245283018,0.1018867924528302,0.3253012048192771,0.2891566265060241,0.3855421686746988,0.022035677,0.333333333,0.19047619,0.047619048,0.523809524,46.06505771248688,9.339407744874716,7.517084282460136,7.972665148063782,53.93494228751312,2.529182879377432,2.9182879377431905,5.642023346303502,42.28751311647429,8.6848635235732,7.94044665012407,7.94044665012407,45.64533053515215,2.2988505747126435,3.218390804597701,5.517241379310345,1.7838405036726128,0.0,0.0,0.0,7.135362014690451,1.4705882352941175,1.4705882352941175,4.411764705882353,0.7345225603357817,28.57142857142857,14.285714285714285,14.285714285714285,0.3147953830010493,33.33333333333333,0.0,66.66666666666666,0.7345225603357817,57.14285714285714,0.0,14.285714285714285,,,,,0.3147953830010493,0.0,0.0,33.33333333333333,0.2098635886673662,0.0,0.0,0.0,0.1049317943336831,0.0,0.0,0.0,0.3147953830010493,33.33333333333333,0.0,0.0,0.1049317943336831,0.0,0.0,0.0,0.3147953830010493,0.0,0.0,0.0,,,,,,,,
Cameron Norrie,0.6434494195688225,0.7030927835051546,0.4948837209302326,0.3383356070941337,0.1563813687573566,0.1785774340003363,0.0315091210613598,0.0971807628524046,0.309373482272948,0.2209810587663914,0.4696454589606605,0.038941819,0.451306413,0.090261283,0.09263658,0.757719715,57.58949218388678,7.452618053324766,4.673947960167042,9.363957597173144,42.40125797798539,3.773996509598604,3.5776614310645725,8.37696335078534,50.92035889371937,5.340599455040872,4.559491371480473,9.827429609445955,37.34159652206087,2.6504830319544217,3.492692593510032,8.545949962843697,2.728702247710665,2.0338983050847457,0.6779661016949152,0.3389830508474576,2.9136990102673206,0.3174603174603174,1.9047619047619049,4.761904761904762,1.516973452964573,43.29268292682927,9.146341463414634,9.146341463414634,1.091480899084266,42.3728813559322,8.47457627118644,11.864406779661016,1.054481546572935,54.38596491228071,11.403508771929824,6.140350877192982,0.0277495143834982,33.33333333333333,0.0,0.0,0.8139857552492832,29.545454545454547,9.090909090909092,17.045454545454543,0.4624919063916382,22.0,14.000000000000002,18.0,0.3699935251133105,0.0,2.5,5.0,0.545740449542133,3.389830508474576,0.0,1.694915254237288,0.1202478956618259,23.07692307692308,7.6923076923076925,7.6923076923076925,0.0184996762556655,50.0,0.0,0.0,0.0647488668948293,28.57142857142857,0.0,14.285714285714285,,,,
Camilo Ugo Carabelli,0.5938697318007663,0.6494623655913978,0.4559748427672956,0.4137931034482758,0.1156186612576064,0.1636240703177822,0.0408684546615581,0.0459770114942528,0.2872340425531915,0.2659574468085106,0.4468085106382978,0.018617861,0.542372881,0.050847458,0.118644068,0.813559322,53.70779425686336,5.992949471210341,4.935370152761457,6.698002350176263,44.24108551593562,2.353780313837375,2.9243937232524964,6.704707560627675,45.787314610287154,4.203997243280496,4.548587181254307,7.167470709855273,31.05080467024297,2.1341463414634148,3.252032520325204,7.825203252032519,4.102240454402019,2.307692307692308,2.307692307692308,1.5384615384615383,11.454717576522562,0.8264462809917356,1.6528925619834711,3.8567493112947657,0.5048911328494794,56.25,18.75,0.0,0.347112653834017,45.45454545454545,18.181818181818183,18.181818181818183,0.4417797412432944,78.57142857142857,7.142857142857142,0.0,0.0315556958030924,0.0,0.0,0.0,1.5777847901546227,22.0,18.0,14.000000000000002,0.1262227832123698,0.0,0.0,25.0,0.9151151782896814,3.4482758620689653,3.4482758620689653,0.0,1.0728936573051435,8.823529411764707,2.941176470588235,0.0,0.1577784790154623,20.0,20.0,0.0,0.1577784790154623,20.0,0.0,0.0,0.2208898706216472,71.42857142857143,0.0,14.285714285714285,,,,
Carlos Alcaraz,0.6545791990863017,0.7106870229007634,0.5563132878693945,0.4136975455265241,0.1910509171952683,0.1796674095662609,0.0291955171675351,0.0915839817260332,0.361818795343344,0.2302176480512907,0.4075417580563523,0.046506593,0.501057977,0.119339822,0.089293271,0.732966568,53.23164731352096,11.535475283765296,6.52198025659038,10.093540873294634,46.675851210391656,4.924945184685445,4.068982965086861,8.833698768763703,44.19405628813225,8.211979514584725,6.555332887998219,10.57670897350256,37.17181657154104,3.4468152697622703,4.05040504050405,9.00619473712077,3.4087777996457387,2.5981524249422634,1.327944572748268,1.9630484988452657,6.010627829167486,1.1787819253438114,1.60445317616241,5.239030779305828,1.7575280456603033,58.79059350503919,6.9428891377379625,10.862262038073908,1.36784097618579,43.59712230215828,8.489208633093526,15.39568345323741,0.7478842747490652,63.42105263157895,7.894736842105263,9.736842105263158,0.0846290100373942,39.53488372093023,13.953488372093023,2.3255813953488373,2.107852784884865,33.61344537815126,11.017740429505135,13.818860877684408,0.9289509938988388,19.491525423728813,10.59322033898305,21.398305084745765,0.5294233418618381,10.037174721189592,6.319702602230483,3.717472118959108,0.9053335957488684,10.652173913043478,5.217391304347826,3.0434782608695654,0.2755363117496556,17.857142857142858,17.857142857142858,8.571428571428571,0.1869710686872663,16.842105263157894,12.63157894736842,7.368421052631578,0.2105884668372367,49.53271028037384,15.887850467289718,15.887850467289718,0.0196811651249754,40.0,0.0,40.0
Carlos Berlocq,0.6237942122186495,0.6649484536082474,0.4444444444444444,0.3981191222570533,0.1380952380952381,0.165079365079365,0.0434083601286173,0.0562700964630225,0.3180778032036613,0.2654462242562929,0.4141876430205949,0.033818059,0.44,0.07,0.12,0.75,51.74163003043625,5.032679738562091,5.359477124183006,5.620915032679739,47.71728102806899,4.394046775336641,2.409638554216868,6.66194188518781,47.14237402773081,3.3715925394548063,4.949784791965567,5.88235294117647,33.6827866080487,3.0120481927710845,1.8072289156626504,7.630522088353414,1.048359824146094,6.451612903225806,6.451612903225806,0.0,9.671964829218805,2.097902097902098,1.3986013986013983,3.4965034965034967,0.7778153533987149,56.52173913043478,17.391304347826086,0.0,1.318904294893473,41.02564102564102,10.256410256410255,7.6923076923076925,0.8454514710855596,32.0,8.0,16.0,0.0676361176868447,50.0,0.0,0.0,0.3381805884342239,20.0,20.0,0.0,1.6909029421711192,14.000000000000002,10.0,8.0,1.3527223537368955,0.0,5.0,0.0,1.149814000676361,2.941176470588235,5.88235294117647,2.941176470588235,0.2029083530605343,66.66666666666666,16.666666666666664,0.0,0.1352722353736895,25.0,25.0,0.0,0.0338180588434223,100.0,0.0,0.0,,,,
Carlos Eduardo Severino,0.515625,0.5454545454545454,0.3548387096774194,0.3061224489795918,0.0884955752212389,0.3274336283185841,0.09375,0.015625,0.1875,0.1666666666666666,0.6458333333333334,0.006622517,0.0,0.0,0.0,0.0,46.68874172185431,2.127659574468085,4.964539007092199,9.219858156028367,53.31125827814569,3.7267080745341614,0.6211180124223602,11.180124223602483,45.033112582781456,2.2058823529411766,5.147058823529411,9.558823529411764,46.026490066225165,2.877697841726619,0.0,12.949640287769784,1.3245033112582782,0.0,0.0,0.0,5.629139072847682,0.0,0.0,0.0,,,,,0.3311258278145695,0.0,0.0,0.0,,,,,,,,,,,,,0.9933774834437088,66.66666666666666,33.33333333333333,0.0,,,,,0.3311258278145695,0.0,0.0,0.0,0.3311258278145695,0.0,0.0,0.0,,,,,,,,,,,,
Carlos Gimeno Valero,0.8048780487804879,0.5151515151515151,0.375,0.1578947368421052,0.0886075949367088,0.2784810126582278,0.024390243902439,0.0,0.21875,0.125,0.65625,0.004784689,0.0,0.0,0.0,0.0,62.67942583732058,4.580152671755725,3.0534351145038165,12.213740458015266,37.32057416267943,1.282051282051282,0.0,6.41025641025641,59.80861244019139,4.0,3.2,12.8,34.44976076555024,1.3888888888888888,0.0,6.944444444444445,0.9569377990430622,0.0,0.0,0.0,2.392344497607656,0.0,0.0,0.0,0.4784688995215311,0.0,0.0,0.0,,,,,,,,,,,,,1.4354066985645932,33.33333333333333,0.0,0.0,,,,,,,,,0.4784688995215311,0.0,0.0,0.0,,,,,,,,,,,,,,,,
Carlos Moya,0.6045370938074801,0.6774847870182555,0.524031007751938,0.3444584382871536,0.1522211867039453,0.1857719788754271,0.0367872470876762,0.0580926796507723,0.3227315247895229,0.255378858746492,0.4209541627689429,0.049392026,0.370229008,0.089694656,0.11259542,0.685114504,59.45127082982663,7.729331823329558,6.285390713476784,8.805209513023783,40.498232620770914,4.488778054862843,3.491271820448877,9.43474646716542,52.85305504123885,5.636942675159236,6.305732484076433,8.949044585987261,26.79683554957078,3.580402010050252,3.391959798994975,11.180904522613066,2.272344723110588,2.2222222222222223,0.0,1.4814814814814816,10.183470796162265,0.9917355371900828,1.983471074380165,5.454545454545454,1.21191718565898,38.88888888888889,8.333333333333332,13.88888888888889,1.8010435953543174,32.71028037383177,11.214953271028037,8.411214953271028,1.0604275374516074,55.55555555555556,14.285714285714285,4.761904761904762,0.0504965494024574,66.66666666666666,0.0,0.0,1.043595354317455,29.03225806451613,12.903225806451612,16.129032258064516,0.3366436626830499,15.0,10.0,20.0,0.504965494024575,6.666666666666667,3.333333333333333,6.666666666666667,1.1277562699882175,7.462686567164178,5.970149253731343,0.0,0.26931493014644,25.0,0.0,0.0,0.2019861976098299,0.0,0.0,25.0,0.235650563878135,42.85714285714285,0.0,21.428571428571427,,,,
Carlos Taberner,0.6348547717842323,0.7254901960784313,0.4886363636363636,0.3542600896860987,0.1012931034482758,0.1487068965517241,0.0331950207468879,0.0705394190871369,0.2362204724409448,0.2834645669291338,0.4803149606299212,0.02308627,0.473684211,0.105263158,0.157894737,0.684210526,63.06196840826246,4.816955684007708,5.009633911368015,7.70712909441233,36.81652490886999,1.65016501650165,3.3003300330033,6.930693069306932,57.35115431348724,3.389830508474576,4.661016949152542,7.415254237288135,33.171324422843256,1.098901098901099,2.93040293040293,7.326007326007327,2.551640340218712,0.0,4.761904761904762,9.523809523809524,2.551640340218712,0.0,4.761904761904762,0.0,0.850546780072904,57.14285714285714,14.285714285714285,0.0,0.4860267314702308,25.0,25.0,0.0,0.850546780072904,57.14285714285714,0.0,28.57142857142857,,,,,0.9720534629404616,12.5,12.5,12.5,0.2430133657351154,50.0,0.0,50.0,0.3645200486026731,0.0,0.0,0.0,0.3645200486026731,0.0,0.0,0.0,,,,,,,,,0.1215066828675577,0.0,100.0,0.0,,,,
Casper Ruud,0.650877036773217,0.726812585499316,0.541698546289212,0.3680320569902048,0.1729664752237211,0.1513734918302836,0.0272460154928323,0.1081827085744813,0.3590640129101667,0.2241796664873588,0.4160839160839161,0.037162162,0.443097643,0.113804714,0.097643098,0.714478114,55.57557557557558,9.451548991354466,5.583573487031701,8.424891930835734,44.3018018018018,3.219793255380444,2.389425521098119,6.897136078630741,47.10710710710711,7.803867403314917,5.694857628559286,8.898215044623885,33.84134134134134,2.802632551948532,2.4181024920505805,7.025068401981809,4.441941941941942,1.1267605633802815,0.9014084507042254,1.5774647887323945,7.912912912912913,0.8538899430740038,1.170145477545857,5.692599620493358,1.0510510510510511,49.04761904761904,8.333333333333332,12.857142857142856,0.8783783783783784,36.46723646723647,8.831908831908832,13.675213675213676,1.1011011011011012,58.18181818181818,11.59090909090909,10.0,0.0475475475475475,52.63157894736842,10.526315789473683,5.263157894736842,0.8558558558558558,26.31578947368421,9.35672514619883,14.619883040935672,0.2452452452452452,9.183673469387756,8.16326530612245,27.55102040816326,0.5780780780780781,3.0303030303030303,4.761904761904762,1.2987012987012987,1.1786786786786787,2.123142250530785,3.1847133757961785,2.123142250530785,0.2152152152152152,25.58139534883721,8.13953488372093,5.813953488372093,0.1951951951951951,8.974358974358974,3.8461538461538463,6.41025641025641,0.2252252252252252,32.22222222222222,17.77777777777778,13.333333333333334,0.0025025025025025,0.0,0.0,0.0
Cedric Pioline,0.5368421052631579,0.7843137254901961,0.5227272727272727,0.3434343434343434,0.1649484536082474,0.1391752577319587,0.0210526315789473,0.0757575757575757,0.3614457831325301,0.2311062431544359,0.4074479737130339,0.118198874,0.346938776,0.108843537,0.129251701,0.721088435,53.06122448979592,7.6923076923076925,10.76923076923077,13.846153846153848,46.93877551020408,13.043478260869565,5.217391304347826,6.086956521739131,43.26530612244898,2.830188679245284,7.547169811320755,13.20754716981132,24.489795918367346,10.0,6.666666666666667,6.666666666666667,0.8163265306122449,0.0,0.0,50.0,10.20408163265306,0.0,0.0,4.0,4.8979591836734695,33.33333333333333,16.666666666666664,25.0,9.79591836734694,37.5,8.333333333333332,8.333333333333332,2.857142857142857,28.57142857142857,42.85714285714285,0.0,0.4081632653061224,0.0,0.0,0.0,,,,,,,,,0.8163265306122449,50.0,50.0,0.0,0.8163265306122449,0.0,0.0,0.0,,,,,1.2244897959183674,0.0,0.0,0.0,0.4081632653061224,0.0,0.0,0.0,,,,
Cedrik Marcel Stebe,0.75,0.4444444444444444,0.6,0.3709677419354839,0.0737704918032786,0.2540983606557377,0.0166666666666666,0.0,0.2045454545454545,0.1136363636363636,0.6818181818181818,0.031347962,0.3,0.0,0.0,0.5,60.81504702194357,4.123711340206185,1.5463917525773196,10.824742268041238,37.61755485893417,0.8333333333333334,1.6666666666666667,7.5,57.68025078369906,3.260869565217391,1.0869565217391304,11.41304347826087,31.347962382445143,0.0,2.0,8.0,0.3134796238244514,0.0,0.0,0.0,4.702194357366771,0.0,0.0,6.666666666666667,0.9404388714733544,33.33333333333333,0.0,0.0,0.9404388714733544,33.33333333333333,0.0,0.0,0.6269592476489028,50.0,0.0,0.0,,,,,0.6269592476489028,0.0,50.0,0.0,,,,,,,,,0.6269592476489028,0.0,0.0,0.0,0.3134796238244514,0.0,0.0,0.0,,,,,0.3134796238244514,0.0,0.0,0.0,,,,
Cem Ilkel,0.5522388059701493,0.7657657657657657,0.5444444444444444,0.3846153846153846,0.1724137931034483,0.128735632183908,0.0547263681592039,0.0646766169154228,0.4052287581699346,0.3006535947712418,0.2941176470588235,0.038258575,0.517241379,0.034482759,0.103448276,0.862068966,63.98416886543535,8.8659793814433,7.216494845360824,7.628865979381444,36.01583113456465,6.95970695970696,4.029304029304029,2.93040293040293,56.72823218997362,6.976744186046512,6.744186046511628,7.209302325581396,27.83641160949868,5.687203791469194,4.739336492890995,3.3175355450236967,3.298153034300792,0.0,12.0,8.0,5.936675461741425,2.2222222222222223,2.2222222222222223,0.0,1.1873350923482848,22.22222222222222,22.22222222222222,11.11111111111111,1.3192612137203166,60.0,0.0,0.0,1.3192612137203166,70.0,10.0,0.0,,,,,1.0554089709762533,50.0,0.0,37.5,,,,,0.395778364116095,0.0,0.0,0.0,0.9234828496042216,0.0,0.0,14.285714285714285,,,,,,,,,,,,,,,,
Charles Broom,0.6666666666666666,0.6290322580645161,0.5483870967741935,0.336734693877551,0.0994764397905759,0.1570680628272251,0.021505376344086,0.064516129032258,0.2363636363636363,0.2545454545454545,0.509090909090909,0.041666667,0.272727273,0.090909091,0.090909091,0.454545455,48.10606060606061,8.661417322834646,4.724409448818897,14.960629921259844,51.89393939393939,1.45985401459854,5.839416058394161,6.569343065693431,44.31818181818182,6.837606837606838,3.418803418803419,15.384615384615383,33.71212121212121,1.1235955056179776,6.741573033707865,6.741573033707865,1.1363636363636365,0.0,0.0,33.33333333333333,15.151515151515152,0.0,5.0,5.0,0.7575757575757576,100.0,0.0,0.0,1.893939393939394,20.0,0.0,20.0,0.7575757575757576,0.0,50.0,0.0,,,,,0.3787878787878788,100.0,0.0,0.0,,,,,0.7575757575757576,0.0,50.0,0.0,0.3787878787878788,0.0,0.0,0.0,,,,,0.7575757575757576,0.0,0.0,0.0,,,,,,,,
Chase Buchanan,0.5645161290322581,0.5714285714285714,0.3333333333333333,0.3508771929824561,0.1092436974789916,0.2352941176470588,0.0806451612903225,0.0483870967741935,0.25,0.175,0.575,0.112745098,0.173913043,0.173913043,0.086956522,0.652173913,45.09803921568628,7.608695652173914,3.260869565217391,13.043478260869565,54.90196078431373,2.6785714285714284,3.571428571428571,9.821428571428571,35.78431372549019,5.47945205479452,1.36986301369863,15.068493150684931,37.25490196078432,2.631578947368421,3.947368421052632,9.210526315789473,1.4705882352941175,0.0,0.0,0.0,11.76470588235294,0.0,0.0,4.166666666666666,3.92156862745098,0.0,12.5,0.0,3.92156862745098,12.5,0.0,37.5,2.941176470588235,50.0,0.0,16.666666666666664,,,,,,,,,0.9803921568627452,0.0,50.0,0.0,0.4901960784313725,0.0,0.0,0.0,0.9803921568627452,0.0,0.0,0.0,,,,,,,,,0.4901960784313725,0.0,100.0,0.0,,,,
Chieh Fu Wang,0.5416666666666666,0.5384615384615384,0.2727272727272727,0.1764705882352941,0.1341463414634146,0.3780487804878049,0.0625,0.0833333333333333,0.1842105263157894,0.0789473684210526,0.7368421052631579,0.052631579,0.4,0.2,0.0,0.6,61.05263157894737,12.06896551724138,5.172413793103448,29.310344827586203,38.94736842105263,0.0,0.0,29.72972972972973,55.78947368421052,9.433962264150944,5.660377358490567,30.18867924528302,32.631578947368425,0.0,0.0,29.03225806451613,1.0526315789473684,0.0,0.0,0.0,4.2105263157894735,0.0,0.0,50.0,2.1052631578947367,50.0,0.0,0.0,1.0526315789473684,0.0,0.0,0.0,2.1052631578947367,50.0,0.0,50.0,,,,,,,,,1.0526315789473684,0.0,0.0,0.0,,,,,,,,,,,,,,,,,,,,,,,,
Chris Guccione,0.6,0.7619047619047619,0.4047619047619047,0.3628318584070796,0.2155963302752293,0.128440366972477,0.0476190476190476,0.1238095238095238,0.4788732394366197,0.1971830985915492,0.323943661971831,0.270742358,0.338709677,0.048387097,0.112903226,0.629032258,36.24454148471616,22.89156626506024,7.228915662650602,10.843373493975903,63.75545851528385,10.273972602739724,5.47945205479452,9.58904109589041,21.397379912663755,12.244897959183673,4.081632653061225,16.3265306122449,27.510917030567683,6.349206349206349,1.5873015873015872,15.873015873015872,3.4934497816593884,12.5,0.0,0.0,18.77729257641921,0.0,9.30232558139535,2.3255813953488373,6.11353711790393,42.85714285714285,28.57142857142857,0.0,13.100436681222709,36.66666666666666,6.666666666666667,10.0,1.7467248908296942,100.0,0.0,0.0,,,,,0.4366812227074235,0.0,0.0,100.0,,,,,1.310043668122271,66.66666666666666,0.0,0.0,,,,,1.7467248908296942,0.0,0.0,0.0,4.366812227074235,0.0,10.0,0.0,,,,,,,,
Christian Harrison,0.6851851851851852,0.7567567567567568,0.6470588235294118,0.3962264150943396,0.1214953271028037,0.1214953271028037,0.0,0.0925925925925925,0.32,0.16,0.52,0.020408163,0.333333333,0.0,0.333333333,1.0,55.78231292517006,7.317073170731707,2.4390243902439024,9.75609756097561,44.21768707482993,3.076923076923077,3.076923076923077,7.6923076923076925,53.06122448979592,6.41025641025641,2.564102564102564,10.256410256410255,35.374149659863946,3.8461538461538463,1.9230769230769231,9.615384615384617,0.6802721088435374,0.0,0.0,0.0,6.802721088435375,0.0,0.0,0.0,1.3605442176870748,50.0,0.0,0.0,0.6802721088435374,0.0,100.0,0.0,,,,,,,,,,,,,0.6802721088435374,0.0,0.0,0.0,0.6802721088435374,0.0,0.0,0.0,0.6802721088435374,0.0,0.0,0.0,,,,,,,,,,,,,,,,
Christoph Negritu,0.6470588235294118,0.7727272727272727,0.6666666666666666,0.3552631578947368,0.1319444444444444,0.0763888888888889,0.0,0.1176470588235294,0.3055555555555556,0.3888888888888889,0.3055555555555556,0.013574661,0.333333333,0.0,0.666666667,1.0,50.2262443438914,7.207207207207207,6.306306306306306,7.207207207207207,49.7737556561086,2.727272727272727,6.363636363636363,2.727272727272727,42.98642533936652,7.368421052631578,6.315789473684211,8.421052631578947,41.6289592760181,2.1739130434782608,6.521739130434782,3.260869565217391,5.88235294117647,0.0,0.0,0.0,7.239819004524888,0.0,0.0,0.0,,,,,0.904977375565611,50.0,50.0,0.0,0.4524886877828055,0.0,100.0,0.0,,,,,0.4524886877828055,0.0,0.0,0.0,,,,,0.4524886877828055,100.0,0.0,0.0,,,,,,,,,,,,,,,,,,,,
Christophe Rochus,0.5121951219512195,0.3809523809523809,0.3,0.3859649122807017,0.0714285714285714,0.2142857142857142,0.073170731707317,0.0,0.21875,0.21875,0.5625,0.051136364,0.444444444,0.111111111,0.111111111,0.777777778,41.47727272727273,5.47945205479452,6.849315068493151,15.068493150684931,58.52272727272727,2.912621359223301,1.9417475728155336,6.796116504854369,34.659090909090914,4.918032786885246,4.918032786885246,16.39344262295082,48.86363636363637,0.0,1.162790697674419,6.976744186046512,2.272727272727273,0.0,0.0,0.0,6.25,0.0,0.0,9.090909090909092,1.7045454545454544,33.33333333333333,0.0,0.0,1.7045454545454544,100.0,0.0,0.0,1.1363636363636365,0.0,50.0,0.0,,,,,0.5681818181818182,0.0,100.0,0.0,0.5681818181818182,0.0,0.0,0.0,0.5681818181818182,0.0,0.0,0.0,1.1363636363636365,0.0,50.0,0.0,,,,,,,,,0.5681818181818182,0.0,0.0,100.0,,,,
Christopher Eubanks,0.6672283066554339,0.696969696969697,0.4632911392405063,0.2708150744960561,0.2126288659793814,0.2160652920962199,0.0471777590564448,0.176916596461668,0.3166666666666666,0.1866666666666666,0.4966666666666666,0.076215022,0.473429952,0.173913043,0.106280193,0.690821256,56.369661266568485,15.34944480731548,7.44611365120836,17.504898758981057,43.63033873343152,4.219409282700422,4.556962025316456,15.105485232067512,46.83357879234168,12.342767295597485,7.70440251572327,18.238993710691823,21.53902798232696,4.444444444444445,5.641025641025641,19.31623931623932,3.571428571428571,1.0309278350515465,2.061855670103093,7.216494845360824,19.035346097201767,0.1934235976789168,1.9342359767891684,10.058027079303674,3.12960235640648,52.94117647058824,5.88235294117647,17.647058823529413,2.061855670103093,39.285714285714285,14.285714285714285,12.5,1.5463917525773196,52.38095238095239,16.666666666666664,14.285714285714285,0.0368188512518409,100.0,0.0,0.0,0.4418262150220913,16.666666666666664,8.333333333333332,25.0,0.3681885125184094,0.0,20.0,40.0,0.2577319587628865,0.0,0.0,0.0,0.3313696612665684,0.0,0.0,0.0,0.3313696612665684,33.33333333333333,0.0,44.44444444444444,0.2577319587628865,0.0,14.285714285714285,42.85714285714285,0.2577319587628865,71.42857142857143,14.285714285714285,14.285714285714285,,,,
Christopher Heyman,0.7954545454545454,0.8285714285714286,0.7777777777777778,0.4307692307692308,0.146788990825688,0.1376146788990825,0.0,0.0227272727272727,0.4054054054054054,0.1891891891891892,0.4054054054054054,0.025773196,0.6,0.2,0.0,0.6,61.855670103092784,7.5,5.833333333333333,8.333333333333332,38.144329896907216,8.108108108108109,0.0,6.756756756756757,55.154639175257735,7.476635514018691,6.5420560747663545,7.476635514018691,26.28865979381444,5.88235294117647,0.0,7.84313725490196,5.154639175257731,0.0,0.0,10.0,10.309278350515465,5.0,0.0,5.0,0.5154639175257731,0.0,0.0,100.0,1.5463917525773196,66.66666666666666,0.0,0.0,0.5154639175257731,100.0,0.0,0.0,,,,,0.5154639175257731,0.0,0.0,0.0,,,,,,,,,,,,,,,,,,,,,,,,,,,,
Christopher Oconnell,0.6,0.7006535947712418,0.4490196078431372,0.3410301953818828,0.1528529779258642,0.1907538525614327,0.0235294117647058,0.0815686274509804,0.2941834451901566,0.2259507829977628,0.4787472035794183,0.056639695,0.403361345,0.092436975,0.138655462,0.735294118,53.426939552594,8.641425389755012,6.1915367483296215,11.180400890868595,46.52546406473108,3.5294117647058822,3.2225063938618925,9.053708439897695,47.76297001427891,5.381165919282512,5.680119581464873,11.559541604384654,17.943836268443597,4.641909814323608,4.774535809018567,14.058355437665782,0.9995240361732508,0.0,0.0,4.761904761904762,24.98810090433127,0.0952380952380952,0.9523809523809524,4.857142857142857,2.0466444550214185,45.34883720930232,11.627906976744184,9.30232558139535,1.8086625416468347,31.57894736842105,13.157894736842104,11.842105263157894,1.0947168015230844,65.21739130434783,10.869565217391305,6.521739130434782,0.0237981913374583,100.0,0.0,0.0,0.666349357448834,39.285714285714285,10.714285714285714,17.857142857142858,0.8329366968110423,17.142857142857142,5.714285714285714,25.71428571428571,0.3569728700618753,26.666666666666668,6.666666666666667,0.0,0.737743931461209,6.451612903225806,9.67741935483871,3.225806451612903,0.1665873393622085,14.285714285714285,0.0,0.0,0.1903855306996668,0.0,25.0,12.5,0.333174678724417,7.142857142857142,42.85714285714285,7.142857142857142,,,,
Chun Hsin Tseng,0.6055045871559633,0.7121212121212122,0.5,0.4125560538116592,0.1473922902494331,0.1224489795918367,0.0412844036697247,0.1055045871559633,0.3471074380165289,0.2809917355371901,0.371900826446281,0.020997375,0.625,0.0625,0.1875,0.875,55.249343832021005,7.8384798099762465,4.98812351543943,5.7007125890736345,44.750656167979,2.6392961876832843,3.812316715542522,6.158357771260997,50.39370078740157,5.729166666666666,4.6875,5.729166666666666,39.63254593175853,2.6490066225165565,4.304635761589404,6.622516556291391,2.230971128608924,0.0,0.0,5.88235294117647,3.805774278215223,0.0,0.0,0.0,0.7874015748031495,66.66666666666666,16.666666666666664,0.0,0.1312335958005249,100.0,0.0,0.0,0.1312335958005249,0.0,100.0,0.0,0.1312335958005249,0.0,0.0,100.0,0.6561679790026247,40.0,0.0,20.0,0.2624671916010498,0.0,0.0,0.0,0.2624671916010498,0.0,0.0,0.0,0.6561679790026247,0.0,0.0,0.0,,,,,,,,,0.7874015748031495,83.33333333333334,16.666666666666664,0.0,0.1312335958005249,0.0,0.0,0.0
Clement Chidekh,0.5882352941176471,0.6,0.5476190476190477,0.4513274336283185,0.1906976744186046,0.2558139534883721,0.0686274509803921,0.0980392156862745,0.2818181818181818,0.2818181818181818,0.4363636363636363,0.041884817,0.5625,0.125,0.125,0.8125,42.40837696335078,10.493827160493826,8.024691358024691,13.580246913580249,57.32984293193717,6.392694063926941,8.21917808219178,11.87214611872146,37.43455497382199,6.293706293706294,8.391608391608392,14.685314685314683,50.26178010471204,6.770833333333333,7.291666666666667,13.020833333333334,1.5706806282722512,0.0,0.0,0.0,4.973821989528796,0.0,10.526315789473683,0.0,1.0471204188481675,75.0,0.0,0.0,1.0471204188481675,25.0,25.0,25.0,0.5235602094240838,100.0,0.0,0.0,,,,,,,,,0.2617801047120419,0.0,100.0,0.0,0.2617801047120419,0.0,0.0,0.0,0.7853403141361256,0.0,0.0,0.0,0.2617801047120419,0.0,0.0,0.0,,,,,1.3089005235602094,60.0,20.0,20.0,,,,
Coleman Wong,0.6333333333333333,0.756578947368421,0.5113636363636364,0.2952380952380952,0.1822222222222222,0.1555555555555555,0.0208333333333333,0.0916666666666666,0.3508771929824561,0.2690058479532163,0.3801169590643274,0.067114094,0.45,0.15,0.075,0.7,67.11409395973155,13.25,9.25,11.75,32.88590604026846,3.571428571428571,4.591836734693878,9.183673469387756,56.54362416107382,10.682492581602371,8.605341246290802,11.572700296735905,26.51006711409396,1.2658227848101269,5.69620253164557,8.227848101265822,3.02013422818792,0.0,5.555555555555555,5.555555555555555,3.523489932885906,4.761904761904762,0.0,4.761904761904762,1.6778523489932886,40.0,20.0,10.0,2.1812080536912752,30.76923076923077,0.0,23.07692307692308,2.348993288590604,64.28571428571429,7.142857142857142,14.285714285714285,,,,,2.348993288590604,21.428571428571427,14.285714285714285,28.57142857142857,0.3355704697986577,0.0,0.0,50.0,0.8389261744966443,0.0,40.0,0.0,0.1677852348993288,0.0,0.0,0.0,0.3355704697986577,50.0,0.0,0.0,0.1677852348993288,0.0,0.0,0.0,,,,,,,,
Colton Smith,0.6716417910447762,0.5555555555555556,0.6363636363636364,0.2127659574468085,0.175438596491228,0.1842105263157894,0.0298507462686567,0.0597014925373134,0.3720930232558139,0.1860465116279069,0.4418604651162791,0.051136364,0.555555556,0.111111111,0.0,0.888888889,51.13636363636363,10.0,4.444444444444445,10.0,48.86363636363637,8.13953488372093,4.651162790697675,11.627906976744184,45.45454545454545,6.25,5.0,10.0,34.659090909090914,3.278688524590164,6.557377049180328,14.754098360655735,1.1363636363636365,0.0,0.0,0.0,11.931818181818182,14.285714285714285,0.0,4.761904761904762,1.7045454545454544,33.33333333333333,0.0,33.33333333333333,1.7045454545454544,66.66666666666666,0.0,0.0,1.1363636363636365,100.0,0.0,0.0,,,,,1.7045454545454544,33.33333333333333,0.0,0.0,,,,,,,,,,,,,,,,,0.5681818181818182,0.0,0.0,0.0,,,,,,,,
Conner Huertas Del Pino,0.6842105263157895,0.5846153846153846,0.5333333333333333,0.4545454545454545,0.1857923497267759,0.3169398907103825,0.0210526315789473,0.0,0.2905982905982906,0.2307692307692307,0.4786324786324786,0.042194093,0.65,0.0,0.1,0.8,69.62025316455697,6.666666666666667,5.757575757575758,13.030303030303031,30.168776371308013,8.391608391608392,5.594405594405594,9.090909090909092,62.65822784810127,3.3670033670033668,5.05050505050505,12.12121212121212,22.9957805907173,2.752293577981652,5.504587155963304,9.174311926605505,0.6329113924050633,0.0,0.0,66.66666666666666,3.79746835443038,0.0,5.555555555555555,5.555555555555555,1.6877637130801686,62.5,25.0,0.0,1.2658227848101269,50.0,0.0,0.0,0.8438818565400843,100.0,0.0,0.0,,,,,3.1645569620253164,13.333333333333334,13.333333333333334,33.33333333333333,1.6877637130801686,62.5,12.5,25.0,0.210970464135021,0.0,0.0,0.0,0.4219409282700421,50.0,0.0,0.0,0.4219409282700421,50.0,0.0,0.0,,,,,,,,,,,,
Constant Lestienne,0.6199376947040498,0.7638190954773869,0.4344262295081967,0.3395638629283489,0.146417445482866,0.1635514018691588,0.0623052959501557,0.0685358255451713,0.3333333333333333,0.2731481481481481,0.3935185185185185,0.029927761,0.482758621,0.172413793,0.034482759,0.620689655,54.179566563467496,11.047619047619047,7.6190476190476195,8.952380952380953,45.82043343653251,3.153153153153153,4.27927927927928,8.558558558558559,42.10526315789473,9.31372549019608,8.57843137254902,9.068627450980392,37.97729618163055,2.989130434782609,4.076086956521739,8.152173913043478,6.811145510835913,1.5151515151515151,6.0606060606060606,3.0303030303030303,4.953560371517028,0.0,4.166666666666666,10.416666666666668,0.9287925696594428,77.77777777777779,0.0,11.11111111111111,0.5159958720330238,40.0,20.0,40.0,0.7223942208462332,57.14285714285714,0.0,28.57142857142857,0.3095975232198142,0.0,0.0,0.0,2.683178534571723,23.07692307692308,3.8461538461538463,19.23076923076924,0.5159958720330238,20.0,20.0,20.0,0.7223942208462332,14.285714285714285,0.0,0.0,1.238390092879257,0.0,0.0,0.0,0.1031991744066047,0.0,0.0,0.0,0.3095975232198142,0.0,0.0,0.0,0.1031991744066047,100.0,0.0,0.0,,,,
Cooper Kose,0.3773584905660377,0.6,0.5757575757575758,0.2641509433962264,0.0660377358490566,0.2264150943396226,0.0943396226415094,0.0188679245283018,0.1666666666666666,0.3055555555555556,0.5277777777777778,0.021582734,0.0,0.0,0.333333333,1.0,42.44604316546763,8.47457627118644,10.16949152542373,13.559322033898304,57.55395683453237,1.25,6.25,13.750000000000002,40.28776978417266,8.928571428571429,10.714285714285714,14.285714285714285,53.23741007194245,1.351351351351351,5.405405405405405,14.864864864864863,0.7194244604316548,0.0,0.0,0.0,2.877697841726619,0.0,0.0,0.0,1.4388489208633095,0.0,0.0,0.0,0.7194244604316548,0.0,100.0,0.0,,,,,,,,,,,,,,,,,,,,,0.7194244604316548,0.0,0.0,0.0,,,,,,,,,,,,,,,,
Cooper Williams,0.6166666666666667,0.5135135135135135,0.3043478260869565,0.3673469387755102,0.1192660550458715,0.2018348623853211,0.0333333333333333,0.0666666666666666,0.2647058823529412,0.1470588235294117,0.5882352941176471,0.021459227,0.2,0.2,0.0,0.6,46.3519313304721,5.555555555555555,3.7037037037037033,7.4074074074074066,53.648068669527895,2.4,0.8,9.6,41.20171673819743,5.208333333333334,4.166666666666666,7.291666666666667,43.34763948497854,1.98019801980198,0.99009900990099,11.88118811881188,2.145922746781116,0.0,0.0,0.0,8.583690987124463,0.0,0.0,0.0,1.2875536480686696,0.0,0.0,33.33333333333333,0.8583690987124464,50.0,0.0,0.0,,,,,,,,,1.2875536480686696,33.33333333333333,0.0,0.0,,,,,0.4291845493562232,0.0,0.0,0.0,0.8583690987124464,0.0,0.0,0.0,,,,,,,,,,,,,,,,
Corentin Denolly,0.6296296296296297,0.6323529411764706,0.425,0.4056603773584906,0.1074766355140186,0.2383177570093458,0.0833333333333333,0.0092592592592592,0.2933333333333333,0.1466666666666666,0.56,0.023404255,0.636363636,0.090909091,0.090909091,0.909090909,43.61702127659575,5.853658536585367,1.951219512195122,8.780487804878048,55.95744680851064,3.802281368821293,2.6615969581749046,9.125475285171104,38.93617021276596,3.825136612021858,1.639344262295082,9.289617486338798,37.234042553191486,2.857142857142857,3.428571428571429,8.571428571428571,2.3404255319148937,0.0,0.0,0.0,14.893617021276595,1.4285714285714286,0.0,8.571428571428571,1.0638297872340423,80.0,20.0,0.0,0.851063829787234,75.0,0.0,0.0,0.2127659574468085,0.0,0.0,100.0,,,,,0.425531914893617,50.0,0.0,0.0,1.276595744680851,0.0,16.666666666666664,33.33333333333333,0.6382978723404255,0.0,0.0,0.0,1.4893617021276595,14.285714285714285,0.0,14.285714285714285,,,,,0.2127659574468085,0.0,0.0,0.0,,,,,,,,
Corentin Moutet,0.6541297935103245,0.6437429537767756,0.488272921108742,0.3399089529590288,0.1451009723261032,0.1780104712041884,0.0243362831858407,0.0449852507374631,0.3329938900203666,0.2158859470468432,0.4511201629327902,0.046172789,0.471111111,0.097777778,0.115555556,0.724444444,58.81387235789042,8.304256803907887,5.198883461270063,10.32798325191905,41.0630002052124,4.397801099450275,3.1484257871064467,7.34632683658171,44.12066488815925,6.744186046511628,5.023255813953488,11.488372093023257,22.18345988097681,2.775208140610545,2.8677150786308974,8.418131359851989,7.326082495382721,0.5602240896358543,1.96078431372549,2.5210084033613445,13.379848142827829,0.7668711656441718,1.2269938650306749,5.214723926380368,1.4159655243176688,52.17391304347826,10.144927536231885,15.942028985507244,1.6416991586291814,46.25,12.5,5.0,0.7182433819002668,54.285714285714285,11.428571428571429,20.0,0.1231274368971886,50.0,0.0,0.0,2.996100964498256,14.383561643835616,10.273972602739724,14.383561643835616,1.3544018058690743,7.575757575757576,16.666666666666664,24.24242424242424,1.744305356043505,7.0588235294117645,5.88235294117647,1.1764705882352942,2.1547301457008,5.714285714285714,0.9523809523809524,1.9047619047619049,0.2257336343115124,9.090909090909092,18.181818181818183,0.0,0.2257336343115124,18.181818181818183,18.181818181818183,0.0,0.266776113277242,61.53846153846154,7.6923076923076925,0.0,,,,
Cristian Garin,0.6006961710591745,0.6771523178807947,0.4582814445828144,0.3709916132215096,0.1552748885586924,0.2060425953442298,0.04425658876181,0.0785678766782695,0.3027759845061329,0.2175597159457714,0.4796642995480955,0.036004801,0.503703704,0.17037037,0.062962963,0.703703704,51.80690758767835,7.902187902187902,5.250965250965251,9.90990990990991,48.1530870782771,4.486291885904182,3.6831902520077535,9.91415120465245,47.56634217895719,5.999439304737875,5.1583964115503225,9.728062797869358,42.20562741698893,2.938388625592417,3.6018957345971563,9.605055292259085,1.426856914255234,0.0,1.8691588785046729,3.738317757009345,3.1737565008667827,0.4201680672268907,3.361344537815126,8.823529411764707,1.2401653553807177,51.61290322580645,9.67741935483871,19.35483870967742,1.200160021336178,48.888888888888886,2.2222222222222223,16.666666666666664,0.8401120149353246,63.49206349206349,4.761904761904762,11.11111111111111,0.0266702226963595,50.0,0.0,0.0,0.3600480064008535,11.11111111111111,11.11111111111111,11.11111111111111,1.0801440192025602,25.925925925925924,8.641975308641975,19.753086419753085,0.1333511134817975,10.0,10.0,0.0,0.4133884517935725,0.0,3.225806451612903,6.451612903225806,0.0666755567408987,20.0,20.0,0.0,0.0400053340445392,33.33333333333333,33.33333333333333,0.0,0.1733564475263368,0.0,7.6923076923076925,46.15384615384615,0.0133351113481797,100.0,0.0,0.0
Dalibor Svrcina,0.6643356643356644,0.6736842105263158,0.4375,0.3648648648648648,0.1168384879725085,0.1958762886597938,0.0349650349650349,0.0139860139860139,0.3106796116504854,0.1844660194174757,0.5048543689320388,0.036964981,0.473684211,0.052631579,0.105263158,0.842105263,46.49805447470817,6.694560669456067,3.3472803347280333,10.87866108786611,53.30739299610895,5.839416058394161,4.014598540145985,9.48905109489051,37.93774319066148,4.615384615384616,4.102564102564102,12.307692307692308,44.3579766536965,3.947368421052632,3.508771929824561,10.526315789473683,4.474708171206226,0.0,0.0,4.3478260869565215,5.252918287937743,0.0,0.0,3.7037037037037033,0.7782101167315175,25.0,0.0,0.0,0.5836575875486382,33.33333333333333,33.33333333333333,33.33333333333333,1.7509727626459144,66.66666666666666,0.0,0.0,,,,,0.9727626459143968,0.0,0.0,20.0,1.556420233463035,62.5,12.5,0.0,0.3891050583657587,0.0,0.0,0.0,1.1673151750972763,0.0,0.0,0.0,0.1945525291828793,0.0,0.0,0.0,,,,,,,,,0.3891050583657587,50.0,50.0,0.0
Damir Dzumhur,0.6200527704485488,0.625531914893617,0.4618055555555556,0.3754556500607533,0.1366223908918406,0.2055660974067046,0.0408970976253298,0.0184696569920844,0.3279220779220779,0.1948051948051948,0.4772727272727273,0.048613097,0.411764706,0.105882353,0.1,0.652941176,40.977981126680014,7.397069085833915,4.047452896022331,8.51360781577111,58.90763511581355,4.660194174757281,3.0097087378640777,8.349514563106796,29.854160709179293,4.022988505747127,4.022988505747127,9.578544061302685,39.748355733485845,3.956834532374101,2.446043165467626,9.280575539568344,6.033743208464398,1.4218009478672986,0.0,0.9478672985781992,15.04146411209608,0.9505703422053232,2.281368821292776,4.182509505703422,1.7443523019731195,44.26229508196721,6.557377049180328,9.836065573770492,2.0589076351158133,31.944444444444443,13.88888888888889,11.11111111111111,0.9150700600514728,62.5,6.25,12.5,,,,,1.7729482413497282,19.35483870967742,12.903225806451612,12.903225806451612,1.143837575064341,27.500000000000004,5.0,30.0,0.5147269087789533,11.11111111111111,5.555555555555555,11.11111111111111,0.9150700600514728,6.25,12.5,3.125,0.1429796968830426,0.0,20.0,0.0,,,,,,,,,,,,
Daniel Altmaier,0.6611650485436893,0.6916299559471366,0.4756446991404011,0.3526570048309179,0.185956416464891,0.1912832929782082,0.0310679611650485,0.1368932038834951,0.3315143246930423,0.1732605729877216,0.495225102319236,0.045603495,0.532934132,0.071856287,0.071856287,0.77245509,52.97651556526488,8.350515463917525,3.969072164948453,9.587628865979385,46.99617695248498,4.706565950029053,2.905287623474724,10.284718187100523,40.44238121245221,5.199189736664416,4.051316677920324,11.208642808912897,31.70398689240852,5.0818260120585705,3.10077519379845,12.4031007751938,7.291097760786455,0.7490636704119851,2.247191011235955,2.247191011235955,12.342981977061717,0.6637168141592921,1.991150442477876,5.9734513274336285,1.9388312397596943,63.38028169014085,5.633802816901409,7.042253521126761,1.1742217367558712,37.2093023255814,2.3255813953488373,9.30232558139535,1.0649918077553249,64.1025641025641,5.128205128205128,7.6923076923076925,,,,,0.6553795740032768,25.0,12.5,16.666666666666664,0.3276897870016384,25.0,0.0,16.666666666666664,1.3107591480065537,8.333333333333332,0.0,4.166666666666666,1.3380666302566904,0.0,2.0408163265306123,0.0,0.0819224467504096,0.0,33.33333333333333,0.0,0.0819224467504096,0.0,66.66666666666666,0.0,0.1911523757509557,42.85714285714285,14.285714285714285,0.0,0.0273074822501365,0.0,100.0,0.0
Daniel Dutra Da Silva,0.4784688995215311,0.57,0.4770642201834862,0.3928571428571428,0.1270207852193995,0.2193995381062355,0.0813397129186602,0.0287081339712918,0.296969696969697,0.2303030303030303,0.4727272727272727,0.019230769,0.375,0.0625,0.0,0.625,54.08653846153846,7.333333333333333,4.888888888888889,8.222222222222223,45.91346153846153,4.18848167539267,4.18848167539267,10.732984293193718,50.24038461538461,6.459330143540671,4.784688995215311,8.61244019138756,38.46153846153847,4.375,4.0625,10.625,1.6826923076923077,0.0,14.285714285714285,0.0,3.8461538461538463,0.0,3.125,12.5,0.7211538461538461,50.0,0.0,16.666666666666664,0.3605769230769231,0.0,0.0,0.0,0.3605769230769231,66.66666666666666,0.0,0.0,0.2403846153846154,0.0,0.0,0.0,0.4807692307692308,25.0,0.0,0.0,2.1634615384615383,5.555555555555555,11.11111111111111,16.666666666666664,0.4807692307692308,0.0,0.0,0.0,0.7211538461538461,0.0,0.0,0.0,,,,,,,,,0.1201923076923077,0.0,0.0,0.0,0.1201923076923077,100.0,0.0,0.0
Daniel Elahi Galan,0.6235201262825573,0.6734177215189874,0.4675052410901467,0.3525698827772768,0.1426767676767676,0.1696127946127946,0.0197316495659037,0.0812943962115232,0.2881562881562881,0.2490842490842491,0.4615384615384615,0.033809848,0.395973154,0.100671141,0.10738255,0.610738255,54.84456546403449,7.778237484484898,6.5370293752585855,8.398841539098054,45.15543453596551,2.412060301507537,2.3115577889447234,8.793969849246231,49.829816201497614,5.418943533697632,6.557377049180328,8.697632058287796,38.960744270478784,1.68899242865463,2.21316249271986,9.26033779848573,1.4522350805536646,3.125,0.0,0.0,3.675970047651463,0.0,0.6172839506172839,3.7037037037037033,0.9530292716133424,45.23809523809524,11.904761904761903,9.523809523809524,1.0437939641479466,30.434782608695656,10.869565217391305,19.565217391304348,0.7034263671431813,64.51612903225806,3.225806451612903,0.0,0.022691173133651,0.0,0.0,0.0,0.9076469253460404,37.5,7.5,15.0,0.181529385069208,25.0,25.0,12.5,0.4765146358066712,33.33333333333333,0.0,0.0,1.1345586566825503,6.0,0.0,0.0,0.2269117313365101,20.0,10.0,0.0,0.136147038801906,0.0,0.0,0.0,0.2949852507374631,30.76923076923077,30.76923076923077,15.384615384615383,,,,
Daniel Evans,0.6126088759850684,0.7109004739336493,0.493576017130621,0.3820998278829604,0.1674762407602956,0.1391763463569165,0.0385732061385317,0.0891746163417669,0.3709884467265725,0.2644415917843389,0.3632862644415918,0.063548203,0.393177738,0.091561939,0.105924596,0.68940754,48.305761551625785,8.927727916863486,6.306093528578177,6.872933396315541,51.64860239589275,4.417936823503424,3.2030041970399825,6.074663132317208,40.82144894466629,5.589714924538849,6.456120737842371,7.015092230296255,10.815744438106105,9.599156118143458,5.379746835443038,10.759493670886076,2.726754135767256,1.6736401673640169,1.6736401673640169,1.2552301255230125,35.34512264689104,0.4519044544867657,1.2588766946417045,4.228534538411878,1.7341699942954936,46.05263157894737,9.210526315789473,9.86842105263158,2.6468910439247004,30.17241379310345,12.5,11.637931034482758,1.0039931545921277,63.63636363636363,5.681818181818182,7.954545454545454,0.1711351968054763,26.666666666666668,0.0,6.666666666666667,0.8214489446662863,30.55555555555556,5.555555555555555,16.666666666666664,1.2207644038790644,7.476635514018691,15.887850467289718,10.2803738317757,0.6845407872219054,18.33333333333333,3.333333333333333,3.333333333333333,1.163719338277239,8.823529411764707,4.901960784313726,2.941176470588235,0.1939532230462065,17.647058823529413,5.88235294117647,0.0,0.262407301768397,13.043478260869565,17.391304347826086,0.0,0.3194523673702225,42.85714285714285,21.428571428571427,3.571428571428571,0.0228180262407301,50.0,0.0,0.0
Daniel Gimeno Traver,0.6015037593984962,0.7,0.4716981132075472,0.3319502074688796,0.1637080867850098,0.2445759368836292,0.037593984962406,0.0676691729323308,0.2981651376146789,0.1788990825688073,0.5229357798165137,0.014285714,0.571428571,0.214285714,0.0,0.642857143,54.89795918367347,9.479553903345725,4.646840148698884,11.524163568773234,45.102040816326536,3.167420814479638,3.167420814479638,11.76470588235294,51.93877551020408,8.447937131630647,4.911591355599214,11.787819253438114,34.18367346938776,2.388059701492537,4.179104477611941,12.53731343283582,1.4285714285714286,0.0,0.0,0.0,8.46938775510204,0.0,0.0,4.819277108433735,0.1020408163265306,100.0,0.0,0.0,0.4081632653061224,50.0,0.0,25.0,0.6122448979591837,66.66666666666666,0.0,33.33333333333333,0.2040816326530612,50.0,0.0,0.0,0.6122448979591837,50.0,0.0,0.0,1.530612244897959,20.0,0.0,33.33333333333333,0.1020408163265306,0.0,0.0,0.0,0.3061224489795918,0.0,0.0,0.0,0.1020408163265306,0.0,0.0,0.0,,,,,,,,,,,,
Daniel Kosakowski,0.6666666666666666,0.6904761904761905,0.3333333333333333,0.1964285714285714,0.1008403361344537,0.2605042016806723,0.0317460317460317,0.0634920634920634,0.2051282051282051,0.0512820512820512,0.7435897435897436,0.017857143,0.25,0.0,0.0,0.5,47.32142857142857,5.660377358490567,1.8867924528301887,14.150943396226417,52.67857142857143,1.694915254237288,0.0,11.864406779661016,43.30357142857143,5.154639175257731,2.061855670103093,14.432989690721648,42.410714285714285,2.1052631578947367,0.0,10.526315789473683,3.125,0.0,0.0,14.285714285714285,7.142857142857142,0.0,0.0,18.75,,,,,0.4464285714285714,0.0,0.0,0.0,0.4464285714285714,100.0,0.0,0.0,,,,,,,,,0.4464285714285714,0.0,0.0,100.0,,,,,1.7857142857142856,0.0,0.0,0.0,0.4464285714285714,0.0,0.0,0.0,0.4464285714285714,0.0,0.0,0.0,,,,,,,,
Daniel Masur,0.6666666666666666,0.8125,0.5,0.391304347826087,0.2765957446808511,0.0851063829787234,0.0416666666666666,0.1041666666666666,0.5833333333333334,0.25,0.1666666666666666,0.061403509,0.428571429,0.142857143,0.142857143,0.857142857,70.17543859649122,18.75,10.0,6.25,29.82456140350877,17.647058823529413,2.941176470588235,2.941176470588235,62.28070175438597,19.718309859154928,9.859154929577464,5.633802816901409,15.789473684210526,16.666666666666664,5.555555555555555,0.0,2.631578947368421,0.0,0.0,0.0,7.894736842105263,11.11111111111111,0.0,11.11111111111111,2.631578947368421,33.33333333333333,0.0,33.33333333333333,2.631578947368421,66.66666666666666,0.0,0.0,0.8771929824561403,0.0,100.0,0.0,,,,,,,,,,,,,1.7543859649122806,0.0,0.0,0.0,3.508771929824561,0.0,0.0,0.0,,,,,,,,,,,,,,,,
Daniel Michalski,0.6142857142857143,0.6162790697674418,0.4629629629629629,0.4406779661016949,0.1356589147286821,0.1317829457364341,0.0285714285714285,0.0214285714285714,0.3855421686746988,0.253012048192771,0.3614457831325301,0.028333333,0.588235294,0.0,0.176470588,0.764705882,52.83333333333333,6.624605678233439,5.3627760252365935,5.047318611987381,46.66666666666666,3.928571428571429,1.4285714285714286,5.0,45.33333333333333,4.411764705882353,4.411764705882353,5.88235294117647,40.5,2.05761316872428,1.2345679012345678,4.938271604938271,2.333333333333333,0.0,0.0,0.0,3.5000000000000004,0.0,0.0,4.761904761904762,0.6666666666666667,50.0,50.0,0.0,0.8333333333333334,80.0,0.0,0.0,1.1666666666666667,57.14285714285714,0.0,0.0,,,,,2.0,25.0,16.666666666666664,0.0,1.0,33.33333333333333,16.666666666666664,16.666666666666664,1.1666666666666667,0.0,0.0,0.0,0.8333333333333334,0.0,0.0,0.0,0.1666666666666666,0.0,100.0,0.0,,,,,,,,,,,,
Daniel Nestor,0.7012987012987013,0.6111111111111112,0.4347826086956521,0.25,0.1515151515151515,0.109090909090909,0.0389610389610389,0.1038961038961039,0.3469387755102041,0.3469387755102041,0.3061224489795918,0.270072993,0.27027027,0.108108108,0.216216216,0.594594595,53.28467153284672,17.80821917808219,9.58904109589041,12.32876712328767,46.71532846715328,6.25,15.625,9.375,34.306569343065696,10.638297872340424,4.25531914893617,12.76595744680851,31.38686131386861,4.651162790697675,13.953488372093023,11.627906976744184,1.45985401459854,0.0,0.0,0.0,4.37956204379562,0.0,16.666666666666664,0.0,9.48905109489051,30.76923076923077,23.07692307692308,15.384615384615383,8.02919708029197,18.181818181818183,27.27272727272727,9.090909090909092,4.37956204379562,66.66666666666666,33.33333333333333,0.0,0.7299270072992701,0.0,0.0,0.0,0.7299270072992701,0.0,0.0,0.0,,,,,0.7299270072992701,0.0,0.0,0.0,,,,,1.45985401459854,0.0,0.0,0.0,2.18978102189781,0.0,0.0,0.0,0.7299270072992701,0.0,0.0,100.0,,,,
Daniel Nguyen,0.6103896103896104,0.5957446808510638,0.4666666666666667,0.3373493975903614,0.1625,0.25,0.0909090909090909,0.0909090909090909,0.2714285714285714,0.2571428571428571,0.4714285714285714,0.101398601,0.448275862,0.103448276,0.137931034,0.75862069,59.44055944055944,6.470588235294119,5.294117647058823,12.352941176470589,40.55944055944056,6.896551724137931,7.758620689655173,10.344827586206897,51.048951048951054,1.36986301369863,4.794520547945205,13.013698630136986,24.47552447552448,2.857142857142857,10.0,10.0,0.3496503496503496,0.0,0.0,0.0,9.090909090909092,0.0,0.0,7.6923076923076925,3.8461538461538463,45.45454545454545,9.090909090909092,9.090909090909092,3.8461538461538463,45.45454545454545,18.181818181818183,9.090909090909092,2.4475524475524475,42.85714285714285,14.285714285714285,14.285714285714285,,,,,0.6993006993006993,50.0,0.0,0.0,2.4475524475524475,0.0,0.0,28.57142857142857,1.048951048951049,0.0,0.0,0.0,0.6993006993006993,50.0,0.0,0.0,,,,,,,,,,,,,,,,
Daniel Rincon,0.5098039215686274,0.5769230769230769,0.56,0.24,0.1188118811881188,0.2475247524752475,0.0588235294117647,0.0588235294117647,0.2142857142857142,0.2619047619047619,0.5238095238095238,0.066914498,0.222222222,0.055555556,0.222222222,0.777777778,46.468401486988846,4.8,4.0,8.0,53.53159851301115,2.083333333333333,4.166666666666666,8.333333333333332,37.54646840148699,2.9702970297029703,1.98019801980198,8.91089108910891,45.35315985130112,0.819672131147541,3.278688524590164,8.19672131147541,2.973977695167286,0.0,0.0,0.0,3.3457249070631967,0.0,0.0,0.0,1.858736059479554,20.0,20.0,0.0,2.6022304832713754,14.285714285714285,28.57142857142857,14.285714285714285,1.486988847583643,50.0,0.0,0.0,,,,,2.2304832713754648,0.0,16.666666666666664,16.666666666666664,0.3717472118959107,0.0,0.0,100.0,,,,,1.486988847583643,25.0,0.0,0.0,0.3717472118959107,0.0,100.0,0.0,0.3717472118959107,0.0,0.0,0.0,,,,,,,,
Daniel Smethurst,0.6451612903225806,0.55,0.5909090909090909,0.3809523809523809,0.1164383561643835,0.2671232876712329,0.0967741935483871,0.032258064516129,0.2830188679245283,0.0943396226415094,0.6226415094339622,0.012396694,0.666666667,0.0,0.0,0.666666667,49.58677685950413,10.833333333333334,3.333333333333333,13.333333333333334,50.413223140495866,1.639344262295082,0.819672131147541,13.934426229508196,45.04132231404959,8.256880733944955,3.669724770642202,13.761467889908255,11.15702479338843,3.7037037037037033,0.0,33.33333333333333,3.3057851239669422,12.5,0.0,12.5,36.36363636363637,0.0,0.0,9.090909090909092,0.8264462809917356,100.0,0.0,0.0,,,,,,,,,,,,,0.4132231404958678,100.0,0.0,0.0,0.8264462809917356,50.0,0.0,0.0,,,,,1.6528925619834711,0.0,25.0,0.0,,,,,0.4132231404958678,0.0,0.0,0.0,,,,,,,,
Daniil Medvedev,0.6251575497857322,0.7514516129032258,0.5101546738399462,0.3927139364303178,0.1685739108849447,0.1562119895742832,0.0494580287370809,0.1425762540962944,0.3124655050067019,0.2677599936923441,0.4188283529133486,0.02730477,0.416484954,0.076755342,0.111208024,0.702573048,46.01681392745719,6.249353069040472,4.854569920298106,7.188696822275127,53.92960060968349,3.418048532756299,3.354015323809314,5.5885535118903045,40.74043201790945,4.644433402507818,4.773039487913951,7.438692894513781,48.12927195217795,2.622593893809689,3.129793656291751,5.63857687169083,2.7173783609993096,1.3584574934268183,1.5337423312883436,2.366345311130587,3.0900950248874706,0.7707129094412332,1.348747591522158,2.4662813102119463,0.8121174593345876,45.894428152492665,9.237536656891496,8.504398826979472,0.8311700683512349,33.3810888252149,11.031518624641834,6.73352435530086,0.6251637333587368,56.76190476190476,10.285714285714285,7.6190476190476195,0.023815761270809,35.0,15.0,10.0,0.4882231060515849,24.390243902439025,10.48780487804878,12.439024390243905,0.9943080330562768,19.880239520958085,10.419161676646707,14.37125748502994,0.3369930219819476,3.180212014134275,3.886925795053004,1.413427561837456,0.7192359903784324,5.4635761589403975,5.132450331125828,2.6490066225165565,0.0523946747957798,18.181818181818183,4.545454545454546,2.272727272727273,0.0595394031770225,16.0,12.0,0.0,0.2441115530257924,32.6829268292683,17.073170731707318,12.195121951219512,0.0821643763842911,30.434782608695656,21.73913043478261,4.3478260869565215
Danilo Petrovic,0.5735294117647058,0.7435897435897436,0.5517241379310345,0.4339622641509434,0.2727272727272727,0.2148760330578512,0.0147058823529411,0.1029411764705882,0.4126984126984127,0.1904761904761904,0.3968253968253968,0.019230769,0.666666667,0.0,0.333333333,1.0,50.0,19.23076923076924,7.6923076923076925,16.666666666666664,49.358974358974365,14.285714285714285,7.792207792207792,15.584415584415584,44.230769230769226,13.043478260869565,7.246376811594203,15.942028985507244,41.02564102564102,10.9375,9.375,15.625,0.641025641025641,0.0,0.0,100.0,3.205128205128205,0.0,0.0,0.0,0.641025641025641,0.0,100.0,0.0,1.282051282051282,100.0,0.0,0.0,,,,,,,,,4.487179487179487,85.71428571428571,0.0,14.285714285714285,3.205128205128205,40.0,0.0,40.0,,,,,0.641025641025641,0.0,0.0,0.0,,,,,,,,,,,,,,,,
Darian King,0.7272727272727273,0.6,0.2,0.3389830508474576,0.1140350877192982,0.2017543859649122,0.0909090909090909,0.0727272727272727,0.3333333333333333,0.0,0.6666666666666666,0.024489796,0.5,0.0,0.0,0.666666667,51.42857142857142,4.761904761904762,0.0,8.73015873015873,48.57142857142857,2.5210084033613445,0.0,5.88235294117647,47.3469387755102,3.4482758620689653,0.0,9.482758620689657,42.44897959183673,0.9615384615384616,0.0,6.730769230769231,1.6326530612244898,0.0,0.0,0.0,3.673469387755103,0.0,0.0,0.0,0.8163265306122449,0.0,0.0,0.0,1.2244897959183674,66.66666666666666,0.0,0.0,0.4081632653061224,100.0,0.0,0.0,,,,,0.8163265306122449,50.0,0.0,0.0,,,,,0.4081632653061224,0.0,0.0,0.0,1.2244897959183674,0.0,0.0,0.0,,,,,,,,,,,,,,,,
Dario Acosta,0.6326530612244898,0.4516129032258064,0.1666666666666666,0.2777777777777778,0.0705882352941176,0.2588235294117647,0.0816326530612244,0.0,0.1714285714285714,0.3142857142857143,0.5142857142857142,0.032679739,0.2,0.2,0.0,0.4,47.05882352941176,8.333333333333332,9.722222222222223,12.5,52.94117647058824,0.0,4.938271604938271,11.11111111111111,40.52287581699346,8.064516129032258,11.29032258064516,9.67741935483871,41.17647058823529,0.0,6.349206349206349,11.11111111111111,3.92156862745098,0.0,0.0,33.33333333333333,9.15032679738562,0.0,0.0,7.142857142857142,1.30718954248366,50.0,0.0,50.0,1.30718954248366,0.0,0.0,0.0,0.6535947712418301,0.0,0.0,0.0,,,,,,,,,1.30718954248366,0.0,0.0,50.0,0.6535947712418301,0.0,0.0,0.0,,,,,,,,,,,,,,,,,,,,
David Ferrer,0.620671834625323,0.6419650291423813,0.4800181653042688,0.369036903690369,0.1176936619718309,0.1886443661971831,0.0335917312661498,0.0356589147286821,0.279841505695889,0.2367508667657256,0.4824170381376919,0.022630778,0.504424779,0.102654867,0.116814159,0.745132743,55.94007850676921,5.713876557353573,4.725762566232278,7.783187741658313,44.05191059841384,3.0187306783051464,2.691398436079287,7.828696126568467,52.24705599615477,4.308494326893591,4.599816007359705,8.034345292854953,39.65392934390771,1.97979797979798,2.4646464646464645,7.7979797979797985,1.802451333813987,2.0,1.1111111111111112,0.2222222222222222,3.604902667627974,0.6666666666666667,1.7777777777777777,5.0,0.7009532964832171,52.0,11.428571428571429,9.714285714285714,0.7249859809340703,47.51381215469613,12.70718232044199,13.812154696132598,0.6328606905391332,59.49367088607595,12.658227848101266,6.329113924050633,0.0320435792678042,12.5,12.5,12.5,0.2643595289593847,37.87878787878788,16.666666666666664,12.12121212121212,0.5567571897780982,24.46043165467626,7.194244604316546,17.985611510791365,0.2042778178322518,7.84313725490196,3.92156862745098,3.92156862745098,0.5287190579187695,9.090909090909092,4.545454545454546,0.0,0.0640871585356084,31.25,6.25,6.25,0.0720980533525594,5.555555555555555,5.555555555555555,16.666666666666664,0.084114395577986,52.38095238095239,4.761904761904762,4.761904761904762,,,,
David Goffin,0.5768082282680823,0.7106701179177451,0.4809878479027832,0.380570117955439,0.1572700296735905,0.181998021760633,0.0383211678832116,0.0774717982747179,0.3201510775383248,0.23950233281493,0.4392357253943568,0.032324315,0.531767956,0.120165746,0.10359116,0.752762431,53.66104116438968,8.278558948331808,6.0071553373824775,8.569764539479158,46.321100098223056,4.298795180722892,3.431325301204819,9.127710843373494,49.7856951513528,6.008429737243297,5.847009236839745,8.653932382745943,38.21769800875078,3.83177570093458,3.539719626168224,9.731308411214954,0.9152602910974196,2.4390243902439024,3.414634146341464,2.926829268292684,6.214840610768819,0.7183908045977011,1.221264367816092,3.6637931034482754,1.004553978033753,60.44444444444444,8.444444444444445,11.555555555555555,0.781319760692919,48.57142857142857,9.142857142857142,19.428571428571427,0.991159924993303,58.55855855855856,10.36036036036036,9.00900900900901,0.0491115278149834,18.181818181818183,27.27272727272727,0.0,0.3080632199303509,27.536231884057973,8.695652173913043,11.594202898550725,0.5134386998839182,13.043478260869565,10.434782608695652,22.60869565217392,0.3259219573176176,8.21917808219178,1.36986301369863,1.36986301369863,0.4687918564157514,2.857142857142857,4.761904761904762,0.0,0.1205464773640503,37.03703703703704,7.4074074074074066,11.11111111111111,0.0714349495490668,18.75,0.0,12.5,0.2098401643003839,40.42553191489361,25.53191489361702,2.127659574468085,0.0044646843468166,0.0,0.0,100.0
David Guez,0.3888888888888889,0.5714285714285714,0.696969696969697,0.5636363636363636,0.128440366972477,0.128440366972477,0.037037037037037,0.0185185185185185,0.3170731707317073,0.3902439024390244,0.2926829268292683,0.013745704,0.25,0.0,0.5,0.75,44.67353951890035,5.384615384615385,7.6923076923076925,3.8461538461538463,55.32646048109966,3.7267080745341614,3.7267080745341614,4.3478260869565215,42.955326460481096,4.8,7.199999999999999,4.0,54.29553264604811,3.79746835443038,3.1645569620253164,4.430379746835443,0.6872852233676976,0.0,0.0,0.0,0.6872852233676976,0.0,0.0,0.0,0.3436426116838488,100.0,0.0,0.0,0.3436426116838488,0.0,100.0,0.0,0.6872852233676976,0.0,50.0,0.0,,,,,,,,,,,,,,,,,,,,,,,,,,,,,,,,,,,,
David Nalbandian,0.6112322791712105,0.6712756467439785,0.5301542776998598,0.381429344883595,0.1411301276826949,0.1749524585710404,0.0335332606324972,0.0458015267175572,0.3098791755508173,0.2757640369580668,0.414001421464108,0.031839709,0.496567506,0.102974828,0.105263158,0.720823799,45.967213114754095,8.036138849262958,6.720557933111428,9.003011570771912,53.95264116575592,4.929101958136394,4.74004051316678,8.062120189061444,41.19489981785064,6.031128404669261,6.650159179342059,9.426954368588609,43.19125683060109,3.964237516869096,4.942645074224021,8.299595141700406,1.9453551912568303,2.621722846441948,1.49812734082397,1.1235955056179776,7.562841530054645,0.8670520231213872,2.312138728323699,5.5876685934489405,0.9981785063752278,57.66423357664233,10.948905109489052,11.67883211678832,1.231329690346084,51.4792899408284,8.875739644970414,11.83431952662722,0.5027322404371585,56.52173913043478,15.942028985507244,10.144927536231885,0.1238615664845173,29.411764705882355,0.0,0.0,0.6557377049180327,23.33333333333333,15.555555555555555,10.0,0.6994535519125683,12.5,12.5,23.958333333333336,0.5683060109289617,23.07692307692308,3.8461538461538463,0.0,0.918032786885246,9.523809523809524,2.380952380952381,1.5873015873015872,0.0655737704918032,0.0,0.0,0.0,0.204007285974499,17.857142857142858,7.142857142857142,3.571428571428571,0.0364298724954462,40.0,20.0,0.0,0.0218579234972677,0.0,66.66666666666666,33.33333333333333
David Prinosil,0.4875,0.8461538461538461,0.5121951219512195,0.2285714285714285,0.1466666666666666,0.1333333333333333,0.1125,0.0375,0.475,0.25,0.275,0.369565217,0.352941176,0.058823529,0.147058824,0.705882353,47.82608695652174,31.818181818181817,6.8181818181818175,11.363636363636363,52.17391304347826,10.416666666666668,14.583333333333334,12.5,25.0,21.73913043478261,4.3478260869565215,17.391304347826086,28.26086956521739,3.8461538461538463,11.538461538461538,19.23076923076924,1.0869565217391304,100.0,0.0,0.0,6.521739130434782,0.0,16.666666666666664,0.0,15.217391304347828,35.714285714285715,14.285714285714285,7.142857142857142,14.130434782608695,23.07692307692308,15.384615384615383,7.6923076923076925,3.260869565217391,100.0,0.0,0.0,,,,,,,,,,,,,2.1739130434782608,0.0,0.0,0.0,,,,,1.0869565217391304,0.0,0.0,0.0,3.260869565217391,33.33333333333333,33.33333333333333,0.0,,,,,,,,
Davide Sanguinetti,0.5892857142857143,0.6363636363636364,0.4492753623188406,0.4166666666666667,0.1075268817204301,0.1801075268817204,0.0357142857142857,0.0476190476190476,0.2622950819672131,0.2377049180327868,0.5,0.029673591,0.4,0.15,0.1,0.6,43.32344213649852,6.506849315068493,5.821917808219178,7.876712328767123,56.676557863501486,3.4031413612565444,3.1413612565445024,9.947643979057592,39.02077151335311,4.182509505703422,5.70342205323194,7.984790874524715,52.07715133531158,3.418803418803419,3.133903133903134,10.541310541310542,1.1869436201780417,0.0,0.0,0.0,3.115727002967359,0.0,0.0,0.0,1.483679525222552,60.0,0.0,10.0,0.2967359050445104,50.0,0.0,50.0,0.4451038575667655,0.0,66.66666666666666,0.0,,,,,0.1483679525222552,100.0,0.0,0.0,0.2967359050445104,0.0,0.0,0.0,0.4451038575667655,0.0,0.0,0.0,0.741839762611276,0.0,20.0,0.0,0.1483679525222552,0.0,0.0,0.0,0.1483679525222552,0.0,0.0,0.0,0.4451038575667655,33.33333333333333,0.0,33.33333333333333,,,,
Denis Gremelmayr,0.5432098765432098,0.6590909090909091,0.4324324324324324,0.3194444444444444,0.1111111111111111,0.1895424836601307,0.0493827160493827,0.0493827160493827,0.2452830188679245,0.2830188679245283,0.4716981132075472,0.018656716,0.4,0.4,0.0,0.6,52.61194029850746,5.673758865248227,4.25531914893617,9.929078014184398,47.38805970149254,3.937007874015748,7.086614173228346,8.661417322834646,42.53731343283582,3.508771929824561,3.508771929824561,10.526315789473683,39.92537313432835,2.803738317757009,6.5420560747663545,7.476635514018691,5.597014925373134,6.666666666666667,6.666666666666667,0.0,1.4925373134328357,0.0,0.0,0.0,0.7462686567164178,0.0,0.0,50.0,0.3731343283582089,0.0,0.0,100.0,0.7462686567164178,100.0,0.0,0.0,,,,,1.8656716417910448,20.0,0.0,20.0,3.3582089552238807,11.11111111111111,22.22222222222222,11.11111111111111,1.1194029850746268,0.0,33.33333333333333,0.0,2.238805970149253,16.666666666666664,0.0,16.666666666666664,,,,,,,,,,,,,,,,
Denis Istomin,0.667458432304038,0.693950177935943,0.4642857142857143,0.307788944723618,0.1495726495726495,0.1556776556776556,0.0261282660332541,0.0985748218527315,0.3214285714285714,0.2162698412698412,0.4623015873015873,0.026011561,0.361111111,0.097222222,0.097222222,0.625,48.15751445086705,8.32708177044261,5.101275318829708,9.30232558139535,51.80635838150289,3.556485355648536,2.8591352859135286,7.601115760111576,41.97976878612717,7.401032702237521,5.507745266781412,9.896729776247849,42.84682080924856,3.288364249578415,2.6981450252951094,8.094435075885329,3.757225433526012,2.8846153846153846,0.0,1.9230769230769231,6.683526011560693,0.5405405405405406,1.0810810810810811,3.783783783783784,0.7225433526011561,25.0,10.0,15.0,0.6502890173410405,44.44444444444444,22.22222222222222,16.666666666666664,0.7225433526011561,60.0,5.0,5.0,,,,,0.3973988439306358,36.36363636363637,0.0,27.27272727272727,0.5057803468208093,21.428571428571427,7.142857142857142,21.428571428571427,0.361271676300578,0.0,10.0,0.0,0.8309248554913294,0.0,8.695652173913043,0.0,0.1445086705202312,25.0,0.0,0.0,0.2528901734104046,0.0,0.0,0.0,0.0722543352601156,0.0,0.0,0.0,0.0361271676300578,0.0,0.0,0.0
Denis Kudla,0.5853960396039604,0.7209302325581395,0.4865671641791044,0.3325123152709359,0.1506172839506173,0.1907407407407407,0.0408415841584158,0.0977722772277227,0.3055555555555556,0.1814814814814815,0.5111111111111111,0.027195884,0.540540541,0.094594595,0.040540541,0.77027027,46.26975376699743,7.625099285146943,3.574265289912629,10.484511517077046,53.730246233002575,4.719562243502052,3.625170998632011,9.849521203830369,39.61778757809629,5.380333951762523,3.6178107606679033,11.224489795918368,41.52884968761485,4.513274336283186,4.15929203539823,10.619469026548671,3.6383682469680254,4.040404040404041,1.0101010101010102,2.0202020202020203,10.290334435869166,0.3571428571428571,1.4285714285714286,6.785714285714286,0.9555310547592796,46.15384615384615,7.6923076923076925,7.6923076923076925,0.8452774715178243,56.52173913043478,4.3478260869565215,13.043478260869565,0.6982726938625505,73.68421052631578,0.0,10.526315789473683,0.0367511944138184,100.0,0.0,0.0,0.8820286659316428,29.166666666666668,12.5,20.833333333333336,0.3675119441381845,10.0,0.0,0.0,0.4042631385520029,9.090909090909092,0.0,0.0,0.5512679162072767,13.333333333333334,6.666666666666667,13.333333333333334,0.0367511944138184,0.0,0.0,0.0,0.1102535832414553,0.0,0.0,0.0,0.0367511944138184,0.0,0.0,0.0,,,,
Denis Shapovalov,0.6040816326530613,0.7483108108108109,0.5022091310751104,0.348408956982911,0.2201787807737397,0.2102139507620164,0.0606413994169096,0.1597667638483965,0.3462236746550472,0.207516339869281,0.4453522149600581,0.056404113,0.50619469,0.12920354,0.096460177,0.725663717,57.097933513027854,12.247574088644113,6.713873590348807,13.314100882944311,42.87710891484476,5.890570430733411,4.365541327124563,10.80325960419092,49.45592492762304,9.487283003633427,6.994348001614857,13.93823173193379,32.57462314066088,4.673613239350291,4.489733374195525,11.95219123505976,2.83518019367076,1.4084507042253522,1.056338028169014,2.288732394366197,7.572127383448138,0.5273566249176005,1.5161502966381015,5.207646671061305,2.1363681741040232,49.53271028037384,7.476635514018691,15.42056074766355,1.8568433662773287,46.236559139784944,12.903225806451612,13.440860215053762,1.2329040630927424,63.96761133603239,7.28744939271255,8.906882591093117,0.0449236298292902,33.33333333333333,22.22222222222222,11.11111111111111,0.9184386542877108,29.347826086956523,5.978260869565218,20.65217391304348,0.2346011779974044,14.893617021276595,6.382978723404255,21.27659574468085,0.2645502645502645,11.320754716981131,3.7735849056603774,0.0,0.4791853848457622,7.291666666666667,3.125,4.166666666666666,0.0399321154038135,12.5,12.5,0.0,0.1148048317859638,17.391304347826086,13.043478260869565,17.391304347826086,0.2146351202954976,51.16279069767442,11.627906976744184,6.976744186046512,,,,
Dennis Novak,0.6025316455696202,0.6596638655462185,0.4585987261146497,0.325068870523416,0.1398416886543535,0.1899736147757255,0.050632911392405,0.0632911392405063,0.2956204379562044,0.2518248175182482,0.4525547445255474,0.050189394,0.452830189,0.150943396,0.150943396,0.679245283,50.37878787878788,11.654135338345863,8.646616541353383,10.902255639097744,49.621212121212125,3.6259541984732815,4.3893129770992365,12.595419847328245,40.43560606060606,9.133489461358314,8.19672131147541,11.00702576112412,37.02651515151515,3.0690537084398977,4.603580562659847,13.043478260869565,4.734848484848484,0.0,0.0,4.0,9.56439393939394,0.0,3.96039603960396,6.930693069306932,2.367424242424242,44.0,16.0,16.0,1.0416666666666663,36.36363636363637,0.0,27.27272727272727,0.946969696969697,80.0,10.0,10.0,,,,,0.8522727272727272,22.22222222222222,11.11111111111111,44.44444444444444,0.946969696969697,10.0,10.0,50.0,0.5681818181818182,16.666666666666664,33.33333333333333,0.0,0.8522727272727272,22.22222222222222,0.0,0.0,0.2840909090909091,0.0,100.0,0.0,0.1893939393939394,0.0,0.0,0.0,0.1893939393939394,50.0,0.0,0.0,,,,
Dennis Novikov,0.5087719298245614,0.8620689655172413,0.5357142857142857,0.4259259259259259,0.1531531531531531,0.1261261261261261,0.087719298245614,0.087719298245614,0.4285714285714285,0.25,0.3214285714285714,0.019607843,0.5,0.0,0.0,0.5,44.11764705882353,15.555555555555555,13.333333333333334,6.666666666666667,55.88235294117647,8.771929824561402,1.7543859649122806,10.526315789473683,41.17647058823529,14.285714285714285,14.285714285714285,4.761904761904762,50.98039215686274,7.6923076923076925,1.9230769230769231,9.615384615384617,0.9803921568627452,0.0,0.0,0.0,0.9803921568627452,0.0,0.0,0.0,,,,,1.96078431372549,50.0,0.0,0.0,,,,,,,,,1.96078431372549,50.0,0.0,50.0,,,,,,,,,1.96078431372549,0.0,0.0,50.0,,,,,,,,,,,,,,,,
Devin Britton,0.57,0.5964912280701754,0.3488372093023256,0.2753623188405797,0.165680473372781,0.2840236686390532,0.09,0.07,0.3181818181818182,0.0909090909090909,0.5909090909090909,0.109289617,0.4,0.35,0.05,0.5,45.3551912568306,13.253012048192772,1.2048192771084338,24.09638554216868,54.644808743169406,10.0,5.0,19.0,38.25136612021858,12.857142857142856,1.4285714285714286,22.857142857142858,41.53005464480874,5.263157894736842,5.263157894736842,18.421052631578945,2.185792349726776,0.0,0.0,0.0,6.0109289617486334,0.0,0.0,9.090909090909092,3.825136612021858,28.57142857142857,0.0,57.14285714285714,6.0109289617486334,54.54545454545454,9.090909090909092,27.27272727272727,,,,,,,,,,,,,0.546448087431694,0.0,0.0,100.0,,,,,0.546448087431694,0.0,0.0,0.0,1.092896174863388,0.0,0.0,0.0,,,,,,,,,,,,
Diego Hartfield,0.6829268292682927,0.5714285714285714,0.4871794871794871,0.3444444444444444,0.0892018779342723,0.2112676056338028,0.016260162601626,0.0,0.2435897435897435,0.2051282051282051,0.5512820512820513,0.072192513,0.407407407,0.074074074,0.111111111,0.62962963,47.593582887700535,4.49438202247191,5.056179775280898,11.235955056179774,52.406417112299465,5.612244897959184,3.571428571428571,11.73469387755102,38.23529411764706,3.4965034965034967,4.195804195804196,11.188811188811188,42.24598930481284,0.6329113924050633,3.1645569620253164,12.025316455696204,4.27807486631016,0.0,0.0,12.5,4.010695187165775,0.0,0.0,13.333333333333334,1.6042780748663104,0.0,33.33333333333333,0.0,3.7433155080213902,64.28571428571429,0.0,7.142857142857142,1.6042780748663104,33.33333333333333,16.666666666666664,16.666666666666664,,,,,1.3368983957219251,20.0,0.0,20.0,1.8716577540106951,14.285714285714285,28.57142857142857,14.285714285714285,0.53475935828877,0.0,0.0,0.0,0.267379679144385,0.0,0.0,0.0,,,,,0.267379679144385,0.0,0.0,0.0,,,,,,,,
Diego Schwartzman,0.6363878529568461,0.636668061950607,0.5018315018315018,0.3743190661478599,0.1184124063608884,0.1883296096727559,0.0378263185935002,0.027437400106553,0.2998872604284103,0.2142051860202931,0.4851559564073656,0.023539982,0.480916031,0.1043257,0.10178117,0.727735369,49.883198562443845,5.943804034582133,4.142651296829971,8.273294908741596,50.00299490865528,3.617632965979876,2.695256348826066,7.211308097747963,45.16322252171309,4.496021220159151,3.9920424403183024,8.514588859416445,42.55765199161425,2.674173117522871,2.505277973258269,7.572132301196341,2.3839472896076668,2.512562814070352,2.512562814070352,0.5025125628140703,4.971548367774783,0.4819277108433735,1.8072289156626504,3.734939759036145,0.7307577118897873,54.91803278688525,8.19672131147541,13.934426229508196,0.7786762503743636,51.53846153846153,11.538461538461538,10.0,0.5031446540880503,46.42857142857143,7.142857142857142,8.333333333333332,0.0239592692422881,25.0,0.0,0.0,0.4672057502246181,32.05128205128205,11.538461538461538,21.7948717948718,0.6049715483677748,24.75247524752476,6.930693069306932,18.81188118811881,0.4552261156034741,7.894736842105263,5.263157894736842,1.3157894736842104,0.9284216831386644,5.806451612903226,3.870967741935484,0.0,0.1138065289008685,31.57894736842105,15.789473684210526,15.789473684210526,0.1257861635220125,23.809523809523807,19.047619047619047,4.761904761904762,0.0658879904162923,27.27272727272727,18.181818181818183,0.0,0.011979634621144,50.0,0.0,0.0
Dimitar Kuzmanov,0.6533333333333333,0.6326530612244898,0.4615384615384615,0.3469387755102041,0.1144781144781144,0.138047138047138,0.0133333333333333,0.0666666666666666,0.25,0.34375,0.40625,0.01682243,0.666666667,0.0,0.333333333,1.0,53.45794392523364,5.594405594405594,6.993006993006993,9.090909090909092,46.54205607476635,3.212851405622489,5.220883534136546,5.220883534136546,47.47663551401869,5.118110236220472,7.480314960629922,9.84251968503937,24.299065420560748,2.307692307692308,4.615384615384616,4.615384615384616,5.046728971962617,0.0,0.0,0.0,19.81308411214953,0.9433962264150944,3.7735849056603774,6.60377358490566,,,,,0.7476635514018692,50.0,50.0,0.0,0.5607476635514018,66.66666666666666,33.33333333333333,0.0,0.1869158878504673,100.0,0.0,0.0,0.1869158878504673,0.0,0.0,100.0,0.3738317757009346,0.0,0.0,0.0,,,,,1.1214953271028036,16.666666666666664,16.666666666666664,0.0,,,,,,,,,0.1869158878504673,100.0,0.0,0.0,,,,
Dino Prizmic,0.6633333333333333,0.6381909547738693,0.4752475247524752,0.3866279069767442,0.0962732919254658,0.1428571428571428,0.0266666666666666,0.04,0.2427184466019417,0.3495145631067961,0.4077669902912621,0.016172507,0.416666667,0.0,0.166666667,0.791666667,53.70619946091644,5.018820577164367,6.273525721455458,5.897114178168131,46.29380053908356,1.455604075691412,3.2023289665211063,5.385735080058224,48.315363881401616,4.184100418410042,5.857740585774058,6.5550906555090656,39.01617250673854,1.381692573402418,3.281519861830743,5.699481865284974,3.0997304582210243,0.0,2.1739130434782608,0.0,5.795148247978436,0.0,0.0,3.488372093023256,0.4716981132075472,42.85714285714285,28.57142857142857,0.0,0.3369272237196766,20.0,0.0,0.0,0.5390835579514826,62.5,25.0,0.0,0.0673854447439353,100.0,0.0,0.0,0.7412398921832885,9.090909090909092,27.27272727272727,0.0,0.2695417789757413,0.0,25.0,25.0,0.3369272237196766,20.0,0.0,0.0,0.8086253369272237,0.0,16.666666666666664,0.0,0.2021563342318059,0.0,0.0,0.0,,,,,,,,,,,,
Dmitry Popko,0.6350148367952523,0.6355140186915887,0.4715447154471545,0.4166666666666667,0.0847457627118644,0.184899845916795,0.0415430267062314,0.0356083086053412,0.2047619047619047,0.2904761904761905,0.5047619047619047,0.015644556,0.44,0.2,0.12,0.68,54.943679599499376,3.644646924829157,4.89749430523918,6.947608200455581,45.056320400500624,1.5277777777777777,2.5,6.25,50.87609511889863,2.8290282902829027,4.674046740467404,7.134071340713407,41.614518147684606,1.3533834586466165,2.255639097744361,6.466165413533835,2.6282853566958697,0.0,2.380952380952381,0.0,2.3779724655819776,0.0,7.894736842105263,0.0,0.3754693366708385,16.666666666666664,33.33333333333333,16.666666666666664,0.1251564455569462,50.0,0.0,0.0,0.5632040050062578,66.66666666666666,11.11111111111111,11.11111111111111,0.0625782227784731,0.0,0.0,100.0,0.1251564455569462,0.0,50.0,0.0,0.0625782227784731,0.0,0.0,0.0,0.0625782227784731,0.0,0.0,0.0,0.688360450563204,0.0,0.0,0.0,,,,,,,,,0.3128911138923654,40.0,0.0,20.0,0.1251564455569462,50.0,0.0,50.0
Dmitry Tursunov,0.54858934169279,0.7542857142857143,0.5902777777777778,0.3283132530120481,0.2427035330261136,0.17357910906298,0.0344827586206896,0.1536050156739812,0.4128787878787879,0.2007575757575757,0.3863636363636363,0.021904762,0.52173913,0.173913043,0.043478261,0.739130435,48.95238095238096,15.17509727626459,6.809338521400778,9.53307392996109,50.95238095238095,5.794392523364486,3.364485981308411,9.906542056074766,43.238095238095234,14.096916299559473,7.268722466960352,9.47136563876652,42.76190476190476,5.79064587973274,3.78619153674833,9.57683741648107,2.2857142857142856,0.0,0.0,0.0,5.809523809523809,0.0,0.0,9.836065573770492,0.5714285714285714,83.33333333333334,0.0,16.666666666666664,0.1904761904761904,100.0,0.0,0.0,0.7619047619047619,37.5,0.0,12.5,,,,,0.9523809523809524,40.0,10.0,30.0,1.1428571428571428,25.0,8.333333333333332,16.666666666666664,0.5714285714285714,0.0,0.0,0.0,0.9523809523809524,0.0,0.0,10.0,0.1904761904761904,50.0,0.0,0.0,,,,,0.3809523809523809,25.0,25.0,25.0,0.0952380952380952,0.0,0.0,100.0
Dominic Stricker,0.5888888888888889,0.7877358490566038,0.5,0.332425068119891,0.1939477303988996,0.1623108665749656,0.05,0.1027777777777777,0.40625,0.203125,0.390625,0.085106383,0.525,0.0875,0.05,0.75,57.44680851063831,13.88888888888889,6.296296296296296,10.925925925925926,42.4468085106383,7.268170426065162,4.511278195488721,10.275689223057643,44.25531914893617,10.336538461538462,6.971153846153847,12.5,30.31914893617021,4.2105263157894735,4.912280701754386,11.228070175438596,6.170212765957447,3.4482758620689653,3.4482758620689653,1.7241379310344829,6.595744680851063,0.0,1.6129032258064515,6.451612903225806,2.7659574468085104,50.0,11.538461538461538,7.6923076923076925,3.297872340425532,51.61290322580645,3.225806451612903,12.903225806451612,1.808510638297872,76.47058823529412,0.0,5.88235294117647,0.1063829787234042,0.0,0.0,0.0,1.5957446808510638,26.666666666666668,0.0,20.0,0.6382978723404255,0.0,16.666666666666664,16.666666666666664,0.425531914893617,0.0,0.0,0.0,1.3829787234042552,7.6923076923076925,7.6923076923076925,0.0,0.3191489361702127,0.0,0.0,0.0,0.1063829787234042,0.0,0.0,0.0,0.1063829787234042,0.0,0.0,0.0,,,,
Dominic Thiem,0.619001184091384,0.7175649825587938,0.5272394881170018,0.3636869952659426,0.169388252498172,0.1814003690679294,0.0307863759838406,0.0896426830117712,0.3322191272051996,0.2240482822655524,0.442711234911792,0.034645576,0.46564452,0.105053947,0.106189665,0.738784781,53.21174919829231,9.124856730875882,6.222501571338781,9.72381410137908,46.74496842353774,4.667508417508418,3.0681818181818183,8.98989898989899,47.38436719195735,7.207805688187668,6.128295619680299,10.13078679676147,30.01239449920321,4.857423795476893,3.474270730907899,10.501474926253689,2.2487162840110964,2.012248468941382,2.187226596675416,2.4496937882764653,13.97627338723957,0.4786036036036035,0.9994369369369368,5.433558558558558,0.9856577937791418,49.30139720558882,9.3812375249501,13.373253493013973,0.8774518483542859,42.15246636771301,10.31390134529148,13.452914798206278,0.8735170867024731,62.612612612612615,9.45945945945946,4.954954954954955,0.0275433315626905,35.714285714285715,7.142857142857142,14.285714285714285,0.5862794861201283,24.16107382550336,10.06711409395973,12.08053691275168,1.052548741859962,21.30841121495327,10.46728971962617,14.205607476635516,0.5941490094237541,8.27814569536424,7.947019867549669,2.6490066225165565,0.6374313875936964,3.7037037037037033,4.012345679012346,1.5432098765432098,0.2774006964528124,26.95035460992908,9.929078014184398,7.801418439716312,0.1475535619429853,16.0,13.333333333333334,5.333333333333334,0.2616616498455606,36.84210526315789,18.79699248120301,13.533834586466163,0.0137716657813452,42.85714285714285,28.57142857142857,14.285714285714285
Dominik Hrbaty,0.5576923076923077,0.5344827586206896,0.5,0.3416666666666667,0.0982142857142857,0.1964285714285714,0.0384615384615384,0.0635593220338983,0.2576687116564417,0.2085889570552147,0.5337423312883436,0.020214031,0.411764706,0.352941176,0.058823529,0.588235294,48.71794871794872,4.736842105263158,2.631578947368421,12.105263157894736,51.28205128205128,2.5,3.5000000000000004,8.5,46.41025641025641,3.314917127071823,1.6574585635359116,11.60220994475138,47.69230769230769,2.6881720430107525,3.225806451612903,8.60215053763441,0.5128205128205128,0.0,50.0,0.0,2.8205128205128207,0.0,9.090909090909092,9.090909090909092,0.7692307692307693,66.66666666666666,0.0,0.0,0.5128205128205128,0.0,0.0,0.0,1.0256410256410255,25.0,25.0,50.0,,,,,,,,,,,,,,,,,0.2564102564102564,0.0,0.0,0.0,,,,,,,,,,,,,,,,
Dominik Koepfer,0.6420845624385447,0.6967840735068913,0.5247252747252747,0.3333333333333333,0.1566265060240964,0.179718875502008,0.0334316617502458,0.0835791543756145,0.3206751054852321,0.2264416315049226,0.4542897327707454,0.043744532,0.473333333,0.08,0.126666667,0.74,48.20647419072616,8.22746521476104,5.081669691470054,10.163339382940109,51.61854768153981,5.19774011299435,4.350282485875706,8.757062146892656,41.99475065616798,6.111111111111111,4.861111111111112,11.041666666666666,40.71157771945174,4.154727793696275,4.297994269340974,9.95702005730659,2.7704870224555265,0.0,3.1578947368421053,0.0,7.874015748031496,0.7407407407407408,1.1111111111111112,2.592592592592593,1.2831729367162437,52.27272727272727,4.545454545454546,6.8181818181818175,1.2540099154272382,44.18604651162791,20.930232558139537,6.976744186046512,1.2248468941382329,47.61904761904761,11.904761904761903,11.904761904761903,0.1458151064450277,80.0,0.0,0.0,0.1749781277340332,50.0,0.0,0.0,0.5540974044911053,5.263157894736842,26.31578947368421,31.57894736842105,0.4666083406240887,6.25,6.25,0.0,0.904053659959172,12.903225806451612,0.0,0.0,0.2041411490230388,14.285714285714285,28.57142857142857,0.0,0.0291630212890055,0.0,0.0,0.0,0.0874890638670166,0.0,33.33333333333333,33.33333333333333,0.1458151064450277,80.0,0.0,0.0
Donald Young,0.628099173553719,0.5657894736842105,0.4,0.323943661971831,0.1121673003802281,0.2186311787072243,0.0578512396694214,0.0289256198347107,0.2639593908629442,0.2233502538071066,0.5126903553299492,0.066666667,0.322033898,0.152542373,0.220338983,0.627118644,52.31638418079096,8.207343412526997,6.047516198704104,12.742980561555076,47.45762711864407,3.333333333333333,3.8095238095238098,10.0,46.10169491525424,5.392156862745098,4.901960784313726,12.990196078431374,36.72316384180791,3.076923076923077,2.4615384615384617,11.076923076923077,1.807909604519774,0.0,0.0,6.25,7.570621468926554,0.0,2.985074626865672,2.985074626865672,2.485875706214689,36.36363636363637,18.181818181818183,18.181818181818183,2.2598870056497176,15.0,25.0,15.0,1.4689265536723164,53.84615384615385,23.07692307692308,7.6923076923076925,,,,,,,,,0.1129943502824858,100.0,0.0,0.0,0.2259887005649717,0.0,0.0,0.0,0.5649717514124294,0.0,20.0,0.0,,,,,0.2259887005649717,0.0,0.0,50.0,0.2259887005649717,50.0,50.0,0.0,,,,
Dragos Dima,0.4878048780487805,0.75,0.5238095238095238,0.5918367346938775,0.1444444444444444,0.1666666666666666,0.048780487804878,0.024390243902439,0.3529411764705882,0.2647058823529412,0.3823529411764705,0.042372881,0.5,0.0,0.0,0.7,48.72881355932204,6.086956521739131,5.217391304347826,2.608695652173913,45.76271186440678,4.62962962962963,2.7777777777777777,9.25925925925926,41.52542372881356,2.0408163265306123,5.1020408163265305,3.061224489795918,35.16949152542373,1.2048192771084338,3.614457831325301,8.433734939759036,2.9661016949152543,0.0,0.0,0.0,6.3559322033898304,0.0,0.0,13.333333333333334,1.2711864406779665,66.66666666666666,0.0,0.0,0.847457627118644,50.0,0.0,0.0,1.2711864406779665,66.66666666666666,0.0,0.0,,,,,0.847457627118644,50.0,50.0,0.0,1.694915254237288,75.0,0.0,25.0,,,,,1.694915254237288,0.0,0.0,0.0,,,,,,,,,0.847457627118644,0.0,0.0,0.0,,,,
Duck Hee Lee,0.5961538461538461,0.5806451612903226,0.238095238095238,0.2916666666666667,0.04,0.27,0.0192307692307692,0.0192307692307692,0.075,0.275,0.65,0.005154639,0.0,1.0,0.0,0.0,53.09278350515464,1.9417475728155336,9.70873786407767,7.766990291262135,46.90721649484536,1.098901098901099,1.098901098901099,19.78021978021978,51.03092783505154,2.0202020202020203,10.1010101010101,8.080808080808081,44.84536082474227,1.1494252873563218,1.1494252873563218,19.54022988505747,1.0309278350515465,0.0,0.0,0.0,1.5463917525773196,0.0,0.0,0.0,,,,,0.5154639175257731,0.0,0.0,100.0,,,,,,,,,1.0309278350515465,0.0,0.0,0.0,,,,,,,,,,,,,,,,,,,,,,,,,,,,
Dudi Sela,0.5726495726495726,0.7114427860696517,0.54,0.366120218579235,0.1143654114365411,0.1283124128312412,0.0455840455840455,0.0341880341880341,0.3333333333333333,0.3047619047619048,0.3619047619047619,0.051973051,0.407407407,0.055555556,0.055555556,0.777777778,44.08084696823869,6.986899563318777,7.641921397379912,7.423580786026202,55.63041385948026,6.57439446366782,5.017301038062284,7.26643598615917,35.99615014436959,4.27807486631016,8.02139037433155,8.288770053475936,36.8623676612127,6.527415143603134,5.7441253263707575,8.093994778067886,4.138594802694899,4.651162790697675,2.3255813953488373,0.0,13.570741097208854,0.7092198581560284,2.127659574468085,2.8368794326241136,1.1549566891241578,75.0,0.0,8.333333333333332,2.5024061597690084,42.30769230769231,7.6923076923076925,7.6923076923076925,0.384985563041386,25.0,0.0,0.0,,,,,1.2512030798845042,15.384615384615383,15.384615384615383,15.384615384615383,1.539942252165544,6.25,0.0,31.25,0.5774783445620789,16.666666666666664,16.666666666666664,0.0,0.5774783445620789,0.0,33.33333333333333,0.0,0.5774783445620789,16.666666666666664,16.666666666666664,0.0,0.5774783445620789,0.0,0.0,0.0,,,,,,,,
Duje Ajdukovic,0.7023809523809523,0.7288135593220338,0.48,0.3370786516853932,0.1734104046242774,0.1965317919075144,0.0238095238095238,0.0952380952380952,0.3188405797101449,0.217391304347826,0.463768115942029,0.022026432,0.8,0.0,0.2,1.0,54.62555066079295,11.29032258064516,4.838709677419355,17.741935483870968,45.37444933920705,7.766990291262135,8.737864077669903,9.70873786407767,52.42290748898678,8.403361344537815,5.042016806722689,18.487394957983195,43.61233480176212,7.07070707070707,8.080808080808081,10.1010101010101,0.4405286343612335,0.0,0.0,0.0,0.881057268722467,0.0,0.0,0.0,1.3215859030837005,100.0,0.0,0.0,0.4405286343612335,0.0,100.0,0.0,0.4405286343612335,100.0,0.0,0.0,,,,,,,,,0.4405286343612335,100.0,0.0,0.0,,,,,,,,,,,,,,,,,,,,,,,,
Dusan Lajovic,0.6836335160532498,0.643184421534937,0.4628712871287129,0.3299798792756539,0.1478467949990077,0.1917047033141496,0.018794048551292,0.0755677368833202,0.2940863079381992,0.2152370804475226,0.48907831646244,0.031019979,0.410169492,0.159322034,0.071186441,0.616949153,55.56256572029443,7.342922028766086,5.658591975775927,9.822104466313398,44.39537329127234,3.8844149692089056,2.4869729985788727,9.426811937470394,49.87381703470032,5.88235294117647,5.776934429685853,9.867172675521822,30.52576235541536,3.65139510850844,2.8246641405442645,10.058560110230797,2.691903259726604,3.125,1.5625,1.953125,11.251314405888538,0.6542056074766356,0.9345794392523364,7.383177570093458,0.7676130389064143,42.465753424657535,5.47945205479452,13.6986301369863,0.8201892744479496,41.02564102564102,8.974358974358974,15.384615384615383,0.8622502628811778,50.0,6.097560975609756,15.853658536585366,0.0946372239747634,22.22222222222222,0.0,11.11111111111111,0.6414300736067298,24.59016393442623,11.475409836065571,22.950819672131143,0.8727655099894847,18.072289156626507,6.024096385542169,14.457831325301203,0.2944269190325972,3.571428571428571,3.571428571428571,0.0,0.704521556256572,0.0,0.0,0.0,0.1472134595162986,7.142857142857142,0.0,28.57142857142857,0.1156677181913774,18.181818181818183,9.090909090909092,9.090909090909092,0.2839116719242902,44.44444444444444,14.814814814814811,18.51851851851852,0.010515247108307,0.0,0.0,100.0
Dustin Brown,0.6460767946577629,0.7260981912144703,0.5094339622641509,0.3600344530577088,0.2301822806273845,0.1547265790589232,0.0492487479131886,0.1277128547579298,0.4295154185022026,0.2323788546255506,0.3370044052863436,0.21182266,0.359570662,0.1019678,0.14490161,0.685152057,55.24820007578628,17.76406035665295,8.710562414266118,12.34567901234568,44.56233421750663,11.139455782312924,7.0578231292517,10.629251700680271,28.49564228874574,11.569148936170212,5.851063829787234,14.627659574468083,27.20727548313755,7.66016713091922,6.685236768802229,10.167130919220057,6.934444865479349,3.278688524590164,5.46448087431694,8.743169398907105,7.123910572186435,2.6595744680851063,3.191489361702128,7.978723404255319,9.549071618037134,40.47619047619048,14.285714285714285,9.126984126984128,5.873436907919666,33.5483870967742,12.903225806451612,13.548387096774196,1.8567639257294428,53.06122448979592,24.489795918367346,6.122448979591836,0.1136794240242516,33.33333333333333,33.33333333333333,33.33333333333333,5.380826070481243,15.492957746478872,9.859154929577464,16.901408450704224,1.4399393709738535,13.157894736842104,2.631578947368421,23.684210526315788,0.9852216748768472,23.07692307692308,11.538461538461538,0.0,1.0610079575596816,10.714285714285714,10.714285714285714,3.571428571428571,1.7809776430466089,10.638297872340424,17.02127659574468,6.382978723404255,1.1367942402425162,3.333333333333333,6.666666666666667,10.0,0.2652519893899204,71.42857142857143,0.0,14.285714285714285,0.6062902614626753,56.25,12.5,12.5
Dylan Dietrich,0.5625,0.7777777777777778,0.7142857142857143,0.4333333333333333,0.2962962962962963,0.3055555555555556,0.0625,0.2291666666666666,0.3559322033898305,0.135593220338983,0.5084745762711864,0.026737968,0.8,0.2,0.0,0.8,50.80213903743316,13.684210526315791,7.368421052631578,14.736842105263156,49.19786096256685,8.695652173913043,1.0869565217391304,17.391304347826086,48.1283422459893,13.333333333333334,7.777777777777778,14.444444444444445,43.85026737967914,6.097560975609756,0.0,17.073170731707318,1.06951871657754,0.0,0.0,0.0,2.6737967914438503,0.0,0.0,20.0,0.53475935828877,100.0,0.0,0.0,2.13903743315508,75.0,0.0,25.0,,,,,,,,,0.53475935828877,0.0,0.0,100.0,0.53475935828877,0.0,100.0,0.0,0.53475935828877,0.0,0.0,0.0,,,,,,,,,,,,,,,,,,,,
Dzmitry Zhyrmont,0.611764705882353,0.6538461538461539,0.5151515151515151,0.3026315789473684,0.0869565217391304,0.3229813664596273,0.0235294117647058,0.0588235294117647,0.1323529411764706,0.1323529411764706,0.7352941176470589,0.022435897,0.142857143,0.285714286,0.0,0.428571429,47.756410256410255,5.369127516778524,4.026845637583892,13.422818791946307,52.24358974358975,0.6134969325153374,1.8404907975460123,18.404907975460123,42.30769230769231,5.303030303030303,4.545454545454546,12.12121212121212,42.62820512820512,0.7518796992481203,2.255639097744361,19.548872180451127,3.205128205128205,0.0,0.0,0.0,8.333333333333332,0.0,0.0,11.538461538461538,0.3205128205128205,0.0,0.0,100.0,0.641025641025641,0.0,0.0,0.0,0.9615384615384616,33.33333333333333,0.0,33.33333333333333,,,,,0.3205128205128205,0.0,0.0,100.0,0.3205128205128205,0.0,0.0,0.0,0.3205128205128205,0.0,0.0,100.0,0.3205128205128205,0.0,0.0,100.0,0.3205128205128205,0.0,0.0,0.0,,,,,,,,,,,,
Edouard Roger Vasselin,0.6707317073170732,0.7090909090909091,0.5555555555555556,0.3674242424242424,0.1372549019607843,0.1607843137254902,0.016260162601626,0.0365853658536585,0.3351648351648351,0.2362637362637362,0.4285714285714285,0.088157895,0.328358209,0.089552239,0.104477612,0.671641791,55.13157894736842,8.1145584725537,5.966587112171838,10.97852028639618,44.86842105263158,7.917888563049853,5.278592375366569,9.3841642228739,44.34210526315789,5.044510385756676,5.934718100890208,12.166172106824924,31.31578947368421,7.563025210084033,5.46218487394958,11.344537815126053,3.8157894736842106,3.4482758620689653,3.4482758620689653,3.4482758620689653,8.552631578947368,0.0,1.5384615384615383,3.076923076923077,3.1578947368421053,29.166666666666668,12.5,8.333333333333332,3.552631578947368,29.629629629629623,11.11111111111111,11.11111111111111,1.1842105263157896,66.66666666666666,11.11111111111111,11.11111111111111,,,,,1.1842105263157896,22.22222222222222,0.0,11.11111111111111,0.7894736842105263,16.666666666666664,16.666666666666664,0.0,0.6578947368421052,0.0,0.0,0.0,0.5263157894736842,0.0,0.0,0.0,0.6578947368421052,0.0,0.0,0.0,0.131578947368421,0.0,0.0,0.0,0.131578947368421,100.0,0.0,0.0,,,,
Eduardo Russi,0.6388888888888888,0.4782608695652174,0.3846153846153846,0.2666666666666666,0.0864197530864197,0.2716049382716049,0.0833333333333333,0.0555555555555555,0.1851851851851851,0.1111111111111111,0.7037037037037037,0.105882353,0.222222222,0.555555556,0.0,0.222222222,38.82352941176471,3.0303030303030303,6.0606060606060606,24.24242424242424,61.1764705882353,7.6923076923076925,1.9230769230769231,21.15384615384616,30.58823529411765,0.0,3.8461538461538463,30.76923076923077,43.52941176470589,8.108108108108109,2.702702702702702,13.513513513513514,4.705882352941177,0.0,25.0,0.0,7.0588235294117645,0.0,0.0,16.666666666666664,1.1764705882352942,100.0,0.0,0.0,5.88235294117647,20.0,0.0,60.0,,,,,,,,,1.1764705882352942,0.0,0.0,0.0,,,,,1.1764705882352942,0.0,0.0,0.0,1.1764705882352942,0.0,0.0,0.0,,,,,3.5294117647058822,0.0,0.0,66.66666666666666,,,,,,,,
Eduardo Struvay,0.5740740740740741,0.6774193548387096,0.4347826086956521,0.2982456140350877,0.1531531531531531,0.1981981981981982,0.1296296296296296,0.1296296296296296,0.3125,0.21875,0.46875,0.182692308,0.263157895,0.263157895,0.052631579,0.421052632,33.65384615384615,14.285714285714285,8.571428571428571,20.0,66.34615384615384,7.246376811594203,5.797101449275362,11.594202898550725,24.03846153846154,12.0,12.0,20.0,26.923076923076923,7.142857142857142,10.714285714285714,7.142857142857142,3.8461538461538463,0.0,0.0,0.0,25.961538461538463,0.0,0.0,7.4074074074074066,1.9230769230769231,0.0,0.0,50.0,11.538461538461538,16.666666666666664,8.333333333333332,25.0,2.8846153846153846,66.66666666666666,0.0,33.33333333333333,,,,,,,,,0.9615384615384616,0.0,0.0,100.0,,,,,,,,,0.9615384615384616,0.0,0.0,0.0,0.9615384615384616,100.0,0.0,0.0,,,,,,,,
Egor Gerasimov,0.6432964329643296,0.7074569789674953,0.503448275862069,0.3619489559164733,0.1641791044776119,0.1713432835820895,0.030750307503075,0.0959409594095941,0.3327702702702703,0.2246621621621621,0.4425675675675675,0.063147344,0.412698413,0.095238095,0.116402116,0.740740741,50.35081857667891,8.560053085600531,5.04313205043132,8.161911081619111,49.64918142332108,4.5760430686406455,3.835800807537012,9.353970390309556,43.33444704310057,4.780262143407865,4.548959136468774,8.249807247494218,41.496825927163385,4.025764895330113,3.7037037037037033,9.66183574879227,1.8042098229201469,3.7037037037037033,0.0,0.0,5.078516538590043,0.6578947368421052,1.973684210526316,5.921052631578947,1.937854994988306,43.103448275862064,10.344827586206897,10.344827586206897,1.5035081857667891,28.88888888888889,13.333333333333334,15.555555555555555,1.8042098229201469,57.407407407407405,12.962962962962962,1.851851851851852,0.0668225860340795,50.0,0.0,0.0,0.5011693952555965,13.333333333333334,0.0,40.0,0.4677581022385567,14.285714285714285,7.142857142857142,0.0,0.2672903441363181,0.0,12.5,12.5,0.7350484463748747,0.0,4.545454545454546,4.545454545454546,0.3675242231874373,9.090909090909092,9.090909090909092,18.181818181818183,0.2338790511192783,0.0,0.0,14.285714285714285,0.3341129301703976,60.0,20.0,0.0,0.0668225860340795,50.0,0.0,50.0
Elias Ymer,0.5804597701149425,0.6138613861386139,0.410958904109589,0.3801169590643274,0.1275362318840579,0.2811594202898551,0.0402298850574712,0.0402298850574712,0.2466666666666666,0.1533333333333333,0.6,0.014285714,0.307692308,0.153846154,0.384615385,0.692307692,51.64835164835166,6.382978723404255,2.553191489361702,11.27659574468085,47.91208791208791,1.6055045871559634,2.522935779816514,8.486238532110093,48.46153846153846,5.895691609977324,2.0408163265306123,11.337868480725623,40.989010989010985,1.6085790884718498,2.1447721179624666,8.579088471849866,1.3186813186813189,0.0,0.0,0.0,5.274725274725275,0.0,0.0,8.333333333333332,0.2197802197802197,50.0,50.0,0.0,0.4395604395604395,0.0,50.0,0.0,0.4395604395604395,75.0,0.0,25.0,,,,,0.3296703296703296,0.0,0.0,33.33333333333333,,,,,0.5494505494505495,0.0,0.0,0.0,1.208791208791209,9.090909090909092,9.090909090909092,9.090909090909092,0.1098901098901098,0.0,100.0,0.0,,,,,0.2197802197802197,0.0,50.0,50.0,,,,
Eliot Spizzirri,0.5531914893617021,0.6538461538461539,0.5873015873015873,0.3431952662721893,0.0870967741935483,0.1483870967741935,0.0425531914893617,0.0425531914893617,0.2386363636363636,0.3068181818181818,0.4545454545454545,0.044401544,0.217391304,0.086956522,0.130434783,0.652173913,54.054054054054056,5.714285714285714,5.357142857142857,8.928571428571429,45.94594594594595,2.100840336134454,5.042016806722689,6.302521008403361,50.57915057915058,4.580152671755725,5.343511450381679,8.778625954198473,36.48648648648648,2.1164021164021163,4.232804232804233,6.878306878306878,0.3861003861003861,0.0,0.0,50.0,6.94980694980695,0.0,2.7777777777777777,2.7777777777777777,0.9652509652509652,20.0,20.0,20.0,1.5444015444015444,0.0,12.5,12.5,0.9652509652509652,40.0,0.0,0.0,,,,,0.3861003861003861,0.0,0.0,0.0,0.3861003861003861,0.0,50.0,0.0,0.193050193050193,0.0,0.0,0.0,0.193050193050193,0.0,0.0,0.0,0.193050193050193,0.0,0.0,0.0,0.193050193050193,0.0,100.0,0.0,0.3861003861003861,50.0,0.0,0.0,0.193050193050193,100.0,0.0,0.0
Elliot Benchetrit,0.5787545787545788,0.689873417721519,0.5130434782608696,0.308300395256917,0.1901140684410646,0.2414448669201521,0.0293040293040293,0.0769230769230769,0.341991341991342,0.1428571428571428,0.5151515151515151,0.043995244,0.621621622,0.027027027,0.054054054,0.702702703,50.65398335315101,10.328638497652582,3.755868544600939,15.023474178403756,49.34601664684899,8.433734939759036,4.096385542168675,13.253012048192772,39.95243757431629,5.357142857142857,3.869047619047619,16.36904761904762,31.86682520808561,8.955223880597014,5.223880597014925,15.298507462686567,5.35077288941736,2.2222222222222223,6.666666666666667,2.2222222222222223,13.79310344827586,0.8620689655172413,0.8620689655172413,11.20689655172414,1.3079667063020213,72.72727272727273,0.0,9.090909090909092,1.426872770511296,50.0,8.333333333333332,0.0,1.070154577883472,100.0,0.0,0.0,,,,,2.378121284185493,40.0,0.0,25.0,0.713436385255648,50.0,0.0,16.666666666666664,0.2378121284185493,0.0,0.0,100.0,1.3079667063020213,9.090909090909092,0.0,0.0,0.356718192627824,0.0,0.0,0.0,0.2378121284185493,0.0,50.0,0.0,,,,,,,,
Elmer Moller,0.6145124716553289,0.6199261992619927,0.4823529411764706,0.3807439824945295,0.1358574610244989,0.22271714922049,0.0544217687074829,0.0589569160997732,0.2798833819241982,0.2069970845481049,0.5131195335276968,0.018709677,0.517241379,0.068965517,0.034482759,0.689655172,49.16129032258065,5.2493438320209975,5.118110236220472,10.761154855643044,50.83870967741936,7.106598984771575,4.060913705583756,11.928934010152284,45.41935483870968,3.835227272727273,5.113636363636364,11.363636363636363,46.064516129032256,7.002801120448179,4.341736694677871,13.025210084033615,2.064516129032258,3.125,6.25,0.0,2.903225806451613,0.0,0.0,2.2222222222222223,0.5806451612903226,44.44444444444444,11.11111111111111,0.0,0.4516129032258065,28.57142857142857,0.0,0.0,0.5806451612903226,77.77777777777779,0.0,11.11111111111111,,,,,0.064516129032258,0.0,0.0,0.0,0.6451612903225806,30.0,10.0,0.0,0.3225806451612903,0.0,0.0,0.0,0.6451612903225806,0.0,0.0,0.0,0.1290322580645161,50.0,0.0,50.0,,,,,,,,,0.1290322580645161,50.0,0.0,0.0
Emil Ruusuvuori,0.6423862887277522,0.6798358132375577,0.5170506912442396,0.3652259980204553,0.1353668590272052,0.2151690024732069,0.0398813447593935,0.070533948582729,0.2616379310344827,0.2275862068965517,0.5103448275862069,0.029656389,0.501416431,0.116147309,0.104815864,0.742209632,52.04570276400907,6.42453591606134,5.10088781275222,10.476190476190476,47.937494749222886,3.645285664213109,3.715387311601823,9.376095338240448,48.02150718306309,4.408677396780965,4.96850944716585,10.67179846046186,42.85474250189028,2.6661438933542443,3.489511860419526,9.292295628308176,1.335797698059313,1.8867924528301887,0.628930817610063,3.7735849056603774,3.335293623456272,0.5037783375314862,4.785894206549118,7.8085642317380355,0.7561119045618752,58.88888888888889,11.11111111111111,12.22222222222222,0.8821305553221876,47.61904761904761,5.714285714285714,17.142857142857142,0.613290767033521,64.38356164383562,9.58904109589041,8.21917808219178,0.0336049735360833,0.0,50.0,25.0,0.5292783331933126,34.92063492063492,7.936507936507936,19.047619047619047,0.3360497353608334,32.5,7.5,25.0,0.2604385449046458,0.0,0.0,0.0,0.3444509787448542,2.4390243902439024,2.4390243902439024,0.0,0.2352348147525833,17.857142857142858,10.714285714285714,7.142857142857142,0.1176174073762916,21.428571428571427,21.428571428571427,7.142857142857142,0.2940435184407292,45.71428571428572,17.142857142857142,5.714285714285714,0.0336049735360833,75.0,0.0,0.0
Emilio Gomez,0.5056179775280899,0.7,0.5568181818181818,0.3035714285714285,0.1213872832369942,0.1387283236994219,0.0280898876404494,0.0561797752808988,0.3333333333333333,0.21875,0.4479166666666667,0.016920474,0.3,0.2,0.2,0.6,52.11505922165821,9.090909090909092,4.545454545454546,7.142857142857142,47.88494077834179,1.413427561837456,2.4734982332155475,7.420494699646643,48.22335025380711,8.771929824561402,4.56140350877193,7.368421052631578,40.27072758037225,1.680672268907563,2.100840336134454,7.142857142857142,2.707275803722504,0.0,0.0,0.0,5.922165820642978,0.0,2.857142857142857,5.714285714285714,0.5076142131979695,66.66666666666666,0.0,0.0,0.676818950930626,0.0,25.0,25.0,0.338409475465313,50.0,0.0,50.0,,,,,0.1692047377326565,0.0,0.0,0.0,0.1692047377326565,0.0,0.0,100.0,,,,,0.8460236886632826,0.0,0.0,0.0,,,,,,,,,0.1692047377326565,0.0,100.0,0.0,,,,
Emilio Nava,0.6744186046511628,0.7432950191570882,0.5476190476190477,0.3462414578587699,0.2046004842615012,0.2263922518159806,0.0361757105943152,0.1214470284237726,0.3398328690807799,0.1754874651810584,0.4818941504178273,0.033639144,0.545454545,0.159090909,0.113636364,0.75,50.61162079510704,12.084592145015106,6.042296072507553,13.595166163141997,49.235474006116206,6.521739130434782,3.571428571428571,12.888198757763975,45.79510703363914,10.35058430717863,5.509181969949917,13.52253756260434,44.41896024464832,5.163511187607573,3.4423407917383817,13.080895008605854,1.7584097859327217,4.3478260869565215,4.3478260869565215,0.0,3.058103975535168,5.0,2.5,12.5,0.9938837920489296,46.15384615384615,15.384615384615383,23.07692307692308,1.146788990825688,53.333333333333336,13.333333333333334,13.333333333333334,0.8409785932721712,63.63636363636363,9.090909090909092,18.181818181818183,,,,,0.764525993883792,20.0,10.0,40.0,0.0764525993883792,0.0,0.0,0.0,0.1529051987767584,0.0,100.0,0.0,0.4587155963302752,16.666666666666664,0.0,0.0,0.2293577981651376,33.33333333333333,0.0,0.0,,,,,0.0764525993883792,100.0,0.0,0.0,0.0764525993883792,100.0,0.0,0.0
Enzo Couacaud,0.6294642857142857,0.6382978723404256,0.4578313253012048,0.3221153846153846,0.1064814814814814,0.162037037037037,0.0133928571428571,0.0401785714285714,0.2803030303030303,0.2121212121212121,0.5075757575757576,0.042983565,0.382352941,0.088235294,0.029411765,0.676470588,52.84450063211125,5.023923444976076,5.023923444976076,9.808612440191387,47.15549936788875,4.289544235924933,1.876675603217158,6.970509383378016,42.22503160556258,3.293413173652695,5.9880239520958085,11.077844311377245,36.40960809102402,4.166666666666666,2.430555555555556,6.944444444444445,6.700379266750948,0.0,0.0,0.0,7.711757269279393,0.0,0.0,6.557377049180328,1.390644753476612,45.45454545454545,9.090909090909092,9.090909090909092,1.5170670037926677,25.0,0.0,0.0,1.2642225031605565,50.0,0.0,20.0,,,,,0.1264222503160556,0.0,0.0,0.0,0.7585335018963337,0.0,0.0,33.33333333333333,1.0113780025284451,0.0,0.0,12.5,0.7585335018963337,16.666666666666664,0.0,0.0,,,,,,,,,0.1264222503160556,0.0,0.0,0.0,,,,
Ergi Kirkin,0.5342465753424658,0.6666666666666666,0.4705882352941176,0.5245901639344263,0.1492537313432835,0.2313432835820895,0.0273972602739726,0.0821917808219178,0.2745098039215686,0.1568627450980392,0.5686274509803921,0.009584665,0.333333333,0.0,0.333333333,1.0,42.81150159744409,4.477611940298507,2.238805970149253,5.970149253731343,55.27156549520767,4.624277456647398,2.8901734104046244,12.13872832369942,37.69968051118211,2.5423728813559325,1.694915254237288,6.779661016949152,46.64536741214057,1.36986301369863,1.36986301369863,11.643835616438356,1.9169329073482428,0.0,0.0,0.0,3.1948881789137378,10.0,10.0,0.0,0.3194888178913738,0.0,100.0,0.0,0.3194888178913738,100.0,0.0,0.0,,,,,,,,,1.9169329073482428,50.0,0.0,0.0,4.472843450479233,28.57142857142857,14.285714285714285,28.57142857142857,0.6389776357827476,0.0,0.0,0.0,0.6389776357827476,0.0,0.0,0.0,,,,,,,,,0.3194888178913738,0.0,0.0,0.0,,,,
Ernesto Escobedo,0.546875,0.8285714285714286,0.5172413793103449,0.2258064516129032,0.1111111111111111,0.119047619047619,0.078125,0.015625,0.3611111111111111,0.3611111111111111,0.2777777777777778,0.036231884,0.6,0.0,0.0,0.8,44.20289855072464,16.39344262295082,8.19672131147541,11.475409836065571,55.79710144927537,3.896103896103896,10.38961038961039,3.896103896103896,36.231884057971016,16.0,10.0,14.000000000000002,50.72463768115942,2.857142857142857,11.428571428571429,4.285714285714286,4.3478260869565215,0.0,0.0,0.0,4.3478260869565215,0.0,0.0,0.0,1.4492753623188406,0.0,0.0,0.0,0.7246376811594203,100.0,0.0,0.0,1.4492753623188406,100.0,0.0,0.0,,,,,,,,,,,,,0.7246376811594203,0.0,0.0,0.0,,,,,,,,,,,,,,,,,,,,
Ernests Gulbis,0.5901287553648069,0.7757575757575758,0.5357766143106457,0.3547249647390691,0.1782670454545454,0.2056107954545454,0.0393419170243204,0.1416309012875536,0.296875,0.1923828125,0.5107421875,0.024193548,0.441441441,0.09009009,0.09009009,0.72972973,42.24062772449869,8.101135190918471,4.231166150670795,14.189886480908154,57.6721883173496,5.555555555555555,4.346182917611489,9.334845049130765,34.350479511769834,5.774111675126903,4.187817258883249,15.989847715736042,50.828247602441145,4.716981132075472,3.987993138936536,9.777015437392796,4.489973844812554,3.883495145631068,2.912621359223301,3.3980582524271843,3.4655623365300787,2.515723270440252,2.515723270440252,3.7735849056603774,0.7410636442894507,44.11764705882353,2.941176470588235,17.647058823529413,0.6974716652136007,31.25,15.625,6.25,0.7410636442894507,64.70588235294117,8.823529411764707,2.941176470588235,0.04359197907585,50.0,50.0,0.0,1.0026155187445511,30.434782608695656,8.695652173913043,8.695652173913043,1.6782911944202266,24.67532467532468,15.584415584415584,12.987012987012983,0.7846556233653008,16.666666666666664,5.555555555555555,11.11111111111111,0.8936355710549259,7.317073170731707,0.0,2.4390243902439024,0.1307759372275501,16.666666666666664,0.0,16.666666666666664,0.04359197907585,0.0,0.0,0.0,,,,,0.021795989537925,0.0,0.0,0.0
Ethan Quinn,0.631578947368421,0.7107843137254902,0.5126050420168067,0.3596214511041009,0.1875,0.190625,0.0433436532507739,0.0928792569659442,0.3571428571428571,0.2142857142857142,0.4285714285714285,0.057671382,0.41509434,0.150943396,0.150943396,0.698113208,53.31882480957562,13.46938775510204,7.551020408163265,13.46938775510204,46.57236126224157,5.607476635514018,3.738317757009345,9.813084112149532,41.67573449401523,11.488250652741517,7.310704960835509,15.404699738903393,34.82045701849837,5.625,4.0625,10.3125,6.420021762785637,0.0,3.389830508474576,0.0,8.269858541893363,0.0,1.3157894736842104,3.947368421052632,1.8498367791077257,52.94117647058824,11.76470588235294,5.88235294117647,1.7410228509249184,31.25,12.5,18.75,1.4145810663764962,53.84615384615385,23.07692307692308,23.07692307692308,,,,,0.9793253536452664,55.55555555555556,11.11111111111111,33.33333333333333,0.3264417845484222,0.0,0.0,66.66666666666666,0.6528835690968444,0.0,0.0,0.0,0.9793253536452664,11.11111111111111,0.0,0.0,0.3264417845484222,33.33333333333333,33.33333333333333,0.0,0.4352557127312296,0.0,0.0,25.0,,,,,,,,
Evan Furness,0.6721311475409836,0.8292682926829268,0.5,0.4520547945205479,0.1492537313432835,0.0895522388059701,0.0163934426229508,0.081967213114754,0.4054054054054054,0.2972972972972973,0.2972972972972973,0.016483516,1.0,0.0,0.0,1.0,66.48351648351648,8.264462809917356,6.6115702479338845,6.6115702479338845,33.51648351648351,8.19672131147541,4.918032786885246,4.918032786885246,59.34065934065934,8.333333333333332,7.4074074074074066,7.4074074074074066,13.736263736263735,12.0,8.0,12.0,4.395604395604396,0.0,0.0,0.0,15.934065934065933,0.0,0.0,0.0,,,,,0.5494505494505495,100.0,0.0,0.0,0.5494505494505495,100.0,0.0,0.0,0.5494505494505495,100.0,0.0,0.0,0.5494505494505495,0.0,0.0,0.0,0.5494505494505495,0.0,100.0,0.0,1.6483516483516485,0.0,0.0,0.0,2.197802197802198,0.0,0.0,0.0,,,,,,,,,,,,,,,,
Evan King,0.5660377358490566,0.7166666666666667,0.5652173913043478,0.3474576271186441,0.0580357142857142,0.1383928571428571,0.0188679245283018,0.0188679245283018,0.1594202898550724,0.4202898550724637,0.4202898550724637,0.036363636,0.5,0.2,0.0,0.7,65.81818181818181,4.41988950276243,8.287292817679557,11.049723756906078,34.18181818181818,3.191489361702128,14.893617021276595,9.574468085106384,60.72727272727273,2.395209580838324,8.383233532934131,11.377245508982035,22.181818181818183,3.278688524590164,13.114754098360656,11.475409836065571,1.4545454545454546,0.0,25.0,0.0,10.909090909090908,0.0,20.0,3.333333333333333,2.181818181818182,50.0,0.0,0.0,0.7272727272727273,50.0,0.0,50.0,0.3636363636363636,100.0,0.0,0.0,,,,,,,,,0.3636363636363636,0.0,0.0,0.0,0.7272727272727273,0.0,0.0,0.0,,,,,0.3636363636363636,0.0,0.0,100.0,,,,,,,,,,,,
Evan Zhu,0.6721311475409836,0.5609756097560976,0.2,0.3541666666666667,0.0458715596330275,0.3302752293577982,0.081967213114754,0.0,0.1041666666666666,0.25,0.6458333333333334,0.014869888,0.5,0.0,0.25,0.75,49.07063197026022,1.5151515151515151,2.272727272727273,15.151515151515152,50.92936802973978,2.18978102189781,6.569343065693431,8.02919708029197,42.37918215613383,0.0,1.7543859649122806,14.035087719298245,45.72490706319702,2.4390243902439024,7.317073170731707,7.317073170731707,4.83271375464684,0.0,0.0,23.07692307692308,4.089219330855019,0.0,0.0,0.0,0.7434944237918215,50.0,50.0,0.0,0.3717472118959107,0.0,0.0,0.0,0.3717472118959107,100.0,0.0,0.0,,,,,0.7434944237918215,0.0,0.0,50.0,0.3717472118959107,0.0,0.0,100.0,,,,,0.3717472118959107,0.0,0.0,100.0,,,,,,,,,,,,,,,,
Evgeny Donskoy,0.597667638483965,0.7317073170731707,0.5144927536231884,0.3373134328358209,0.163716814159292,0.1386430678466076,0.0291545189504373,0.0728862973760933,0.3539094650205761,0.3004115226337449,0.345679012345679,0.029467681,0.516129032,0.064516129,0.096774194,0.806451613,54.94296577946768,11.937716262975778,9.515570934256056,9.342560553633218,45.05703422053232,3.5864978902953584,3.79746835443038,6.329113924050633,50.19011406844106,10.606060606060606,9.659090909090908,9.469696969696969,37.73764258555133,2.770780856423174,4.030226700251889,7.052896725440807,1.3307984790874523,0.0,0.0,7.142857142857142,6.178707224334601,3.076923076923077,3.076923076923077,3.076923076923077,0.6653992395437262,57.14285714285714,0.0,14.285714285714285,0.3802281368821292,75.0,0.0,0.0,1.0456273764258557,54.54545454545454,18.181818181818183,0.0,0.0950570342205323,0.0,0.0,0.0,0.6653992395437262,0.0,14.285714285714285,14.285714285714285,0.0950570342205323,0.0,0.0,0.0,0.3802281368821292,0.0,0.0,0.0,0.4752851711026616,20.0,0.0,0.0,0.0950570342205323,0.0,0.0,0.0,0.0950570342205323,0.0,0.0,0.0,0.5703422053231939,50.0,16.666666666666664,16.666666666666664,,,,
Evgeny Korolev,0.5813953488372093,0.72,0.4444444444444444,0.2727272727272727,0.1020408163265306,0.2040816326530612,0.0465116279069767,0.0697674418604651,0.1944444444444444,0.3055555555555556,0.5,0.016,0.0,0.5,0.0,0.0,60.8,7.894736842105263,9.210526315789473,14.473684210526317,39.2,2.0408163265306123,8.16326530612245,14.285714285714285,58.4,8.21917808219178,9.58904109589041,13.6986301369863,34.4,0.0,6.976744186046512,16.27906976744186,0.8,0.0,0.0,0.0,3.2,0.0,25.0,0.0,0.8,0.0,0.0,100.0,,,,,0.8,0.0,0.0,0.0,,,,,,,,,0.8,100.0,0.0,0.0,,,,,0.8,0.0,0.0,0.0,,,,,,,,,,,,,,,,
Fabian Marozsan,0.6555323590814196,0.6932059447983014,0.509090909090909,0.3571950328707085,0.2323592302209551,0.180327868852459,0.0201809324982602,0.1565762004175365,0.3687392055267703,0.2193436960276338,0.4119170984455959,0.045911675,0.50952381,0.142857143,0.080952381,0.719047619,52.84215128989944,12.08109226313612,6.661150186181216,10.467521721141912,47.114123305640575,6.218097447795824,4.315545243619489,10.394431554524362,42.71972015741146,9.877175025588537,7.523029682702149,11.003070624360287,37.21031919545256,3.6427732079906,4.465334900117509,9.870740305522911,5.706165282028858,1.532567049808429,0.3831417624521072,3.4482758620689653,6.09969392216878,0.3584229390681003,0.7168458781362007,8.60215053763441,1.6178399650196764,51.35135135135135,8.108108108108109,16.216216216216218,1.5522518583296896,46.478873239436616,9.859154929577464,16.901408450704224,1.1368605159597729,53.84615384615385,7.6923076923076925,9.615384615384617,0.0218627022299956,100.0,0.0,0.0,1.2680367293397463,36.206896551724135,1.7241379310344829,18.96551724137931,1.9239177962396152,39.77272727272727,9.090909090909092,20.454545454545457,0.1967643200699606,22.22222222222222,22.22222222222222,11.11111111111111,0.2404897245299519,9.090909090909092,0.0,9.090909090909092,0.0655881066899868,33.33333333333333,0.0,0.0,0.0655881066899868,33.33333333333333,0.0,33.33333333333333,0.1311762133799737,83.33333333333334,0.0,0.0,,,,
Fabio Fognini,0.5811034027089528,0.6702671972711768,0.4629337539432177,0.3534067446662078,0.1629866846452048,0.2325973369290409,0.0462504129501156,0.0581433762801453,0.3160207750699161,0.1877746703955253,0.4954055133839393,0.036154631,0.561538462,0.107692308,0.074358974,0.782051282,49.80995642903496,9.62218499906942,5.8998697189651965,12.469756188349152,50.16223231667748,5.063759009425245,2.8275734614673813,10.51561633709111,43.01473996477242,7.06896551724138,6.077586206896552,13.254310344827584,40.08528784648188,3.839037927844589,2.8214616096207217,11.517113783533766,2.96653379067396,2.8125,1.25,0.625,7.453416149068323,0.8706467661691543,1.3681592039800996,5.721393034825871,1.0939093353110223,65.2542372881356,6.779661016949152,14.40677966101695,1.1680726800778716,59.523809523809526,8.73015873015873,8.73015873015873,0.8065263743394828,56.32183908045977,8.045977011494253,9.195402298850574,0.0463520904792806,80.0,0.0,0.0,1.0846389172151665,32.47863247863248,10.256410256410255,18.803418803418804,0.6860109390933531,17.56756756756757,10.81081081081081,16.216216216216218,0.4820617409845183,7.6923076923076925,1.9230769230769231,1.9230769230769231,0.5840363400389358,11.11111111111111,1.5873015873015872,1.5873015873015872,0.1297858533419857,28.57142857142857,0.0,0.0,0.1205154352461295,15.384615384615383,0.0,0.0,0.231760452396403,32.0,12.0,20.0,0.0185408361917122,0.0,0.0,50.0
Fabrice Santoro,0.578167115902965,0.5920745920745921,0.4664536741214057,0.3635057471264368,0.1223922114047287,0.0952712100139082,0.0161725067385444,0.0561797752808988,0.3355408388520971,0.3554083885209713,0.3068432671081678,0.084721424,0.247457627,0.077966102,0.149152542,0.654237288,54.56556082148499,4.284887087434859,4.111175448755066,3.879559930515344,45.30805687203792,3.97489539748954,4.951185495118549,4.044630404463041,19.399684044233805,2.6058631921824107,4.234527687296417,3.257328990228013,38.988941548183256,3.079416531604538,4.213938411669368,3.970826580226904,26.477093206951025,0.5966587112171837,1.1933174224343674,2.863961813842482,1.9589257503949449,3.225806451612903,3.225806451612903,0.0,3.475513428120064,27.27272727272727,12.727272727272728,9.090909090909092,2.4960505529225907,15.18987341772152,16.455696202531644,11.39240506329114,1.1058451816745656,54.285714285714285,20.0,2.857142857142857,0.1263823064770932,0.0,50.0,0.0,1.3902053712480251,6.8181818181818175,15.909090909090908,15.909090909090908,0.0631911532385466,0.0,0.0,0.0,1.8641390205371249,1.694915254237288,5.084745762711865,5.084745762711865,0.9794628751974724,6.451612903225806,3.225806451612903,0.0,0.8214849921011059,0.0,15.384615384615383,3.8461538461538463,0.5687203791469194,11.11111111111111,5.555555555555555,0.0,0.0315955766192733,0.0,0.0,100.0,0.1263823064770932,25.0,0.0,0.0
Facundo Arguello,0.6333333333333333,0.5263157894736842,0.5,0.2745098039215686,0.09009009009009,0.2972972972972973,0.05,0.0,0.217391304347826,0.1304347826086956,0.6521739130434783,0.01734104,0.666666667,0.0,0.333333333,1.0,66.47398843930635,7.82608695652174,5.217391304347826,17.391304347826086,33.52601156069364,1.7241379310344829,0.0,17.24137931034483,60.69364161849711,6.666666666666667,4.761904761904762,19.047619047619047,25.43352601156069,0.0,0.0,20.454545454545457,3.4682080924855487,0.0,0.0,0.0,7.514450867052023,7.6923076923076925,0.0,7.6923076923076925,1.1560693641618496,50.0,50.0,0.0,,,,,0.5780346820809248,100.0,0.0,0.0,,,,,0.5780346820809248,0.0,0.0,0.0,,,,,,,,,0.5780346820809248,0.0,0.0,0.0,,,,,,,,,,,,,,,,
Facundo Bagnis,0.6353467561521253,0.7007042253521126,0.4539877300613497,0.3269689737470167,0.1420323325635104,0.24364896073903,0.0335570469798657,0.0671140939597315,0.2473404255319149,0.2313829787234042,0.5212765957446809,0.040540541,0.420289855,0.072463768,0.188405797,0.739130435,55.4641598119859,6.779661016949152,5.402542372881356,11.016949152542372,44.47708578143361,3.830911492734478,4.7556142668428,12.15323645970938,47.41480611045829,4.584882280049566,4.584882280049566,11.400247831474598,35.13513513513514,2.508361204013378,4.013377926421405,12.040133779264217,2.937720329024677,2.0,2.0,0.0,5.992949471210341,0.0,3.92156862745098,10.784313725490197,1.1750881316098707,45.0,15.0,5.0,1.2338425381903642,42.85714285714285,14.285714285714285,14.285714285714285,0.9400705052878966,56.25,18.75,0.0,0.0587544065804935,100.0,0.0,0.0,2.2326674500587544,21.052631578947366,10.526315789473683,26.31578947368421,0.99882491186839,17.647058823529413,5.88235294117647,35.294117647058826,0.2350176263219741,0.0,0.0,0.0,0.9400705052878966,0.0,18.75,0.0,0.3525264394829612,0.0,16.666666666666664,16.666666666666664,0.117508813160987,50.0,50.0,0.0,0.1762632197414806,0.0,66.66666666666666,0.0,,,,
Facundo Diaz Acosta,0.6518771331058021,0.7068062827225131,0.5098039215686274,0.3125,0.1557223264540337,0.148217636022514,0.0341296928327645,0.0580204778156996,0.3928571428571428,0.1964285714285714,0.4107142857142857,0.028729282,0.653846154,0.076923077,0.038461538,0.769230769,62.651933701657455,8.112874779541446,4.056437389770723,6.701940035273369,37.127071823204425,5.952380952380952,2.976190476190476,8.928571428571429,52.48618784530387,5.894736842105263,3.789473684210527,6.7368421052631575,30.497237569060776,3.985507246376811,3.6231884057971016,9.782608695652174,5.303867403314917,4.166666666666666,0.0,6.25,3.7569060773480665,0.0,0.0,0.0,1.1049723756906076,70.0,10.0,0.0,1.2154696132596683,63.63636363636363,0.0,18.181818181818183,0.2209944751381215,100.0,0.0,0.0,,,,,2.6519337016574585,29.166666666666668,16.666666666666664,12.5,0.5524861878453038,20.0,0.0,20.0,0.6629834254143646,0.0,0.0,0.0,0.9944751381215468,0.0,0.0,0.0,0.1104972375690607,0.0,0.0,0.0,0.1104972375690607,100.0,0.0,0.0,0.1104972375690607,0.0,0.0,0.0,,,,
Facundo Mena,0.5370370370370371,0.5172413793103449,0.32,0.3898305084745763,0.0973451327433628,0.3716814159292035,0.037037037037037,0.0,0.1896551724137931,0.1206896551724138,0.6896551724137931,0.044117647,0.583333333,0.083333333,0.0,0.916666667,52.20588235294118,4.225352112676056,3.5211267605633805,14.084507042253522,47.794117647058826,3.8461538461538463,1.5384615384615383,15.384615384615383,44.85294117647059,1.639344262295082,4.098360655737705,13.114754098360656,36.39705882352941,0.0,1.0101010101010102,14.14141414141414,1.8382352941176472,0.0,0.0,0.0,5.514705882352941,6.666666666666667,6.666666666666667,20.0,0.3676470588235294,0.0,0.0,100.0,1.8382352941176472,80.0,0.0,0.0,2.2058823529411766,50.0,0.0,0.0,,,,,1.4705882352941175,25.0,0.0,75.0,1.8382352941176472,0.0,0.0,60.0,1.4705882352941175,0.0,0.0,0.0,2.2058823529411766,0.0,0.0,0.0,,,,,,,,,,,,,,,,
Farrukh Dustov,0.6912751677852349,0.5728155339805825,0.3478260869565217,0.237410071942446,0.1006944444444444,0.1805555555555555,0.0201342281879194,0.0671140939597315,0.2289156626506024,0.180722891566265,0.5903614457831325,0.042328042,0.375,0.125,0.0,0.5625,47.61904761904761,5.555555555555555,5.0,18.88888888888889,52.116402116402114,4.568527918781726,3.045685279187817,7.614213197969544,41.7989417989418,4.430379746835443,4.430379746835443,20.253164556962027,32.27513227513227,4.918032786885246,4.918032786885246,8.19672131147541,3.968253968253968,0.0,13.333333333333334,6.666666666666667,16.402116402116402,0.0,0.0,6.451612903225806,0.7936507936507936,66.66666666666666,0.0,33.33333333333333,2.91005291005291,27.27272727272727,0.0,9.090909090909092,0.2645502645502645,100.0,0.0,0.0,,,,,,,,,,,,,0.5291005291005291,0.0,0.0,0.0,0.5291005291005291,0.0,0.0,0.0,0.2645502645502645,0.0,0.0,0.0,,,,,,,,,,,,
Federico Agustin Gomez,0.5,0.8181818181818182,0.8181818181818182,0.4117647058823529,0.2210526315789473,0.1473684210526315,0.0454545454545454,0.0681818181818181,0.4186046511627907,0.3023255813953488,0.2790697674418604,0.047297297,0.857142857,0.0,0.0,1.0,54.729729729729726,12.34567901234568,11.11111111111111,6.172839506172839,45.27027027027027,11.940298507462686,5.970149253731343,10.44776119402985,50.0,8.108108108108109,12.162162162162163,5.405405405405405,41.21621621621622,9.836065573770492,6.557377049180328,9.836065573770492,0.6756756756756757,0.0,0.0,0.0,2.027027027027027,0.0,0.0,33.33333333333333,0.6756756756756757,100.0,0.0,0.0,1.351351351351351,100.0,0.0,0.0,1.351351351351351,100.0,0.0,0.0,,,,,0.6756756756756757,0.0,0.0,100.0,0.6756756756756757,0.0,0.0,0.0,,,,,,,,,,,,,,,,,1.351351351351351,50.0,0.0,0.0,,,,
Federico Arnaboldi,0.7391304347826086,0.5588235294117647,0.5833333333333334,0.3125,0.1636363636363636,0.2272727272727272,0.0,0.0652173913043478,0.3061224489795918,0.1836734693877551,0.5102040816326531,0.015873016,1.0,0.0,0.0,1.0,47.61904761904761,10.833333333333334,3.333333333333333,12.5,50.0,1.5873015873015872,3.968253968253968,7.936507936507936,40.47619047619048,7.84313725490196,0.9803921568627452,12.745098039215684,45.23809523809524,0.8771929824561403,2.631578947368421,8.771929824561402,1.984126984126984,0.0,0.0,0.0,3.1746031746031744,0.0,12.5,0.0,0.7936507936507936,100.0,0.0,0.0,0.3968253968253968,100.0,0.0,0.0,,,,,,,,,3.968253968253968,20.0,30.0,20.0,,,,,,,,,1.1904761904761905,0.0,33.33333333333333,0.0,,,,,,,,,0.3968253968253968,100.0,0.0,0.0,,,,
Federico Cina,0.6371681415929203,0.6805555555555556,0.4756097560975609,0.3392857142857143,0.1622222222222222,0.1644444444444444,0.0265486725663716,0.0442477876106194,0.3620689655172414,0.2471264367816092,0.3908045977011494,0.056923077,0.486486486,0.081081081,0.081081081,0.648648649,58.30769230769231,11.345646437994723,7.12401055408971,9.49868073878628,41.692307692307686,7.380073800738007,5.904059040590406,11.808118081180812,50.15384615384615,9.509202453987731,7.361963190184049,10.736196319018406,35.23076923076923,5.240174672489083,5.676855895196507,12.663755458515285,2.6153846153846154,0.0,0.0,0.0,3.230769230769231,0.0,4.761904761904762,0.0,2.0,46.15384615384615,7.6923076923076925,7.6923076923076925,2.1538461538461537,50.0,14.285714285714285,14.285714285714285,1.0769230769230769,57.14285714285714,0.0,0.0,,,,,1.2307692307692308,12.5,25.0,0.0,0.4615384615384615,33.33333333333333,0.0,33.33333333333333,0.7692307692307693,0.0,0.0,0.0,0.6153846153846154,0.0,0.0,0.0,0.1538461538461538,0.0,0.0,0.0,,,,,0.3076923076923077,50.0,0.0,0.0,,,,
Federico Coria,0.6778425655976676,0.6,0.4705882352941176,0.3767019667170953,0.1135857461024498,0.1789161098737936,0.0306122448979591,0.0830903790087463,0.2242990654205607,0.2570093457943925,0.514018691588785,0.022645579,0.301587302,0.111111111,0.063492063,0.587301587,55.966930265995686,4.367373153500321,4.816955684007708,8.285163776493256,43.81739755571532,2.2969647251845777,2.871205906480722,7.465135356849877,50.28756290438533,3.2880629020729093,4.6461758398856325,8.291636883488206,39.43206326383896,1.7319963536918872,2.917046490428441,7.839562443026436,2.300503235082674,0.0,3.125,6.25,2.803738317757009,0.0,0.0,2.564102564102564,0.6470165348670022,33.33333333333333,5.555555555555555,22.22222222222222,0.6829618979151689,26.31578947368421,10.526315789473683,10.526315789473683,0.5391804457225018,46.66666666666666,0.0,6.666666666666667,,,,,1.2221423436376708,26.47058823529412,17.647058823529413,8.823529411764707,0.3953989935298346,9.090909090909092,9.090909090909092,9.090909090909092,0.6829618979151689,0.0,0.0,5.263157894736842,0.3953989935298346,18.181818181818183,0.0,0.0,0.2156721782890007,0.0,16.666666666666664,0.0,0.0718907260963335,50.0,0.0,0.0,0.0718907260963335,0.0,0.0,0.0,0.0359453630481667,0.0,0.0,0.0
Federico Delbonis,0.6379182156133829,0.668997668997669,0.4948665297741273,0.3297709923664122,0.1397363465160075,0.199623352165725,0.037174721189591,0.0557620817843866,0.2977867203219316,0.2193158953722334,0.482897384305835,0.026641884,0.488372093,0.108527132,0.093023256,0.720930233,57.51755472945064,8.07899461400359,5.098743267504488,9.299820466786356,42.46179264766625,3.453307392996109,3.696498054474709,10.749027237354086,52.850061957868654,6.330597889800703,5.119187182493161,9.417741305197342,34.48988021478728,2.634730538922156,3.5329341317365266,11.676646706586826,1.982651796778191,0.0,2.083333333333333,3.125,6.340355225113589,0.9771986970684038,2.6058631921824107,5.537459283387622,0.9087154068566708,45.45454545454545,6.8181818181818175,11.363636363636363,0.8054522924411399,41.02564102564102,15.384615384615383,10.256410256410255,0.7434944237918215,66.66666666666666,2.7777777777777777,8.333333333333332,0.0206526228831061,100.0,0.0,0.0,0.7641470466749277,43.24324324324324,8.108108108108109,13.513513513513514,0.2891367203634862,35.714285714285715,14.285714285714285,28.57142857142857,0.1032631144155307,20.0,0.0,0.0,0.4956629491945477,8.333333333333332,4.166666666666666,4.166666666666666,0.0826104915324246,25.0,50.0,0.0,0.0206526228831061,0.0,0.0,0.0,0.0826104915324246,25.0,0.0,50.0,,,,
Federico Gaio,0.608,0.75,0.4081632653061224,0.3684210526315789,0.1660649819494584,0.1949458483754512,0.088,0.088,0.3535353535353535,0.2121212121212121,0.4343434343434343,0.040431267,0.6,0.0,0.066666667,0.733333333,50.40431266846361,13.903743315508022,7.4866310160427805,16.0427807486631,49.32614555256065,4.918032786885246,3.825136612021858,7.103825136612022,39.08355795148248,11.724137931034482,8.275862068965518,17.24137931034483,12.129380053908356,8.88888888888889,6.666666666666667,17.77777777777778,5.3908355795148255,0.0,0.0,5.0,33.42318059299191,1.6129032258064515,3.225806451612903,3.225806451612903,1.8867924528301887,71.42857142857143,0.0,0.0,0.5390835579514826,50.0,0.0,0.0,0.8086253369272237,66.66666666666666,0.0,0.0,,,,,1.6172506738544474,0.0,16.666666666666664,50.0,1.3477088948787064,40.0,0.0,0.0,1.078167115902965,25.0,0.0,25.0,1.6172506738544474,0.0,0.0,16.666666666666664,0.2695417789757413,0.0,100.0,0.0,0.2695417789757413,0.0,0.0,0.0,0.2695417789757413,100.0,0.0,0.0,,,,
Federico Luzzi,0.4395604395604395,0.7,0.4705882352941176,0.4358974358974359,0.1005917159763313,0.1301775147928994,0.0659340659340659,0.0329670329670329,0.3414634146341463,0.2682926829268293,0.3902439024390244,0.019736842,0.333333333,0.0,0.0,0.5,43.75,6.015037593984962,6.015037593984962,5.263157894736842,56.25,3.508771929824561,1.7543859649122806,5.263157894736842,40.131578947368425,4.918032786885246,6.557377049180328,5.737704918032787,38.48684210526316,4.273504273504273,2.564102564102564,6.837606837606838,1.3157894736842104,0.0,0.0,0.0,15.789473684210526,0.0,0.0,2.083333333333333,,,,,0.986842105263158,33.33333333333333,0.0,0.0,0.6578947368421052,50.0,0.0,0.0,,,,,0.3289473684210526,100.0,0.0,0.0,0.3289473684210526,0.0,0.0,0.0,0.986842105263158,0.0,0.0,0.0,0.6578947368421052,0.0,0.0,0.0,0.3289473684210526,0.0,0.0,0.0,,,,,,,,,,,,
Feliciano Lopez,0.5718346818281216,0.7755258126195028,0.4872318692543411,0.2896708286038592,0.1678547560703943,0.1892403653374916,0.0476711130548873,0.137983818062541,0.2888229475766568,0.2225519287833827,0.4882954170787998,0.090838869,0.411564626,0.071428571,0.157312925,0.744897959,52.410010814151086,8.651436993367723,5.615327929255711,12.453942520265292,47.551367217673416,4.694606887589344,4.775828460038986,10.315139701104613,43.78186312374479,4.834156669019055,4.587155963302752,13.761467889908255,12.219990730727638,3.666245259165613,4.108723135271807,16.43489254108723,2.649467016839178,0.8746355685131195,2.0408163265306123,1.749271137026239,29.484010505175345,0.9169504846738276,3.30102174482578,8.069164265129682,3.6381894021319328,45.43524416135881,17.40976645435244,6.581740976645436,3.5454966785107374,38.12636165577342,15.68627450980392,7.625272331154684,1.0041711725629536,58.46153846153847,9.230769230769232,9.230769230769232,0.1622122663370925,52.38095238095239,4.761904761904762,0.0,0.6025027035377722,15.384615384615383,10.256410256410255,12.82051282051282,0.8805808744013596,7.017543859649122,7.017543859649122,25.438596491228072,0.3862196817549822,4.0,6.0,2.0,0.8728564807662598,0.0,11.50442477876106,1.7699115044247788,0.3167001390390854,14.634146341463412,17.073170731707318,9.75609756097561,0.3862196817549822,4.0,18.0,2.0,0.0308975745403985,0.0,50.0,25.0,,,,
Felix Auger Aliassime,0.6349911190053286,0.7568764568764569,0.48661800486618,0.3465089440276976,0.1922852133255406,0.1921390999415546,0.0492895204262877,0.1623741859088218,0.3088531187122736,0.2283702213279678,0.4621730382293763,0.045329478,0.455761317,0.111111111,0.116255144,0.735596708,55.57990952758476,10.052022151367678,6.788051686524585,11.176371874475583,44.35480110059227,3.54326569235622,3.427610135632426,10.125118284092103,49.38208273096115,7.5738974407403905,6.81839644914534,11.644159032958733,35.90915450263489,2.662337662337662,3.2467532467532463,10.116883116883118,2.2478198013337685,2.0746887966804977,1.2448132780082988,2.489626556016597,6.230471482535093,0.7485029940119761,1.7964071856287425,8.158682634730539,1.469010866016882,42.85714285714285,9.841269841269842,13.968253968253968,1.049293475726344,35.55555555555556,15.11111111111111,18.22222222222222,1.3804038613999907,62.5,9.797297297297296,5.067567567567568,0.0233176327939187,40.0,0.0,0.0,0.3777456512614839,30.8641975308642,6.172839506172839,24.69135802469136,0.6062584526418878,23.846153846153847,9.230769230769232,24.615384615384617,0.2331763279391876,10.0,2.0,0.0,0.4150538637317539,4.49438202247191,2.247191011235955,2.247191011235955,0.1632234295574313,20.0,8.571428571428571,8.571428571428571,0.1212516905283775,19.23076923076924,15.384615384615383,0.0,0.3264468591148626,41.42857142857143,17.142857142857142,7.142857142857142,,,,
Felix Mantilla,0.7105263157894737,0.6141975308641975,0.5151515151515151,0.4067357512953368,0.0938242280285035,0.1080760095011876,0.0307017543859649,0.0087719298245614,0.3605769230769231,0.2692307692307692,0.3701923076923077,0.020734597,0.428571429,0.028571429,0.057142857,0.6,53.25829383886256,4.894327030033371,3.337041156840934,4.115684093437152,46.68246445497631,3.934010152284264,3.2994923857868024,5.076142131979696,47.21563981042654,3.262233375156838,3.5131744040150563,4.265997490589712,31.27962085308057,3.5984848484848486,3.2196969696969697,6.8181818181818175,3.613744075829384,1.639344262295082,0.0,1.639344262295082,13.092417061611377,1.809954751131222,3.167420814479638,0.904977375565611,0.5924170616113744,60.0,10.0,0.0,0.533175355450237,33.33333333333333,11.11111111111111,0.0,0.4146919431279621,42.85714285714285,0.0,0.0,0.1184834123222748,0.0,0.0,50.0,0.3554502369668246,33.33333333333333,0.0,16.666666666666664,0.7701421800947867,23.07692307692308,0.0,7.6923076923076925,0.8293838862559242,35.714285714285715,7.142857142857142,7.142857142857142,0.7109004739336493,0.0,8.333333333333332,0.0,0.2369668246445497,25.0,0.0,0.0,0.1184834123222748,50.0,0.0,0.0,,,,,0.0592417061611374,100.0,0.0,0.0
Fernando Gonzalez,0.623896103896104,0.7156536219816819,0.4827348066298342,0.3462887989203779,0.1954996690933156,0.1673064195896757,0.0387012987012987,0.0987012987012987,0.3874955845990816,0.2182974214058636,0.3938537619215825,0.040448469,0.44989339,0.115138593,0.108742004,0.695095949,53.05735230702889,12.434980494148244,7.022106631989597,10.89076723016905,46.53730056058646,6.06004447739066,3.3728687916975537,8.209785025945145,45.53686934023286,11.325757575757574,7.102272727272728,11.761363636363637,23.053040103492886,8.641975308641975,4.8260381593714925,11.896745230078563,3.7429926692539888,0.6912442396313364,0.9216589861751152,1.3824884792626728,19.491159982751185,0.4424778761061947,0.9734513274336284,3.4070796460177,1.1039241052177664,55.46875,11.71875,14.0625,1.3022854678740836,36.42384105960264,8.609271523178808,13.90728476821192,0.6813281586890901,64.55696202531645,13.924050632911392,10.126582278481012,0.0603708495040965,71.42857142857143,14.285714285714285,0.0,0.7072013799051315,14.634146341463412,17.073170731707318,13.414634146341465,0.9486847779215178,10.909090909090908,10.909090909090908,19.090909090909093,0.646830530401035,9.333333333333334,2.666666666666667,0.0,1.423027166882277,4.848484848484849,3.0303030303030303,3.0303030303030303,0.2673566192324277,19.35483870967742,9.67741935483871,9.67741935483871,0.2328589909443726,18.51851851851852,0.0,0.0,0.3708495040965934,39.53488372093023,18.6046511627907,6.976744186046512,0.0258732212160414,33.33333333333333,0.0,33.33333333333333
Fernando Romboli,0.6086956521739131,0.7142857142857143,0.3888888888888889,0.2407407407407407,0.06,0.2,0.108695652173913,0.0434782608695652,0.16,0.24,0.6,0.211538462,0.181818182,0.136363636,0.090909091,0.636363636,48.07692307692308,6.0,8.0,16.0,51.92307692307693,1.851851851851852,3.7037037037037033,12.962962962962962,20.192307692307693,0.0,9.523809523809524,14.285714285714285,6.730769230769231,0.0,0.0,14.285714285714285,15.384615384615383,0.0,0.0,18.75,35.57692307692308,0.0,5.405405405405405,13.513513513513514,7.6923076923076925,12.5,12.5,12.5,6.730769230769231,14.285714285714285,0.0,14.285714285714285,3.8461538461538463,50.0,25.0,25.0,,,,,0.9615384615384616,0.0,0.0,0.0,,,,,,,,,,,,,,,,,2.8846153846153846,0.0,0.0,0.0,,,,,,,,
Fernando Verdasco,0.6549409237379162,0.6842968429684296,0.4568093385214007,0.3450359712230216,0.1719683289345742,0.2078066398110848,0.0445757250268528,0.08968850698174,0.3173043173043173,0.2137592137592137,0.4668304668304668,0.02703357,0.459701493,0.110447761,0.092537313,0.668656716,54.86604260813428,9.398440947198116,5.956758346815708,11.075158111486983,45.06939961265333,4.744852282900626,3.652641002685766,10.313339301700983,49.74983860555197,8.321167883211679,6.050283860502838,11.630170316301705,35.78921885087153,4.487034949267192,3.8556933483652767,11.025930101465612,2.525823111684958,0.3194888178913738,1.5974440894568689,1.5974440894568689,7.190122659780504,0.4489337822671156,1.6835016835016834,6.958473625140292,0.7020658489347966,47.12643678160919,10.344827586206897,11.494252873563218,0.6939961265332473,44.18604651162791,8.13953488372093,15.11627906976744,0.7746933505487411,55.208333333333336,9.375,7.291666666666667,0.0806972240154938,50.0,0.0,10.0,0.4115558424790188,21.5686274509804,3.92156862745098,17.647058823529413,0.4276952872821175,20.75471698113208,11.320754716981131,16.9811320754717,0.3712072304712718,8.695652173913043,6.521739130434782,2.1739130434782608,0.7666236281471918,7.368421052631578,3.1578947368421053,0.0,0.0726275016139444,66.66666666666666,0.0,0.0,0.104906391220142,0.0,15.384615384615383,7.6923076923076925,0.2582311168495803,31.25,12.5,12.5,0.0161394448030987,50.0,0.0,50.0
Filip Bergevi,0.4657534246575342,0.7352941176470589,0.3846153846153846,0.2786885245901639,0.1343283582089552,0.2164179104477611,0.0684931506849315,0.0273972602739726,0.2962962962962963,0.2592592592592592,0.4444444444444444,0.071038251,0.538461538,0.0,0.230769231,0.923076923,62.841530054644814,8.695652173913043,8.695652173913043,14.782608695652174,37.15846994535519,8.823529411764707,5.88235294117647,10.294117647058822,53.00546448087432,7.216494845360824,7.216494845360824,16.49484536082474,22.950819672131143,4.761904761904762,4.761904761904762,14.285714285714285,4.918032786885246,0.0,0.0,11.11111111111111,8.743169398907105,0.0,6.25,0.0,0.546448087431694,0.0,100.0,0.0,2.185792349726776,100.0,0.0,0.0,1.092896174863388,50.0,50.0,0.0,,,,,0.546448087431694,0.0,100.0,0.0,1.639344262295082,0.0,0.0,33.33333333333333,,,,,1.092896174863388,0.0,0.0,0.0,0.546448087431694,0.0,0.0,0.0,0.546448087431694,0.0,100.0,0.0,2.185792349726776,50.0,0.0,0.0,,,,
Filip Cristian Jianu,0.796875,0.5490196078431373,0.5384615384615384,0.2391304347826087,0.1272727272727272,0.1818181818181818,0.0,0.0625,0.2777777777777778,0.1666666666666666,0.5555555555555556,0.012195122,0.5,0.5,0.0,0.5,43.29268292682927,5.633802816901409,5.633802816901409,16.901408450704224,54.268292682926834,6.741573033707865,2.247191011235955,8.98876404494382,39.02439024390244,4.6875,6.25,17.1875,44.51219512195122,6.849315068493151,1.36986301369863,8.21917808219178,1.829268292682927,0.0,0.0,0.0,7.317073170731707,0.0,8.333333333333332,8.333333333333332,1.2195121951219512,50.0,0.0,50.0,,,,,,,,,,,,,0.6097560975609756,0.0,0.0,0.0,1.2195121951219512,50.0,0.0,50.0,0.6097560975609756,0.0,0.0,0.0,1.2195121951219512,0.0,0.0,0.0,,,,,,,,,,,,,,,,
Filip Horansky,0.6326530612244898,0.5161290322580645,0.1111111111111111,0.3809523809523809,0.1978021978021978,0.2527472527472527,0.0408163265306122,0.0612244897959183,0.375,0.1,0.525,0.009090909,1.0,0.0,0.0,1.0,48.63636363636364,7.476635514018691,2.803738317757009,11.214953271028037,51.36363636363637,6.1946902654867255,0.8849557522123894,7.964601769911504,45.45454545454545,6.0,3.0,12.0,36.36363636363637,6.25,0.0,6.25,1.818181818181818,0.0,0.0,0.0,13.18181818181818,6.896551724137931,3.4482758620689653,13.79310344827586,0.9090909090909092,100.0,0.0,0.0,,,,,,,,,,,,,,,,,1.818181818181818,0.0,0.0,0.0,0.4545454545454545,0.0,0.0,0.0,,,,,,,,,,,,,,,,,,,,
Filip Krajinovic,0.6454159077109897,0.6810912511759172,0.5136986301369864,0.3294573643410852,0.1852895148669796,0.1671361502347418,0.0248937462052216,0.1080752884031572,0.3736462093862815,0.1805054151624548,0.4449458483754512,0.049447353,0.525490196,0.101960784,0.070588235,0.749019608,46.51929416327322,8.128386827844935,3.959983326385994,10.08753647353064,53.44192359899166,7.946298984034833,3.809869375907112,9.107402031930334,41.438821019972856,5.42817033224146,3.837154890032756,10.528778661675249,41.90420787279426,5.275335492827395,4.0259139287366965,9.94909763998149,2.2105875509016872,0.8771929824561403,0.0,3.508771929824561,7.135931743261587,1.6304347826086956,0.8152173913043478,4.076086956521739,1.59007174713981,54.87804878048781,9.75609756097561,10.975609756097562,2.4820632150475084,53.125,3.90625,10.15625,0.6980802792321117,44.44444444444444,8.333333333333332,11.11111111111111,0.0581733566026759,66.66666666666666,0.0,0.0,0.4072134962187318,61.90476190476191,4.761904761904762,0.0,1.7452006980802792,32.22222222222222,10.0,8.88888888888889,0.0775644754702346,25.0,0.0,0.0,0.0969555943377933,0.0,0.0,0.0,0.0387822377351173,50.0,0.0,0.0,,,,,0.0581733566026759,66.66666666666666,33.33333333333333,0.0,0.0193911188675586,0.0,100.0,0.0
Filip Misolic,0.595360824742268,0.7272727272727273,0.4713375796178344,0.3918918918918919,0.1609498680738786,0.1477572559366754,0.0231958762886597,0.0386597938144329,0.3835125448028674,0.2473118279569892,0.3691756272401433,0.025122121,0.555555556,0.027777778,0.111111111,0.75,55.40823447313329,8.312342569269521,6.045340050377834,5.919395465994962,43.75436147941382,6.539074960127592,3.349282296650718,8.931419457735247,50.17445917655269,5.4242002781641165,5.980528511821975,5.980528511821975,31.6817864619679,3.9647577092511015,3.0837004405286343,9.691629955947135,2.0237264480111654,13.79310344827586,0.0,3.4482758620689653,8.094905792044662,4.310344827586207,1.7241379310344829,6.896551724137931,0.5582693649685974,87.5,0.0,0.0,0.418702023726448,50.0,0.0,0.0,1.3258897418004187,47.368421052631575,21.052631578947366,5.263157894736842,0.0697836706210746,100.0,0.0,0.0,0.7676203768318213,54.54545454545454,9.090909090909092,9.090909090909092,2.442428471737613,34.285714285714285,14.285714285714285,11.428571428571429,0.418702023726448,16.666666666666664,0.0,16.666666666666664,1.04675505931612,13.333333333333334,0.0,0.0,,,,,,,,,0.1395673412421493,0.0,0.0,0.0,,,,
Filippo Volandri,0.6115942028985507,0.6161137440758294,0.5,0.4039087947882736,0.1211656441717791,0.1825153374233128,0.0260869565217391,0.0231884057971014,0.284,0.276,0.44,0.021168501,0.56,0.08,0.04,0.8,56.3082133784928,6.917293233082707,7.067669172932331,7.819548872180452,43.6917866215072,4.844961240310078,4.263565891472868,11.24031007751938,50.042337002540215,4.906937394247039,7.4450084602368864,8.29103214890017,37.5952582557155,5.18018018018018,3.828828828828829,11.486486486486488,3.725656223539373,4.545454545454546,2.272727272727273,0.0,4.318374259102455,0.0,5.88235294117647,5.88235294117647,0.9314140558848432,54.54545454545454,0.0,9.090909090909092,0.3386960203217612,25.0,0.0,0.0,0.3386960203217612,75.0,25.0,0.0,0.0846740050804403,0.0,0.0,100.0,0.8467400508044031,30.0,10.0,20.0,0.7620660457239627,0.0,11.11111111111111,33.33333333333333,0.1693480101608806,0.0,0.0,0.0,0.4233700254022015,0.0,20.0,0.0,,,,,0.1693480101608806,50.0,0.0,0.0,0.2540220152413209,100.0,0.0,0.0,,,,
Fitriadi M Rifqi,0.7659574468085106,0.7222222222222222,0.4545454545454545,0.574468085106383,0.1382978723404255,0.0319148936170212,0.0,0.0,0.5909090909090909,0.2727272727272727,0.1363636363636363,0.038167939,0.3,0.0,0.1,0.9,64.8854961832061,5.294117647058823,2.941176470588235,1.7647058823529411,35.11450381679389,4.3478260869565215,1.0869565217391304,0.0,58.77862595419848,4.545454545454546,2.5974025974025974,1.948051948051948,22.519083969465647,5.084745762711865,0.0,0.0,3.816793893129771,0.0,0.0,0.0,10.30534351145038,0.0,3.7037037037037033,0.0,1.1450381679389312,33.33333333333333,33.33333333333333,0.0,1.5267175572519085,25.0,0.0,0.0,1.1450381679389312,33.33333333333333,0.0,0.0,,,,,,,,,,,,,,,,,0.7633587786259541,0.0,0.0,0.0,,,,,,,,,,,,,,,,
Flavio Cobolli,0.5617886178861788,0.683068017366136,0.4786641929499072,0.3203539823008849,0.1627118644067796,0.1991525423728813,0.0365853658536585,0.1056910569105691,0.2956926658905704,0.2072176949941792,0.4947613504074505,0.029550209,0.504424779,0.097345133,0.07079646,0.743362832,52.79811715481172,8.865775136206043,6.488360574541853,11.144130757800893,47.20188284518829,4.1551246537396125,2.6038781163434903,11.080332409972298,45.89435146443515,6.438746438746438,6.780626780626781,11.965811965811966,39.51359832635983,3.441429516876241,2.514890800794176,11.912640635340834,3.3995815899581587,0.7692307692307693,3.076923076923077,2.307692307692308,5.256276150627615,1.9900497512437807,2.985074626865672,3.9800995024875614,0.9937238493723848,57.89473684210527,2.631578947368421,13.157894736842104,0.7583682008368201,31.03448275862069,3.4482758620689653,6.896551724137931,0.9414225941422596,58.333333333333336,8.333333333333332,8.333333333333332,,,,,0.889121338912134,38.23529411764706,2.941176470588235,11.76470588235294,0.8106694560669456,12.903225806451612,6.451612903225806,29.03225806451613,0.4707112970711297,27.77777777777778,0.0,0.0,0.8106694560669456,16.129032258064516,0.0,0.0,0.0261506276150627,100.0,0.0,0.0,0.0261506276150627,0.0,0.0,100.0,0.1830543933054393,42.85714285714285,42.85714285714285,0.0,0.0261506276150627,100.0,0.0,0.0
Flavio Saretta,0.4812030075187969,0.703125,0.391304347826087,0.4,0.1290322580645161,0.1451612903225806,0.0150375939849624,0.037593984962406,0.3033707865168539,0.3146067415730337,0.3820224719101123,0.044354839,0.318181818,0.181818182,0.136363636,0.590909091,46.57258064516129,8.225108225108226,8.225108225108226,6.0606060606060606,53.42741935483871,3.018867924528302,3.39622641509434,7.547169811320755,42.54032258064516,5.687203791469194,8.056872037914692,6.161137440758294,48.79032258064516,2.8925619834710745,3.3057851239669422,7.024793388429752,0.4032258064516129,0.0,0.0,0.0,1.2096774193548387,0.0,0.0,0.0,0.8064516129032258,50.0,25.0,0.0,1.8145161290322585,11.11111111111111,11.11111111111111,33.33333333333333,1.411290322580645,42.85714285714285,14.285714285714285,14.285714285714285,,,,,0.6048387096774194,33.33333333333333,0.0,0.0,,,,,0.4032258064516129,0.0,0.0,0.0,1.6129032258064515,0.0,0.0,0.0,0.4032258064516129,50.0,0.0,0.0,,,,,,,,,,,,
Florent Serra,0.6153846153846154,0.5625,0.4,0.423728813559322,0.1313868613138686,0.2554744525547445,0.0256410256410256,0.0,0.2950819672131147,0.1639344262295081,0.5409836065573771,0.015060241,0.8,0.0,0.2,1.0,52.108433734939766,8.670520231213873,2.8901734104046244,10.982658959537572,47.89156626506024,1.8867924528301887,3.1446540880503147,8.80503144654088,50.0,6.626506024096386,3.0120481927710845,11.44578313253012,41.86746987951807,2.158273381294964,2.877697841726619,10.071942446043163,0.6024096385542169,0.0,0.0,0.0,4.819277108433735,0.0,0.0,0.0,0.3012048192771084,100.0,0.0,0.0,,,,,0.6024096385542169,100.0,0.0,0.0,,,,,,,,,0.3012048192771084,0.0,0.0,0.0,0.3012048192771084,0.0,0.0,0.0,0.6024096385542169,0.0,0.0,0.0,0.3012048192771084,100.0,0.0,0.0,0.3012048192771084,0.0,100.0,0.0,,,,,,,,
Florian Mayer,0.6396255850234009,0.6682926829268293,0.4848484848484848,0.2990353697749196,0.1227236737925574,0.1377672209026128,0.0093603744149766,0.0748829953198128,0.2801047120418848,0.2748691099476439,0.4397905759162304,0.054808687,0.349056604,0.160377358,0.103773585,0.556603774,48.500517063081695,6.7164179104477615,6.076759061833688,8.84861407249467,51.44777662874871,4.42211055276382,4.824120603015075,8.542713567839195,38.88314374353671,3.98936170212766,6.648936170212766,9.175531914893616,33.35056876938987,3.72093023255814,5.116279069767442,8.527131782945736,5.325749741468459,2.912621359223301,1.9417475728155336,3.883495145631068,13.340227507755948,0.3875968992248062,1.937984496124031,6.2015503875969,2.068252326783868,40.0,10.0,15.0,2.068252326783868,25.0,15.0,20.0,0.7238883143743536,64.28571428571429,0.0,7.142857142857142,0.15511892450879,33.33333333333333,0.0,33.33333333333333,0.5170630816959669,30.0,0.0,20.0,1.499482936918304,27.58620689655172,6.896551724137931,17.24137931034483,0.7238883143743536,7.142857142857142,0.0,0.0,0.8273009307135472,0.0,12.5,0.0,0.2068252326783868,25.0,25.0,25.0,0.2068252326783868,0.0,0.0,0.0,0.0517063081695967,0.0,0.0,0.0,,,,
Frances Tiafoe,0.5866935483870968,0.7156357388316151,0.5182926829268293,0.3449814126394052,0.1674372110458578,0.173559915031863,0.0307459677419354,0.1197076612903225,0.3020251396648045,0.2552374301675977,0.4423882681564245,0.044801352,0.40651801,0.156089194,0.094339623,0.624356775,47.35264735264735,9.185329438493996,6.848425835767608,10.856864654333007,52.53208330131407,4.373902867173786,4.490930368636629,8.747805734347573,40.667025282409895,7.161753590325019,7.123960695389267,11.07331821617536,42.096365173288255,3.212851405622489,4.472435195326761,8.32420591456736,3.18143395066472,1.932367149758454,0.966183574879227,2.415458937198068,6.716360562514409,0.9153318077803204,1.0297482837528604,7.208237986270023,1.6983016983016983,44.34389140271493,6.334841628959276,16.289592760180994,1.644509336817029,35.046728971962615,9.813084112149532,16.355140186915886,0.6531929608852686,54.11764705882353,8.235294117647058,15.294117647058824,0.069161607623146,22.22222222222222,11.11111111111111,22.22222222222222,0.7992007992007992,24.03846153846154,13.461538461538462,21.15384615384616,1.3601782832552065,16.38418079096045,11.299435028248588,19.774011299435028,0.1460078383155306,10.526315789473683,5.263157894736842,0.0,0.4380235149465918,1.7543859649122806,7.017543859649122,7.017543859649122,0.1229539691078152,25.0,12.5,0.0,0.1152693460385768,6.666666666666667,33.33333333333333,13.333333333333334,0.0845308537616229,36.36363636363637,27.27272727272727,18.181818181818183,0.0922154768308614,58.333333333333336,16.666666666666664,8.333333333333332
Francesco Maestrelli,0.5822784810126582,0.6956521739130435,0.6363636363636364,0.4230769230769231,0.2292993630573248,0.2101910828025477,0.0379746835443038,0.0886075949367088,0.3918918918918919,0.2027027027027027,0.4054054054054054,0.033426184,0.583333333,0.0,0.166666667,0.916666667,46.51810584958218,9.580838323353294,3.592814371257485,13.17365269461078,50.69637883008357,7.142857142857142,4.395604395604396,4.395604395604396,40.66852367688023,6.164383561643835,3.424657534246576,13.6986301369863,43.45403899721448,6.41025641025641,4.487179487179487,4.487179487179487,2.5069637883008355,0.0,0.0,11.11111111111111,4.735376044568245,0.0,0.0,5.88235294117647,0.5571030640668524,100.0,0.0,0.0,1.1142061281337048,50.0,25.0,0.0,1.392757660167131,60.0,0.0,0.0,,,,,0.8356545961002786,66.66666666666666,0.0,33.33333333333333,1.1142061281337048,25.0,0.0,0.0,0.2785515320334262,0.0,0.0,0.0,0.2785515320334262,0.0,0.0,0.0,,,,,,,,,0.2785515320334262,0.0,100.0,0.0,,,,
Francesco Passaro,0.5586206896551724,0.6049382716049383,0.375,0.3493150684931507,0.1683848797250859,0.3127147766323024,0.0482758620689655,0.0413793103448275,0.2885906040268456,0.1342281879194631,0.5637583892617449,0.045801527,0.333333333,0.083333333,0.125,0.875,53.62595419847328,9.9644128113879,5.693950177935943,14.590747330960854,46.37404580152672,6.172839506172839,1.646090534979424,17.695473251028808,46.75572519083969,8.571428571428571,4.081632653061225,15.510204081632653,35.11450381679389,5.978260869565218,2.1739130434782608,19.565217391304348,1.5267175572519085,0.0,0.0,0.0,7.061068702290077,0.0,0.0,16.216216216216218,0.7633587786259541,25.0,25.0,25.0,1.5267175572519085,37.5,0.0,0.0,1.717557251908397,33.33333333333333,11.11111111111111,11.11111111111111,,,,,1.3358778625954195,28.57142857142857,42.85714285714285,0.0,1.5267175572519085,12.5,0.0,12.5,0.9541984732824428,0.0,0.0,20.0,1.1450381679389312,0.0,0.0,0.0,,,,,,,,,0.5725190839694656,33.33333333333333,33.33333333333333,0.0,,,,
Francisco Cerundolo,0.6575585521646558,0.6513761467889908,0.4870466321243523,0.3879704537460429,0.1761172937643526,0.2245186362833421,0.0361958836053939,0.0652945351312987,0.3275584206285253,0.201450443190975,0.4709911361804996,0.023980179,0.52398524,0.147601476,0.073800738,0.730627306,51.78302805061499,10.543403964456596,5.912508544087491,11.021872863978126,48.13733297938236,3.602941176470588,2.8125,9.632352941176473,45.465003097071055,8.018684312962241,6.091864538731024,11.405216037368628,42.15556145473852,2.980688497061293,2.8547439126784218,9.550797649034424,2.433412972303336,2.909090909090909,2.181818181818182,2.181818181818182,4.406689673480223,1.0040160642570282,1.0040160642570282,7.630522088353414,0.7521458278028493,61.1764705882353,7.0588235294117645,11.76470588235294,0.6194142111317582,41.42857142857143,8.571428571428571,22.857142857142858,0.7167507300238917,62.96296296296296,2.469135802469136,11.11111111111111,0.0265463233342182,66.66666666666666,0.0,33.33333333333333,1.8316963100610568,40.57971014492754,6.763285024154589,15.458937198067632,0.3804973011237943,30.23255813953488,4.651162790697675,18.6046511627907,0.3893460755685338,9.090909090909092,0.0,0.0,0.4601362711264489,5.769230769230769,5.769230769230769,7.6923076923076925,0.1415803911158304,31.25,25.0,6.25,0.088487744447394,20.0,10.0,20.0,0.0530926466684364,16.666666666666664,16.666666666666664,16.666666666666664,,,,
Francisco Comesana,0.7014925373134329,0.6968085106382979,0.55,0.3976833976833976,0.1650853889943074,0.1499051233396584,0.0186567164179104,0.1343283582089552,0.2982456140350877,0.2690058479532163,0.4327485380116959,0.042553191,0.416666667,0.027777778,0.111111111,0.722222222,49.645390070921984,9.285714285714286,5.476190476190476,9.523809523809524,49.40898345153664,2.8708133971291865,5.502392344497608,8.133971291866029,39.12529550827424,6.646525679758309,6.042296072507553,11.48036253776435,28.132387706855795,2.100840336134454,3.7815126050420167,10.084033613445378,6.73758865248227,1.7543859649122806,0.0,1.7543859649122806,16.666666666666664,0.7092198581560284,3.546099290780142,5.673758865248227,1.182033096926714,50.0,20.0,0.0,1.536643026004728,30.76923076923077,7.6923076923076925,7.6923076923076925,1.182033096926714,50.0,0.0,0.0,,,,,0.7092198581560284,66.66666666666666,16.666666666666664,16.666666666666664,2.0094562647754137,11.76470588235294,35.294117647058826,5.88235294117647,0.4728132387706856,25.0,0.0,0.0,0.9456264775413712,0.0,12.5,0.0,0.1182033096926714,0.0,0.0,0.0,0.1182033096926714,0.0,100.0,0.0,0.1182033096926714,100.0,0.0,0.0,,,,
Francisco Llanes,0.64,0.3125,0.4444444444444444,0.325,0.0666666666666666,0.2777777777777778,0.02,0.0,0.1764705882352941,0.1176470588235294,0.7058823529411765,0.024509804,0.4,0.2,0.0,0.6,56.86274509803921,2.586206896551724,2.586206896551724,12.06896551724138,43.13725490196079,3.4090909090909087,1.1363636363636365,11.363636363636363,52.45098039215687,1.8691588785046729,2.803738317757009,12.149532710280374,38.23529411764706,2.564102564102564,1.282051282051282,12.82051282051282,1.4705882352941175,0.0,0.0,0.0,2.941176470588235,0.0,0.0,0.0,0.4901960784313725,0.0,0.0,0.0,,,,,1.4705882352941175,33.33333333333333,0.0,33.33333333333333,,,,,0.4901960784313725,0.0,0.0,0.0,,,,,0.4901960784313725,0.0,0.0,0.0,1.4705882352941175,0.0,0.0,0.0,,,,,0.4901960784313725,100.0,0.0,0.0,,,,,,,,
Franco Skugor,0.6440677966101694,0.6578947368421053,0.3809523809523809,0.352112676056338,0.1384615384615384,0.1538461538461538,0.0169491525423728,0.1186440677966101,0.34375,0.0625,0.59375,0.068571429,0.5,0.25,0.0,0.583333333,40.0,5.714285714285714,0.0,11.428571428571429,60.0,6.666666666666667,1.9047619047619049,10.476190476190476,31.428571428571427,3.636363636363636,0.0,9.090909090909092,49.142857142857146,3.488372093023256,2.3255813953488373,9.30232558139535,5.714285714285714,0.0,0.0,10.0,5.142857142857142,0.0,0.0,0.0,1.1428571428571428,50.0,0.0,50.0,4.0,57.14285714285714,0.0,14.285714285714285,1.1428571428571428,50.0,0.0,50.0,,,,,,,,,1.7142857142857144,0.0,0.0,66.66666666666666,,,,,,,,,0.5714285714285714,0.0,0.0,0.0,,,,,,,,,,,,
Franco Squillari,0.5242718446601942,0.6481481481481481,0.3673469387755102,0.4629629629629629,0.1516587677725118,0.2227488151658767,0.058252427184466,0.0355029585798816,0.2919254658385093,0.2608695652173913,0.4472049689440994,0.024647887,0.333333333,0.095238095,0.19047619,0.666666667,51.35135135135135,8.646616541353383,5.263157894736842,8.270676691729323,48.455598455598455,1.195219123505976,5.179282868525896,7.569721115537849,46.52509652509653,5.809128630705394,4.564315352697095,7.883817427385892,43.62934362934363,0.8849557522123894,3.982300884955752,6.637168141592921,0.5791505791505791,0.0,33.33333333333333,0.0,1.351351351351351,0.0,0.0,0.0,0.5791505791505791,33.33333333333333,33.33333333333333,0.0,0.5791505791505791,33.33333333333333,66.66666666666666,0.0,0.9652509652509652,40.0,0.0,0.0,,,,,2.3166023166023164,50.0,8.333333333333332,25.0,2.3166023166023164,0.0,16.666666666666664,33.33333333333333,0.3861003861003861,0.0,0.0,0.0,0.5791505791505791,0.0,0.0,0.0,,,,,,,,,,,,,,,,
Frank Dancevic,0.6076923076923076,0.6835443037974683,0.4313725490196078,0.3255813953488372,0.1853281853281853,0.1158301158301158,0.0153846153846153,0.0846153846153846,0.425287356321839,0.2413793103448276,0.3218390804597701,0.092753623,0.3125,0.0625,0.125,0.65625,51.01449275362319,11.363636363636363,6.25,9.090909090909092,48.98550724637681,10.059171597633137,5.9171597633136095,7.100591715976331,44.34782608695652,9.15032679738562,5.88235294117647,8.49673202614379,28.98550724637681,9.0,7.000000000000001,9.0,1.1594202898550725,25.0,0.0,0.0,12.173913043478262,2.380952380952381,2.380952380952381,4.761904761904762,2.0289855072463765,42.85714285714285,28.57142857142857,14.285714285714285,4.057971014492753,42.85714285714285,14.285714285714285,0.0,1.4492753623188406,20.0,0.0,20.0,0.2898550724637681,0.0,0.0,0.0,1.7391304347826086,16.666666666666664,0.0,16.666666666666664,1.7391304347826086,16.666666666666664,0.0,16.666666666666664,,,,,0.5797101449275363,0.0,0.0,0.0,0.2898550724637681,0.0,0.0,0.0,1.1594202898550725,0.0,0.0,0.0,,,,,,,,
Gabriel Decamps,0.6794871794871795,0.660377358490566,0.48,0.3333333333333333,0.1282051282051282,0.1474358974358974,0.0512820512820512,0.141025641025641,0.2093023255813953,0.3488372093023256,0.4418604651162791,0.021352313,0.5,0.0,0.0,0.833333333,46.97508896797153,2.272727272727273,3.787878787878788,9.848484848484848,53.02491103202846,4.026845637583892,6.711409395973154,4.026845637583892,40.92526690391459,1.7391304347826086,4.3478260869565215,11.304347826086955,42.34875444839858,3.361344537815126,6.722689075630252,5.042016806722689,3.9145907473309607,0.0,0.0,0.0,8.185053380782918,0.0,8.695652173913043,0.0,,,,,1.4234875444839856,50.0,0.0,0.0,0.3558718861209964,100.0,0.0,0.0,,,,,0.3558718861209964,0.0,0.0,0.0,,,,,1.0676156583629894,0.0,0.0,0.0,1.0676156583629894,0.0,0.0,0.0,,,,,,,,,0.3558718861209964,0.0,0.0,0.0,,,,
Gabriel Diallo,0.6532258064516129,0.7012345679012346,0.5209302325581395,0.3546325878594249,0.1878009630818619,0.1958266452648475,0.0354838709677419,0.146774193548387,0.3163716814159292,0.1924778761061946,0.4911504424778761,0.065811489,0.372881356,0.169491525,0.076271186,0.593220339,53.987730061349694,10.950413223140496,5.1652892561983474,12.913223140495866,46.01226993865031,4.484848484848484,4.484848484848484,11.757575757575758,45.6776352481874,8.058608058608058,5.738705738705739,13.064713064713066,38.20412716118238,3.5036496350364965,4.37956204379562,11.97080291970803,3.1790295593976574,1.7543859649122806,0.0,1.7543859649122806,4.294478527607362,1.2987012987012987,0.0,10.38961038961039,2.342442833240379,40.47619047619048,2.380952380952381,26.1904761904762,2.230897936419409,22.5,17.5,12.5,1.338538761851645,75.0,0.0,8.333333333333332,0.0557724484104852,0.0,0.0,0.0,0.8923591745677636,25.0,6.25,18.75,0.3904071388733965,42.85714285714285,0.0,14.285714285714285,0.1115448968209704,0.0,0.0,0.0,0.6692693809258227,0.0,0.0,0.0,0.3904071388733965,0.0,14.285714285714285,14.285714285714285,0.1673173452314556,0.0,0.0,33.33333333333333,0.0557724484104852,0.0,0.0,0.0,,,,
Gabriele Felline,0.6551724137931034,0.4736842105263157,0.25,0.4814814814814814,0.0625,0.2232142857142857,0.0689655172413793,0.0,0.2121212121212121,0.1515151515151515,0.6363636363636364,0.01532567,0.5,0.0,0.0,0.5,57.47126436781609,4.0,2.0,8.0,42.5287356321839,0.9009009009009008,1.8018018018018016,8.108108108108109,50.95785440613027,3.007518796992481,1.5037593984962403,9.022556390977442,39.46360153256705,0.9708737864077668,1.9417475728155336,7.766990291262135,2.681992337164751,0.0,0.0,0.0,2.681992337164751,0.0,0.0,14.285714285714285,0.3831417624521072,100.0,0.0,0.0,,,,,0.3831417624521072,100.0,0.0,0.0,,,,,0.3831417624521072,0.0,100.0,0.0,0.3831417624521072,0.0,0.0,0.0,1.9157088122605364,0.0,0.0,0.0,,,,,,,,,,,,,0.7662835249042145,0.0,0.0,0.0,,,,
Gael Monfils,0.6186096835271842,0.7227809357236554,0.4761229314420804,0.3697092381302908,0.1685413725579489,0.1833416822259665,0.0488684518979352,0.1229825985032909,0.3102761550716941,0.2265002655337228,0.4625597450876261,0.027282492,0.416447944,0.09536308,0.104111986,0.708661417,50.41413056450651,7.319729179489608,4.942947777093887,9.256190521282136,49.523809523809526,3.79313668787353,3.1906689801426644,7.3452862926547136,43.236663086287145,6.260351109638954,4.935409075852931,9.98675057966214,42.30337749134742,2.996106753935564,3.103312080347571,7.656717260057552,4.499343597087958,1.962864721485412,1.6976127320954906,2.281167108753316,5.014918248000955,2.3322227510709186,1.6658733936220846,3.426939552594003,0.9046425587778972,48.02110817941953,10.554089709762533,8.70712401055409,0.9929585869435492,37.01923076923077,11.057692307692308,11.538461538461538,0.4988662131519274,53.11004784688996,10.047846889952153,9.569377990430622,0.009547678720611,25.0,25.0,0.0,0.8163265306122449,18.71345029239766,9.941520467836256,12.573099415204677,0.4153240243465807,12.06896551724138,8.045977011494253,18.96551724137931,0.2983649600190953,4.0,11.2,3.2,0.6253729562000239,6.106870229007633,5.343511450381679,3.435114503816794,0.1312805824084019,12.727272727272728,16.363636363636363,1.818181818181818,0.1145721446473326,8.333333333333332,0.0,6.25,0.0286430361618331,50.0,0.0,16.666666666666664,0.0477383936030552,55.00000000000001,10.0,10.0
Gastao Elias,0.4509803921568627,0.8260869565217391,0.6428571428571429,0.4833333333333333,0.1891891891891892,0.2072072072072072,0.0588235294117647,0.0392156862745098,0.4130434782608695,0.1521739130434782,0.4347826086956521,0.02247191,0.75,0.25,0.0,0.75,50.0,15.730337078651685,6.741573033707865,7.865168539325842,50.0,5.617977528089887,1.1235955056179776,14.606741573033707,46.62921348314607,13.253012048192772,7.228915662650602,8.433734939759036,38.764044943820224,5.797101449275362,1.4492753623188406,17.391304347826086,1.1235955056179776,0.0,0.0,0.0,9.550561797752808,0.0,0.0,0.0,0.5617977528089888,100.0,0.0,0.0,1.1235955056179776,50.0,0.0,50.0,0.5617977528089888,100.0,0.0,0.0,,,,,1.1235955056179776,50.0,0.0,0.0,,,,,,,,,0.5617977528089888,0.0,0.0,0.0,,,,,,,,,,,,,,,,
Gaston Gaudio,0.5944540727902946,0.6297376093294461,0.4230769230769231,0.4129158512720156,0.1295955882352941,0.203125,0.0675909878682842,0.0398613518197573,0.3121693121693121,0.2063492063492063,0.4814814814814814,0.035537562,0.329113924,0.113924051,0.050632911,0.582278481,55.420602789023846,6.0064935064935066,4.220779220779221,7.386363636363637,44.48942869995501,4.448938321536906,2.527805864509605,9.201213346814964,50.697255960413855,4.525288376220053,4.081632653061225,7.09849157054126,30.31938821412505,4.599406528189911,2.6706231454005933,11.42433234421365,0.8996851102114259,0.0,0.0,0.0,10.796221322537113,0.4166666666666667,0.4166666666666667,3.75,1.2595591542959963,42.85714285714285,3.571428571428571,17.857142857142858,1.0796221322537112,25.0,8.333333333333332,4.166666666666666,0.7197480881691408,43.75,6.25,18.75,,,,,0.8547008547008548,10.526315789473683,10.526315789473683,10.526315789473683,1.0796221322537112,16.666666666666664,16.666666666666664,16.666666666666664,0.7197480881691408,6.25,12.5,6.25,0.9896536212325686,9.090909090909092,0.0,0.0,0.1349527665317139,33.33333333333333,0.0,0.0,0.2249212775528564,0.0,0.0,0.0,0.1349527665317139,0.0,0.0,0.0,,,,
Gavin Van Peperzeel,0.5849056603773585,0.6451612903225806,0.4545454545454545,0.1956521739130435,0.1616161616161616,0.1919191919191919,0.0943396226415094,0.0566037735849056,0.3823529411764705,0.2058823529411764,0.4117647058823529,0.157407407,0.470588235,0.235294118,0.058823529,0.588235294,65.74074074074075,16.901408450704224,8.450704225352112,12.676056338028168,33.33333333333333,2.7777777777777777,2.7777777777777777,13.88888888888889,47.22222222222222,9.803921568627452,9.803921568627452,9.803921568627452,17.59259259259259,0.0,5.263157894736842,15.789473684210526,3.7037037037037033,0.0,0.0,0.0,13.88888888888889,0.0,0.0,13.333333333333334,9.25925925925926,20.0,10.0,40.0,1.851851851851852,50.0,0.0,0.0,2.7777777777777777,100.0,0.0,0.0,,,,,,,,,,,,,0.9259259259259258,0.0,0.0,0.0,,,,,1.851851851851852,100.0,0.0,0.0,,,,,,,,,,,,
Genaro Alberto Olivieri,0.7333333333333333,0.5909090909090909,0.3125,0.34,0.1181818181818181,0.2363636363636363,0.0166666666666666,0.05,0.2083333333333333,0.2708333333333333,0.5208333333333334,0.010752688,0.0,0.0,0.666666667,1.0,57.34767025089605,4.375,7.5,6.875000000000001,42.65232974910394,2.5210084033613445,0.8403361344537815,11.76470588235294,53.40501792114696,4.026845637583892,6.711409395973154,7.38255033557047,30.82437275985664,1.162790697674419,0.0,8.13953488372093,0.7168458781362007,0.0,0.0,0.0,10.39426523297491,0.0,3.4482758620689653,20.6896551724138,0.3584229390681003,0.0,100.0,0.0,,,,,0.3584229390681003,0.0,0.0,0.0,,,,,1.0752688172043012,33.33333333333333,0.0,0.0,1.4336917562724014,50.0,0.0,25.0,1.0752688172043012,0.0,0.0,0.0,,,,,,,,,,,,,0.3584229390681003,0.0,100.0,0.0,,,,
George Bastl,0.6582278481012658,0.6923076923076923,0.2962962962962963,0.2318840579710145,0.1418918918918918,0.2229729729729729,0.0379746835443038,0.0759493670886076,0.25,0.25,0.5,0.129464286,0.448275862,0.034482759,0.137931034,0.827586207,46.42857142857143,10.576923076923077,5.769230769230769,11.538461538461538,53.57142857142857,3.333333333333333,7.5,15.0,37.5,1.1904761904761905,5.952380952380952,13.095238095238097,38.83928571428572,0.0,5.747126436781609,19.54022988505747,2.232142857142857,0.0,0.0,0.0,7.5892857142857135,0.0,5.88235294117647,5.88235294117647,4.017857142857143,55.55555555555556,11.11111111111111,11.11111111111111,5.803571428571429,30.76923076923077,23.07692307692308,0.0,1.7857142857142856,100.0,0.0,0.0,0.4464285714285714,0.0,0.0,0.0,0.8928571428571428,50.0,0.0,0.0,,,,,,,,,,,,,,,,,0.8928571428571428,0.0,0.0,0.0,,,,,,,,
Gerald Melzer,0.6170212765957447,0.7586206896551724,0.6666666666666666,0.5106382978723404,0.1914893617021276,0.1382978723404255,0.0212765957446808,0.0638297872340425,0.4166666666666667,0.25,0.3333333333333333,0.017621145,0.5,0.0,0.25,0.75,48.89867841409692,8.108108108108109,5.405405405405405,5.405405405405405,51.10132158590308,5.172413793103448,2.586206896551724,5.172413793103448,46.69603524229075,7.547169811320755,4.716981132075472,5.660377358490567,45.37444933920705,2.912621359223301,0.9708737864077668,4.854368932038835,0.881057268722467,0.0,0.0,0.0,3.0837004405286343,0.0,14.285714285714285,14.285714285714285,0.4405286343612335,100.0,0.0,0.0,0.881057268722467,50.0,0.0,0.0,0.4405286343612335,0.0,100.0,0.0,,,,,,,,,1.762114537444934,50.0,25.0,0.0,0.4405286343612335,0.0,0.0,0.0,,,,,,,,,,,,,,,,,,,,
Germain Gigounon,0.4477611940298507,0.5333333333333333,0.3513513513513513,0.3376623376623376,0.125,0.2638888888888889,0.044776119402985,0.0149253731343283,0.3090909090909091,0.0545454545454545,0.6363636363636364,0.003030303,0.0,1.0,0.0,0.0,33.63636363636363,4.504504504504505,0.9009009009009008,14.414414414414416,66.36363636363637,5.47945205479452,0.91324200913242,8.67579908675799,31.515151515151512,1.9230769230769231,0.9615384615384616,15.384615384615383,56.96969696969697,4.25531914893617,1.0638297872340423,9.042553191489365,0.9090909090909092,0.0,0.0,0.0,7.878787878787878,11.538461538461538,0.0,3.8461538461538463,,,,,0.303030303030303,0.0,0.0,100.0,,,,,,,,,0.9090909090909092,66.66666666666666,0.0,0.0,0.6060606060606061,50.0,0.0,0.0,0.303030303030303,100.0,0.0,0.0,0.6060606060606061,0.0,0.0,0.0,,,,,,,,,,,,,,,,
Gianluca Mager,0.6,0.6666666666666666,0.4259259259259259,0.3669064748201439,0.1094890510948905,0.1861313868613138,0.0444444444444444,0.0592592592592592,0.247191011235955,0.247191011235955,0.5056179775280899,0.023214286,0.615384615,0.0,0.076923077,0.769230769,46.785714285714285,5.7251908396946565,5.343511450381679,10.30534351145038,50.89285714285714,2.456140350877193,2.807017543859649,6.315789473684211,40.0,3.571428571428571,5.357142857142857,9.375,43.03571428571429,2.489626556016597,2.489626556016597,5.809128630705394,1.7857142857142856,0.0,0.0,10.0,5.892857142857142,0.0,3.0303030303030303,6.0606060606060606,0.7142857142857143,100.0,0.0,0.0,0.5357142857142857,0.0,0.0,0.0,0.5357142857142857,100.0,0.0,0.0,,,,,2.321428571428572,0.0,7.6923076923076925,30.76923076923077,1.0714285714285714,0.0,16.666666666666664,33.33333333333333,1.0714285714285714,0.0,0.0,16.666666666666664,0.1785714285714285,0.0,0.0,0.0,,,,,,,,,0.3571428571428571,0.0,50.0,0.0,0.1785714285714285,100.0,0.0,0.0
Gianluigi Quinzi,0.543859649122807,0.5967741935483871,0.3653846153846153,0.2929292929292929,0.107981220657277,0.1643192488262911,0.0526315789473684,0.0087719298245614,0.34375,0.203125,0.453125,0.002898551,0.0,1.0,0.0,0.0,55.94202898550724,7.253886010362693,3.1088082901554404,9.32642487046632,44.05797101449275,5.263157894736842,4.605263157894736,7.236842105263158,53.62318840579711,7.027027027027027,3.2432432432432434,9.18918918918919,40.28985507246377,5.755395683453238,5.035971223021583,7.913669064748201,2.0289855072463765,14.285714285714285,0.0,0.0,3.768115942028986,0.0,0.0,0.0,0.2898550724637681,0.0,0.0,100.0,,,,,,,,,,,,,,,,,,,,,,,,,,,,,,,,,,,,,,,,,,,,
Gijs Brouwer,0.6938421509106678,0.69375,0.5014164305949008,0.3539982030548068,0.1434245366284201,0.1822594880847308,0.0268863833477883,0.0641803989592367,0.305352798053528,0.22992700729927,0.4635036496350365,0.046353872,0.530487805,0.06097561,0.12804878,0.823170732,58.45110231769362,9.429400386847195,6.286266924564797,12.379110251450678,41.322781232334655,3.830369357045144,4.035567715458276,8.549931600547197,54.49406444318824,7.105809128630705,6.068464730290456,12.655601659751037,22.159412097230074,2.933673469387755,3.9540816326530615,10.076530612244898,0.7066139061616733,0.0,8.0,4.0,16.47823629169022,0.3430531732418524,2.5728987993138936,7.375643224699828,1.215375918598078,53.48837209302325,6.976744186046512,9.30232558139535,1.5545505935556811,50.90909090909091,20.0,1.818181818181818,1.215375918598078,62.7906976744186,6.976744186046512,6.976744186046512,0.0565291124929338,0.0,50.0,0.0,0.2261164499717354,0.0,37.5,25.0,0.1978518937252685,28.57142857142857,0.0,28.57142857142857,0.1695873374788016,0.0,0.0,0.0,0.7066139061616733,0.0,0.0,0.0,0.1130582249858677,50.0,0.0,0.0,0.1695873374788016,16.666666666666664,16.666666666666664,0.0,0.3109101187111362,54.54545454545454,18.181818181818183,18.181818181818183,,,,
Gilles Arnaud Bailly,0.6159420289855072,0.6470588235294118,0.4528301886792453,0.38,0.0840336134453781,0.1302521008403361,0.0434782608695652,0.0144927536231884,0.2857142857142857,0.3174603174603174,0.3968253968253968,0.030508475,0.333333333,0.0,0.222222222,0.666666667,45.593220338983045,3.717472118959108,1.858736059479554,4.83271375464684,54.40677966101695,2.4922118380062304,4.672897196261682,3.738317757009345,39.66101694915255,2.564102564102564,2.1367521367521367,5.128205128205128,48.47457627118644,1.048951048951049,3.8461538461538463,3.8461538461538463,3.728813559322034,0.0,0.0,4.545454545454546,3.050847457627119,0.0,0.0,0.0,0.5084745762711864,0.0,0.0,0.0,1.3559322033898304,25.0,37.5,0.0,0.847457627118644,80.0,0.0,0.0,,,,,,,,,0.6779661016949152,75.0,0.0,25.0,0.6779661016949152,0.0,0.0,0.0,0.6779661016949152,0.0,0.0,0.0,0.1694915254237288,0.0,0.0,0.0,,,,,,,,,0.1694915254237288,0.0,100.0,0.0
Gilles Muller,0.6152019002375297,0.7786357786357786,0.51440329218107,0.2647584973166368,0.2276354472910541,0.1595968080638387,0.0435471100554235,0.1726049089469517,0.3894230769230769,0.219951923076923,0.390625,0.130357143,0.454794521,0.093150685,0.112328767,0.693150685,52.642857142857146,15.264586160108548,6.7164179104477615,12.279511533242877,47.25,7.4074074074074066,6.349206349206349,10.884353741496598,41.25,9.956709956709958,6.666666666666667,13.41991341991342,24.785714285714285,3.602305475504323,6.051873198847262,12.96829971181556,3.428571428571429,2.083333333333333,1.0416666666666663,2.083333333333333,14.428571428571429,1.2376237623762376,3.96039603960396,6.435643564356436,4.428571428571428,52.41935483870967,8.870967741935484,10.483870967741936,5.535714285714286,37.41935483870968,14.193548387096774,9.67741935483871,1.6428571428571428,78.26086956521739,4.3478260869565215,0.0,0.1071428571428571,66.66666666666666,0.0,0.0,0.8214285714285714,13.043478260869565,8.695652173913043,34.78260869565217,0.6785714285714286,15.789473684210526,0.0,26.31578947368421,0.3928571428571429,9.090909090909092,18.181818181818183,0.0,1.0714285714285714,10.0,6.666666666666667,16.666666666666664,0.4642857142857143,7.6923076923076925,15.384615384615383,15.384615384615383,0.6071428571428571,11.76470588235294,11.76470588235294,11.76470588235294,0.2142857142857143,33.33333333333333,33.33333333333333,16.666666666666664,0.0357142857142857,0.0,0.0,100.0
Gilles Simon,0.6027364944562397,0.6559686888454012,0.4982185273159145,0.3806146572104019,0.1251623568307946,0.1634195300507734,0.0257136117008728,0.0476527482896909,0.2992675270317405,0.2560167422392745,0.444715730728985,0.021056166,0.471526196,0.127562642,0.104783599,0.701594533,49.78656050649912,5.163776493256262,4.181117533718689,6.445086705202312,50.19425392105137,3.076923076923077,2.857142857142857,5.790731008122312,44.44817497242074,4.003453113197367,4.078989964389771,6.701197798640337,47.48429181255696,2.515151515151515,2.7474747474747474,5.747474747474747,3.477385006475131,1.103448275862069,2.0689655172413794,1.3793103448275863,1.3142117127919806,2.18978102189781,2.9197080291970803,3.2846715328467155,0.7002733944074057,52.73972602739726,10.95890410958904,13.013698630136986,0.6331238908340928,41.66666666666667,8.333333333333332,13.636363636363637,0.5228068492493645,52.293577981651374,15.59633027522936,10.091743119266056,0.0287783586742769,33.33333333333333,0.0,16.666666666666664,0.1390954002590052,27.58620689655172,6.896551724137931,10.344827586206897,0.0911314691352103,10.526315789473683,31.57894736842105,21.052631578947366,0.3213583385294258,2.985074626865672,5.970149253731343,0.0,0.5995491390474363,4.0,1.6,2.4,0.0767422897980718,25.0,6.25,6.25,0.0239819655618974,0.0,0.0,20.0,0.1007242553599693,42.85714285714285,4.761904761904762,19.047619047619047,0.0191855724495179,75.0,0.0,25.0
Giorgio Galimberti,0.6712328767123288,0.6938775510204082,0.4583333333333333,0.4358974358974359,0.152317880794702,0.23841059602649,0.0547945205479452,0.0410958904109589,0.3174603174603174,0.1746031746031746,0.5079365079365079,0.018808777,0.666666667,0.0,0.0,0.833333333,43.573667711598745,5.755395683453238,5.755395683453238,12.949640287769784,56.42633228840125,6.666666666666667,1.6666666666666667,7.777777777777778,40.43887147335423,3.10077519379845,6.2015503875969,13.953488372093023,39.49843260188088,7.142857142857142,2.380952380952381,11.11111111111111,1.8808777429467085,0.0,0.0,0.0,15.673981191222571,2.0,0.0,0.0,0.6269592476489028,100.0,0.0,0.0,0.3134796238244514,0.0,0.0,0.0,0.6269592476489028,100.0,0.0,0.0,,,,,,,,,0.6269592476489028,100.0,0.0,0.0,,,,,,,,,,,,,0.3134796238244514,0.0,0.0,0.0,,,,,,,,
Giovanni Lapentti,0.7017543859649122,0.725,0.4705882352941176,0.532258064516129,0.0924369747899159,0.1680672268907563,0.0701754385964912,0.0701754385964912,0.1590909090909091,0.4772727272727273,0.3636363636363636,0.057416268,0.333333333,0.333333333,0.166666667,0.666666667,54.54545454545454,4.385964912280701,12.280701754385964,8.771929824561402,45.45454545454545,2.1052631578947367,7.368421052631578,6.315789473684211,46.889952153110045,3.061224489795918,12.244897959183673,8.16326530612245,36.36363636363637,0.0,6.578947368421052,3.947368421052632,2.392344497607656,0.0,0.0,0.0,4.784688995215311,0.0,10.0,10.0,1.4354066985645932,66.66666666666666,33.33333333333333,0.0,3.349282296650718,28.57142857142857,14.285714285714285,28.57142857142857,0.9569377990430622,0.0,0.0,100.0,,,,,0.9569377990430622,0.0,50.0,0.0,,,,,1.9138755980861244,0.0,0.0,0.0,0.9569377990430622,0.0,0.0,0.0,,,,,,,,,,,,,,,,
Giovanni Mpetshi Perricard,0.6507056451612904,0.7877614252517429,0.5324675324675324,0.2691048034934498,0.2914046121593291,0.1871069182389937,0.0594758064516129,0.3573588709677419,0.3352745424292845,0.1688851913477537,0.4958402662229617,0.100590372,0.372460497,0.153498871,0.106094808,0.656884876,54.04178019981835,11.76470588235294,5.588235294117648,14.915966386554622,45.86739327883742,6.089108910891089,3.4653465346534658,11.88118811881188,41.59854677565849,8.951965065502183,5.622270742358078,17.03056768558952,27.77020890099909,4.660670482420279,3.3524121013900245,14.963205233033523,6.267029972752043,1.0869565217391304,0.3623188405797101,1.8115942028985508,12.034514078110808,0.3773584905660377,0.9433962264150944,3.5849056603773586,3.292461398728429,44.82758620689656,10.344827586206897,16.551724137931036,4.3142597638510445,28.421052631578945,8.421052631578947,14.736842105263156,1.2715712988192551,62.5,12.5,8.928571428571429,0.181653042688465,12.5,25.0,0.0,0.7720254314259765,29.411764705882355,5.88235294117647,8.823529411764707,0.2270663033605813,0.0,10.0,30.0,0.3860127157129882,5.88235294117647,5.88235294117647,5.88235294117647,0.7947320617620345,2.857142857142857,5.714285714285714,2.857142857142857,0.4087193460490463,11.11111111111111,22.22222222222222,22.22222222222222,0.544959128065395,33.33333333333333,12.5,25.0,0.0454132606721162,0.0,0.0,50.0,,,,
Giulio Zeppieri,0.5444444444444444,0.6428571428571429,0.4878048780487805,0.2447552447552447,0.1300309597523219,0.2198142414860681,0.0555555555555555,0.0555555555555555,0.2711864406779661,0.211864406779661,0.5169491525423728,0.053571429,0.37037037,0.074074074,0.148148148,0.703703704,54.563492063492056,10.181818181818182,6.909090909090909,13.818181818181818,45.23809523809524,1.7543859649122806,2.631578947368421,10.087719298245611,45.83333333333333,7.35930735930736,6.0606060606060606,14.71861471861472,37.10317460317461,0.53475935828877,3.2085561497326207,11.76470588235294,3.1746031746031744,0.0,6.25,0.0,4.9603174603174605,0.0,0.0,0.0,1.5873015873015872,37.5,12.5,12.5,1.984126984126984,30.0,0.0,10.0,1.5873015873015872,50.0,37.5,0.0,,,,,1.984126984126984,40.0,0.0,30.0,0.3968253968253968,0.0,0.0,0.0,0.1984126984126984,0.0,0.0,0.0,0.7936507936507936,0.0,0.0,0.0,,,,,,,,,0.1984126984126984,0.0,0.0,0.0,,,,
Goncalo Oliveira,0.6558139534883721,0.723404255319149,0.5675675675675675,0.3125,0.2087912087912088,0.1978021978021978,0.013953488372093,0.0790697674418604,0.4148936170212766,0.1223404255319148,0.4627659574468085,0.04281768,0.64516129,0.064516129,0.032258065,0.774193548,54.14364640883977,14.540816326530612,4.081632653061225,10.20408163265306,45.7182320441989,6.042296072507553,2.114803625377644,14.19939577039275,47.09944751381215,11.730205278592376,4.398826979472141,10.263929618768328,39.36464088397791,4.56140350877193,2.456140350877193,14.736842105263156,3.314917127071823,4.166666666666666,0.0,8.333333333333332,4.558011049723757,0.0,0.0,12.12121212121212,1.2430939226519335,66.66666666666666,11.11111111111111,0.0,0.9668508287292816,57.14285714285714,0.0,14.285714285714285,1.3812154696132597,70.0,0.0,10.0,,,,,0.4143646408839779,33.33333333333333,0.0,33.33333333333333,0.5524861878453038,50.0,0.0,0.0,0.2762430939226519,0.0,0.0,50.0,,,,,0.1381215469613259,0.0,0.0,0.0,0.2762430939226519,50.0,0.0,0.0,0.2762430939226519,100.0,0.0,0.0,,,,
Gonzalo Escobar,0.5882352941176471,0.7833333333333333,0.5,0.3578947368421052,0.1624365482233502,0.1116751269035533,0.0784313725490196,0.0392156862745098,0.4057971014492754,0.391304347826087,0.2028985507246377,0.02764977,0.833333333,0.0,0.166666667,1.0,67.2811059907834,17.123287671232877,13.6986301369863,6.164383561643835,32.71889400921659,4.225352112676056,9.859154929577464,7.042253521126761,63.1336405529954,14.5985401459854,13.86861313868613,6.569343065693431,28.11059907834101,3.278688524590164,11.475409836065571,8.19672131147541,1.3824884792626728,0.0,0.0,0.0,2.7649769585253456,0.0,0.0,0.0,1.8433179723502304,100.0,0.0,0.0,0.4608294930875576,100.0,0.0,0.0,0.4608294930875576,0.0,100.0,0.0,,,,,,,,,0.9216589861751152,0.0,0.0,0.0,0.4608294930875576,100.0,0.0,0.0,0.4608294930875576,0.0,0.0,0.0,,,,,,,,,,,,,,,,
Gonzalo Lama,0.6491228070175439,0.8108108108108109,0.6,0.4,0.0854700854700854,0.188034188034188,0.0350877192982456,0.0350877192982456,0.2051282051282051,0.282051282051282,0.5128205128205128,0.011299435,1.0,0.0,0.0,1.0,72.31638418079096,6.25,7.03125,12.5,27.68361581920904,0.0,4.081632653061225,8.16326530612245,67.79661016949152,3.333333333333333,7.5,12.5,21.468926553672315,0.0,5.263157894736842,7.894736842105263,1.1299435028248588,0.0,0.0,50.0,5.084745762711865,0.0,0.0,11.11111111111111,,,,,,,,,0.5649717514124294,100.0,0.0,0.0,,,,,1.1299435028248588,100.0,0.0,0.0,,,,,1.1299435028248588,0.0,0.0,0.0,1.1299435028248588,0.0,0.0,0.0,,,,,,,,,0.5649717514124294,100.0,0.0,0.0,,,,
Goran Ivanisevic,0.5863247863247864,0.8221574344023324,0.4834710743801653,0.3444816053511705,0.2231614539306847,0.1318681318681318,0.082051282051282,0.2092927631578947,0.3899097895088539,0.2348813899097895,0.3752088205813565,0.190766271,0.299719888,0.122128852,0.122689076,0.63697479,47.6056338028169,15.976331360946746,9.270216962524657,9.072978303747536,52.206572769953056,11.151079136690647,8.992805755395683,11.151079136690647,36.61971830985916,9.743589743589745,9.230769230769232,7.6923076923076925,25.44600938967136,9.22509225092251,11.439114391143912,16.605166051660518,0.6572769953051643,14.285714285714285,0.0,0.0,14.929577464788732,1.8867924528301887,2.515723270440252,5.660377358490567,6.760563380281689,34.72222222222222,8.333333333333332,19.444444444444446,7.230046948356808,33.76623376623377,15.584415584415584,7.792207792207792,1.8779342723004693,65.0,15.0,10.0,0.2816901408450704,66.66666666666666,33.33333333333333,0.0,0.1877934272300469,50.0,0.0,0.0,1.4084507042253522,33.33333333333333,6.666666666666667,13.333333333333334,0.3755868544600939,25.0,25.0,0.0,0.6572769953051643,14.285714285714285,0.0,0.0,0.8450704225352111,0.0,0.0,0.0,2.2535211267605635,0.0,4.166666666666666,0.0,0.2816901408450704,66.66666666666666,33.33333333333333,0.0,,,,
Govind Nanda,0.6190476190476191,0.5128205128205128,0.5,0.3061224489795918,0.0982142857142857,0.1607142857142857,0.0158730158730158,0.0317460317460317,0.3,0.1333333333333333,0.5666666666666667,0.027303754,0.625,0.0,0.0,0.875,50.51194539249146,5.405405405405405,0.0,6.756756756756757,49.48805460750853,0.6896551724137931,2.7586206896551726,4.827586206896552,47.781569965870304,2.857142857142857,0.0,7.142857142857142,42.66211604095563,0.0,3.2,2.4,0.3412969283276451,0.0,0.0,0.0,5.119453924914676,0.0,0.0,13.333333333333334,1.3651877133105803,75.0,0.0,0.0,1.023890784982935,33.33333333333333,0.0,0.0,,,,,,,,,0.6825938566552902,0.0,0.0,0.0,0.3412969283276451,0.0,0.0,100.0,,,,,0.3412969283276451,0.0,0.0,100.0,0.3412969283276451,100.0,0.0,0.0,,,,,,,,,,,,
Greg Rusedski,0.572538860103627,0.7601809954751131,0.4909090909090909,0.2636363636363636,0.1731843575418994,0.1340782122905028,0.0492227979274611,0.1479684657368102,0.4256465517241379,0.2209051724137931,0.3534482758620689,0.266687757,0.300118624,0.131672598,0.120996441,0.634638197,45.40750323415265,12.535612535612536,5.413105413105413,11.11111111111111,54.463130659767145,6.65083135391924,4.750593824228028,9.026128266033254,31.82406209573092,5.691056910569105,3.658536585365853,10.16260162601626,8.796895213454075,7.352941176470589,2.941176470588235,5.88235294117647,1.034928848641656,0.0,0.0,12.5,32.082794307891334,1.2096774193548387,1.6129032258064515,8.870967741935484,9.314359637774904,29.166666666666668,12.5,16.666666666666664,10.34928848641656,23.75,16.25,15.0,0.646830530401035,100.0,0.0,0.0,0.129366106080207,0.0,0.0,0.0,0.129366106080207,100.0,0.0,0.0,0.3880983182406209,33.33333333333333,0.0,0.0,0.646830530401035,20.0,0.0,20.0,1.1642949547218628,0.0,0.0,0.0,1.8111254851228973,14.285714285714285,7.142857142857142,0.0,1.552393272962484,0.0,8.333333333333332,0.0,,,,,,,,
Grega Zemlja,0.6521739130434783,0.8666666666666667,0.5,0.5555555555555556,0.2317073170731707,0.073170731707317,0.0652173913043478,0.1956521739130435,0.4545454545454545,0.4090909090909091,0.1363636363636363,0.031914894,0.666666667,0.333333333,0.0,0.666666667,51.06382978723404,14.583333333333334,10.416666666666668,4.166666666666666,48.93617021276596,6.521739130434782,8.695652173913043,2.1739130434782608,47.87234042553192,11.11111111111111,11.11111111111111,2.2222222222222223,34.04255319148936,9.375,9.375,3.125,,,,,12.76595744680851,0.0,8.333333333333332,0.0,1.0638297872340423,100.0,0.0,0.0,,,,,1.0638297872340423,100.0,0.0,0.0,,,,,,,,,,,,,,,,,2.127659574468085,0.0,0.0,0.0,1.0638297872340423,0.0,0.0,100.0,,,,,,,,,,,,
Gregoire Barrere,0.601063829787234,0.6353982300884956,0.4746666666666667,0.3337053571428571,0.1383442265795207,0.1862745098039215,0.0329787234042553,0.0882978723404255,0.2697160883280757,0.2381703470031545,0.4905362776025236,0.039339656,0.392857143,0.178571429,0.080357143,0.580357143,51.914295749912185,7.916102841677943,5.345060893098782,11.231393775372124,48.015454864769936,3.9502560351133873,5.267008046817849,10.607168983174835,44.15173867228662,5.88703261734288,5.727923627684964,11.614956245027845,39.26940639269406,3.488372093023256,5.366726296958855,10.822898032200358,4.425711275026344,2.380952380952381,1.5873015873015872,1.5873015873015872,5.97119775201967,0.0,2.3529411764705883,7.647058823529412,1.2293642430628733,40.0,2.857142857142857,20.0,1.0888654724271165,16.129032258064516,16.129032258064516,19.35483870967742,1.0888654724271165,58.06451612903226,3.225806451612903,22.58064516129032,0.1053740779768176,33.33333333333333,33.33333333333333,0.0,0.4214963119072707,25.0,8.333333333333332,16.666666666666664,1.0186160871092378,24.13793103448276,6.896551724137931,17.24137931034483,0.3161222339304531,0.0,11.11111111111111,22.22222222222222,0.4214963119072707,8.333333333333332,0.0,0.0,0.0351246926589392,0.0,0.0,0.0,0.1053740779768176,0.0,0.0,0.0,0.2458728486125746,71.42857142857143,14.285714285714285,0.0,0.0351246926589392,100.0,0.0,0.0
Grigor Dimitrov,0.6292265837543723,0.7458925262507721,0.4972746331236897,0.3570223857712358,0.1772743062256359,0.1784322050252808,0.0441507967353284,0.1233579479207151,0.3268457105577906,0.2318147221920191,0.4409046428183103,0.036339523,0.517639903,0.111922141,0.090024331,0.750608273,52.97966401414678,9.191421895861149,6.400200267022697,8.415387182910546,46.96507515473033,3.7652374452863935,2.800395349931755,9.58252929825387,48.36427939876216,7.024680073126143,6.448811700182816,8.587751371115173,21.68656056587091,4.821119151972276,3.822240342472736,12.587911527876871,1.7550839964633067,0.8816120906801008,1.7632241813602016,1.2594458438287155,23.0106100795756,0.4034582132564841,1.1623439000960614,6.243996157540826,0.9924845269672856,54.12026726057907,7.795100222717149,11.358574610244988,1.0654288240495138,42.531120331950206,9.33609958506224,14.730290456431536,0.9836427939876216,67.64044943820224,7.640449438202247,6.96629213483146,0.039787798408488,66.66666666666666,11.11111111111111,0.0,0.2144120247568523,28.865979381443296,7.216494845360824,17.525773195876287,0.6962864721485411,15.555555555555555,11.746031746031743,22.22222222222222,0.2409372236958443,9.174311926605505,8.256880733944955,2.752293577981652,0.3426171529619805,3.870967741935484,4.516129032258064,3.225806451612903,0.1503094606542882,23.52941176470588,16.176470588235293,5.88235294117647,0.1016799292661361,19.565217391304348,13.043478260869565,6.521739130434782,0.2785145888594164,48.41269841269841,10.317460317460316,17.46031746031746,0.02210433244916,40.0,20.0,20.0
Guido Andreozzi,0.5769230769230769,0.6222222222222222,0.4696969696969697,0.4295774647887324,0.1275167785234899,0.2281879194630872,0.0641025641025641,0.0448717948717948,0.2649572649572649,0.2393162393162393,0.4957264957264957,0.022580645,0.428571429,0.214285714,0.214285714,0.642857143,62.74193548387097,5.912596401028278,6.169665809768637,8.997429305912597,37.25806451612903,3.463203463203463,1.7316017316017316,9.956709956709958,61.29032258064516,5.789473684210527,6.052631578947368,8.947368421052632,29.516129032258064,1.639344262295082,0.546448087431694,10.382513661202186,0.4838709677419355,0.0,0.0,0.0,5.161290322580645,0.0,0.0,3.125,0.4838709677419355,33.33333333333333,33.33333333333333,0.0,1.4516129032258065,55.55555555555556,11.11111111111111,33.33333333333333,0.1612903225806451,0.0,0.0,0.0,,,,,0.1612903225806451,0.0,0.0,100.0,0.3225806451612903,0.0,0.0,0.0,0.1612903225806451,0.0,0.0,0.0,0.6451612903225806,0.0,25.0,0.0,,,,,0.1612903225806451,0.0,100.0,0.0,,,,,,,,
Guido Pella,0.6687158469945356,0.6721144024514811,0.4804123711340206,0.3756613756613756,0.135752688172043,0.1754032258064516,0.0280054644808743,0.0758196721311475,0.2817307692307692,0.2567307692307692,0.4615384615384615,0.026379673,0.460122699,0.09202454,0.110429448,0.73006135,54.960349571128006,5.771495877502945,4.946996466431095,7.803297997644288,44.94254733775691,3.4929780338494782,3.5649981994958586,7.742167806985956,50.25084965204726,4.28341384863124,4.798711755233494,8.019323671497585,35.02184819550089,2.1719038817005547,3.0961182994454712,7.6709796672828094,2.2495549441657223,4.316546762589928,0.7194244604316548,1.4388489208633095,6.813400226573879,0.9501187648456058,3.800475059382423,4.98812351543943,1.0195824567082052,55.55555555555556,11.11111111111111,4.761904761904762,0.8415601229972487,42.30769230769231,11.538461538461538,13.461538461538462,0.4207800614986243,38.46153846153847,15.384615384615383,7.6923076923076925,0.0809192425958893,80.0,0.0,0.0,0.5016993040945137,32.25806451612903,12.903225806451612,22.58064516129032,1.3108917300534069,19.753086419753085,11.11111111111111,24.69135802469136,0.3722285159410908,0.0,8.695652173913043,0.0,0.7444570318821816,4.3478260869565215,2.1739130434782608,0.0,0.0809192425958893,20.0,0.0,20.0,0.0971030911150671,0.0,0.0,16.666666666666664,0.0647353940767114,25.0,25.0,25.0,0.0323676970383557,100.0,0.0,0.0
Guillermo Canas,0.5723684210526315,0.6704980842911877,0.482051282051282,0.3264150943396226,0.1389452332657201,0.1511156186612576,0.0394736842105263,0.0789473684210526,0.3435374149659864,0.2108843537414966,0.445578231292517,0.030047443,0.49122807,0.105263158,0.157894737,0.719298246,54.24354243542435,7.580174927113703,4.470359572400389,6.997084548104956,45.75645756457565,2.6497695852534564,1.8433179723502304,6.797235023041474,50.65893516078018,6.035379812695109,4.266389177939646,6.971904266389179,36.47865050079072,1.4450867052023122,1.1560693641618496,7.225433526011561,1.2124406958355298,0.0,4.3478260869565215,0.0,6.694781233526621,0.7874015748031495,0.7874015748031495,3.937007874015748,0.9488666315234582,33.33333333333333,16.666666666666664,22.22222222222222,1.0542962572482868,50.0,10.0,10.0,0.790722192936215,73.33333333333333,6.666666666666667,0.0,,,,,0.0527148128624143,0.0,0.0,100.0,0.158144438587243,0.0,0.0,66.66666666666666,0.5271481286241434,20.0,0.0,0.0,1.2124406958355298,8.695652173913043,8.695652173913043,0.0,0.0527148128624143,100.0,0.0,0.0,0.158144438587243,0.0,100.0,0.0,,,,,,,,
Guillermo Coria,0.6831302116741501,0.6262910798122066,0.4676113360323887,0.4090314136125654,0.1347586653709102,0.1720116618075801,0.0359204618345093,0.0333547145606157,0.3288166214995483,0.2420957542908762,0.4290876242095754,0.027762876,0.429951691,0.101449275,0.115942029,0.666666667,51.09978540772532,6.141732283464567,4.671916010498688,7.086614173228346,48.87339055793991,3.5675082327113063,2.469813391877058,5.625686059275521,43.48175965665236,3.763109191856878,4.009870450339297,7.341147439851943,44.1255364806867,2.674772036474164,2.401215805471125,5.4407294832826745,2.99087982832618,3.1390134529147984,0.8968609865470852,3.1390134529147984,2.8567596566523608,1.8779342723004693,0.4694835680751174,4.225352112676056,0.8583690987124464,53.125,14.0625,3.125,0.6437768240343348,29.166666666666668,4.166666666666666,25.0,0.6437768240343348,45.83333333333333,16.666666666666664,8.333333333333332,0.1072961373390558,62.5,0.0,12.5,2.199570815450644,20.1219512195122,13.414634146341465,10.975609756097562,0.2414163090128755,11.11111111111111,0.0,11.11111111111111,0.6169527896995708,17.391304347826086,8.695652173913043,0.0,0.6840128755364807,21.5686274509804,11.76470588235294,1.96078431372549,0.2011802575107296,33.33333333333333,13.333333333333334,6.666666666666667,0.1743562231759656,38.46153846153847,7.6923076923076925,7.6923076923076925,0.1072961373390558,37.5,12.5,0.0,0.0402360515021459,33.33333333333333,33.33333333333333,0.0
Guillermo Garcia Lopez,0.560625814863103,0.7558139534883721,0.5014836795252225,0.3630653266331658,0.145233525271913,0.1317978246960972,0.0391134289439374,0.075619295958279,0.3658008658008658,0.2510822510822511,0.3809523809523809,0.022136332,0.571428571,0.0,0.063492063,0.80952381,50.87842586085735,8.35635359116022,5.110497237569061,5.662983425414365,49.08643710470837,3.4359341445955622,3.0064423765211163,6.728704366499643,46.59170765987351,6.862745098039216,5.052790346907994,6.108597285067873,33.38018271257906,2.9473684210526314,3.578947368421052,7.157894736842104,2.037947997189037,0.0,0.0,0.0,13.106113843991569,0.2680965147453083,1.0723860589812333,5.630026809651475,0.6324666198172875,72.22222222222221,0.0,0.0,0.7378777231201686,57.14285714285714,0.0,0.0,0.4567814476458187,69.23076923076923,7.6923076923076925,0.0,,,,,0.4567814476458187,38.46153846153847,15.384615384615383,7.6923076923076925,1.0541110330288124,20.0,13.333333333333334,16.666666666666664,0.4216444132115249,8.333333333333332,8.333333333333332,0.0,0.7027406886858749,5.0,0.0,0.0,0.0702740688685874,0.0,0.0,0.0,0.1054111033028812,0.0,0.0,0.0,0.2108222066057624,33.33333333333333,50.0,0.0,,,,
Gustavo Kuerten,0.5490472829922372,0.7448586118251928,0.5312989045383412,0.36,0.1915812196438208,0.1739521496672063,0.0225829216654904,0.1172396735097699,0.3529810298102981,0.2259485094850948,0.421070460704607,0.037711011,0.470225873,0.102669405,0.082135524,0.716632444,45.64169951817784,9.884836852207291,5.902111324376199,10.316698656429942,54.314498466929486,6.330645161290323,3.931451612903226,9.536290322580646,41.4257555847569,6.872852233676976,5.815490351572826,10.49431667988369,45.90451160753395,5.749045801526718,3.959923664122137,10.162213740458014,0.7884362680683311,6.944444444444445,0.0,0.0,5.245291283399036,2.0876826722338206,0.417536534446764,3.1315240083507305,1.204555409548839,62.727272727272734,6.363636363636363,14.545454545454543,1.0731493648707842,34.69387755102041,10.20408163265306,11.224489795918368,0.8103372755146736,58.108108108108105,8.108108108108109,5.405405405405405,0.043802014892685,25.0,0.0,0.0,0.7774857643451599,38.0281690140845,14.084507042253522,9.859154929577464,0.9526938239159002,19.54022988505747,13.79310344827586,18.39080459770115,0.2847130968024529,11.538461538461538,0.0,3.8461538461538463,0.8869908015768726,9.876543209876544,2.469135802469136,2.469135802469136,0.1204555409548839,9.090909090909092,9.090909090909092,0.0,0.164257555847569,13.333333333333334,20.0,0.0,0.2299605781865965,19.047619047619047,9.523809523809524,23.809523809523807,0.043802014892685,25.0,0.0,75.0
Guy Den Ouden,0.6785714285714286,0.7236842105263158,0.5277777777777778,0.3267326732673267,0.1690140845070422,0.2065727699530516,0.0535714285714285,0.0892857142857142,0.3209876543209876,0.2098765432098765,0.4691358024691358,0.017291066,0.5,0.166666667,0.333333333,0.833333333,62.8242074927954,8.256880733944955,6.422018348623854,10.550458715596331,34.5821325648415,6.666666666666667,2.5,10.833333333333334,55.61959654178674,7.253886010362693,5.699481865284974,10.88082901554404,26.80115273775216,4.301075268817205,3.225806451612903,10.75268817204301,3.45821325648415,8.333333333333332,0.0,0.0,5.187319884726225,0.0,0.0,11.11111111111111,0.8645533141210375,66.66666666666666,33.33333333333333,0.0,0.2881844380403458,100.0,0.0,0.0,0.2881844380403458,0.0,0.0,100.0,,,,,1.729106628242075,16.666666666666664,16.666666666666664,16.666666666666664,0.8645533141210375,33.33333333333333,0.0,33.33333333333333,0.5763688760806917,0.0,0.0,0.0,1.440922190201729,40.0,0.0,0.0,0.2881844380403458,0.0,100.0,0.0,,,,,,,,,,,,
Hady Habib,0.651685393258427,0.7068965517241379,0.4838709677419355,0.1866666666666666,0.1463414634146341,0.1585365853658536,0.0449438202247191,0.1573033707865168,0.2439024390243902,0.2195121951219512,0.5365853658536586,0.032051282,0.2,0.4,0.0,0.4,52.56410256410257,8.536585365853659,9.75609756097561,10.975609756097562,47.43589743589743,4.054054054054054,1.351351351351351,17.56756756756757,47.43589743589743,9.45945945945946,10.81081081081081,9.45945945945946,37.17948717948718,3.4482758620689653,1.7241379310344829,20.6896551724138,3.205128205128205,0.0,0.0,0.0,8.974358974358974,0.0,0.0,7.142857142857142,1.282051282051282,0.0,0.0,100.0,0.641025641025641,100.0,0.0,0.0,,,,,,,,,,,,,,,,,,,,,,,,,0.641025641025641,0.0,0.0,0.0,0.641025641025641,0.0,0.0,0.0,,,,,,,,
Hamad Medjedovic,0.6328502415458938,0.7557251908396947,0.4539473684210526,0.2917705735660847,0.2024539877300613,0.1877300613496932,0.0603864734299516,0.2125603864734299,0.2883895131086142,0.2322097378277153,0.4794007490636704,0.043269231,0.333333333,0.222222222,0.133333333,0.577777778,52.01923076923077,11.090573012939002,6.284658040665435,13.67837338262477,47.98076923076923,3.406813627254509,5.61122244488978,10.821643286573146,44.80769230769231,8.583690987124463,6.008583690987124,13.090128755364807,37.40384615384615,1.7994858611825193,5.655526992287918,11.311053984575835,2.5,3.8461538461538463,3.8461538461538463,11.538461538461538,6.25,0.0,1.5384615384615383,1.5384615384615383,1.5384615384615383,25.0,18.75,31.25,1.3461538461538465,35.714285714285715,7.142857142857142,21.428571428571427,1.0576923076923077,45.45454545454545,9.090909090909092,9.090909090909092,,,,,1.4423076923076923,60.0,0.0,20.0,2.5,15.384615384615383,15.384615384615383,23.07692307692308,0.2884615384615385,0.0,0.0,0.0,0.4807692307692308,20.0,0.0,0.0,0.2884615384615385,0.0,33.33333333333333,33.33333333333333,,,,,0.0961538461538461,100.0,0.0,0.0,,,,
Harel Levy,0.6335877862595419,0.6626506024096386,0.3125,0.3741007194244604,0.1185185185185185,0.1518518518518518,0.0305343511450381,0.0305343511450381,0.3373493975903614,0.216867469879518,0.4457831325301205,0.075091575,0.365853659,0.048780488,0.048780488,0.780487805,46.336996336996336,5.138339920948617,4.3478260869565215,5.928853754940711,53.663003663003664,5.119453924914676,2.389078498293516,7.508532423208192,36.26373626373626,1.5151515151515151,5.05050505050505,7.07070707070707,23.07692307692308,5.555555555555555,2.380952380952381,12.698412698412698,6.7765567765567765,2.702702702702702,0.0,0.0,24.35897435897436,0.0,1.5037593984962403,3.007518796992481,2.0146520146520146,54.54545454545454,9.090909090909092,9.090909090909092,3.47985347985348,26.31578947368421,5.263157894736842,0.0,0.3663003663003663,100.0,0.0,0.0,0.3663003663003663,100.0,0.0,0.0,0.1831501831501831,100.0,0.0,0.0,0.9157509157509158,0.0,20.0,20.0,0.1831501831501831,0.0,0.0,0.0,0.7326007326007326,25.0,0.0,0.0,0.5494505494505495,0.0,0.0,0.0,0.7326007326007326,0.0,0.0,25.0,,,,,,,,
Harold Mayot,0.574468085106383,0.7777777777777778,0.65,0.4423076923076923,0.1111111111111111,0.1515151515151515,0.0212765957446808,0.0212765957446808,0.2702702702702703,0.3513513513513513,0.3783783783783784,0.029288703,0.285714286,0.142857143,0.142857143,0.571428571,48.11715481171548,6.086956521739131,6.086956521739131,6.956521739130435,51.88284518828452,2.419354838709677,4.838709677419355,4.838709677419355,43.93305439330544,4.761904761904762,5.714285714285714,7.6190476190476195,39.74895397489539,3.1578947368421053,5.263157894736842,5.263157894736842,2.092050209205021,0.0,0.0,0.0,7.112970711297072,0.0,0.0,0.0,0.8368200836820083,100.0,0.0,0.0,1.2552301255230125,0.0,0.0,33.33333333333333,0.4184100418410041,0.0,100.0,0.0,,,,,,,,,1.6736401673640169,0.0,0.0,0.0,0.4184100418410041,0.0,0.0,0.0,2.092050209205021,0.0,20.0,0.0,,,,,,,,,0.4184100418410041,0.0,0.0,0.0,,,,
Henri Laaksonen,0.6861313868613139,0.675531914893617,0.5348837209302325,0.364963503649635,0.1806569343065693,0.2043795620437956,0.0072992700729927,0.1167883211678832,0.3045454545454545,0.1954545454545454,0.5,0.019845645,0.555555556,0.166666667,0.0,0.722222222,62.62403528114664,9.859154929577464,5.105633802816902,12.5,37.37596471885336,3.2448377581120944,4.129793510324483,11.50442477876106,57.7728776185226,7.251908396946565,5.534351145038168,12.97709923664122,19.845644983461963,5.0,5.555555555555555,12.777777777777777,1.8743109151047408,11.76470588235294,0.0,0.0,15.87651598676957,0.6944444444444444,0.6944444444444444,9.722222222222223,0.5512679162072767,40.0,0.0,40.0,0.330760749724366,0.0,0.0,33.33333333333333,1.102535832414553,80.0,0.0,0.0,,,,,1.102535832414553,60.0,0.0,10.0,1.2127894156560088,9.090909090909092,27.27272727272727,9.090909090909092,0.2205071664829107,0.0,0.0,0.0,0.1102535832414553,0.0,0.0,0.0,,,,,,,,,,,,,,,,
Henrique Rocha,0.4672131147540984,0.6491228070175439,0.4461538461538462,0.3113207547169811,0.087719298245614,0.293859649122807,0.0655737704918032,0.0327868852459016,0.1553398058252427,0.2718446601941747,0.5728155339805825,0.017817372,0.375,0.125,0.25,0.875,63.02895322939867,5.30035335689046,8.12720848056537,12.7208480565371,36.97104677060133,0.6024096385542169,3.0120481927710845,13.855421686746988,58.57461024498887,4.182509505703422,7.984790874524715,12.927756653992397,31.1804008908686,0.7142857142857143,3.571428571428571,13.571428571428571,1.55902004454343,0.0,0.0,0.0,4.67706013363029,0.0,0.0,14.285714285714285,1.11358574610245,60.0,20.0,0.0,0.4454342984409799,0.0,0.0,50.0,,,,,,,,,0.8908685968819599,25.0,0.0,50.0,,,,,0.6681514476614699,0.0,0.0,0.0,0.6681514476614699,0.0,0.0,0.0,,,,,,,,,0.2227171492204899,0.0,100.0,0.0,,,,
Hernan Casanova,0.6086956521739131,0.6428571428571429,0.4444444444444444,0.26,0.0672268907563025,0.1512605042016806,0.0289855072463768,0.0144927536231884,0.2258064516129032,0.2580645161290322,0.5161290322580645,0.028368794,0.5,0.0,0.0,0.5,65.24822695035462,6.521739130434782,6.521739130434782,15.217391304347828,34.751773049645394,2.0408163265306123,4.081632653061225,4.081632653061225,58.86524822695035,4.819277108433735,6.024096385542169,16.867469879518072,20.56737588652482,0.0,0.0,6.896551724137931,2.8368794326241136,0.0,0.0,0.0,10.638297872340424,0.0,13.333333333333334,0.0,0.7092198581560284,0.0,0.0,0.0,1.4184397163120568,50.0,0.0,0.0,0.7092198581560284,100.0,0.0,0.0,,,,,0.7092198581560284,100.0,0.0,0.0,,,,,1.4184397163120568,0.0,50.0,0.0,2.127659574468085,0.0,0.0,0.0,,,,,,,,,,,,,,,,
Hiroki Moriya,0.5081967213114754,0.5806451612903226,0.5,0.3103448275862069,0.1176470588235294,0.3025210084033613,0.0655737704918032,0.0,0.2857142857142857,0.0612244897959183,0.6530612244897959,0.023474178,0.6,0.0,0.0,0.6,56.8075117370892,3.3057851239669422,2.479338842975207,16.528925619834713,43.1924882629108,10.869565217391305,0.0,13.043478260869565,55.86854460093896,2.5210084033613445,2.5210084033613445,16.80672268907563,38.49765258215962,7.317073170731707,0.0,13.414634146341465,0.4694835680751174,0.0,0.0,0.0,1.4084507042253522,0.0,0.0,33.33333333333333,,,,,1.4084507042253522,66.66666666666666,0.0,0.0,,,,,,,,,,,,,0.4694835680751174,0.0,0.0,0.0,,,,,0.9389671361502347,100.0,0.0,0.0,0.4694835680751174,100.0,0.0,0.0,0.4694835680751174,0.0,0.0,0.0,,,,,,,,
Ho Gi Kang,0.5777777777777777,0.4230769230769231,0.3684210526315789,0.2368421052631578,0.0602409638554216,0.3614457831325301,0.0444444444444444,0.0,0.1219512195121951,0.1951219512195122,0.6829268292682927,0.011049724,0.5,0.5,0.0,0.5,58.5635359116022,1.8867924528301887,4.716981132075472,15.09433962264151,41.43646408839779,4.0,4.0,16.0,53.03867403314917,0.0,5.208333333333334,14.583333333333334,29.83425414364641,3.7037037037037033,5.555555555555555,12.962962962962962,3.314917127071823,0.0,0.0,0.0,9.392265193370166,0.0,0.0,29.411764705882355,0.5524861878453038,0.0,0.0,100.0,0.5524861878453038,100.0,0.0,0.0,,,,,,,,,1.6574585635359116,66.66666666666666,0.0,33.33333333333333,1.6574585635359116,0.0,0.0,0.0,,,,,,,,,,,,,,,,,,,,,,,,
Holger Rune,0.6111325115562404,0.697447210841475,0.5111441307578009,0.3537820131030375,0.1875061100791866,0.1854531234724802,0.0433359013867488,0.1051617873651772,0.3519753719856336,0.2190867111339148,0.4289379168804515,0.056095693,0.427521008,0.12394958,0.107142857,0.68487395,53.939072535501744,10.268734979244046,5.931833078435657,10.00655451168888,45.9784337988333,5.536332179930796,3.97283096245034,9.688581314878892,44.13411113075247,8.07743658210948,6.048064085447263,10.654205607476635,36.09687113310942,4.031994776363042,3.819784524975514,10.235063663075415,4.596075658476225,1.0256410256410255,1.0256410256410255,1.7948717948717947,5.562430027694302,0.847457627118644,1.3771186440677965,3.8135593220338975,1.7441517883448234,46.95945945945946,11.14864864864865,12.162162162162163,1.8207530493194275,39.80582524271845,9.385113268608414,13.592233009708735,1.2609746037357843,58.41121495327103,9.345794392523365,11.214953271028037,0.0707088562842496,33.33333333333333,8.333333333333332,16.666666666666664,1.243297389664722,20.37914691943128,8.056872037914692,15.639810426540285,1.3906075069235757,17.796610169491526,9.745762711864408,17.796610169491526,0.5244240174415179,6.741573033707865,1.1235955056179776,2.247191011235955,0.7601202050556832,4.651162790697675,1.550387596899225,1.550387596899225,0.2533734016852277,13.953488372093023,11.627906976744184,9.30232558139535,0.223911378233457,5.263157894736842,13.157894736842104,7.894736842105263,0.1826645454009781,25.806451612903224,19.35483870967742,16.129032258064516,0.0530316422131872,0.0,33.33333333333333,22.22222222222222
Horacio Zeballos,0.6308724832214765,0.7127659574468085,0.6363636363636364,0.3451957295373665,0.1796200345423143,0.1727115716753022,0.023489932885906,0.0973154362416107,0.331858407079646,0.2566371681415929,0.411504424778761,0.035587189,0.433333333,0.1,0.266666667,0.8,58.24436536180309,9.164969450101832,9.368635437881874,11.60896130346232,41.637010676156585,8.547008547008547,3.418803418803419,10.256410256410255,52.194543297746144,7.954545454545454,8.181818181818182,11.136363636363637,31.672597864768683,6.367041198501873,2.9962546816479403,11.610486891385769,0.7117437722419928,0.0,0.0,16.666666666666664,6.524317912218268,0.0,5.454545454545454,5.454545454545454,0.5931198102016607,40.0,40.0,20.0,0.7117437722419928,83.33333333333334,0.0,0.0,0.8303677342823249,42.85714285714285,57.14285714285714,0.0,,,,,2.0166073546856467,17.647058823529413,11.76470588235294,23.52941176470588,1.6607354685646498,42.85714285714285,7.142857142857142,14.285714285714285,0.5931198102016607,0.0,0.0,0.0,0.9489916963226572,12.5,0.0,0.0,0.2372479240806643,0.0,0.0,0.0,0.1186239620403321,100.0,0.0,0.0,1.0676156583629894,22.22222222222222,22.22222222222222,22.22222222222222,,,,
Hubert Hurkacz,0.6345508390918065,0.7708151835718731,0.5277147487844408,0.3450396441694063,0.1811645173896053,0.1762602579132473,0.0235735439289239,0.1492596248766041,0.3102727734794149,0.2135878466143333,0.4755181566612074,0.051709154,0.45751634,0.094304388,0.113912232,0.741830065,53.00550405561994,8.78763036844742,5.524434121236963,10.677688208771691,46.90758980301275,4.186609026812825,3.484123308115897,9.580052493438322,44.88581498648127,5.819237905719741,5.345954231317396,11.557802457848172,36.37866937041328,2.83685590099207,3.2416470354026345,10.398487010186138,3.37726921591348,1.8227305218012868,1.6440314510364546,2.7519656897784133,6.573483970645038,1.046639735585751,1.7443995593095851,4.663973558575101,1.6862205484743142,49.24838940586972,10.450966356478167,10.093056549749464,1.7127752027809966,34.88372093023256,12.33262861169838,11.980267794221284,1.1684047894940133,64.35950413223141,9.50413223140496,5.991735537190083,0.0567303978370027,55.319148936170215,4.25531914893617,4.25531914893617,0.7374951718810352,30.76923076923077,9.819967266775777,13.747954173486088,0.8738895326380842,19.88950276243094,9.94475138121547,20.994475138121548,0.7242178447276941,6.166666666666667,4.5,0.5,1.1913383545770566,3.0395136778115504,2.735562310030395,0.60790273556231,0.1351873310158362,15.178571428571429,10.714285714285714,1.7857142857142856,0.1086326767091541,20.0,5.555555555555555,3.333333333333333,0.2908941676322905,37.75933609958506,22.82157676348548,10.78838174273859,0.0120702974121282,20.0,10.0,20.0
Hugo Dellien,0.7244389027431422,0.6024096385542169,0.4705882352941176,0.3365253077975376,0.1337247227658186,0.1846053489889106,0.0162094763092269,0.0423940149625935,0.2963604852686308,0.2357019064124783,0.4679376083188908,0.020789288,0.559322034,0.169491525,0.06779661,0.661016949,63.77730796335448,7.458563535911603,5.414364640883978,9.392265193370166,36.1522198731501,3.508771929824561,3.7037037037037033,9.746588693957117,56.80056377730797,5.831265508684864,5.334987593052109,9.491315136476429,27.62508809020437,2.933673469387755,4.336734693877551,11.096938775510203,3.453136011275546,3.061224489795918,1.020408163265306,3.061224489795918,6.976744186046512,1.5151515151515151,1.5151515151515151,2.525252525252525,0.9513742071881608,55.55555555555556,11.11111111111111,14.814814814814811,0.5637773079633545,50.0,0.0,25.0,0.3171247357293869,55.55555555555556,0.0,22.22222222222222,,,,,1.4446793516560958,29.268292682926827,9.75609756097561,17.073170731707318,0.5285412262156448,13.333333333333334,6.666666666666667,26.666666666666668,0.5637773079633545,6.25,18.75,6.25,0.4580690627202256,0.0,0.0,0.0,,,,,,,,,0.2466525722339675,71.42857142857143,14.285714285714285,0.0,,,,
Hugo Gaston,0.5389876880984952,0.7106598984771574,0.5222551928783383,0.3732782369146005,0.1283459162663006,0.1482498284145504,0.0437756497948016,0.0437756497948016,0.3376906318082788,0.261437908496732,0.4008714596949891,0.037658802,0.421686747,0.108433735,0.192771084,0.759036145,55.716878402903816,8.550488599348533,6.270358306188925,7.166123778501629,44.01088929219601,5.154639175257731,4.43298969072165,9.896907216494846,39.7005444646098,5.714285714285714,4.914285714285714,7.199999999999999,34.89110707803993,4.031209362808843,4.551365409622886,10.533159947984396,7.350272232304899,4.320987654320987,1.2345679012345678,2.469135802469136,4.174228675136116,1.0869565217391304,1.0869565217391304,2.1739130434782608,1.497277676950998,48.48484848484848,27.27272727272727,6.0606060606060606,0.7259528130671506,37.5,0.0,25.0,0.7259528130671506,43.75,25.0,18.75,0.0453720508166969,0.0,0.0,0.0,4.900181488203267,19.444444444444446,15.74074074074074,13.88888888888889,1.8148820326678767,12.5,10.0,20.0,1.17967332123412,7.6923076923076925,0.0,3.8461538461538463,1.950998185117968,6.976744186046512,4.651162790697675,2.3255813953488373,0.2722323049001814,16.666666666666664,16.666666666666664,0.0,0.1814882032667876,0.0,25.0,0.0,0.0907441016333938,50.0,50.0,0.0,0.2268602540834846,80.0,0.0,0.0
Hugo Grenier,0.6445783132530121,0.719626168224299,0.423728813559322,0.4516129032258064,0.1676136363636363,0.1590909090909091,0.0662650602409638,0.1024096385542168,0.3716814159292035,0.2300884955752212,0.3982300884955752,0.046511628,0.5,0.0625,0.03125,0.78125,45.93023255813954,7.9113924050632916,3.481012658227848,6.012658227848101,54.06976744186046,4.56989247311828,4.032258064516129,6.989247311827956,40.11627906976744,4.710144927536232,3.6231884057971016,6.159420289855073,36.77325581395349,4.3478260869565215,4.743083003952568,7.905138339920949,2.616279069767442,0.0,0.0,11.11111111111111,14.534883720930234,0.0,3.0,4.0,1.308139534883721,66.66666666666666,0.0,0.0,1.88953488372093,23.07692307692308,0.0,15.384615384615383,1.0174418604651163,71.42857142857143,14.285714285714285,0.0,0.1453488372093023,100.0,0.0,0.0,0.1453488372093023,0.0,0.0,0.0,0.2906976744186046,50.0,0.0,0.0,0.436046511627907,0.0,0.0,0.0,0.436046511627907,33.33333333333333,0.0,0.0,0.1453488372093023,0.0,0.0,0.0,,,,,0.1453488372093023,100.0,0.0,0.0,,,,
Hunter Reese,0.627906976744186,0.4074074074074074,0.375,0.2631578947368421,0.0864197530864197,0.1728395061728395,0.0,0.0,0.28,0.16,0.56,0.037313433,0.2,0.4,0.0,0.4,45.52238805970149,4.918032786885246,0.0,13.114754098360656,54.47761194029851,5.47945205479452,5.47945205479452,8.21917808219178,38.80597014925373,5.769230769230769,0.0,11.538461538461538,47.01492537313433,4.761904761904762,6.349206349206349,7.936507936507936,4.477611940298507,0.0,0.0,0.0,2.238805970149253,0.0,0.0,0.0,1.4925373134328357,0.0,0.0,50.0,2.238805970149253,33.33333333333333,0.0,33.33333333333333,,,,,,,,,,,,,,,,,0.7462686567164178,0.0,0.0,100.0,2.985074626865672,0.0,0.0,0.0,,,,,,,,,,,,,,,,
Hyeon Chung,0.5947136563876652,0.6098765432098765,0.463768115942029,0.3723252496433666,0.1092619392185238,0.2141823444283647,0.0440528634361233,0.0337738619676945,0.2514734774066797,0.2259332023575638,0.5225933202357563,0.02126044,0.321428571,0.160714286,0.178571429,0.607142857,45.48215641609719,7.262103505843072,4.674457429048414,10.51752921535893,54.4039483675019,2.861130495464061,4.117236566643405,9.769713886950454,42.17919514047077,6.120612061206121,4.59045904590459,10.711071107110712,48.32953682611997,2.356637863315004,3.7706205813040063,9.897879025923016,1.6704631738800304,4.545454545454546,0.0,4.545454545454546,4.290053151100987,2.6548672566371683,2.6548672566371683,7.079646017699115,0.6074411541381929,31.25,12.5,31.25,0.759301442672741,30.0,25.0,20.0,0.3037205770690964,75.0,12.5,0.0,0.037965072133637,0.0,0.0,0.0,0.3796507213363705,50.0,10.0,0.0,0.3037205770690964,12.5,25.0,0.0,0.1138952164009111,0.0,0.0,0.0,0.4935459377372816,7.6923076923076925,0.0,15.384615384615383,0.2277904328018223,16.666666666666664,16.666666666666664,0.0,0.1898253606681852,0.0,20.0,0.0,,,,,,,,
Hyung Taik Lee,0.6229508196721312,0.5789473684210527,0.3478260869565217,0.3773584905660377,0.1140350877192982,0.2719298245614035,0.0,0.0163934426229508,0.2307692307692307,0.173076923076923,0.5961538461538461,0.02238806,0.333333333,0.166666667,0.166666667,0.666666667,53.73134328358209,6.944444444444445,3.4722222222222223,9.722222222222223,46.26865671641791,1.6129032258064515,3.225806451612903,13.709677419354838,51.49253731343284,5.797101449275362,2.898550724637681,10.144927536231885,30.59701492537313,1.2195121951219512,4.878048780487805,17.073170731707318,0.3731343283582089,0.0,0.0,0.0,13.432835820895525,0.0,0.0,5.555555555555555,0.3731343283582089,100.0,0.0,0.0,0.7462686567164178,0.0,0.0,50.0,1.1194029850746268,33.33333333333333,33.33333333333333,0.0,,,,,0.3731343283582089,0.0,0.0,0.0,1.1194029850746268,0.0,0.0,0.0,,,,,0.3731343283582089,100.0,0.0,0.0,,,,,,,,,,,,,,,,
Ignacio Buse,0.7307692307692307,0.6973684210526315,0.4285714285714285,0.3578947368421052,0.1206030150753768,0.2110552763819095,0.0096153846153846,0.1153846153846153,0.1643835616438356,0.273972602739726,0.5616438356164384,0.02994012,0.4,0.2,0.1,0.6,61.67664670658682,3.883495145631068,7.766990291262135,10.194174757281552,38.32335329341318,3.125,3.125,15.625,58.08383233532935,3.09278350515464,7.731958762886598,10.309278350515465,33.23353293413174,1.8018018018018016,2.702702702702702,16.216216216216218,1.497005988023952,0.0,0.0,0.0,3.592814371257485,0.0,0.0,0.0,1.497005988023952,20.0,0.0,20.0,0.8982035928143712,66.66666666666666,0.0,33.33333333333333,0.5988023952095809,50.0,50.0,0.0,,,,,,,,,0.5988023952095809,0.0,50.0,50.0,,,,,,,,,,,,,,,,,,,,,,,,
Igor Andreev,0.6940874035989717,0.6259259259259259,0.3529411764705882,0.3353474320241691,0.1263888888888888,0.1916666666666666,0.0282776349614395,0.0488431876606683,0.2727272727272727,0.2424242424242424,0.4810606060606061,0.025869038,0.65625,0.09375,0.03125,0.8125,61.8431689571544,6.405228758169934,6.2745098039215685,11.50326797385621,38.1568310428456,4.872881355932203,3.389830508474576,8.26271186440678,58.44785772029103,4.702627939142462,6.224066390041494,11.479944674965422,28.455941794664515,4.261363636363636,3.125,9.659090909090908,1.2126111560226354,0.0,13.333333333333334,6.666666666666667,7.356507679870655,0.0,3.296703296703297,5.494505494505495,0.1616814874696847,50.0,0.0,50.0,0.7275666936135812,66.66666666666666,0.0,0.0,1.4551333872271623,72.22222222222221,5.555555555555555,5.555555555555555,,,,,0.3233629749393694,25.0,0.0,25.0,0.4042037186742118,0.0,20.0,0.0,0.1616814874696847,0.0,0.0,0.0,1.0509296685529508,7.6923076923076925,7.6923076923076925,0.0,0.0808407437348423,0.0,0.0,100.0,0.1616814874696847,50.0,0.0,0.0,,,,,,,,
Igor Sijsling,0.6762589928057554,0.8404255319148937,0.4666666666666667,0.416,0.2159090909090909,0.0833333333333333,0.0215827338129496,0.1366906474820144,0.4935064935064935,0.2597402597402597,0.2467532467532467,0.070707071,0.380952381,0.095238095,0.142857143,0.761904762,46.12794612794613,16.05839416058394,5.839416058394161,7.2992700729927,53.87205387205387,10.0,7.5,5.625,41.41414141414141,13.821138211382117,6.504065040650407,7.317073170731707,34.68013468013468,12.62135922330097,8.737864077669903,6.796116504854369,1.3468013468013469,0.0,0.0,0.0,14.814814814814811,0.0,0.0,2.272727272727273,2.0202020202020203,50.0,0.0,16.666666666666664,3.0303030303030303,22.22222222222222,33.33333333333333,11.11111111111111,0.6734006734006733,100.0,0.0,0.0,,,,,,,,,,,,,0.3367003367003366,0.0,0.0,0.0,0.3367003367003366,0.0,0.0,0.0,0.3367003367003366,0.0,0.0,0.0,1.0101010101010102,33.33333333333333,0.0,0.0,,,,,,,,
Illya Marchenko,0.5808383233532934,0.6185567010309279,0.4285714285714285,0.2448979591836734,0.1050955414012738,0.2515923566878981,0.029940119760479,0.059880239520958,0.1932773109243697,0.1848739495798319,0.6218487394957983,0.028318584,0.3125,0.0625,0.1875,0.6875,55.575221238938056,5.095541401273886,5.095541401273886,13.375796178343949,44.07079646017699,2.8112449799196786,2.409638554216868,12.449799196787149,51.32743362831859,3.793103448275862,4.482758620689655,13.79310344827586,33.6283185840708,2.1052631578947367,2.631578947368421,15.789473684210526,1.592920353982301,0.0,0.0,11.11111111111111,8.495575221238937,2.083333333333333,0.0,2.083333333333333,0.5309734513274336,33.33333333333333,33.33333333333333,0.0,0.5309734513274336,33.33333333333333,0.0,0.0,1.7699115044247788,30.0,20.0,10.0,,,,,0.1769911504424778,100.0,0.0,0.0,1.415929203539823,12.5,12.5,0.0,0.1769911504424778,0.0,0.0,0.0,,,,,,,,,,,,,,,,,,,,
Ilya Ivashka,0.5977011494252874,0.6673076923076923,0.4514285714285714,0.376357056694813,0.1165391406709829,0.1983519717480871,0.0471264367816091,0.0540229885057471,0.2427652733118971,0.2797427652733119,0.4758842443729904,0.03729963,0.404958678,0.090909091,0.190082645,0.760330579,54.43896424167695,6.285390713476784,5.94563986409966,10.022650056625142,45.53020961775586,2.7081922816519977,4.671631685849696,8.056872037914692,49.81504315659679,4.455445544554455,5.136138613861386,9.962871287128714,38.65598027127003,2.073365231259968,4.625199362041467,8.452950558213717,1.2330456226880395,0.0,10.0,12.5,4.593094944512947,0.0,2.013422818791946,4.697986577181208,1.3563501849568431,50.0,18.181818181818183,9.090909090909092,1.1097410604192357,33.33333333333333,16.666666666666664,11.11111111111111,0.9864364981504316,37.5,25.0,6.25,0.0616522811344019,50.0,0.0,0.0,0.5856966707768188,5.263157894736842,10.526315789473683,21.052631578947366,0.2466091245376079,12.5,0.0,25.0,0.3390875462392108,18.181818181818183,0.0,0.0,0.7706535141800247,0.0,4.0,0.0,,,,,0.0308261405672009,0.0,0.0,0.0,0.1233045622688039,50.0,0.0,25.0,0.0616522811344019,0.0,50.0,0.0
Inaki Montes De La Torre,0.4464285714285714,0.76,0.4838709677419355,0.6037735849056604,0.110091743119266,0.1834862385321101,0.1071428571428571,0.0,0.4,0.1333333333333333,0.4666666666666667,0.008982036,0.666666667,0.0,0.333333333,1.0,52.99401197604791,4.519774011299435,0.5649717514124294,6.214689265536723,47.00598802395209,2.547770700636943,1.910828025477707,1.910828025477707,47.60479041916168,3.1446540880503147,0.628930817610063,6.289308176100629,33.83233532934132,1.7699115044247788,0.8849557522123894,0.8849557522123894,2.9940119760479043,10.0,0.0,0.0,9.281437125748502,0.0,0.0,3.225806451612903,0.2994011976047904,100.0,0.0,0.0,0.2994011976047904,0.0,100.0,0.0,0.2994011976047904,100.0,0.0,0.0,,,,,0.5988023952095809,0.0,0.0,50.0,2.395209580838324,0.0,12.5,12.5,1.1976047904191618,0.0,0.0,0.0,1.1976047904191618,50.0,0.0,0.0,,,,,,,,,,,,,,,,
Inigo Cervantes Huegun,0.5193370165745856,0.7446808510638298,0.3908045977011494,0.3511904761904761,0.1346704871060172,0.1862464183381088,0.0607734806629834,0.0883977900552486,0.2897196261682243,0.205607476635514,0.5046728971962616,0.01875,0.666666667,0.111111111,0.0,0.666666667,51.04166666666666,7.346938775510205,5.306122448979592,9.79591836734694,48.75,5.555555555555555,3.8461538461538463,12.82051282051282,42.5,4.901960784313726,5.392156862745098,10.294117647058822,40.625,5.128205128205128,4.102564102564102,12.82051282051282,4.375,0.0,0.0,4.761904761904762,6.25,0.0,3.333333333333333,13.333333333333334,0.2083333333333333,0.0,0.0,0.0,0.625,66.66666666666666,0.0,0.0,1.0416666666666663,80.0,0.0,20.0,,,,,2.083333333333333,40.0,20.0,10.0,0.4166666666666667,0.0,0.0,50.0,0.8333333333333334,0.0,0.0,0.0,0.8333333333333334,25.0,0.0,0.0,,,,,,,,,,,,,,,,
Irakli Labadze,0.6142857142857143,0.627906976744186,0.3703703703703703,0.3536585365853658,0.1184210526315789,0.2368421052631578,0.1,0.0503597122302158,0.268041237113402,0.1855670103092783,0.5463917525773195,0.040871935,0.266666667,0.266666667,0.0,0.333333333,54.77178423236515,9.090909090909092,5.303030303030303,14.393939393939394,45.22821576763486,1.834862385321101,4.587155963302752,9.174311926605505,50.20746887966805,8.264462809917356,5.785123966942149,14.87603305785124,31.535269709543567,1.3157894736842104,5.263157894736842,11.842105263157894,1.2448132780082988,33.33333333333333,0.0,0.0,12.033195020746888,0.0,3.4482758620689653,0.0,0.4149377593360996,100.0,0.0,0.0,1.2448132780082988,33.33333333333333,0.0,33.33333333333333,1.2448132780082988,0.0,0.0,33.33333333333333,,,,,0.4149377593360996,0.0,0.0,0.0,,,,,0.4149377593360996,0.0,0.0,0.0,,,,,0.4149377593360996,0.0,0.0,0.0,0.4149377593360996,0.0,0.0,0.0,0.4149377593360996,0.0,0.0,0.0,,,,
Ivan Dodig,0.5666666666666667,0.6797385620915033,0.452991452991453,0.2934782608695652,0.1666666666666666,0.1996336996336996,0.0407407407407407,0.0925925925925925,0.3235294117647059,0.196078431372549,0.4803921568627451,0.077838828,0.4,0.082352941,0.129411765,0.705882353,54.670329670329664,6.867671691792294,4.690117252931323,10.050251256281408,45.14652014652015,5.070993914807302,2.434077079107505,7.707910750507099,46.7948717948718,2.935420743639922,3.9138943248532287,10.176125244618394,31.13553113553113,2.3529411764705883,1.7647058823529411,9.705882352941178,1.831501831501832,5.0,0.0,0.0,8.882783882783883,0.0,1.0309278350515465,2.061855670103093,3.1135531135531136,38.23529411764706,11.76470588235294,11.76470588235294,2.838827838827839,35.483870967741936,12.903225806451612,3.225806451612903,1.6483516483516485,50.0,16.666666666666664,5.555555555555555,,,,,0.8241758241758242,22.22222222222222,11.11111111111111,22.22222222222222,1.282051282051282,28.57142857142857,7.142857142857142,14.285714285714285,0.2747252747252747,0.0,0.0,0.0,1.0073260073260073,18.181818181818183,0.0,0.0,0.0915750915750915,100.0,0.0,0.0,,,,,0.0915750915750915,0.0,0.0,100.0,,,,
Ivan Gakhov,0.6881720430107527,0.640625,0.5172413793103449,0.4845360824742268,0.1789473684210526,0.1842105263157894,0.021505376344086,0.1290322580645161,0.2716049382716049,0.3209876543209876,0.4074074074074074,0.043731778,0.333333333,0.0,0.533333333,0.933333333,52.76967930029155,8.287292817679557,9.392265193370166,9.94475138121547,42.85714285714285,4.761904761904762,6.122448979591836,10.20408163265306,46.35568513119534,6.918238993710692,8.176100628930817,10.062893081761008,30.32069970845481,4.807692307692308,2.8846153846153846,11.538461538461538,2.623906705539359,11.11111111111111,0.0,11.11111111111111,7.871720116618077,0.0,0.0,3.7037037037037033,0.8746355685131195,66.66666666666666,33.33333333333333,0.0,1.4577259475218658,40.0,60.0,0.0,0.8746355685131195,33.33333333333333,33.33333333333333,0.0,0.2915451895043732,0.0,100.0,0.0,1.1661807580174928,0.0,0.0,25.0,2.0408163265306123,0.0,28.57142857142857,28.57142857142857,0.2915451895043732,0.0,0.0,0.0,0.5830903790087464,0.0,0.0,0.0,,,,,0.2915451895043732,0.0,0.0,0.0,0.5830903790087464,0.0,100.0,0.0,,,,
Ivan Ljubicic,0.5980861244019139,0.7706666666666667,0.501984126984127,0.3086419753086419,0.1952207371405427,0.1745646010530579,0.029505582137161,0.1555023923444976,0.3253968253968254,0.2256235827664399,0.4467120181405896,0.052316502,0.472636816,0.049751244,0.124378109,0.751243781,45.44508068714212,9.736540664375717,5.956471935853378,10.595647193585338,54.55491931285788,5.5820610687022905,4.5324427480916025,9.971374045801529,41.12441436751692,6.70886075949367,5.69620253164557,11.20253164556962,36.699635606454976,5.319148936170213,4.822695035460993,11.702127659574469,0.8328995314940135,0.0,0.0,3.125,13.977095262883916,0.5586592178770949,1.303538175046555,5.772811918063315,1.7699115044247788,54.41176470588235,10.294117647058822,4.411764705882353,2.082248828735034,38.75,13.750000000000002,7.5,0.8589276418532015,60.60606060606061,18.181818181818183,0.0,0.1301405517959396,40.0,20.0,0.0,0.2342529932326913,22.22222222222222,11.11111111111111,44.44444444444444,0.8328995314940135,9.375,21.875,18.75,0.4424778761061947,11.76470588235294,0.0,0.0,0.6246746486205101,4.166666666666666,4.166666666666666,0.0,0.1041124414367516,25.0,0.0,0.0,0.2082248828735033,25.0,0.0,12.5,0.0780843310775637,66.66666666666666,0.0,0.0,,,,
Ivo Heuberger,0.5652173913043478,0.5384615384615384,0.3,0.2558139534883721,0.1011235955056179,0.2584269662921348,0.0217391304347826,0.0652173913043478,0.1714285714285714,0.2,0.6285714285714286,0.175925926,0.263157895,0.052631579,0.052631579,0.736842105,44.44444444444444,10.416666666666668,2.083333333333333,20.833333333333336,55.55555555555556,1.6666666666666667,10.0,20.0,32.407407407407405,2.857142857142857,2.857142857142857,25.71428571428571,38.88888888888889,0.0,9.523809523809524,28.57142857142857,0.9259259259259258,0.0,0.0,0.0,7.4074074074074066,0.0,12.5,0.0,5.555555555555555,33.33333333333333,0.0,0.0,6.481481481481481,0.0,14.285714285714285,0.0,2.7777777777777777,66.66666666666666,0.0,33.33333333333333,,,,,,,,,,,,,0.9259259259259258,0.0,0.0,0.0,1.851851851851852,0.0,0.0,0.0,1.851851851851852,0.0,0.0,0.0,0.9259259259259258,100.0,0.0,0.0,,,,,,,,
Ivo Karlovic,0.659741041854863,0.8083067092651757,0.5265486725663717,0.25202492211838,0.2452916858061552,0.1624559791762364,0.0457693465823547,0.2625715146040349,0.3502879078694818,0.2125719769673704,0.4361804222648752,0.256770655,0.313751669,0.129506008,0.134846462,0.652870494,46.86321563249914,18.141916605705926,8.705193855157278,16.788588149231895,53.05107987658554,7.560581583198707,6.623586429725363,14.539579967689823,31.419266369557764,11.238406983087836,7.364975450081832,20.29459901800327,2.742543709290367,5.625,5.0,33.75,2.1768940692492285,0.7874015748031495,3.149606299212598,1.574803149606299,35.447377442577995,1.2088974854932302,3.9168278529980656,13.007736943907156,9.067535138841274,36.10586011342155,13.043478260869565,13.42155009451796,11.244429208090503,26.3719512195122,13.719512195121952,16.00609756097561,2.228316763798423,67.6923076923077,10.76923076923077,6.153846153846154,0.1885498800137127,54.54545454545454,9.090909090909092,18.181818181818183,0.2228316763798423,15.384615384615383,15.384615384615383,0.0,1.062735687350017,19.35483870967742,12.903225806451612,19.35483870967742,0.239972574562907,7.142857142857142,0.0,21.428571428571427,0.9256085018854988,7.4074074074074066,5.555555555555555,5.555555555555555,1.5083990401097016,7.954545454545454,15.909090909090908,3.4090909090909087,1.422694549194378,6.024096385542169,16.867469879518072,6.024096385542169,,,,,0.0171408981830647,0.0,0.0,0.0
Ivo Minar,0.5483870967741935,0.6862745098039216,0.4047619047619047,0.1944444444444444,0.103030303030303,0.2303030303030303,0.075268817204301,0.032258064516129,0.2641509433962264,0.1509433962264151,0.5849056603773585,0.034285714,0.5,0.166666667,0.166666667,0.666666667,48.57142857142857,12.941176470588236,5.88235294117647,11.76470588235294,51.42857142857142,3.333333333333333,3.333333333333333,23.33333333333333,41.71428571428572,9.58904109589041,5.47945205479452,12.32876712328767,48.0,3.571428571428571,3.571428571428571,21.428571428571427,2.857142857142857,0.0,0.0,0.0,1.7142857142857144,0.0,0.0,33.33333333333333,1.7142857142857144,66.66666666666666,33.33333333333333,0.0,1.1428571428571428,0.0,0.0,50.0,0.5714285714285714,100.0,0.0,0.0,,,,,1.1428571428571428,0.0,0.0,50.0,0.5714285714285714,0.0,0.0,100.0,0.5714285714285714,100.0,0.0,0.0,,,,,,,,,,,,,,,,,,,,
Izak Van Der Merwe,0.5769230769230769,0.4333333333333333,0.4090909090909091,0.3863636363636363,0.0729166666666666,0.4375,0.1153846153846153,0.0,0.1346153846153846,0.173076923076923,0.6923076923076923,0.108974359,0.235294118,0.176470588,0.176470588,0.588235294,48.07692307692308,5.333333333333334,8.0,20.0,51.92307692307693,3.7037037037037033,3.7037037037037033,25.925925925925924,42.30769230769231,1.5151515151515151,6.0606060606060606,19.69696969696969,32.69230769230769,3.92156862745098,1.96078431372549,35.294117647058826,,,,,12.82051282051282,0.0,0.0,5.0,3.205128205128205,40.0,20.0,20.0,4.487179487179487,14.285714285714285,14.285714285714285,0.0,,,,,,,,,0.641025641025641,0.0,100.0,0.0,0.641025641025641,0.0,0.0,100.0,,,,,,,,,1.282051282051282,0.0,0.0,50.0,1.282051282051282,0.0,50.0,50.0,0.641025641025641,100.0,0.0,0.0,,,,
J J Wolf,0.6007604562737643,0.6708860759493671,0.4333333333333333,0.3327067669172932,0.165406427221172,0.2117202268431001,0.0380228136882129,0.1102661596958174,0.2977099236641221,0.183206106870229,0.5190839694656488,0.044126074,0.441558442,0.12987013,0.051948052,0.727272727,56.27507163323783,10.285132382892057,5.6008146639511205,12.321792260692463,43.72492836676218,2.096985583224116,2.2280471821756227,10.878112712975096,51.00286532951289,7.752808988764046,5.842696629213483,12.584269662921349,38.68194842406877,1.7777777777777777,2.3703703703703702,11.25925925925926,1.5472779369627507,0.0,0.0,0.0,2.9226361031518624,0.0,0.0,7.84313725490196,1.4326647564469914,48.0,4.0,16.0,0.9169054441260744,18.75,0.0,18.75,1.2607449856733524,63.63636363636363,4.545454545454546,9.090909090909092,0.0573065902578796,0.0,0.0,0.0,0.2292263610315186,25.0,0.0,50.0,0.4011461318051575,14.285714285714285,0.0,0.0,0.2292263610315186,0.0,0.0,0.0,0.5730659025787965,0.0,0.0,0.0,0.2292263610315186,25.0,25.0,0.0,0.1719197707736389,0.0,33.33333333333333,0.0,0.3438395415472779,66.66666666666666,0.0,16.666666666666664,,,,
Jack Brasington,0.626984126984127,0.7341772151898734,0.2765957446808511,0.2803738317757009,0.1330472103004291,0.296137339055794,0.1031746031746031,0.0634920634920634,0.2421052631578947,0.1684210526315789,0.5894736842105263,0.03986711,0.333333333,0.416666667,0.0,0.416666667,65.11627906976744,7.653061224489796,6.122448979591836,19.897959183673468,34.88372093023256,7.6190476190476195,3.8095238095238098,16.19047619047619,59.46843853820598,6.145251396648044,5.58659217877095,20.11173184357542,31.56146179401993,8.421052631578947,4.2105263157894735,15.789473684210526,2.6578073089701,0.0,12.5,0.0,1.6611295681063123,0.0,0.0,0.0,1.9933554817275747,33.33333333333333,0.0,50.0,1.32890365448505,0.0,0.0,50.0,0.6644518272425249,100.0,0.0,0.0,,,,,,,,,,,,,0.3322259136212624,0.0,100.0,0.0,0.3322259136212624,0.0,0.0,0.0,,,,,,,,,,,,,,,,
Jack Draper,0.5984290623465881,0.7325676784249385,0.5268948655256723,0.3776908023483366,0.1852487135506003,0.1457975986277873,0.0427098674521354,0.1487481590574374,0.3508907823392719,0.2563903950426026,0.3934934159566228,0.032064985,0.484444444,0.093333333,0.115555556,0.724444444,50.69117856633889,8.462187236435199,6.128760191172336,8.23727860556649,49.223314806897534,4.400694846554718,3.271569195136074,6.195715112912565,45.261507766851935,6.423173803526448,6.10831234256927,8.375314861460957,43.0525865754596,3.2108573320092684,3.0784508440913605,6.156901688182721,2.208921191392333,3.225806451612903,1.935483870967742,3.225806451612903,3.220749608094627,0.8849557522123894,1.7699115044247788,2.2123893805309733,0.9690751033205072,50.0,13.23529411764706,11.76470588235294,0.9833262077811032,47.82608695652174,8.695652173913043,11.594202898550725,0.8550662676357419,56.66666666666666,6.666666666666667,6.666666666666667,0.0285022089211913,50.0,50.0,0.0,0.9833262077811032,28.98550724637681,5.797101449275362,13.043478260869565,1.1543394613082514,19.753086419753085,4.938271604938271,18.51851851851852,0.185264357987744,0.0,7.6923076923076925,0.0,0.6412997007268063,0.0,4.444444444444445,0.0,0.0997577312241698,0.0,0.0,14.285714285714285,0.0570044178423827,0.0,50.0,0.0,0.1282599401453612,44.44444444444444,33.33333333333333,0.0,0.0855066267635741,50.0,16.666666666666664,0.0
Jack Sock,0.604669887278583,0.7030625832223701,0.5295315682281059,0.3346243222308288,0.1752862218712988,0.1922621397552309,0.0410628019323671,0.1119162640901771,0.3258547008547008,0.2061965811965811,0.4658119658119658,0.046374368,0.454545455,0.121212121,0.121212121,0.727272727,59.24676784710512,10.483870967741936,7.2106261859582546,12.144212523719164,40.44406970207982,5.837387074357193,2.84920083391244,12.369701181375955,52.388982574480046,8.851931330472103,7.081545064377683,12.660944206008583,26.44744238336144,4.250797024442083,2.2316684378320937,13.39001062699256,3.372681281618887,1.6666666666666667,2.5,4.166666666666666,9.808881394041595,1.4326647564469914,1.7191977077363898,8.595988538681947,1.349072512647555,56.25,8.333333333333332,12.5,2.023608768971332,34.72222222222222,9.722222222222223,11.11111111111111,0.6745362563237773,66.66666666666666,12.5,8.333333333333332,0.028105677346824,100.0,0.0,0.0,0.8431703204047217,23.33333333333333,10.0,13.333333333333334,1.011804384485666,25.0,8.333333333333332,25.0,0.1967397414277684,0.0,28.57142857142857,0.0,0.983698707138842,5.714285714285714,8.571428571428571,11.428571428571429,0.3372681281618886,25.0,25.0,25.0,0.1405283867341203,40.0,20.0,20.0,0.0843170320404721,33.33333333333333,66.66666666666666,0.0,,,,
Jacob Fearnley,0.6108108108108108,0.8230088495575221,0.5277777777777778,0.3674418604651163,0.1925,0.1675,0.0378378378378378,0.1189189189189189,0.3618421052631579,0.2434210526315789,0.3947368421052631,0.048598131,0.769230769,0.038461538,0.038461538,0.961538462,54.953271028037385,12.925170068027212,6.802721088435375,9.183673469387756,45.046728971962615,7.053941908713693,7.053941908713693,13.692946058091287,44.11214953271028,10.59322033898305,8.050847457627118,10.16949152542373,33.45794392523365,3.35195530726257,7.262569832402235,15.64245810055866,7.663551401869159,0.0,2.4390243902439024,7.317073170731707,6.355140186915888,2.941176470588235,5.88235294117647,5.88235294117647,1.4953271028037385,87.5,0.0,0.0,2.242990654205608,75.0,8.333333333333332,8.333333333333332,0.7476635514018692,100.0,0.0,0.0,,,,,0.3738317757009346,50.0,0.0,0.0,2.0560747663551404,9.090909090909092,9.090909090909092,18.181818181818183,0.3738317757009346,50.0,0.0,0.0,0.7476635514018692,0.0,0.0,0.0,0.1869158878504673,0.0,0.0,0.0,0.1869158878504673,0.0,0.0,0.0,,,,,,,,
Jaime Faria,0.5760869565217391,0.8301886792452831,0.358974358974359,0.3522727272727273,0.2388888888888889,0.2111111111111111,0.0978260869565217,0.2282608695652173,0.3492063492063492,0.1904761904761904,0.4603174603174603,0.024193548,0.333333333,0.0,0.0,0.5,54.03225806451613,14.17910447761194,5.970149253731343,11.194029850746269,45.96774193548387,2.631578947368421,3.508771929824561,12.280701754385964,48.79032258064516,14.049586776859504,4.958677685950414,12.396694214876034,39.516129032258064,3.061224489795918,4.081632653061225,14.285714285714285,3.225806451612903,0.0,12.5,0.0,4.838709677419355,0.0,0.0,0.0,0.8064516129032258,50.0,0.0,0.0,1.2096774193548387,0.0,0.0,0.0,0.4032258064516129,100.0,0.0,0.0,,,,,0.4032258064516129,0.0,100.0,0.0,,,,,0.4032258064516129,0.0,0.0,0.0,0.4032258064516129,0.0,0.0,0.0,,,,,,,,,,,,,,,,
Jakub Mensik,0.6039603960396039,0.7714025500910747,0.4930555555555556,0.344711807498601,0.1902912621359223,0.1958391123439667,0.0368536853685368,0.176017601760176,0.2812018489984592,0.2265023112480739,0.4922958397534668,0.034136546,0.441176471,0.12254902,0.078431373,0.671568627,53.26305220883534,7.445805843543826,5.497957901350927,10.775997486647816,46.67001338688085,4.589458587307279,4.266762280387235,10.541412692721403,47.389558232931726,5.331920903954803,5.508474576271186,11.334745762711863,37.55020080321285,3.5204991087344024,4.233511586452763,10.51693404634581,2.7777777777777777,2.409638554216868,3.0120481927710845,1.8072289156626504,6.141231593038822,1.6348773841961852,1.6348773841961852,7.356948228882834,1.1880856760374834,53.52112676056338,2.8169014084507045,11.267605633802818,0.9705488621151273,31.03448275862069,12.06896551724138,18.96551724137931,0.7195448460508702,53.48837209302325,11.627906976744184,11.627906976744184,0.0836680053547523,40.0,0.0,0.0,0.6358768406961178,31.57894736842105,15.789473684210526,13.157894736842104,1.037483266398929,24.193548387096776,8.064516129032258,24.193548387096776,0.251004016064257,20.0,0.0,6.666666666666667,0.7362784471218206,11.363636363636363,11.363636363636363,9.090909090909092,0.1171352074966532,0.0,0.0,0.0,0.1004016064257028,16.666666666666664,16.666666666666664,16.666666666666664,0.1840696117804551,54.54545454545454,9.090909090909092,0.0,0.0502008032128514,66.66666666666666,0.0,0.0
James Blake,0.5652340752110514,0.6856754921928038,0.4880847308031774,0.3586153247763516,0.1554954606915201,0.1688236430365076,0.0379892555640828,0.0729086722947045,0.3257415254237288,0.2632415254237288,0.4104872881355932,0.057612096,0.382352941,0.099547511,0.099547511,0.685520362,50.286757038581854,11.145671332296526,8.242612752721618,11.35303265940902,49.58289885297184,4.863301787592008,4.679284963196635,8.832807570977918,45.00782064650678,8.572256009267305,8.456414711844772,11.902693310165075,35.03649635036496,4.873511904761905,4.910714285714286,10.379464285714286,1.4989572471324295,0.8695652173913043,1.7391304347826086,0.0,10.740354535974973,0.8495145631067961,1.9417475728155336,3.640776699029126,1.824817518248175,47.14285714285714,10.714285714285714,13.571428571428571,1.9290928050052136,25.67567567567568,13.513513513513514,12.162162162162163,1.1600625651720542,65.1685393258427,4.49438202247191,6.741573033707865,0.1042752867570385,25.0,0.0,0.0,0.0651720542231491,0.0,0.0,20.0,0.5735140771637122,11.363636363636363,11.363636363636363,20.454545454545457,0.3258602711157455,20.0,12.0,0.0,0.8602711157455682,1.5151515151515151,3.0303030303030303,0.0,0.3519290928050052,11.11111111111111,7.4074074074074066,3.7037037037037033,0.3388946819603754,3.8461538461538463,11.538461538461538,0.0,0.0521376433785192,25.0,0.0,0.0,,,,
James Duckworth,0.5615384615384615,0.7431506849315068,0.5175438596491229,0.2533632286995516,0.1842650103519668,0.1532091097308488,0.023076923076923,0.1384615384615384,0.343042071197411,0.2168284789644013,0.4401294498381877,0.062599049,0.455696203,0.151898734,0.075949367,0.64556962,50.71315372424723,11.875,5.78125,10.78125,49.28684627575277,4.823151125401929,4.823151125401929,10.77170418006431,40.01584786053883,8.712871287128712,5.9405940594059405,11.08910891089109,32.80507131537242,3.864734299516908,5.314009661835748,11.11111111111111,4.675118858954041,1.694915254237288,3.389830508474576,5.084745762711865,12.757527733755945,0.6211180124223602,1.8633540372670807,9.937888198757763,2.218700475435816,50.0,7.142857142857142,10.714285714285714,1.9017432646592711,45.83333333333333,12.5,8.333333333333332,1.7432646592709984,40.909090909090914,0.0,27.27272727272727,0.0792393026941362,100.0,0.0,0.0,0.9508716323296356,41.66666666666667,16.666666666666664,0.0,0.9508716323296356,8.333333333333332,16.666666666666664,16.666666666666664,0.8716323296354992,18.181818181818183,0.0,0.0,0.7131537242472267,0.0,0.0,11.11111111111111,0.2377179080824089,33.33333333333333,33.33333333333333,33.33333333333333,0.0792393026941362,0.0,0.0,0.0,,,,,,,,
James Mccabe,0.6194690265486725,0.6857142857142857,0.3953488372093023,0.3305084745762712,0.1645021645021645,0.1645021645021645,0.0265486725663716,0.1238938053097345,0.3037974683544304,0.2531645569620253,0.4430379746835443,0.02238806,0.666666667,0.222222222,0.111111111,0.777777778,44.776119402985074,6.666666666666667,6.666666666666667,11.666666666666666,55.223880597014926,5.405405405405405,3.603603603603604,6.306306306306306,40.79601990049751,6.097560975609756,6.097560975609756,10.975609756097562,39.30348258706468,3.1645569620253164,3.1645569620253164,7.59493670886076,1.9900497512437807,0.0,0.0,0.0,12.18905472636816,2.0408163265306123,6.122448979591836,2.0408163265306123,0.9950248756218906,50.0,25.0,25.0,0.9950248756218906,100.0,0.0,0.0,0.2487562189054726,0.0,0.0,100.0,,,,,0.4975124378109453,0.0,50.0,50.0,1.4925373134328357,16.666666666666664,0.0,16.666666666666664,0.2487562189054726,0.0,0.0,0.0,1.2437810945273633,20.0,0.0,0.0,,,,,,,,,,,,,,,,
James Trotter,0.6545454545454545,0.6388888888888888,0.4736842105263157,0.3035714285714285,0.1351351351351351,0.2702702702702703,0.0181818181818181,0.1454545454545454,0.1891891891891892,0.027027027027027,0.7837837837837838,0.139130435,0.1875,0.3125,0.0,0.4375,61.73913043478261,7.042253521126761,1.4084507042253522,25.352112676056336,38.26086956521739,4.545454545454546,0.0,25.0,51.30434782608696,5.084745762711865,1.694915254237288,25.42372881355932,16.52173913043478,5.263157894736842,0.0,36.84210526315789,3.4782608695652173,0.0,0.0,25.0,13.043478260869565,0.0,0.0,6.666666666666667,3.4782608695652173,25.0,0.0,25.0,1.7391304347826086,0.0,0.0,50.0,0.8695652173913043,100.0,0.0,0.0,,,,,,,,,0.8695652173913043,0.0,0.0,0.0,,,,,0.8695652173913043,0.0,0.0,0.0,2.608695652173913,0.0,0.0,33.33333333333333,5.217391304347826,16.666666666666664,0.0,33.33333333333333,,,,,,,,
James Ward,0.7596153846153846,0.6835443037974683,0.56,0.3939393939393939,0.1379310344827586,0.1773399014778325,0.0288461538461538,0.0865384615384615,0.2676056338028169,0.2676056338028169,0.4647887323943662,0.017921147,0.8,0.2,0.0,0.8,54.12186379928316,7.947019867549669,5.298013245033113,14.56953642384106,45.51971326164875,5.511811023622047,8.661417322834646,8.661417322834646,44.80286738351255,6.4,6.4,16.0,37.634408602150536,5.714285714285714,7.6190476190476195,9.523809523809524,7.885304659498208,4.545454545454546,0.0,4.545454545454546,6.810035842293908,0.0,15.789473684210526,5.263157894736842,1.0752688172043012,66.66666666666666,0.0,33.33333333333333,0.3584229390681003,100.0,0.0,0.0,0.3584229390681003,100.0,0.0,0.0,,,,,,,,,0.7168458781362007,0.0,0.0,0.0,,,,,,,,,,,,,,,,,,,,,,,,
Jan Choinski,0.6683417085427136,0.6466165413533834,0.5454545454545454,0.2578616352201258,0.1033519553072625,0.1871508379888268,0.0150753768844221,0.0351758793969849,0.2127659574468085,0.3262411347517731,0.4539007092198581,0.044925125,0.333333333,0.185185185,0.185185185,0.703703704,49.58402662229617,4.697986577181208,8.724832214765101,9.060402684563758,50.41597337770383,5.2805280528052805,6.6006600660066,12.211221122112212,43.7603993344426,3.041825095057034,6.844106463878327,8.365019011406844,42.42928452579035,4.705882352941177,6.666666666666667,12.549019607843135,1.8302828618968388,0.0,27.27272727272727,9.090909090909092,6.322795341098169,2.631578947368421,5.263157894736842,7.894736842105263,1.6638935108153077,20.0,20.0,30.0,0.6655574043261231,75.0,0.0,25.0,1.3311148086522462,37.5,25.0,0.0,,,,,0.3327787021630615,0.0,50.0,0.0,0.3327787021630615,0.0,0.0,50.0,,,,,0.4991680532445923,0.0,0.0,0.0,0.1663893510815307,100.0,0.0,0.0,,,,,0.4991680532445923,0.0,0.0,33.33333333333333,0.1663893510815307,0.0,100.0,0.0
Jan Hernych,0.5357142857142857,0.5,0.5,0.3484848484848485,0.081967213114754,0.180327868852459,0.0357142857142857,0.0178571428571428,0.1914893617021276,0.3617021276595745,0.425531914893617,0.126984127,0.1875,0.125,0.125,0.53125,46.42857142857143,6.837606837606838,9.401709401709402,8.547008547008547,53.57142857142857,0.7407407407407408,4.444444444444445,7.4074074074074066,38.49206349206349,3.09278350515464,9.278350515463918,8.24742268041237,38.88888888888889,0.0,3.061224489795918,7.142857142857142,,,,,6.746031746031746,0.0,0.0,0.0,4.365079365079365,27.27272727272727,9.090909090909092,18.181818181818183,4.365079365079365,9.090909090909092,18.181818181818183,18.181818181818183,1.984126984126984,40.0,0.0,0.0,,,,,,,,,0.3968253968253968,0.0,100.0,0.0,0.7936507936507936,0.0,0.0,0.0,1.984126984126984,0.0,0.0,20.0,0.3968253968253968,0.0,100.0,0.0,1.1904761904761905,0.0,0.0,0.0,0.3968253968253968,0.0,0.0,0.0,,,,
Jan Kroslak,0.6476190476190476,0.6029411764705882,0.4324324324324324,0.330188679245283,0.1137440758293838,0.2274881516587677,0.0571428571428571,0.0932642487046632,0.2582781456953642,0.2119205298013245,0.5298013245033113,0.077097506,0.294117647,0.235294118,0.088235294,0.5,40.35874439461883,12.22222222222222,7.777777777777778,18.88888888888889,59.64125560538116,3.7593984962406015,6.7669172932330826,18.79699248120301,30.493273542600896,7.352941176470589,10.294117647058822,19.11764705882353,49.327354260089685,4.545454545454546,7.272727272727272,21.818181818181817,3.1390134529147984,0.0,0.0,14.285714285714285,5.381165919282512,0.0,0.0,0.0,3.587443946188341,25.0,0.0,25.0,4.035874439461884,0.0,11.11111111111111,11.11111111111111,2.242152466367713,80.0,0.0,20.0,,,,,,,,,0.4484304932735426,0.0,0.0,0.0,0.8968609865470852,0.0,0.0,0.0,0.4484304932735426,0.0,0.0,0.0,,,,,,,,,,,,,,,,
Jan Kumstat,0.5669291338582677,0.7916666666666666,0.4,0.2717391304347826,0.1780821917808219,0.1872146118721461,0.0236220472440944,0.2125984251968504,0.1846153846153846,0.1692307692307692,0.5846153846153846,0.01532567,0.5,0.5,0.0,0.5,35.63218390804598,7.526881720430108,6.451612903225806,15.053763440860216,64.36781609195403,2.976190476190476,2.976190476190476,14.285714285714285,27.58620689655172,8.333333333333332,8.333333333333332,15.27777777777778,55.55555555555556,2.7586206896551726,3.4482758620689653,15.172413793103448,5.363984674329502,0.0,0.0,7.142857142857142,5.747126436781609,0.0,0.0,0.0,,,,,,,,,0.7662835249042145,50.0,0.0,50.0,,,,,0.3831417624521072,0.0,0.0,100.0,0.7662835249042145,0.0,0.0,50.0,1.532567049808429,0.0,0.0,0.0,1.532567049808429,0.0,0.0,0.0,,,,,0.7662835249042145,50.0,0.0,50.0,,,,,,,,
Jan Lennard Struff,0.5740462601381796,0.760858189429618,0.5007052186177715,0.332934131736527,0.2072274703853651,0.1727395411605937,0.0501652147792129,0.185340943226194,0.3331881533101045,0.237369337979094,0.429006968641115,0.098186074,0.371871275,0.129916567,0.110846246,0.679380215,48.53130485664131,12.659754039064383,8.02990113334941,11.50229081263564,51.45699239321241,5.458267000227428,4.821469183534228,11.553331817148056,39.94148624926858,8.819220627014356,7.969528274245532,12.305889246996776,41.135166764189584,3.926031294452347,4.608819345661451,11.578947368421051,2.6214160327677005,1.7857142857142856,1.7857142857142856,1.7857142857142856,5.804564072557051,0.8064516129032258,1.411290322580645,8.46774193548387,3.7916910473961374,40.123456790123456,10.802469135802468,13.271604938271606,3.803393797542423,27.384615384615387,10.461538461538462,16.307692307692307,1.462843768285547,64.0,12.8,4.0,0.093622001170275,37.5,0.0,12.5,0.1053247513165594,22.22222222222222,11.11111111111111,11.11111111111111,0.0819192510239906,0.0,42.85714285714285,14.285714285714285,0.2223522527794031,10.526315789473683,5.263157894736842,0.0,0.2574605032182563,9.090909090909092,9.090909090909092,4.545454545454546,0.2457577530719719,14.285714285714285,14.285714285714285,4.761904761904762,0.280866003510825,16.666666666666664,16.666666666666664,12.5,0.1404330017554125,25.0,8.333333333333332,25.0,,,,
Jan Michael Gambill,0.410958904109589,0.7333333333333333,0.3953488372093023,0.2875,0.1503267973856209,0.2352941176470588,0.0547945205479452,0.1194029850746268,0.2222222222222222,0.2037037037037037,0.5740740740740741,0.038986355,0.3,0.25,0.25,0.6,43.00341296928328,5.555555555555555,3.968253968253968,11.904761904761903,56.996587030716725,4.191616766467066,1.7964071856287425,10.179640718562874,40.27303754266212,3.389830508474576,3.389830508474576,11.864406779661016,51.877133105802045,3.947368421052632,1.973684210526316,9.86842105263158,,,,,2.389078498293516,0.0,0.0,0.0,1.3651877133105803,50.0,0.0,25.0,1.3651877133105803,25.0,0.0,50.0,0.3412969283276451,100.0,0.0,0.0,,,,,,,,,0.3412969283276451,0.0,0.0,0.0,0.3412969283276451,0.0,0.0,0.0,0.6825938566552902,0.0,0.0,0.0,0.6825938566552902,0.0,50.0,0.0,0.3412969283276451,0.0,0.0,0.0,,,,,,,,
Janko Tipsarevic,0.5574600701207635,0.7120894479385046,0.5246478873239436,0.3403639371381307,0.147642928786359,0.1709127382146439,0.0296065446045968,0.0806388780677834,0.3073794305636258,0.241719930273097,0.4509006391632771,0.029024601,0.524163569,0.07063197,0.107806691,0.799256506,47.48597324126025,7.702794819359236,5.067030220404454,9.179731879118382,51.618472162278806,3.887959866220736,3.783444816053512,7.734113712374582,43.08372895986189,5.3844227397946405,4.958677685950414,9.717004758327072,44.37850668968494,3.3552151714077314,3.6712861658157054,8.071966934111355,1.8774277082434183,2.8735632183908044,1.7241379310344829,1.1494252873563218,5.567544238239102,1.744186046511628,3.294573643410853,5.426356589147287,0.8955545964609408,65.06024096385542,13.253012048192772,4.819277108433735,0.7660768234786361,40.845070422535215,7.042253521126761,7.042253521126761,1.0034527406128615,58.06451612903226,11.827956989247312,6.451612903225806,0.0215796288303841,50.0,0.0,0.0,0.2265861027190332,42.85714285714285,0.0,14.285714285714285,0.2481657315494173,26.08695652173913,21.73913043478261,8.695652173913043,0.2913249892101856,0.0,0.0,0.0,0.5287009063444109,4.081632653061225,2.0408163265306123,0.0,0.0755287009063444,14.285714285714285,0.0,0.0,0.0323694432455761,0.0,66.66666666666666,0.0,0.0323694432455761,33.33333333333333,0.0,33.33333333333333,0.0755287009063444,14.285714285714285,0.0,42.85714285714285
Jannik Sinner,0.5996094905626886,0.7536017367278468,0.5512043741687601,0.4021543985637343,0.1653563714902808,0.1732469402447804,0.0273948287083604,0.0960298207206674,0.3189561715967167,0.2507356357441536,0.4299984512931702,0.030592437,0.486294416,0.119796954,0.103045685,0.743654822,51.645314077179904,8.951498932555552,6.188170911387076,9.22211865171242,48.331392188834535,3.669312084310639,3.7914082832631815,7.987661857790059,47.08129513160959,6.557160762583283,6.055808430635266,9.192558875915298,44.12454383104279,3.0583515168578868,3.7235165763356095,7.985500105581755,1.203509589253824,2.7096774193548385,2.838709677419355,1.5483870967741935,2.719155213914124,1.5419760137064535,2.11307824100514,4.911479154768704,0.888267722649274,55.59440559440559,7.8671328671328675,12.237762237762238,0.7935398711080053,37.96477495107632,10.95890410958904,16.43835616438356,0.8447860858762326,60.11029411764706,9.926470588235292,9.558823529411764,0.0341641431788182,9.090909090909092,18.181818181818183,9.090909090909092,1.009395139374175,30.923076923076927,9.230769230769232,18.461538461538463,0.2407019178507648,17.419354838709676,9.67741935483871,25.806451612903224,0.1972202810777234,7.874015748031496,0.7874015748031495,0.0,0.3416414317881823,8.181818181818182,2.727272727272727,1.3636363636363635,0.1242332479229753,23.75,11.25,5.0,0.0636695395605248,9.75609756097561,7.317073170731707,2.4390243902439024,0.2966068794161037,48.69109947643979,16.230366492146597,11.518324607329845,0.0139762403913347,11.11111111111111,11.11111111111111,11.11111111111111
Jared Donaldson,0.5268542199488491,0.7475728155339806,0.6216216216216216,0.4381443298969072,0.196405648267009,0.159178433889602,0.0358056265984654,0.1534526854219949,0.36328125,0.20703125,0.4296875,0.017100372,0.739130435,0.086956522,0.086956522,0.869565217,54.72118959107807,7.880434782608696,4.619565217391304,8.831521739130435,45.278810408921935,5.747126436781609,3.1198686371100166,7.389162561576355,51.82156133828997,6.312769010043041,4.591104734576758,8.895265423242469,39.33085501858736,5.860113421550095,3.213610586011342,8.128544423440454,0.8178438661710037,0.0,0.0,0.0,3.643122676579925,0.0,0.0,4.081632653061225,0.3717472118959107,100.0,0.0,0.0,0.3717472118959107,80.0,0.0,0.0,0.7434944237918215,70.0,10.0,20.0,0.0743494423791821,0.0,100.0,0.0,0.4460966542750929,0.0,16.666666666666664,16.666666666666664,0.6691449814126395,0.0,11.11111111111111,0.0,0.3717472118959107,20.0,0.0,0.0,1.1895910780669146,0.0,0.0,0.0,,,,,,,,,0.1486988847583643,50.0,0.0,0.0,,,,
Jarkko Nieminen,0.6711635750421585,0.6005025125628141,0.4461538461538462,0.3117338003502627,0.1228522336769759,0.1769759450171821,0.0236087689713322,0.0370994940978077,0.3047858942065491,0.2115869017632241,0.4836272040302267,0.034387895,0.386666667,0.12,0.106666667,0.666666667,46.49243466299862,7.6923076923076925,4.339250493096647,8.185404339250493,53.507565337001374,3.684661525278492,3.427592116538132,9.34018851756641,42.50343878954608,6.148867313915858,4.0992448759439055,8.198489751887811,43.92480513525906,3.549060542797495,3.444676409185804,10.647181628392484,1.2838147638697843,0.0,0.0,0.0,7.060981201283815,0.0,1.2987012987012987,2.5974025974025974,0.7336084364970197,25.0,12.5,31.25,1.008711600183402,31.818181818181817,13.636363636363637,9.090909090909092,1.192113709307657,61.53846153846154,7.6923076923076925,3.8461538461538463,0.0458505272810637,100.0,0.0,0.0,0.0458505272810637,0.0,100.0,0.0,0.3209536909674461,14.285714285714285,28.57142857142857,14.285714285714285,0.3668042182485098,0.0,0.0,0.0,1.054562127464466,0.0,0.0,0.0,0.2751031636863824,16.666666666666664,0.0,0.0,0.0917010545621274,0.0,0.0,0.0,0.0917010545621274,0.0,50.0,50.0,,,,
Jarmere Jenkins,0.5153846153846153,0.6417910447761194,0.5238095238095238,0.4047619047619047,0.13671875,0.2109375,0.023076923076923,0.0538461538461538,0.2592592592592592,0.2685185185185185,0.4722222222222222,0.035916824,0.315789474,0.157894737,0.052631579,0.473684211,54.25330812854442,7.317073170731707,8.013937282229964,9.75609756097561,45.55765595463138,2.904564315352697,2.489626556016597,9.54356846473029,48.96030245746692,5.405405405405405,8.494208494208493,10.038610038610038,30.812854442344044,0.6134969325153374,2.4539877300613497,6.748466257668712,1.1342155009451798,0.0,0.0,0.0,10.01890359168242,0.0,0.0,15.09433962264151,0.7561436672967864,50.0,0.0,25.0,2.0793950850661624,18.181818181818183,9.090909090909092,18.181818181818183,0.3780718336483932,50.0,0.0,0.0,,,,,2.6465028355387523,21.428571428571427,7.142857142857142,7.142857142857142,2.0793950850661624,18.181818181818183,9.090909090909092,9.090909090909092,,,,,0.5671077504725899,66.66666666666666,0.0,33.33333333333333,0.1890359168241966,100.0,0.0,0.0,,,,,0.1890359168241966,0.0,0.0,0.0,,,,
Jason Jung,0.6377952755905512,0.7160493827160493,0.5434782608695652,0.4035087719298245,0.1140939597315436,0.1644295302013423,0.0393700787401574,0.0472440944881889,0.2745098039215686,0.2941176470588235,0.4313725490196078,0.018361582,0.384615385,0.230769231,0.153846154,0.615384615,51.69491525423729,4.918032786885246,4.371584699453552,6.0109289617486334,48.30508474576271,2.923976608187134,4.093567251461988,6.432748538011696,46.61016949152542,3.636363636363636,4.242424242424243,6.0606060606060606,37.99435028248588,2.2304832713754648,3.717472118959108,5.947955390334572,2.68361581920904,0.0,5.263157894736842,0.0,8.757062146892656,1.6129032258064515,1.6129032258064515,8.064516129032258,0.7062146892655368,40.0,0.0,40.0,0.7062146892655368,40.0,20.0,20.0,0.1412429378531073,100.0,0.0,0.0,0.1412429378531073,0.0,100.0,0.0,1.4124293785310735,30.0,10.0,0.0,0.5649717514124294,25.0,25.0,0.0,0.1412429378531073,0.0,0.0,0.0,,,,,,,,,0.1412429378531073,0.0,0.0,0.0,,,,,,,,
Jason Kubler,0.6472346786248132,0.651270207852194,0.461864406779661,0.362555720653789,0.1572280178837556,0.195230998509687,0.046337817638266,0.0926756352765321,0.2927308447937131,0.2514734774066797,0.455795677799607,0.027798369,0.426666667,0.133333333,0.12,0.666666667,47.257227575982206,7.686274509803921,6.588235294117648,8.549019607843137,52.705707931801335,3.5864978902953584,3.0942334739803097,8.649789029535865,42.88361749444032,5.877268798617114,6.222990492653413,8.815903197925671,44.40326167531505,3.33889816360601,3.25542570951586,8.931552587646078,1.2601927353595257,0.0,2.941176470588235,2.941176470588235,5.967383246849519,0.0,0.0,4.968944099378882,0.8895478131949592,54.16666666666666,8.333333333333332,16.666666666666664,1.0378057820607858,35.714285714285715,14.285714285714285,17.857142857142858,0.5930318754633062,43.75,18.75,6.25,0.0370644922164566,0.0,0.0,0.0,0.7783543365455894,42.85714285714285,9.523809523809524,4.761904761904762,0.2594514455151964,0.0,0.0,42.85714285714285,0.7412898443291327,0.0,20.0,0.0,0.8895478131949592,0.0,4.166666666666666,0.0,0.0741289844329132,0.0,0.0,0.0,0.1111934766493699,33.33333333333333,0.0,0.0,0.0370644922164566,100.0,0.0,0.0,,,,
Jaume Munar,0.6421098517872711,0.6564833672776647,0.4616321559074299,0.3772163120567376,0.125054945054945,0.1459340659340659,0.0370531822144725,0.0605928509154315,0.3084648493543759,0.276183644189383,0.415351506456241,0.032893289,0.431438127,0.096989967,0.10367893,0.722408027,52.12321232123213,6.015196285352469,5.403123680878007,7.365977205571972,47.64576457645765,3.347956592011083,2.978526899099516,5.310551835603786,43.58635863586359,4.114083796062594,5.502271580010095,7.824331145885917,36.512651265126514,2.410364567640856,2.9828261524555586,5.6342271768605,4.51045104510451,0.4878048780487805,0.4878048780487805,1.707317073170732,8.272827282728274,0.6648936170212766,1.0638297872340423,2.925531914893617,0.9790979097909792,48.31460674157304,4.49438202247191,13.48314606741573,0.9130913091309132,42.16867469879519,13.253012048192772,9.63855421686747,0.869086908690869,48.10126582278481,16.455696202531644,6.329113924050633,0.033003300330033,100.0,0.0,0.0,1.067106710671067,28.865979381443296,12.371134020618555,13.402061855670103,0.671067106710671,22.950819672131143,13.114754098360656,13.114754098360656,0.8030803080308031,6.849315068493151,5.47945205479452,1.36986301369863,1.056105610561056,4.166666666666666,3.125,2.083333333333333,0.176017601760176,31.25,6.25,0.0,0.176017601760176,25.0,0.0,12.5,0.132013201320132,8.333333333333332,16.666666666666664,8.333333333333332,0.011001100110011,0.0,0.0,100.0
Javier Barranco Cosano,0.704225352112676,0.72,0.4761904761904761,0.4772727272727273,0.1509433962264151,0.2264150943396226,0.0140845070422535,0.056338028169014,0.303030303030303,0.1666666666666666,0.5303030303030303,0.012626263,0.8,0.0,0.2,1.0,48.98989898989899,6.185567010309279,3.608247422680412,5.670103092783505,44.696969696969695,4.519774011299435,2.2598870056497176,13.559322033898304,40.909090909090914,5.555555555555555,1.851851851851852,6.172839506172839,36.61616161616162,3.4482758620689653,2.7586206896551726,11.03448275862069,3.535353535353535,0.0,0.0,0.0,5.555555555555555,4.545454545454546,0.0,27.27272727272727,0.5050505050505051,100.0,0.0,0.0,0.2525252525252525,100.0,0.0,0.0,0.2525252525252525,0.0,100.0,0.0,,,,,1.2626262626262623,0.0,60.0,20.0,0.7575757575757576,33.33333333333333,0.0,66.66666666666666,2.272727272727273,0.0,0.0,0.0,1.5151515151515151,0.0,0.0,0.0,,,,,,,,,0.2525252525252525,100.0,0.0,0.0,,,,
Jay Clarke,0.5882352941176471,0.6,0.5142857142857142,0.1666666666666666,0.1019108280254777,0.1528662420382165,0.0941176470588235,0.0235294117647058,0.3333333333333333,0.2857142857142857,0.3809523809523809,0.058536585,0.333333333,0.083333333,0.333333333,0.75,48.78048780487805,6.0,6.0,4.0,51.21951219512195,7.6190476190476195,5.714285714285714,11.428571428571429,37.073170731707314,5.263157894736842,7.894736842105263,5.263157894736842,27.31707317073171,5.357142857142857,1.7857142857142856,17.857142857142858,8.780487804878048,0.0,0.0,0.0,16.585365853658537,2.941176470588235,2.941176470588235,2.941176470588235,1.4634146341463417,33.33333333333333,0.0,0.0,3.902439024390244,25.0,50.0,12.5,0.4878048780487805,100.0,0.0,0.0,,,,,0.4878048780487805,0.0,0.0,0.0,0.4878048780487805,100.0,0.0,0.0,0.4878048780487805,0.0,0.0,0.0,2.926829268292684,16.666666666666664,0.0,0.0,,,,,,,,,,,,,,,,
Jean Rene Lisnard,0.4342105263157895,0.4848484848484848,0.4186046511627907,0.2459016393442623,0.0510948905109489,0.2408759124087591,0.1052631578947368,0.0,0.1666666666666666,0.238095238095238,0.5952380952380952,0.024242424,0.5,0.0,0.25,1.0,58.18181818181818,5.208333333333334,8.333333333333332,14.583333333333334,41.81818181818181,2.898550724637681,2.898550724637681,15.942028985507244,55.15151515151515,3.296703296703297,7.6923076923076925,15.384615384615383,30.909090909090907,3.92156862745098,3.92156862745098,15.68627450980392,1.2121212121212122,0.0,0.0,0.0,9.090909090909092,0.0,0.0,20.0,0.6060606060606061,0.0,100.0,0.0,0.6060606060606061,0.0,0.0,0.0,,,,,,,,,,,,,,,,,,,,,1.2121212121212122,0.0,0.0,0.0,1.2121212121212122,100.0,0.0,0.0,,,,,,,,,,,,
Jean Yves Aubone,0.7377049180327869,0.7333333333333333,0.625,0.3684210526315789,0.1016949152542373,0.1779661016949152,0.0,0.0491803278688524,0.2368421052631578,0.2105263157894736,0.5526315789473685,0.03286385,0.428571429,0.285714286,0.285714286,0.714285714,63.84976525821596,5.147058823529411,4.411764705882353,11.76470588235294,36.15023474178404,2.5974025974025974,2.5974025974025974,6.493506493506493,55.86854460093896,4.201680672268908,3.361344537815126,11.76470588235294,16.431924882629108,2.857142857142857,5.714285714285714,5.714285714285714,4.225352112676056,0.0,0.0,0.0,18.77934272300469,0.0,0.0,5.0,0.9389671361502347,0.0,50.0,50.0,0.9389671361502347,50.0,0.0,50.0,0.9389671361502347,100.0,0.0,0.0,,,,,1.4084507042253522,0.0,0.0,33.33333333333333,,,,,,,,,,,,,0.4694835680751174,0.0,100.0,0.0,,,,,,,,,,,,
Jelle Sels,0.6222222222222222,0.6398809523809523,0.5490196078431373,0.3519230769230769,0.1349056603773585,0.2113207547169811,0.0166666666666666,0.0574074074074074,0.2629107981220657,0.2323943661971831,0.5046948356807511,0.031820309,0.5,0.058823529,0.117647059,0.75,62.189985961628444,6.997742663656885,5.643340857787811,11.43717080511663,34.72157229761348,2.425876010781672,2.964959568733154,8.355795148247978,54.2817033224146,4.655172413793104,5.086206896551724,12.155172413793103,21.66588675713617,1.9438444924406049,2.591792656587473,9.935205183585314,3.228825456247076,2.898550724637681,2.898550724637681,1.4492753623188406,11.324286382779595,0.0,2.8925619834710745,6.6115702479338845,1.4974262985493685,65.625,3.125,3.125,0.6551240056153487,35.714285714285715,14.285714285714285,0.0,0.6551240056153487,42.85714285714285,21.428571428571427,21.428571428571427,0.0467945718296677,100.0,0.0,0.0,1.731399157697707,18.91891891891892,24.324324324324326,16.216216216216218,0.1403837154890032,33.33333333333333,0.0,0.0,0.6083294337856809,15.384615384615383,0.0,0.0,0.7487131492746841,12.5,0.0,0.0,0.0467945718296677,0.0,100.0,0.0,0.0935891436593355,0.0,50.0,0.0,0.1403837154890032,33.33333333333333,0.0,0.0,0.0467945718296677,0.0,0.0,0.0
Jenson Brooksby,0.6403892944038929,0.6709726443768997,0.5142083897158322,0.3794642857142857,0.1267501842299189,0.1577008106116433,0.0170316301703163,0.0413625304136253,0.2972413793103448,0.2820689655172413,0.4186206896551724,0.022869471,0.490566038,0.061320755,0.103773585,0.783018868,44.08845738942826,6.214827501835087,5.480792757523856,7.780768289699045,55.86839266450917,3.4176481946321684,3.572118169530797,5.580227843212975,38.74865156418554,4.732739420935412,5.206013363028953,8.296213808463252,48.89967637540453,2.514890800794176,3.529671299360248,5.515111405250386,2.9449838187702264,2.564102564102564,5.86080586080586,2.93040293040293,4.293419633225459,1.256281407035176,2.010050251256281,4.271356783919598,0.8414239482200648,52.56410256410257,12.82051282051282,5.128205128205128,0.6256742179072277,48.27586206896552,8.620689655172415,6.896551724137931,0.5501618122977346,52.94117647058824,11.76470588235294,5.88235294117647,0.0107874865156418,0.0,0.0,0.0,0.4746494066882417,15.909090909090908,9.090909090909092,11.363636363636363,0.9169363538295576,23.52941176470588,9.411764705882351,17.647058823529413,0.4530744336569579,2.380952380952381,0.0,0.0,0.9385113268608414,3.4482758620689653,4.597701149425287,1.1494252873563218,0.0323624595469255,0.0,33.33333333333333,0.0,0.0970873786407767,22.22222222222222,0.0,0.0,0.0431499460625674,25.0,0.0,0.0,0.0862998921251348,62.5,0.0,25.0
Jeremy Chardy,0.6485714285714286,0.7162995594713656,0.432520325203252,0.3098330241187384,0.168993168993169,0.2025542025542025,0.0605714285714285,0.1222857142857142,0.2888527257933279,0.2351505288852725,0.468673718470301,0.048446665,0.421524664,0.107623318,0.116591928,0.704035874,60.46056919400391,10.887531440891124,7.905138339920949,12.396694214876034,39.51770584401477,2.8587135788895,3.793293018141836,12.699285321605275,54.5296545731045,8.764940239043826,7.888446215139442,13.06772908366534,24.24505757114925,2.419354838709677,4.301075268817205,13.082437275985663,2.150771236150337,5.05050505050505,1.0101010101010102,3.0303030303030303,13.056702150771237,0.3327787021630615,2.1630615640599005,11.14808652246256,1.1296980230284597,48.07692307692308,13.461538461538462,9.615384615384617,1.303497718878992,33.33333333333333,8.333333333333332,16.666666666666664,1.06452313708451,57.14285714285714,8.16326530612245,4.081632653061225,0.0651748859439496,0.0,33.33333333333333,0.0,0.1737996958505322,25.0,12.5,25.0,0.4127742776450141,10.526315789473683,5.263157894736842,21.052631578947366,0.2389745817944818,18.181818181818183,0.0,0.0,0.325874429719748,6.666666666666667,6.666666666666667,13.333333333333334,0.1955246578318488,11.11111111111111,11.11111111111111,11.11111111111111,0.0868998479252661,0.0,0.0,25.0,0.977623289159244,44.44444444444444,17.77777777777778,8.88888888888889,0.0217249619813165,0.0,0.0,100.0
Jeremy Jahn,0.5647058823529412,0.6354166666666666,0.5405405405405406,0.2748091603053435,0.1661129568106312,0.3255813953488372,0.0352941176470588,0.0588235294117647,0.2666666666666666,0.12,0.6133333333333333,0.034201954,0.523809524,0.19047619,0.0,0.761904762,56.67752442996743,8.620689655172415,3.7356321839080464,16.666666666666664,43.159609120521175,3.7735849056603774,1.8867924528301887,12.830188679245284,51.14006514657981,5.095541401273886,4.140127388535031,17.197452229299362,35.83061889250814,3.636363636363636,1.818181818181818,11.363636363636363,1.3029315960912051,0.0,0.0,25.0,5.863192182410423,0.0,2.7777777777777777,13.88888888888889,1.1400651465798046,57.14285714285714,0.0,14.285714285714285,0.8143322475570033,40.0,0.0,60.0,1.1400651465798046,71.42857142857143,0.0,0.0,,,,,1.7915309446254073,45.45454545454545,0.0,9.090909090909092,0.3257328990228013,0.0,0.0,50.0,,,,,0.1628664495114006,0.0,0.0,0.0,0.1628664495114006,0.0,0.0,0.0,0.1628664495114006,0.0,0.0,0.0,,,,,,,,
Jerome Kym,0.6788990825688074,0.7162162162162162,0.6,0.2043010752688172,0.1386138613861386,0.1534653465346534,0.0275229357798165,0.091743119266055,0.3214285714285714,0.1785714285714285,0.5,0.069672131,0.411764706,0.058823529,0.058823529,0.588235294,52.04918032786885,11.811023622047244,4.724409448818897,11.811023622047244,47.950819672131146,2.564102564102564,3.418803418803419,11.11111111111111,46.72131147540984,7.017543859649122,3.508771929824561,12.280701754385964,37.704918032786885,3.260869565217391,4.3478260869565215,14.130434782608695,1.2295081967213115,0.0,0.0,0.0,6.147540983606557,0.0,0.0,0.0,2.0491803278688523,60.0,20.0,20.0,3.278688524590164,0.0,0.0,0.0,1.639344262295082,100.0,0.0,0.0,,,,,0.4098360655737705,0.0,100.0,0.0,0.819672131147541,0.0,0.0,0.0,,,,,,,,,,,,,,,,,,,,,,,,
Jerzy Janowicz,0.625544267053701,0.7308584686774942,0.4844961240310077,0.297583081570997,0.1865284974093264,0.2161361954108068,0.0653120464441219,0.11611030478955,0.3173431734317343,0.2250922509225092,0.4557195571955719,0.040350877,0.463768116,0.144927536,0.115942029,0.695652174,52.33918128654971,14.18994413407821,7.932960893854749,15.865921787709498,47.66081871345029,5.521472392638037,6.257668711656442,12.883435582822086,45.614035087719294,12.17948717948718,7.307692307692308,16.666666666666664,32.98245614035088,3.723404255319149,5.851063829787234,11.347517730496454,1.461988304093567,0.0,8.0,12.0,9.239766081871345,2.5316455696202533,3.79746835443038,14.556962025316457,1.345029239766082,52.17391304347826,0.0,17.391304347826086,1.4035087719298245,37.5,12.5,20.833333333333336,0.8187134502923977,64.28571428571429,14.285714285714285,7.142857142857142,0.175438596491228,0.0,66.66666666666666,0.0,2.631578947368421,20.0,17.77777777777778,8.88888888888889,3.391812865497076,15.517241379310343,8.620689655172415,22.41379310344828,0.175438596491228,0.0,33.33333333333333,0.0,0.4678362573099415,25.0,25.0,0.0,0.1169590643274853,50.0,0.0,0.0,,,,,0.175438596491228,33.33333333333333,33.33333333333333,0.0,,,,
Jesper De Jong,0.597972972972973,0.711864406779661,0.4971988795518207,0.3783629078420149,0.1660516605166051,0.1720124893556628,0.0320945945945945,0.0867117117117117,0.342063492063492,0.2222222222222222,0.4357142857142857,0.03484802,0.546255507,0.070484581,0.110132159,0.792951542,54.34448879336813,8.502824858757062,4.80225988700565,8.615819209039548,45.30242554498004,4.371399525584548,3.6597763470010167,8.200609962724501,48.52625115136629,6.105662764947802,4.523884846567542,8.921227459664664,34.14184832668099,2.652877697841727,2.7428057553956835,7.778776978417266,2.011053116364753,3.0534351145038165,2.2900763358778624,3.816793893129771,6.217377955173473,0.9876543209876544,1.9753086419753083,3.7037037037037033,0.9057414798894688,62.71186440677966,6.779661016949152,6.779661016949152,1.2434755910346946,44.44444444444444,13.580246913580249,7.4074074074074066,0.8289837273564631,79.62962962962963,7.4074074074074066,3.7037037037037033,0.0307031010132023,0.0,0.0,0.0,1.1206631869818853,19.17808219178082,16.43835616438356,12.32876712328767,2.3794903285231808,16.129032258064516,15.483870967741936,30.32258064516129,0.5680073687442432,8.108108108108109,0.0,0.0,1.197420939514891,5.128205128205128,2.564102564102564,0.0,0.0767577525330058,20.0,40.0,0.0,0.092109303039607,16.666666666666664,33.33333333333333,16.666666666666664,0.3070310101320233,30.0,10.0,15.0,,,,
Jimmy Wang,0.5235294117647059,0.5955056179775281,0.4567901234567901,0.2389380530973451,0.1307420494699646,0.1802120141342756,0.0588235294117647,0.0705882352941176,0.2717391304347826,0.2826086956521739,0.4456521739130434,0.084592145,0.25,0.142857143,0.142857143,0.571428571,47.73413897280967,8.227848101265822,8.227848101265822,17.088607594936708,51.96374622356496,6.976744186046512,7.55813953488372,8.13953488372093,41.69184290030212,6.521739130434782,8.695652173913043,17.391304347826086,39.27492447129909,6.153846153846154,7.6923076923076925,9.230769230769232,0.906344410876133,0.0,0.0,0.0,8.157099697885197,3.7037037037037033,0.0,3.7037037037037033,3.3232628398791544,27.27272727272727,0.0,27.27272727272727,3.625377643504532,25.0,16.666666666666664,8.333333333333332,0.6042296072507553,50.0,50.0,0.0,0.3021148036253776,0.0,100.0,0.0,,,,,,,,,0.906344410876133,0.0,0.0,0.0,0.3021148036253776,0.0,0.0,0.0,0.3021148036253776,0.0,0.0,0.0,0.3021148036253776,0.0,0.0,0.0,,,,,,,,
Jiri Lehecka,0.626853813559322,0.7152513730460498,0.4833215046132008,0.3338048090523338,0.2204896730953358,0.2027082478457119,0.0338983050847457,0.1877648305084746,0.3280058118416273,0.1794406102433708,0.4918270977115873,0.058823529,0.458143075,0.136986301,0.070015221,0.672754947,52.62780911451338,10.6158557332426,5.733242599523647,13.01463082681184,47.34533082639448,5.276096822995462,2.968986384266263,11.100605143721634,44.08631032321605,8.346872461413485,6.051990251827783,14.114541023558084,37.022114781985856,3.7726723095526,3.071342200725514,11.414752116082225,4.512489927477841,1.3888888888888888,0.992063492063492,2.976190476190476,6.929895245769541,0.6459948320413437,1.421188630490956,7.10594315245478,2.0055510788790403,46.42857142857143,7.5892857142857135,13.839285714285715,2.0145044319097503,41.77777777777778,4.888888888888889,18.666666666666668,1.3430029546065,57.99999999999999,7.333333333333333,6.666666666666667,0.0895335303071,30.0,0.0,0.0,0.25964723789059,24.13793103448276,3.4482758620689653,20.6896551724138,0.76103500761035,15.294117647058824,5.88235294117647,17.647058823529413,0.16116035455278,5.555555555555555,0.0,11.11111111111111,0.3581341212284,5.0,2.5,5.0,0.18802041364491,19.047619047619047,23.809523809523807,14.285714285714285,0.16116035455278,33.33333333333333,5.555555555555555,5.555555555555555,0.07162682424568,37.5,0.0,37.5,0.00895335303071,0.0,100.0,0.0
Jiri Novak,0.6274065685164213,0.6462093862815884,0.5349544072948328,0.3775743707093821,0.1252134319863403,0.1593625498007968,0.0271800679501698,0.0396375990939977,0.2863777089783281,0.3173374613003096,0.3962848297213622,0.036936937,0.504065041,0.040650407,0.089430894,0.756097561,51.41141141141141,7.418224299065421,7.418224299065421,8.060747663551401,48.55855855855856,3.586889301175016,4.823747680890538,7.2974644403215825,48.1981981981982,4.735202492211839,7.538940809968847,8.348909657320872,40.750750750750754,2.9476787030213707,4.937361827560796,8.032424465733234,0.5405405405405406,0.0,5.555555555555555,5.555555555555555,4.834834834834835,1.2422360248447204,0.6211180124223602,3.1055900621118013,1.0210210210210209,64.70588235294117,8.823529411764707,5.88235294117647,1.1411411411411412,26.31578947368421,10.526315789473683,5.263157894736842,0.990990990990991,66.66666666666666,6.0606060606060606,0.0,0.1201201201201201,0.0,25.0,0.0,0.06006006006006,0.0,0.0,0.0,0.3903903903903903,23.07692307692308,0.0,15.384615384615383,0.3303303303303303,0.0,0.0,0.0,1.1711711711711712,5.128205128205128,10.256410256410255,0.0,0.1501501501501501,80.0,0.0,0.0,0.1501501501501501,20.0,20.0,0.0,0.1201201201201201,75.0,0.0,25.0,,,,
Jiri Vanek,0.5086206896551724,0.6101694915254238,0.5263157894736842,0.3142857142857143,0.0723981900452488,0.2036199095022624,0.0086206896551724,0.043103448275862,0.141025641025641,0.2948717948717949,0.5641025641025641,0.062992126,0.3125,0.1875,0.1875,0.6875,53.14960629921261,4.444444444444445,8.88888888888889,20.74074074074074,46.8503937007874,4.201680672268908,9.243697478991598,13.445378151260504,46.45669291338583,2.5423728813559325,9.322033898305085,22.88135593220339,27.95275590551181,2.8169014084507045,11.267605633802818,12.676056338028168,3.937007874015748,0.0,0.0,0.0,11.023622047244094,0.0,3.571428571428571,14.285714285714285,1.574803149606299,25.0,25.0,25.0,3.937007874015748,20.0,20.0,20.0,0.7874015748031495,100.0,0.0,0.0,,,,,,,,,0.7874015748031495,50.0,0.0,0.0,0.3937007874015747,0.0,0.0,0.0,3.149606299212598,0.0,0.0,12.5,,,,,,,,,,,,,,,,
Jiri Vesely,0.6461352657004831,0.7794392523364486,0.5017064846416383,0.3595769682726204,0.1816557474687314,0.1566408576533651,0.0567632850241545,0.1400966183574879,0.3461538461538461,0.2582417582417582,0.3956043956043956,0.055555556,0.464285714,0.042857143,0.164285714,0.742857143,47.81746031746032,8.796680497925312,6.3070539419087135,8.879668049792532,51.98412698412699,6.33587786259542,4.961832061068702,8.3206106870229,39.96031746031746,5.958291956305859,5.561072492552134,9.632571996027806,41.98412698412699,4.631379962192817,4.44234404536862,9.262759924385634,3.8095238095238098,1.0416666666666663,5.208333333333334,4.166666666666666,5.277777777777778,0.7518796992481203,1.5037593984962403,6.015037593984962,1.4285714285714286,36.11111111111111,25.0,0.0,1.6269841269841272,41.46341463414634,17.073170731707318,4.878048780487805,1.7063492063492065,67.44186046511628,4.651162790697675,9.30232558139535,0.119047619047619,66.66666666666666,33.33333333333333,0.0,0.1984126984126984,20.0,0.0,40.0,1.7063492063492065,23.25581395348837,16.27906976744186,2.3255813953488373,0.1984126984126984,0.0,0.0,0.0,1.1111111111111112,7.142857142857142,3.571428571428571,0.0,0.2380952380952381,0.0,33.33333333333333,0.0,0.119047619047619,33.33333333333333,0.0,0.0,0.2777777777777778,28.57142857142857,28.57142857142857,0.0,0.0396825396825396,100.0,0.0,0.0
Jo Wilfred Tsonga,0.5371900826446281,0.7230769230769231,0.4642857142857143,0.3738317757009345,0.1798245614035087,0.2017543859649122,0.024793388429752,0.0826446280991735,0.2980769230769231,0.2884615384615384,0.4134615384615384,0.080267559,0.333333333,0.25,0.083333333,0.5,60.535117056856194,13.259668508287293,12.70718232044199,11.60220994475138,39.46488294314381,5.932203389830509,5.932203389830509,18.64406779661017,55.85284280936455,11.377245508982035,13.77245508982036,11.976047904191615,25.08361204013378,4.0,6.666666666666667,14.666666666666666,0.6688963210702341,0.0,0.0,0.0,8.361204013377927,0.0,0.0,20.0,1.3377926421404682,25.0,0.0,0.0,3.0100334448160537,11.11111111111111,11.11111111111111,55.55555555555556,2.0066889632107023,50.0,0.0,16.666666666666664,0.334448160535117,100.0,0.0,0.0,,,,,1.0033444816053512,33.33333333333333,0.0,33.33333333333333,0.334448160535117,0.0,0.0,0.0,0.6688963210702341,0.0,0.0,0.0,0.334448160535117,100.0,0.0,0.0,1.0033444816053512,33.33333333333333,33.33333333333333,0.0,,,,,,,,
Jo Wilfried Tsonga,0.6140096618357488,0.7547862575399947,0.4851898206090947,0.3365555018527469,0.1865990174760409,0.1943303535475557,0.0283413848631239,0.1225442834138486,0.3190485954480213,0.2216526553208939,0.4586836169776502,0.057404874,0.462488967,0.122683142,0.098852604,0.72462489,52.80944419111314,10.793437589945311,7.541015062841792,11.79123093159359,47.14495617368394,4.631918323481999,3.1703385276732945,10.832885545405697,45.53376906318083,8.189607210415044,7.878046066540559,12.37342828530099,31.85894512843897,3.5305343511450387,2.878498727735369,11.879770992366412,2.893043522318488,1.4010507880910683,0.7005253940455342,1.7513134851138354,11.293509651922784,0.6280843427545985,1.4356213548676535,7.312696276357111,1.798652277448447,46.76056338028169,7.042253521126761,15.774647887323944,1.991184070527436,40.20356234096692,11.704834605597965,12.97709923664122,1.256523281147084,66.53225806451613,11.29032258064516,6.048387096774194,0.0557328874702335,36.36363636363637,9.090909090909092,0.0,0.5066626133657598,23.0,8.0,23.0,0.8765263211227644,8.092485549132949,12.716763005780344,21.38728323699422,0.415463342959923,8.536585365853659,4.878048780487805,0.0,0.8359933120535035,4.848484848484849,6.0606060606060606,3.636363636363636,0.2431980544155646,20.833333333333336,10.416666666666668,10.416666666666668,0.2229315498809342,22.727272727272727,6.8181818181818175,9.090909090909092,0.1621320362770431,31.25,12.5,25.0,0.0101332522673151,50.0,0.0,0.0
Joachim Johansson,0.6130268199233716,0.73125,0.4158415841584158,0.2292682926829268,0.2210300429184549,0.2381974248927038,0.0383141762452107,0.21455938697318,0.2526881720430107,0.2043010752688172,0.543010752688172,0.032815199,0.421052632,0.157894737,0.0,0.473684211,55.613126079447326,13.354037267080743,9.006211180124224,17.391304347826086,44.38687392055268,1.556420233463035,3.501945525291829,17.509727626459142,51.64075993091537,11.705685618729095,9.698996655518394,18.06020066889632,27.806563039723663,0.6211180124223602,3.7267080745341614,16.149068322981368,1.7271157167530224,0.0,0.0,0.0,13.644214162348876,1.2658227848101269,3.79746835443038,21.51898734177216,0.690846286701209,75.0,0.0,0.0,1.0362694300518136,0.0,0.0,33.33333333333333,0.8635578583765112,80.0,0.0,20.0,0.3454231433506045,0.0,0.0,0.0,0.3454231433506045,50.0,0.0,50.0,0.3454231433506045,0.0,0.0,0.0,0.1727115716753022,0.0,0.0,0.0,1.0362694300518136,16.666666666666664,0.0,0.0,0.1727115716753022,0.0,0.0,0.0,0.1727115716753022,100.0,0.0,0.0,,,,,,,,
Joao Fonseca,0.6528455284552845,0.7067247820672479,0.5304449648711944,0.3698412698412698,0.2022088353413654,0.1949799196787148,0.0256097560975609,0.141869918699187,0.3263888888888889,0.2212301587301587,0.4503968253968254,0.040213117,0.447949527,0.119873817,0.075709779,0.694006309,52.09945452238996,12.003895787679571,6.841977112247383,12.685658631604577,47.82443232271978,4.376657824933687,4.376657824933687,10.238726790450928,43.53672459723455,10.227272727272728,7.488344988344989,13.57808857808858,37.84092350627933,3.754609453570231,4.626215219577606,10.559839088166276,4.731701129011798,1.876675603217158,0.8042895442359249,3.485254691689008,7.522516808321705,0.8431703204047217,1.6863406408094437,7.75716694772344,1.3319802105797285,47.61904761904761,8.571428571428571,12.38095238095238,1.2812381073195485,30.69306930693069,8.91089108910891,13.861386138613865,0.9514144361283776,65.33333333333333,4.0,9.333333333333334,0.1014842065203602,25.0,12.5,12.5,1.129011797539008,29.21348314606741,7.865168539325842,22.47191011235955,0.6089052391221617,25.0,10.416666666666668,16.666666666666664,0.1649118355955854,23.07692307692308,0.0,0.0,0.367880248636306,0.0,6.896551724137931,3.4482758620689653,0.0634276290752251,20.0,20.0,0.0,0.1014842065203602,37.5,0.0,12.5,0.1902828872256755,40.0,6.666666666666667,13.333333333333334,,,,
Joao Menezes,0.6267605633802817,0.6404494382022472,0.4716981132075472,0.3821138211382114,0.0716981132075471,0.1849056603773584,0.028169014084507,0.0352112676056338,0.175,0.25,0.5625,0.006097561,1.0,0.0,0.0,1.0,44.207317073170735,6.206896551724138,8.275862068965518,12.413793103448276,55.79268292682927,2.73224043715847,4.371584699453552,14.754098360655735,39.02439024390244,5.46875,9.375,13.28125,43.29268292682927,2.8169014084507045,5.633802816901409,18.30985915492958,3.963414634146341,7.6923076923076925,0.0,7.6923076923076925,10.365853658536585,0.0,0.0,2.941176470588235,0.3048780487804878,100.0,0.0,0.0,0.3048780487804878,100.0,0.0,0.0,,,,,,,,,,,,,,,,,0.9146341463414632,0.0,0.0,0.0,1.829268292682927,0.0,0.0,0.0,,,,,,,,,,,,,,,,
Joao Sousa,0.6142748671222475,0.6835599505562423,0.4311023622047244,0.3477911646586345,0.117096018735363,0.1701795472287275,0.0326499620349278,0.0539104024297646,0.2653534183082271,0.2792584009269988,0.455388180764774,0.03191739,0.448529412,0.139705882,0.132352941,0.705882353,63.29500117343346,6.933629959213941,7.526881720430108,8.861698183166482,36.68153015724008,2.687140115163148,2.4312220089571337,9.852847088931542,59.3053273879371,5.658884052235853,7.4000791452315005,8.86426592797784,27.833841821168743,1.6020236087689714,2.023608768971332,11.63575042158516,1.314245482281155,0.0,3.571428571428571,0.0,6.406946726120628,0.0,2.197802197802198,3.6630036630036633,0.86834076507862,45.94594594594595,8.108108108108109,27.027027027027028,0.8214034264257217,42.85714285714285,8.571428571428571,11.428571428571429,0.9152781037315184,53.84615384615385,12.82051282051282,7.6923076923076925,0.0469373386528983,50.0,50.0,0.0,0.0469373386528983,0.0,0.0,0.0,0.4928420558554329,19.047619047619047,14.285714285714285,9.523809523809524,0.3989673785496362,0.0,5.88235294117647,0.0,0.985684111710866,4.761904761904762,0.0,0.0,0.1642806852851443,28.57142857142857,14.285714285714285,0.0,0.0469373386528983,0.0,0.0,0.0,0.2816240319173902,33.33333333333333,33.33333333333333,16.666666666666664,0.0469373386528983,50.0,50.0,0.0
Joao Souza,0.7796610169491526,0.717391304347826,0.6153846153846154,0.3846153846153846,0.1532258064516129,0.2580645161290322,0.0338983050847457,0.0338983050847457,0.3269230769230769,0.0961538461538461,0.5769230769230769,0.044554455,0.555555556,0.0,0.222222222,1.0,58.91089108910891,12.605042016806722,4.201680672268908,15.966386554621849,41.089108910891085,2.409638554216868,0.0,13.253012048192772,51.98019801980198,9.523809523809524,2.857142857142857,17.142857142857142,35.148514851485146,1.4084507042253522,0.0,14.084507042253522,1.98019801980198,0.0,0.0,25.0,4.455445544554455,0.0,0.0,11.11111111111111,,,,,0.495049504950495,100.0,0.0,0.0,0.99009900990099,0.0,50.0,0.0,,,,,1.4851485148514851,33.33333333333333,0.0,0.0,,,,,,,,,0.495049504950495,0.0,0.0,0.0,0.99009900990099,100.0,0.0,0.0,0.495049504950495,0.0,0.0,0.0,1.4851485148514851,66.66666666666666,33.33333333333333,0.0,,,,
Johan Sebastien Tatlot,0.6296296296296297,0.7058823529411765,0.35,0.26,0.1057692307692307,0.3076923076923077,0.1111111111111111,0.037037037037037,0.225,0.125,0.65,0.004950495,1.0,0.0,0.0,1.0,50.99009900990099,6.796116504854369,3.883495145631068,12.62135922330097,49.00990099009901,2.0202020202020203,1.0101010101010102,13.131313131313131,47.02970297029702,6.315789473684211,4.2105263157894735,13.684210526315791,42.07920792079208,2.3529411764705883,1.1764705882352942,15.294117647058824,2.4752475247524752,0.0,0.0,0.0,6.435643564356436,0.0,0.0,0.0,0.495049504950495,100.0,0.0,0.0,,,,,,,,,,,,,,,,,0.495049504950495,0.0,0.0,0.0,0.99009900990099,0.0,0.0,0.0,,,,,,,,,,,,,,,,,,,,
Johannes Haerteis,0.71875,0.8695652173913043,0.4444444444444444,0.3181818181818182,0.2621359223300971,0.1359223300970873,0.03125,0.28125,0.4285714285714285,0.1746031746031746,0.3968253968253968,0.055084746,0.692307692,0.0,0.076923077,0.846153846,52.118644067796616,16.260162601626014,2.4390243902439024,10.569105691056912,47.45762711864407,6.25,7.142857142857142,10.714285714285714,47.45762711864407,10.714285714285714,2.6785714285714284,11.607142857142858,38.559322033898304,6.593406593406594,7.6923076923076925,12.087912087912088,0.423728813559322,0.0,0.0,0.0,5.508474576271186,0.0,0.0,7.6923076923076925,2.9661016949152543,85.71428571428571,0.0,0.0,0.847457627118644,0.0,50.0,0.0,0.847457627118644,100.0,0.0,0.0,0.847457627118644,50.0,0.0,0.0,,,,,,,,,0.423728813559322,0.0,0.0,0.0,1.694915254237288,0.0,0.0,0.0,,,,,,,,,,,,,,,,
John Isner,0.6970488378166623,0.7768827276133383,0.5469827586206897,0.2656187021362354,0.2296536653201774,0.1723726905502947,0.0245494907286497,0.2360929746670149,0.3322658126501201,0.1841473178542834,0.4835868694955965,0.087045633,0.441135734,0.141274238,0.09833795,0.6966759,56.05521731267707,13.571351758253575,6.828691257124422,15.646843746639425,43.93875459641932,5.460282617643024,3.910001371930306,13.184250240087804,47.29640122973054,9.813917919959216,6.716798368595462,16.568952332398673,32.262342516125145,3.8303437967115097,3.923766816143498,13.023168908819132,2.182168907107119,1.3812154696132597,1.1049723756906076,2.209944751381215,7.607450720356863,0.0792393026941362,1.5055467511885896,11.96513470681458,3.701247814817048,50.814332247557005,9.609120521172638,12.866449511400653,2.929652179154861,34.77366255144033,9.670781893004117,17.901234567901234,1.1694496353005004,62.37113402061856,10.309278350515465,8.24742268041237,0.0482247272288866,25.0,12.5,0.0,0.8318765446982941,22.463768115942027,7.971014492753622,26.08695652173913,0.241123636144433,17.5,12.5,32.5,0.3677135451202604,1.639344262295082,1.639344262295082,6.557377049180328,0.5003315449996987,3.614457831325301,1.2048192771084338,3.614457831325301,0.3194888178913738,15.09433962264151,7.547169811320755,13.20754716981132,0.3255169087949846,18.51851851851852,3.7037037037037033,14.814814814814811,0.1868708180119356,45.16129032258064,29.03225806451613,16.129032258064516,0.0241123636144433,25.0,0.0,50.0
John Millman,0.6299033541785105,0.6895306859205776,0.5453149001536098,0.3702623906705539,0.1255037420840529,0.1649395509499136,0.015349630471859,0.054007959067652,0.2937123169681309,0.2334194659776055,0.4702842377260982,0.016349142,0.479338843,0.066115702,0.090909091,0.719008264,47.54762869882448,5.456095481670929,4.376243250923558,7.757885763000852,52.41183623834617,3.841196184583656,3.016241299303944,7.037896365042537,45.1425483042832,4.280155642023346,4.369949117030829,7.96168811733014,49.12849614916903,3.52035203520352,2.8877887788778875,7.315731573157317,0.9728415079043372,2.7777777777777777,0.0,1.3888888888888888,1.986218078638022,1.3605442176870748,2.7210884353741496,1.3605442176870748,0.351303877854344,57.692307692307686,3.8461538461538463,0.0,0.4188623159032563,38.70967741935484,16.129032258064516,9.67741935483871,0.7161194433184705,56.60377358490566,9.433962264150944,9.433962264150944,0.0675584380489123,20.0,0.0,0.0,0.0540467504391298,0.0,25.0,25.0,0.0810701256586947,16.666666666666664,0.0,16.666666666666664,0.3107688150249966,8.695652173913043,4.3478260869565215,0.0,0.6485610052695582,10.416666666666668,6.25,2.083333333333333,,,,,0.0540467504391298,0.0,0.0,0.0,,,,,0.0270233752195649,0.0,0.0,0.0
Jonas Bjorkman,0.6834532374100719,0.5894736842105263,0.4318181818181818,0.2540983606557377,0.1340996168582375,0.1226053639846743,0.0287769784172661,0.0585034013605442,0.3704496788008565,0.2419700214132762,0.3854389721627409,0.182795699,0.306501548,0.099071207,0.114551084,0.687306502,49.71910112359551,9.03954802259887,5.084745762711865,9.03954802259887,50.28089887640449,4.46927374301676,6.70391061452514,6.70391061452514,36.51685393258427,3.8461538461538463,3.8461538461538463,9.230769230769232,35.39325842696629,0.7936507936507936,3.1746031746031744,8.73015873015873,1.4044943820224718,0.0,0.0,0.0,4.213483146067416,0.0,0.0,0.0,8.146067415730338,17.24137931034483,13.79310344827586,13.79310344827586,8.146067415730338,20.6896551724138,24.13793103448276,3.4482758620689653,1.9662921348314608,85.71428571428571,0.0,0.0,,,,,0.2808988764044944,0.0,0.0,0.0,0.5617977528089888,0.0,50.0,0.0,0.2808988764044944,0.0,0.0,0.0,0.8426966292134831,0.0,0.0,0.0,1.1235955056179776,0.0,0.0,0.0,1.1235955056179776,25.0,0.0,0.0,,,,,,,,
Jordan Thompson,0.6139270487920417,0.720679012345679,0.5006134969325153,0.3638104356151269,0.1602380952380952,0.1709523809523809,0.0175272382756987,0.1127427759355755,0.3050490883590462,0.217391304347826,0.4775596072931276,0.055225493,0.41809291,0.107579462,0.124694377,0.723716381,54.32082095598164,7.009694258016405,5.195128013919961,8.94854586129754,45.66567647853092,4.52395032525133,2.986398580721467,9.491425192193969,46.867404806913314,4.724863151829444,5.070584845865745,9.709017574186111,34.41803942749122,2.9423303256178897,2.471557473519027,9.533150255001962,3.402646502835539,0.7936507936507936,0.0,0.7936507936507936,7.49392384553065,0.9009009009009008,1.981981981981982,7.567567567567568,1.5933027275182283,50.84745762711864,9.322033898305085,7.627118644067797,2.0793950850661624,35.064935064935064,13.636363636363637,16.233766233766232,1.2557385903321632,47.31182795698925,16.129032258064516,7.526881720430108,0.0540102619497704,50.0,0.0,50.0,0.175533351336754,15.384615384615383,7.6923076923076925,23.07692307692308,0.4860923575479341,16.666666666666664,5.555555555555555,13.88888888888889,0.6751282743721306,6.0,4.0,4.0,0.945179584120983,10.0,5.714285714285714,4.285714285714286,0.175533351336754,7.6923076923076925,23.07692307692308,0.0,0.1890359168241966,28.57142857142857,0.0,7.142857142857142,0.175533351336754,46.15384615384615,7.6923076923076925,0.0,,,,
Joris De Loore,0.7090909090909091,0.5897435897435898,0.5,0.3614457831325301,0.0869565217391304,0.1304347826086956,0.0181818181818181,0.0909090909090909,0.1842105263157894,0.3684210526315789,0.4473684210526316,0.007751938,1.0,0.0,0.0,1.0,53.100775193798455,3.64963503649635,4.37956204379562,7.2992700729927,46.89922480620155,1.6528925619834711,6.6115702479338845,5.785123966942149,48.837209302325576,3.1746031746031744,4.761904761904762,7.936507936507936,36.82170542635659,1.0526315789473684,4.2105263157894735,7.368421052631578,3.488372093023256,0.0,0.0,0.0,8.13953488372093,0.0,9.523809523809524,0.0,0.3875968992248062,100.0,0.0,0.0,0.3875968992248062,100.0,0.0,0.0,,,,,,,,,,,,,0.3875968992248062,0.0,100.0,0.0,0.3875968992248062,0.0,0.0,0.0,1.162790697674419,0.0,33.33333333333333,0.0,,,,,,,,,,,,,,,,
Jose Acasuso,0.5172413793103449,0.8,0.5892857142857143,0.2654867256637168,0.2052401746724891,0.131004366812227,0.0086206896551724,0.1206896551724138,0.3975903614457831,0.253012048192771,0.3493975903614458,0.048338369,0.6875,0.0625,0.125,0.9375,69.48640483383686,9.565217391304348,8.26086956521739,8.695652173913043,30.211480362537763,11.0,2.0,9.0,61.63141993957704,8.333333333333332,8.333333333333332,9.31372549019608,15.709969788519636,7.6923076923076925,3.8461538461538463,15.384615384615383,4.531722054380665,0.0,0.0,0.0,10.876132930513595,0.0,0.0,2.7777777777777777,0.6042296072507553,50.0,0.0,50.0,1.812688821752266,100.0,0.0,0.0,1.812688821752266,50.0,33.33333333333333,0.0,,,,,0.3021148036253776,0.0,0.0,0.0,0.3021148036253776,100.0,0.0,0.0,0.3021148036253776,0.0,0.0,0.0,1.2084592145015105,0.0,0.0,0.0,,,,,0.3021148036253776,0.0,0.0,0.0,0.3021148036253776,100.0,0.0,0.0,,,,
Jose Hernandez,0.6071428571428571,0.7647058823529411,0.6363636363636364,0.45,0.1458333333333333,0.1979166666666666,0.0535714285714285,0.0714285714285714,0.303030303030303,0.2121212121212121,0.4848484848484848,0.031578947,0.333333333,0.0,0.0,0.833333333,51.578947368421055,6.122448979591836,5.1020408163265305,9.183673469387756,48.42105263157895,4.3478260869565215,2.1739130434782608,7.608695652173914,48.42105263157895,4.3478260869565215,5.434782608695652,9.782608695652174,45.78947368421053,4.597701149425287,2.2988505747126435,6.896551724137931,0.5263157894736842,0.0,0.0,0.0,1.5789473684210529,0.0,0.0,33.33333333333333,2.1052631578947367,50.0,0.0,0.0,0.5263157894736842,0.0,0.0,0.0,0.5263157894736842,0.0,0.0,0.0,,,,,,,,,0.5263157894736842,0.0,0.0,0.0,,,,,,,,,,,,,,,,,,,,,,,,
Jose Rubin Statham,0.6818181818181818,0.5555555555555556,0.3333333333333333,0.3396226415094339,0.1176470588235294,0.2857142857142857,0.0454545454545454,0.0454545454545454,0.2558139534883721,0.0232558139534883,0.7209302325581395,0.027667984,0.571428571,0.0,0.0,0.714285714,45.8498023715415,3.4482758620689653,0.8620689655172413,12.93103448275862,54.1501976284585,5.109489051094891,0.0,11.67883211678832,39.130434782608695,1.0101010101010102,1.0101010101010102,14.14141414141414,46.24505928853755,4.273504273504273,0.0,12.82051282051282,4.3478260869565215,0.0,0.0,0.0,5.928853754940711,0.0,0.0,6.666666666666667,0.3952569169960474,0.0,0.0,0.0,0.7905138339920948,50.0,0.0,0.0,0.3952569169960474,100.0,0.0,0.0,,,,,0.3952569169960474,0.0,0.0,100.0,0.3952569169960474,100.0,0.0,0.0,,,,,0.7905138339920948,0.0,0.0,0.0,0.7905138339920948,50.0,0.0,0.0,,,,,0.3952569169960474,100.0,0.0,0.0,,,,
Joshua Sheehy,0.660377358490566,0.8,0.6111111111111112,0.4150943396226415,0.2169811320754717,0.1792452830188679,0.0,0.1886792452830188,0.3513513513513513,0.1351351351351351,0.5135135135135135,0.028169014,0.5,0.5,0.0,0.5,58.45070422535211,10.843373493975903,3.614457831325301,13.253012048192772,41.54929577464789,6.779661016949152,3.389830508474576,13.559322033898304,52.816901408450704,9.333333333333334,2.666666666666667,12.0,31.690140845070424,4.444444444444445,4.444444444444445,13.333333333333334,2.8169014084507045,0.0,0.0,25.0,6.338028169014084,0.0,0.0,11.11111111111111,0.7042253521126761,100.0,0.0,0.0,1.4084507042253522,50.0,0.0,50.0,0.7042253521126761,0.0,0.0,100.0,,,,,1.4084507042253522,50.0,50.0,0.0,0.7042253521126761,100.0,0.0,0.0,,,,,1.4084507042253522,0.0,0.0,0.0,,,,,,,,,,,,,,,,
Jozef Kovalik,0.6752411575562701,0.680952380952381,0.4653465346534653,0.3177257525083612,0.1557377049180328,0.1836065573770491,0.0418006430868167,0.0482315112540192,0.3375527426160337,0.240506329113924,0.4177215189873418,0.042399173,0.487804878,0.048780488,0.073170732,0.780487805,54.6018614270941,10.606060606060606,7.575757575757576,9.469696969696969,42.70941054808687,5.811138014527845,3.87409200968523,11.62227602905569,47.67321613236816,8.676789587852495,7.809110629067245,9.761388286334055,27.19751809720786,4.942965779467681,3.802281368821293,14.44866920152091,3.1023784901758016,0.0,6.666666666666667,3.333333333333333,11.582213029989658,0.0,3.571428571428571,7.142857142857142,1.1375387797311272,45.45454545454545,0.0,18.181818181818183,1.2409513960703205,50.0,8.333333333333332,0.0,1.2409513960703205,50.0,16.666666666666664,0.0,,,,,0.5170630816959669,40.0,0.0,40.0,1.7580144777662874,23.52941176470588,5.88235294117647,11.76470588235294,0.4136504653567736,0.0,0.0,0.0,0.8273009307135472,12.5,0.0,0.0,0.3102378490175801,66.66666666666666,0.0,0.0,0.1034126163391934,0.0,0.0,0.0,0.2068252326783868,50.0,0.0,0.0,,,,
Juan Carlos Ferrero,0.617070895522388,0.671957671957672,0.5164433617539586,0.3589391860996799,0.1408450704225352,0.1738628492265065,0.033115671641791,0.0592350746268656,0.3165137614678899,0.2365661861074705,0.4469200524246395,0.021694588,0.511111111,0.088888889,0.088888889,0.733333333,48.198143907436425,7.701925481370342,5.376344086021505,8.67716929232308,51.76569844522116,4.074505238649592,3.39930151338766,7.799767171129219,44.04001446305894,6.048166392993979,5.309250136836344,8.894362342638203,47.69193684464264,3.133687136719737,3.411675511751327,7.884761182714177,1.6511992286368566,2.9197080291970803,0.0,0.0,1.892250210919609,1.2738853503184715,2.547770700636943,2.547770700636943,0.4821019645655056,50.0,10.0,12.5,0.6628902012775703,61.81818181818181,3.636363636363636,5.454545454545454,0.6387851030492949,60.37735849056604,9.433962264150944,9.433962264150944,0.0241050982282752,0.0,0.0,0.0,0.7472580450765337,41.935483870967744,11.29032258064516,16.129032258064516,0.3977341207665421,24.24242424242424,6.0606060606060606,36.36363636363637,0.4218392189948174,2.857142857142857,2.857142857142857,0.0,0.9521513800168736,6.329113924050633,2.5316455696202533,3.79746835443038,0.0361576473424129,0.0,33.33333333333333,0.0,0.1084729420272387,22.22222222222222,0.0,0.0,0.1807882367120646,26.666666666666668,20.0,13.333333333333334,0.0361576473424129,0.0,33.33333333333333,33.33333333333333
Juan Carlos Prado Angelo,0.5820642978003384,0.6337209302325582,0.48582995951417,0.4055374592833876,0.1261410788381742,0.2473029045643153,0.0321489001692047,0.0406091370558375,0.2340036563071298,0.2559414990859232,0.5100548446069469,0.01575367,0.613636364,0.136363636,0.068181818,0.75,54.708199069101326,5.955497382198953,6.740837696335078,11.2565445026178,45.291800930898674,2.924901185770751,2.924901185770751,8.458498023715414,51.98711063372718,4.614325068870524,6.6115702479338845,11.432506887052345,41.53240243465808,2.2413793103448274,2.931034482758621,8.879310344827585,0.7876834944504119,0.0,9.090909090909092,0.0,2.506265664160401,0.0,0.0,1.4285714285714286,0.4296455424274973,58.333333333333336,8.333333333333332,0.0,0.3938417472252059,63.63636363636363,9.090909090909092,18.181818181818183,0.5370569280343717,53.333333333333336,6.666666666666667,20.0,,,,,0.5728607232366631,37.5,18.75,12.5,0.3580379520229144,20.0,10.0,10.0,0.2506265664160401,0.0,0.0,0.0,0.4296455424274973,0.0,8.333333333333332,0.0,0.0358037952022914,100.0,0.0,0.0,0.0358037952022914,100.0,0.0,0.0,0.1074113856068743,66.66666666666666,0.0,33.33333333333333,0.0358037952022914,100.0,0.0,0.0
Juan Carlos Saez,0.5675675675675675,0.3809523809523809,0.25,0.0769230769230769,0.0952380952380952,0.4444444444444444,0.0,0.054054054054054,0.1142857142857142,0.0857142857142857,0.8,0.0546875,0.285714286,0.285714286,0.142857143,0.428571429,59.375,5.263157894736842,2.631578947368421,25.0,40.625,0.0,1.9230769230769231,17.307692307692307,51.5625,3.0303030303030303,1.5151515151515151,25.75757575757576,38.28125,0.0,2.0408163265306123,16.3265306122449,1.5625,0.0,0.0,0.0,1.5625,0.0,0.0,50.0,2.34375,33.33333333333333,0.0,33.33333333333333,,,,,1.5625,50.0,50.0,0.0,,,,,,,,,0.78125,0.0,0.0,0.0,0.78125,0.0,0.0,0.0,,,,,,,,,,,,,1.5625,0.0,0.0,50.0,,,,
Juan Ignacio Chela,0.6587301587301587,0.6566265060240963,0.4767441860465116,0.3333333333333333,0.1333333333333333,0.1849462365591397,0.0317460317460317,0.0634920634920634,0.2771084337349397,0.253012048192771,0.4698795180722891,0.026528258,0.434782609,0.130434783,0.043478261,0.52173913,58.36216839677048,6.126482213438735,6.719367588932807,6.719367588932807,41.63783160322952,4.1551246537396125,2.21606648199446,12.18836565096953,54.20991926182238,4.680851063829787,6.382978723404255,6.808510638297872,35.98615916955018,4.166666666666666,1.9230769230769231,13.461538461538462,0.8073817762399077,14.285714285714285,0.0,0.0,4.1522491349480966,0.0,2.7777777777777777,0.0,0.8073817762399077,28.57142857142857,0.0,14.285714285714285,0.6920415224913495,33.33333333333333,0.0,33.33333333333333,0.5767012687427913,60.0,20.0,0.0,,,,,0.461361014994233,0.0,50.0,0.0,0.2306805074971165,0.0,0.0,0.0,1.038062283737024,0.0,11.11111111111111,11.11111111111111,0.461361014994233,0.0,25.0,0.0,0.1153402537485582,100.0,0.0,0.0,0.1153402537485582,0.0,0.0,0.0,0.3460207612456747,66.66666666666666,0.0,0.0,,,,
Juan Ignacio Londero,0.5932944606413995,0.6756756756756757,0.4802867383512544,0.3890532544378698,0.1703377386196769,0.2165932452276064,0.0393586005830903,0.0481049562682215,0.3294701986754967,0.2268211920529801,0.4437086092715231,0.030802603,0.521126761,0.154929577,0.056338028,0.718309859,60.82429501084599,10.912981455064196,6.776034236804565,11.982881597717546,39.17570498915401,5.094130675526024,4.651162790697675,11.074197120708748,54.92407809110629,8.451816745655607,7.187993680884676,11.61137440758294,33.31887201735358,4.557291666666666,4.6875,12.5,1.561822125813449,2.7777777777777777,2.7777777777777777,2.7777777777777777,4.208242950108461,1.0309278350515465,2.061855670103093,3.09278350515464,0.911062906724512,57.14285714285714,0.0,33.33333333333333,0.824295010845987,42.10526315789473,15.789473684210526,0.0,1.0412147505422993,58.333333333333336,0.0,12.5,,,,,1.778741865509761,36.58536585365854,4.878048780487805,21.951219512195124,0.3904555314533622,22.22222222222222,11.11111111111111,11.11111111111111,0.3036876355748373,14.285714285714285,0.0,0.0,0.4338394793926247,0.0,0.0,0.0,,,,,,,,,0.3036876355748373,42.85714285714285,14.285714285714285,14.285714285714285,,,,
Juan Manuel Cerundolo,0.6411042944785276,0.5933014354066986,0.4700854700854701,0.347682119205298,0.0859872611464968,0.1926751592356688,0.0398773006134969,0.0276073619631901,0.2163461538461538,0.2596153846153846,0.5192307692307693,0.013686912,0.3125,0.0625,0.125,0.6875,56.88622754491018,5.413533834586466,5.56390977443609,8.571428571428571,42.68605645851155,1.8036072144288573,3.406813627254509,10.220440881763528,53.63558597091532,4.30622009569378,5.582137161084529,8.931419457735247,35.0727117194183,1.4634146341463417,2.682926829268293,10.731707317073171,0.5988023952095809,0.0,0.0,0.0,5.303678357570573,1.6129032258064515,4.838709677419355,8.064516129032258,0.5132591958939264,33.33333333333333,0.0,0.0,,,,,0.427715996578272,20.0,40.0,0.0,0.0855431993156544,100.0,0.0,0.0,0.6843455945252352,62.5,0.0,0.0,0.5132591958939264,16.666666666666664,33.33333333333333,33.33333333333333,0.6843455945252352,0.0,0.0,0.0,1.710863986313088,0.0,5.0,0.0,,,,,,,,,0.3421727972626176,25.0,0.0,25.0,,,,
Juan Martin Del Potro,0.6405712774398308,0.7433250756950179,0.5207260240372823,0.3593297657689271,0.1648931492392929,0.1547357312461525,0.0277704311028828,0.1154897293484968,0.3209681662720337,0.2573007103393844,0.4212049460668245,0.020957645,0.486581097,0.074679113,0.08168028,0.723453909,49.11718673579184,9.161065471745085,6.5372168284789645,8.986806074184715,50.83145847598553,2.876936399499664,3.0934282690272297,6.720869816222458,45.71309791646288,8.190231637511367,6.686995131867544,9.377841972931042,36.584172943363,2.466577540106952,3.3155080213903747,7.419786096256685,1.6237894942776092,1.6566265060240966,1.5060240963855422,1.355421686746988,11.686882519808275,0.4394224733207784,1.611215735509521,3.933877380205064,0.5233297466497114,50.93457943925234,9.345794392523365,8.411214953271028,0.6969578401643353,47.719298245614034,7.368421052631578,9.824561403508772,0.4939841533796342,65.84158415841584,7.920792079207921,4.950495049504951,0.0489093221167954,30.0,10.0,5.0,0.1785190257263034,28.767123287671232,8.21917808219178,10.95890410958904,0.6578303824708989,18.21561338289963,8.921933085501859,23.79182156133829,0.3423652548175682,3.571428571428571,0.7142857142857143,1.4285714285714286,1.066223222146141,3.211009174311927,5.045871559633028,0.9174311926605504,0.0953731781277511,7.6923076923076925,5.128205128205128,0.0,0.0782549153868727,9.375,3.125,6.25,0.1467279663503863,45.0,13.333333333333334,8.333333333333332,0.0122273305291988,0.0,0.0,0.0
Juan Monaco,0.6942446043165468,0.5699481865284974,0.4470588235294118,0.3516129032258064,0.0816326530612244,0.1904761904761904,0.0215827338129496,0.0251798561151079,0.2228260869565217,0.2010869565217391,0.5760869565217391,0.023168909,0.290322581,0.225806452,0.096774194,0.516129032,53.28849028400597,3.3660589060308554,3.0855539971949506,7.713884992987377,46.63677130044843,2.7243589743589745,2.403846153846154,8.173076923076923,48.95366218236173,2.2900763358778624,2.748091603053436,7.633587786259542,39.91031390134529,2.4344569288389515,2.4344569288389515,8.239700374531834,1.345291479820628,5.555555555555555,5.555555555555555,5.555555555555555,5.381165919282512,0.0,1.3888888888888888,4.166666666666666,0.523168908819133,42.85714285714285,14.285714285714285,14.285714285714285,0.4484304932735426,50.0,0.0,50.0,0.9715994020926756,23.07692307692308,15.384615384615383,23.07692307692308,,,,,0.3736920777279521,20.0,0.0,0.0,0.523168908819133,14.285714285714285,14.285714285714285,14.285714285714285,0.7473841554559043,10.0,0.0,0.0,0.3736920777279521,0.0,0.0,0.0,0.2989536621823617,0.0,0.0,0.0,,,,,0.0747384155455904,0.0,0.0,0.0,,,,
Juan Pablo Varillas,0.6079346557759626,0.6717850287907869,0.5029761904761905,0.3609394313967861,0.1446578631452581,0.1908763505402161,0.0221703617269544,0.072345390898483,0.2877813504823151,0.2315112540192926,0.4807073954983923,0.023262576,0.4625,0.125,0.1625,0.8,56.9060773480663,6.796116504854369,5.109862033725089,8.58456821665815,43.0939226519337,3.10391363022942,2.968960863697706,8.83940620782726,52.80604826984588,5.561674008810573,4.73568281938326,8.535242290748899,38.76126781041,2.3255813953488373,2.925731432858215,9.00225056264066,1.3085199185809828,2.2222222222222223,0.0,2.2222222222222223,3.111369584181448,0.0,2.803738317757009,7.476635514018691,0.6106426286711254,42.85714285714285,9.523809523809524,19.047619047619047,0.639720849084036,54.54545454545454,9.090909090909092,13.636363636363637,0.639720849084036,54.54545454545454,18.181818181818183,9.090909090909092,0.0290782204129107,100.0,0.0,0.0,0.8723466123873218,26.666666666666668,10.0,16.666666666666664,0.0872346612387321,33.33333333333333,0.0,0.0,0.319860424542018,0.0,0.0,0.0,0.4070950857807502,0.0,0.0,0.0,0.1453911020645536,0.0,40.0,20.0,0.0290782204129107,0.0,0.0,0.0,0.2035475428903751,28.57142857142857,42.85714285714285,0.0,0.0290782204129107,100.0,0.0,0.0
Julian Reister,0.6216216216216216,0.9130434782608696,0.5714285714285714,0.5535714285714286,0.1505376344086021,0.1612903225806451,0.054054054054054,0.054054054054054,0.3636363636363636,0.2424242424242424,0.3939393939393939,0.005319149,1.0,0.0,0.0,1.0,55.85106382978723,7.6190476190476195,7.6190476190476195,5.714285714285714,44.14893617021277,4.819277108433735,0.0,8.433734939759036,54.25531914893617,6.862745098039216,6.862745098039216,5.88235294117647,34.57446808510639,1.5384615384615383,0.0,9.230769230769232,1.0638297872340423,0.0,50.0,0.0,5.319148936170213,0.0,0.0,0.0,0.5319148936170213,100.0,0.0,0.0,,,,,,,,,,,,,,,,,4.25531914893617,37.5,0.0,12.5,,,,,,,,,,,,,,,,,,,,,,,,
Julien Benneteau,0.672645739910314,0.7033333333333334,0.4246575342465753,0.3134328358208955,0.1886792452830188,0.1379716981132075,0.0403587443946188,0.1233183856502242,0.4216867469879518,0.180722891566265,0.3975903614457831,0.049044057,0.491525424,0.101694915,0.050847458,0.745762712,47.547797173732334,11.713286713286712,4.895104895104895,7.6923076923076925,52.28595178719867,6.041335453100159,2.702702702702702,8.744038155802862,41.895261845386536,8.134920634920634,4.9603174603174605,7.5396825396825395,43.22527015793849,4.807692307692308,2.6923076923076925,8.846153846153847,1.4131338320864506,0.0,0.0,5.88235294117647,5.15378221113882,0.0,1.6129032258064515,9.67741935483871,2.327514546965918,64.28571428571429,7.142857142857142,10.714285714285714,1.163757273482959,42.85714285714285,7.142857142857142,7.142857142857142,0.4987531172069825,33.33333333333333,0.0,16.666666666666664,,,,,0.2493765586034912,66.66666666666666,0.0,0.0,1.2468827930174564,26.666666666666668,0.0,13.333333333333334,0.4987531172069825,16.666666666666664,16.666666666666664,0.0,1.2468827930174564,20.0,6.666666666666667,0.0,0.4156275976724854,20.0,0.0,0.0,0.2493765586034912,0.0,0.0,0.0,0.2493765586034912,66.66666666666666,0.0,33.33333333333333,,,,
Julien Boutter,0.5,0.6595744680851063,0.4893617021276595,0.391304347826087,0.1720430107526881,0.3064516129032258,0.1170212765957446,0.0531914893617021,0.3068181818181818,0.1704545454545454,0.5227272727272727,0.088461538,0.652173913,0.086956522,0.130434783,0.782608696,50.38461538461539,13.740458015267176,8.396946564885496,17.557251908396946,49.61538461538461,6.976744186046512,3.10077519379845,17.829457364341085,40.76923076923077,6.60377358490566,8.49056603773585,19.81132075471698,34.61538461538461,5.555555555555555,2.2222222222222223,22.22222222222222,2.6923076923076925,0.0,0.0,0.0,10.76923076923077,0.0,0.0,10.714285714285714,5.0,69.23076923076923,7.6923076923076925,15.384615384615383,2.6923076923076925,42.85714285714285,28.57142857142857,0.0,0.7692307692307693,100.0,0.0,0.0,,,,,,,,,0.3846153846153846,0.0,0.0,0.0,1.153846153846154,0.0,33.33333333333333,0.0,0.7692307692307693,0.0,0.0,0.0,,,,,0.3846153846153846,100.0,0.0,0.0,,,,,,,,
Juncheng Shang,0.6154761904761905,0.6750483558994197,0.5294117647058824,0.3705080545229244,0.1736490588949605,0.1797207043108682,0.025,0.0547619047619047,0.3463203463203463,0.2554112554112554,0.3968253968253968,0.026708075,0.441860465,0.093023256,0.127906977,0.697674419,58.38509316770186,9.9468085106383,6.382978723404255,9.46808510638298,41.49068322981366,3.892215568862276,4.266467065868264,7.260479041916168,53.13664596273292,8.299240210403273,6.253652834599649,9.643483343074228,36.5527950310559,3.228547153780799,4.248088360237893,7.476635514018691,1.9254658385093169,0.0,0.0,0.0,3.13664596273292,2.9702970297029703,0.99009900990099,2.9702970297029703,0.5900621118012422,52.63157894736842,15.789473684210526,15.789473684210526,0.5900621118012422,31.57894736842105,10.526315789473683,10.526315789473683,1.0559006211180124,52.94117647058824,11.76470588235294,5.88235294117647,0.031055900621118,0.0,0.0,0.0,1.1490683229813663,37.83783783783784,10.81081081081081,18.91891891891892,0.7453416149068323,12.5,16.666666666666664,16.666666666666664,0.15527950310559,0.0,0.0,0.0,0.4037267080745341,7.6923076923076925,0.0,0.0,0.186335403726708,16.666666666666664,16.666666666666664,0.0,0.031055900621118,100.0,0.0,0.0,0.186335403726708,33.33333333333333,16.666666666666664,16.666666666666664,,,,
Jurgen Melzer,0.6300813008130082,0.6225806451612903,0.4945054945054945,0.2985685071574642,0.1192660550458715,0.2038735983690112,0.040650406504065,0.0630081300813008,0.2507288629737609,0.2244897959183673,0.5247813411078717,0.047723935,0.369230769,0.107692308,0.107692308,0.692307692,47.06314243759178,7.020280811232449,5.77223088923557,12.012480499219969,52.93685756240822,5.6865464632454925,5.547850208044383,14.285714285714285,40.89574155653451,5.745062836624776,4.66786355475763,12.387791741472173,40.82232011747431,3.956834532374101,5.755395683453238,15.467625899280575,2.569750367107196,0.0,11.428571428571429,5.714285714285714,7.63582966226138,0.9615384615384616,0.9615384615384616,9.615384615384617,1.762114537444934,25.0,16.666666666666664,20.833333333333336,1.908957415565345,38.46153846153847,11.538461538461538,7.6923076923076925,0.5139500734214391,71.42857142857143,0.0,0.0,0.1468428781204111,100.0,0.0,0.0,0.4405286343612335,16.666666666666664,50.0,16.666666666666664,1.908957415565345,23.07692307692308,15.384615384615383,15.384615384615383,0.5873715124816447,0.0,0.0,0.0,0.3671071953010278,0.0,0.0,20.0,0.1468428781204111,0.0,0.0,0.0,0.1468428781204111,0.0,0.0,0.0,0.1468428781204111,50.0,0.0,0.0,,,,
Jurgen Zopp,0.6304347826086957,0.5172413793103449,0.2941176470588235,0.2727272727272727,0.1,0.3,0.0434782608695652,0.0,0.2142857142857142,0.1904761904761904,0.5952380952380952,0.069306931,0.428571429,0.142857143,0.071428571,0.642857143,53.96039603960397,6.422018348623854,6.422018348623854,15.59633027522936,46.03960396039604,2.1505376344086025,1.0752688172043012,8.60215053763441,48.51485148514851,2.0408163265306123,6.122448979591836,16.3265306122449,39.6039603960396,1.25,1.25,7.5,1.4851485148514851,0.0,0.0,0.0,3.4653465346534658,0.0,0.0,14.285714285714285,1.98019801980198,75.0,0.0,25.0,2.4752475247524752,20.0,0.0,20.0,1.4851485148514851,66.66666666666666,0.0,0.0,,,,,,,,,,,,,,,,,,,,,,,,,0.495049504950495,0.0,0.0,0.0,0.495049504950495,0.0,100.0,0.0,,,,
Jurij Rodionov,0.5853658536585366,0.7638888888888888,0.3725490196078431,0.4178082191780822,0.1970260223048327,0.241635687732342,0.073170731707317,0.1056910569105691,0.3448275862068966,0.1724137931034483,0.4827586206896552,0.08677686,0.380952381,0.071428571,0.142857143,0.785714286,51.03305785123967,12.145748987854253,5.263157894736842,10.931174089068826,48.96694214876033,4.219409282700422,2.953586497890296,12.236286919831224,39.0495867768595,8.465608465608465,4.761904761904762,11.11111111111111,33.88429752066116,3.658536585365853,3.048780487804878,13.414634146341465,5.1652892561983474,0.0,0.0,4.0,9.297520661157025,0.0,0.0,11.11111111111111,3.3057851239669422,56.25,6.25,12.5,3.3057851239669422,18.75,12.5,6.25,1.6528925619834711,50.0,37.5,0.0,,,,,1.2396694214876034,16.666666666666664,0.0,50.0,1.6528925619834711,12.5,0.0,0.0,0.4132231404958678,0.0,0.0,0.0,0.6198347107438017,0.0,0.0,33.33333333333333,0.2066115702479339,0.0,0.0,0.0,0.2066115702479339,0.0,0.0,0.0,,,,,,,,
Kamil Majchrzak,0.5785123966942148,0.7571428571428571,0.4705882352941176,0.4180327868852459,0.1481481481481481,0.1687242798353909,0.024793388429752,0.0578512396694214,0.3258426966292135,0.247191011235955,0.4269662921348314,0.033185841,0.533333333,0.066666667,0.066666667,0.666666667,44.24778761061947,6.0,6.5,6.0,55.088495575221245,6.827309236947792,3.614457831325301,10.441767068273093,39.60176991150443,2.793296089385475,6.145251396648044,6.70391061452514,45.79646017699115,4.830917874396135,2.898550724637681,10.628019323671497,1.5486725663716814,14.285714285714285,0.0,0.0,3.3185840707964607,0.0,0.0,6.666666666666667,0.6637168141592921,100.0,0.0,0.0,1.327433628318584,33.33333333333333,0.0,16.666666666666664,1.106194690265487,60.0,20.0,0.0,,,,,0.2212389380530973,0.0,0.0,0.0,2.433628318584071,36.36363636363637,27.27272727272727,18.181818181818183,0.8849557522123894,0.0,25.0,0.0,2.2123893805309733,10.0,0.0,0.0,,,,,,,,,0.2212389380530973,0.0,0.0,0.0,,,,
Karen Khachanov,0.6497095581763774,0.7204009753454348,0.5155778894472361,0.3553264604810996,0.1761585949047908,0.171811146856795,0.025875726104559,0.1359015516318887,0.3161598391555667,0.223422970595627,0.4596632319678311,0.029943364,0.434210526,0.113486842,0.098684211,0.708881579,50.65747352868751,8.030332490764145,5.288741979389462,9.508069220299436,49.30805220389067,4.304834198961246,3.4458649620455453,8.489812225329604,43.2258064516129,7.1208841289734535,5.79924803463598,10.459154608636208,41.76803742920463,3.5255276500412687,3.325079589671029,8.737177219667492,5.062792415661168,0.7782101167315175,0.4863813229571984,1.3618677042801557,5.023393252893376,0.9803921568627452,1.4705882352941175,4.607843137254903,0.7830583600098497,50.31446540880504,11.320754716981131,11.320754716981131,1.0982516621521792,35.42600896860987,13.452914798206278,14.349775784753364,0.6697857670524501,61.76470588235294,2.2058823529411766,5.88235294117647,0.044324058113765,22.22222222222222,33.33333333333333,0.0,0.2363949766067471,29.166666666666668,10.416666666666668,18.75,0.6599359763605024,22.388059701492537,6.7164179104477615,18.65671641791045,0.4235409997537552,1.162790697674419,0.0,2.3255813953488373,0.5712878601329722,5.172413793103448,3.4482758620689653,2.586206896551724,0.1280472789953213,15.384615384615383,3.8461538461538463,11.538461538461538,0.1231223836493474,16.0,4.0,4.0,0.1280472789953213,38.46153846153847,11.538461538461538,23.07692307692308,0.0196995813838955,25.0,25.0,25.0
Karim Mohamed Maamoun,0.6217729393468118,0.6548274137068534,0.46875,0.3807570977917981,0.1331245105716523,0.2440093970242756,0.0419906687402799,0.0335925349922239,0.2825590251332825,0.1755521706016755,0.5418888042650419,0.018517034,0.415584416,0.186147186,0.077922078,0.627705628,48.82565130260521,8.40584468888524,4.974552618617632,12.674437694959776,51.15831663326653,3.603885929175807,2.4757129426512066,10.200564086493262,42.82965931863728,7.505146921205315,5.146921205315366,13.007673591615198,42.276553106212425,2.4838832006067504,2.218430034129693,9.973454683352294,3.5831663326653307,1.5659955257270697,2.013422818791946,4.026845637583892,6.028056112224449,1.8617021276595744,1.7287234042553192,9.175531914893616,0.4809619238476953,46.66666666666666,6.666666666666667,28.33333333333333,0.6412825651302605,37.5,11.25,12.5,0.5691382765531062,46.478873239436616,2.8169014084507045,15.492957746478872,0.0160320641282565,50.0,0.0,50.0,0.8817635270541082,32.72727272727273,9.090909090909092,19.090909090909093,1.4669338677354709,26.229508196721312,8.19672131147541,22.950819672131143,0.3847695390781563,6.25,2.083333333333333,14.583333333333334,0.6813627254509018,7.0588235294117645,3.5294117647058822,2.3529411764705883,0.0400801603206412,0.0,0.0,40.0,0.032064128256513,0.0,0.0,0.0,0.0561122244488977,57.14285714285714,28.57142857142857,14.285714285714285,0.0160320641282565,0.0,50.0,50.0
Karlis Ozolins,0.7368421052631579,0.8095238095238095,0.6,0.3529411764705882,0.1944444444444444,0.1388888888888889,0.0175438596491228,0.2280701754385964,0.2580645161290322,0.2903225806451613,0.4516129032258064,0.085714286,0.333333333,0.166666667,0.083333333,0.583333333,55.00000000000001,7.792207792207792,10.38961038961039,11.688311688311687,45.0,3.1746031746031744,1.5873015873015872,7.936507936507936,47.14285714285714,6.0606060606060606,10.606060606060606,13.636363636363637,30.0,0.0,2.380952380952381,4.761904761904762,1.4285714285714286,0.0,0.0,0.0,11.428571428571429,0.0,0.0,6.25,3.571428571428571,20.0,0.0,0.0,3.571428571428571,40.0,0.0,40.0,1.4285714285714286,50.0,50.0,0.0,,,,,0.7142857142857143,0.0,0.0,0.0,,,,,0.7142857142857143,0.0,0.0,0.0,,,,,,,,,,,,,,,,,,,,
Karol Beck,0.5,0.5,0.5,0.1578947368421052,0.0714285714285714,0.3061224489795918,0.05,0.0166666666666666,0.1463414634146341,0.1951219512195122,0.6585365853658537,0.032608696,0.666666667,0.0,0.0,0.666666667,49.45652173913043,3.296703296703297,6.593406593406594,15.384615384615383,50.54347826086957,3.225806451612903,2.1505376344086025,13.978494623655912,46.19565217391305,1.1764705882352942,7.0588235294117645,16.470588235294116,35.32608695652174,1.5384615384615383,3.076923076923077,13.846153846153848,0.5434782608695652,0.0,0.0,0.0,12.5,0.0,0.0,17.391304347826086,1.0869565217391304,50.0,0.0,0.0,1.0869565217391304,100.0,0.0,0.0,0.5434782608695652,100.0,0.0,0.0,,,,,1.0869565217391304,0.0,0.0,0.0,1.0869565217391304,0.0,0.0,0.0,,,,,,,,,,,,,0.5434782608695652,0.0,0.0,0.0,,,,,,,,
Karue Sell,0.5760456273764258,0.6963696369636964,0.5426008968609866,0.4225865209471767,0.1367441860465116,0.16,0.0247148288973384,0.0475285171102661,0.2932692307692308,0.3245192307692308,0.3822115384615384,0.033424908,0.561643836,0.095890411,0.068493151,0.794520548,55.723443223443226,7.23089564502876,6.491372226787181,8.052588331963847,44.184981684981686,3.523316062176165,5.803108808290156,6.321243523316062,50.64102564102564,4.33996383363472,6.50994575045208,7.866184448462929,39.6978021978022,2.65282583621684,5.88235294117647,6.228373702422145,1.694139194139194,2.702702702702702,2.702702702702702,2.702702702702702,3.296703296703297,2.7777777777777777,2.7777777777777777,5.555555555555555,1.2362637362637363,62.96296296296296,7.4074074074074066,7.4074074074074066,0.641025641025641,50.0,0.0,7.142857142857142,1.3278388278388278,58.620689655172406,6.896551724137931,13.79310344827586,0.0457875457875457,0.0,100.0,0.0,0.7326007326007326,31.25,12.5,18.75,0.3663003663003663,12.5,12.5,25.0,0.0457875457875457,0.0,0.0,100.0,0.0915750915750915,50.0,50.0,0.0,0.0457875457875457,0.0,0.0,0.0,0.0457875457875457,0.0,0.0,0.0,,,,,,,,
Kasidit Samrej,0.5806451612903226,0.6444444444444445,0.4615384615384615,0.2211538461538461,0.1196911196911196,0.2741312741312741,0.0387096774193548,0.0258064516129032,0.2327586206896551,0.2068965517241379,0.5603448275862069,0.0225,0.555555556,0.0,0.222222222,0.888888889,55.25,7.239819004524888,4.97737556561086,17.647058823529413,44.75,6.145251396648044,7.262569832402235,14.52513966480447,47.5,5.789473684210527,4.736842105263158,19.473684210526315,32.75,4.580152671755725,6.106870229007633,16.030534351145036,3.5000000000000004,0.0,0.0,7.142857142857142,6.25,0.0,4.0,4.0,0.75,66.66666666666666,0.0,0.0,1.0,50.0,50.0,0.0,0.25,100.0,0.0,0.0,,,,,2.75,18.181818181818183,18.181818181818183,9.090909090909092,4.0,12.5,12.5,25.0,0.5,0.0,0.0,0.0,0.5,50.0,0.0,0.0,,,,,0.25,0.0,0.0,0.0,,,,,,,,
Kaylan Bigun,0.6551724137931034,0.7894736842105263,0.4333333333333333,0.3655913978494624,0.1388888888888889,0.15,0.057471264367816,0.0344827586206896,0.360655737704918,0.2786885245901639,0.360655737704918,0.059633028,0.384615385,0.153846154,0.230769231,0.692307692,66.97247706422019,13.6986301369863,9.58904109589041,7.534246575342466,32.56880733944954,2.8169014084507045,4.225352112676056,15.492957746478872,57.798165137614674,11.904761904761903,8.73015873015873,7.936507936507936,23.85321100917432,1.9230769230769231,5.769230769230769,19.23076923076924,3.669724770642202,12.5,0.0,0.0,3.669724770642202,0.0,0.0,0.0,1.834862385321101,75.0,25.0,0.0,1.376146788990826,33.33333333333333,0.0,33.33333333333333,0.9174311926605504,0.0,0.0,50.0,,,,,1.376146788990826,0.0,0.0,0.0,0.4587155963302752,0.0,0.0,0.0,,,,,2.752293577981652,0.0,0.0,0.0,,,,,0.4587155963302752,0.0,0.0,0.0,1.376146788990826,33.33333333333333,66.66666666666666,0.0,,,,
Kei Nishikori,0.6136081009060224,0.6931094383323683,0.5103448275862069,0.3764014949279231,0.1475817923186344,0.1754978662873399,0.0293124888967845,0.0499200568484633,0.3225806451612903,0.2538569424964937,0.4228611500701262,0.035735084,0.442962963,0.099259259,0.133333333,0.73037037,49.1026523373392,8.92722371967655,6.911051212938005,10.501347708894878,50.85499497061782,5.746408494690818,4.6325213408286485,8.69248386425151,43.26327492191223,6.705824767498776,6.779246206558982,11.074400391581008,41.75446026788078,5.185748700393051,4.729301382021047,9.420565487511094,2.403515273439568,1.762114537444934,2.202643171806168,2.202643171806168,6.839959764942559,1.3157894736842104,1.780185758513932,3.947368421052632,1.1329345121499286,50.93457943925234,14.018691588785046,8.411214953271028,1.1329345121499286,37.85046728971962,12.61682242990654,14.018691588785046,0.7411721107522897,55.00000000000001,13.571428571428571,8.571428571428571,0.0635290380644819,33.33333333333333,16.666666666666664,8.333333333333332,0.8258774948382657,39.74358974358975,12.82051282051282,14.743589743589745,0.4023505744083858,28.94736842105264,14.473684210526317,11.842105263157894,0.4341150934406267,6.097560975609756,1.2195121951219512,1.2195121951219512,0.4605855259674943,11.494252873563218,4.597701149425287,0.0,0.1535285086558314,17.24137931034483,13.79310344827586,10.344827586206897,0.1429403356450844,14.814814814814811,11.11111111111111,0.0,0.1482344221504579,50.0,10.714285714285714,7.142857142857142,0.0582349515591084,45.45454545454545,18.181818181818183,9.090909090909092
Kevin Anderson,0.6563876651982379,0.7699816961561928,0.4766899766899767,0.2973316391359593,0.1951420337587484,0.1689995883079456,0.0292350820985182,0.1802162595114137,0.305521472392638,0.2355828220858895,0.4588957055214724,0.054609513,0.403225806,0.094086022,0.112903226,0.688172043,52.92131532589548,9.542302357836338,7.018030513176145,11.45631067961165,47.06400469759248,4.80349344978166,4.086088583905178,10.449157829070494,47.4603640634175,7.299721620785649,7.021342406433654,11.970306217135787,36.67058132706988,3.602882305844676,4.083266613290633,11.76941553242594,1.8790369935408104,0.78125,0.78125,2.34375,7.281268349970641,1.411290322580645,1.411290322580645,5.040322580645161,1.570757486788021,43.925233644859816,8.411214953271028,14.018691588785046,2.0111567821491487,35.03649635036496,12.408759124087592,10.218978102189782,1.0422783323546685,53.52112676056338,9.859154929577464,5.633802816901409,0.0880798590722254,33.33333333333333,16.666666666666664,0.0,0.1908396946564885,53.84615384615385,7.6923076923076925,15.384615384615383,0.3082795067527892,33.33333333333333,14.285714285714285,4.761904761904762,0.1908396946564885,0.0,0.0,0.0,0.5431591309453905,0.0,2.702702702702702,2.702702702702702,0.2935995302407516,25.0,15.0,5.0,0.1614797416324133,0.0,0.0,0.0,0.2935995302407516,50.0,25.0,5.0,,,,
Kevin King,0.6220362622036262,0.7443946188340808,0.3948339483394834,0.3672883787661406,0.164073550212164,0.169024045261669,0.0934449093444909,0.0934449093444909,0.3444676409185804,0.2964509394572025,0.3590814196242171,0.089068826,0.414772727,0.073863636,0.119318182,0.664772727,54.45344129554656,10.130111524163569,7.24907063197026,9.66542750929368,45.49595141700405,6.229143492769744,7.119021134593993,7.563959955506118,44.382591093117405,7.639680729760548,7.411630558722919,10.376282782212089,34.81781376518219,2.616279069767442,6.540697674418605,7.703488372093023,4.807692307692308,1.0526315789473684,4.2105263157894735,1.0526315789473684,5.870445344129554,0.8620689655172413,5.172413793103448,8.620689655172415,3.238866396761133,42.1875,7.8125,12.5,3.694331983805668,45.20547945205479,15.068493150684931,4.10958904109589,1.0627530364372468,52.38095238095239,19.047619047619047,4.761904761904762,,,,,0.2024291497975708,50.0,0.0,25.0,0.0506072874493927,0.0,0.0,100.0,0.354251012145749,14.285714285714285,0.0,14.285714285714285,0.5566801619433198,18.181818181818183,9.090909090909092,9.090909090909092,0.354251012145749,0.0,0.0,0.0,0.4554655870445344,22.22222222222222,11.11111111111111,0.0,0.0506072874493927,0.0,0.0,100.0,0.0506072874493927,0.0,0.0,0.0
Kevin Krawietz,0.6415094339622641,0.9411764705882352,0.4736842105263157,0.2916666666666667,0.2574257425742574,0.099009900990099,0.0377358490566037,0.0754716981132075,0.5238095238095238,0.2857142857142857,0.1904761904761904,0.32173913,0.432432432,0.0,0.162162162,0.864864865,51.30434782608696,22.033898305084744,5.084745762711865,10.16949152542373,48.69565217391305,16.071428571428573,16.071428571428573,3.571428571428571,25.217391304347824,3.4482758620689653,3.4482758620689653,17.24137931034483,18.26086956521739,14.285714285714285,4.761904761904762,4.761904761904762,8.695652173913043,10.0,0.0,10.0,13.91304347826087,6.25,18.75,6.25,12.173913043478262,50.0,7.142857142857142,0.0,13.043478260869565,26.666666666666668,20.0,0.0,2.608695652173913,100.0,0.0,0.0,0.8695652173913043,100.0,0.0,0.0,,,,,0.8695652173913043,0.0,100.0,0.0,0.8695652173913043,0.0,0.0,0.0,,,,,1.7391304347826086,50.0,50.0,0.0,1.7391304347826086,0.0,50.0,0.0,,,,,,,,
Kilian Feldbausch,0.6923076923076923,0.6944444444444444,0.6875,0.5,0.1696428571428571,0.1428571428571428,0.0384615384615384,0.0961538461538461,0.3783783783783784,0.2432432432432432,0.3783783783783784,0.010309278,0.5,0.0,0.0,0.5,53.09278350515464,9.70873786407767,3.883495145631068,8.737864077669903,46.90721649484536,4.395604395604396,5.494505494505495,5.494505494505495,46.39175257731959,10.0,4.444444444444445,10.0,34.02061855670103,4.545454545454546,4.545454545454546,6.0606060606060606,5.154639175257731,0.0,0.0,0.0,10.824742268041238,0.0,9.523809523809524,4.761904761904762,0.5154639175257731,100.0,0.0,0.0,,,,,0.5154639175257731,0.0,0.0,0.0,,,,,,,,,,,,,0.5154639175257731,0.0,0.0,0.0,2.061855670103093,25.0,0.0,0.0,,,,,,,,,,,,,,,,
Kimmer Coppejans,0.7285714285714285,0.7254901960784313,0.4736842105263157,0.2923076923076923,0.1407407407407407,0.2074074074074074,0.0142857142857142,0.0571428571428571,0.2727272727272727,0.2363636363636363,0.4909090909090909,0.021021021,0.571428571,0.142857143,0.0,0.857142857,57.95795795795796,5.699481865284974,5.699481865284974,8.290155440414509,42.04204204204204,2.857142857142857,1.4285714285714286,7.857142857142857,52.55255255255256,3.428571428571429,5.714285714285714,8.0,35.43543543543544,0.0,1.694915254237288,8.47457627118644,2.702702702702702,11.11111111111111,0.0,0.0,3.603603603603604,8.333333333333332,0.0,0.0,0.9009009009009008,66.66666666666666,0.0,33.33333333333333,0.3003003003003003,0.0,0.0,0.0,0.6006006006006006,50.0,0.0,0.0,,,,,0.9009009009009008,0.0,33.33333333333333,33.33333333333333,2.4024024024024024,37.5,0.0,12.5,,,,,0.3003003003003003,0.0,0.0,0.0,,,,,,,,,0.3003003003003003,100.0,0.0,0.0,,,,
Kiranpal Pannu,0.6666666666666666,0.825,0.35,0.1764705882352941,0.1711711711711711,0.2702702702702703,0.0666666666666666,0.0333333333333333,0.3469387755102041,0.1224489795918367,0.5306122448979592,0.152284264,0.233333333,0.2,0.1,0.633333333,45.68527918781726,8.88888888888889,4.444444444444445,10.0,53.80710659898477,8.49056603773585,1.8867924528301887,15.09433962264151,34.01015228426396,5.970149253731343,2.985074626865672,11.940298507462686,35.025380710659896,5.797101449275362,0.0,15.942028985507244,3.5532994923857872,0.0,0.0,0.0,6.091370558375635,8.333333333333332,0.0,0.0,3.5532994923857872,57.14285714285714,0.0,14.285714285714285,8.121827411167512,12.5,12.5,18.75,2.030456852791878,0.0,25.0,0.0,,,,,2.030456852791878,0.0,25.0,0.0,0.5076142131979695,0.0,0.0,0.0,0.5076142131979695,0.0,0.0,0.0,2.538071065989848,20.0,0.0,0.0,,,,,0.5076142131979695,100.0,0.0,0.0,,,,,1.015228426395939,0.0,0.0,100.0
Konstantin Kravchuk,0.5888888888888889,0.7264150943396226,0.5675675675675675,0.4236453201970443,0.1331592689295039,0.1775456919060052,0.0166666666666666,0.1,0.2538461538461538,0.2461538461538461,0.5,0.05244123,0.206896552,0.24137931,0.137931034,0.482758621,43.3996383363472,7.5,7.5,12.916666666666668,56.6003616636528,4.792332268370607,4.472843450479233,10.86261980830671,39.963833634719705,6.787330316742081,7.239819004524888,11.76470588235294,32.91139240506329,3.8461538461538463,6.043956043956044,9.89010989010989,0.5424954792043399,0.0,0.0,0.0,20.07233273056058,3.603603603603604,0.9009009009009008,9.90990990990991,1.4466546112115732,25.0,0.0,25.0,2.16998191681736,16.666666666666664,16.666666666666664,16.666666666666664,0.7233273056057866,25.0,25.0,25.0,0.1808318264014466,100.0,0.0,0.0,,,,,0.7233273056057866,25.0,0.0,50.0,0.1808318264014466,0.0,0.0,0.0,0.3616636528028933,0.0,0.0,50.0,0.1808318264014466,0.0,0.0,100.0,0.1808318264014466,0.0,0.0,0.0,0.3616636528028933,0.0,50.0,50.0,,,,
Kris Van Wyk,0.5319148936170213,0.6,0.3181818181818182,0.2857142857142857,0.1573033707865168,0.2359550561797752,0.0851063829787234,0.0638297872340425,0.3333333333333333,0.1515151515151515,0.5151515151515151,0.028301887,0.333333333,0.333333333,0.0,0.666666667,54.71698113207547,15.517241379310343,5.172413793103448,18.96551724137931,45.28301886792453,4.166666666666666,4.166666666666666,12.5,42.45283018867924,8.88888888888889,4.444444444444445,20.0,34.90566037735849,2.702702702702702,2.702702702702702,13.513513513513514,4.716981132075472,0.0,20.0,0.0,7.547169811320755,12.5,0.0,12.5,0.9433962264150944,0.0,0.0,100.0,0.9433962264150944,0.0,0.0,0.0,0.9433962264150944,100.0,0.0,0.0,,,,,5.660377358490567,66.66666666666666,0.0,16.666666666666664,1.8867924528301887,0.0,50.0,0.0,,,,,,,,,,,,,,,,,,,,,,,,
Kristian Pless,0.6419753086419753,0.7692307692307693,0.4827586206896552,0.1375,0.1366459627329192,0.217391304347826,0.037037037037037,0.1481481481481481,0.196078431372549,0.1764705882352941,0.6274509803921569,0.056074766,0.333333333,0.166666667,0.166666667,0.75,56.07476635514018,4.166666666666666,4.166666666666666,15.833333333333332,43.925233644859816,5.319148936170213,4.25531914893617,13.829787234042554,47.66355140186916,2.941176470588235,4.901960784313726,16.666666666666664,28.03738317757009,5.0,1.6666666666666667,18.33333333333333,6.074766355140187,0.0,0.0,0.0,11.214953271028037,0.0,0.0,8.333333333333332,1.8691588785046729,50.0,0.0,50.0,3.2710280373831773,28.57142857142857,28.57142857142857,0.0,,,,,,,,,,,,,0.4672897196261681,0.0,100.0,0.0,,,,,0.9345794392523364,0.0,0.0,0.0,,,,,,,,,0.4672897196261681,0.0,0.0,0.0,,,,
Kristof Vliegen,0.5970149253731343,0.75,0.4444444444444444,0.1836734693877551,0.1982758620689655,0.146551724137931,0.044776119402985,0.1343283582089552,0.4,0.2,0.4,0.053571429,0.555555556,0.111111111,0.111111111,0.777777778,57.14285714285714,11.458333333333332,5.208333333333334,8.333333333333332,42.85714285714285,4.166666666666666,2.7777777777777777,8.333333333333332,46.42857142857143,8.974358974358974,5.128205128205128,8.974358974358974,22.02380952380952,5.405405405405405,2.702702702702702,13.513513513513514,6.547619047619048,0.0,0.0,0.0,16.071428571428573,0.0,0.0,3.7037037037037033,4.166666666666666,57.14285714285714,14.285714285714285,14.285714285714285,1.1904761904761905,50.0,0.0,0.0,,,,,,,,,,,,,2.380952380952381,0.0,0.0,0.0,,,,,1.1904761904761905,0.0,50.0,0.0,,,,,,,,,,,,,,,,
Kyle Edmund,0.5795964125560538,0.6963249516441006,0.496,0.3665919282511211,0.1519058295964125,0.1961883408071749,0.0381165919282511,0.0762331838565022,0.2937771345875543,0.2474674384949348,0.4573082489146165,0.031862745,0.428571429,0.131868132,0.142857143,0.747252747,55.14705882352941,9.841269841269842,7.492063492063491,11.61904761904762,44.78291316526611,3.752931978107897,4.143862392494136,10.320562939796716,50.56022408963585,8.86426592797784,7.479224376731302,11.634349030470917,38.13025210084034,3.3057851239669422,4.224058769513315,10.743801652892564,2.030812324929972,0.0,0.0,5.172413793103448,5.1120448179271705,0.0,0.684931506849315,6.164383561643835,0.7703081232492998,50.0,9.090909090909092,18.181818181818183,1.0854341736694677,38.70967741935484,19.35483870967742,12.903225806451612,0.7352941176470588,57.14285714285714,14.285714285714285,9.523809523809524,,,,,0.1750700280112045,0.0,20.0,60.0,0.2450980392156862,0.0,0.0,28.57142857142857,0.2801120448179272,0.0,25.0,12.5,0.2100840336134453,0.0,0.0,0.0,0.315126050420168,22.22222222222222,11.11111111111111,0.0,,,,,0.2801120448179272,25.0,12.5,25.0,,,,
Kyrian Jacquet,0.5766423357664233,0.6518987341772152,0.4396551724137931,0.3526970954356846,0.1475728155339805,0.1922330097087378,0.0291970802919708,0.0437956204379562,0.3184079601990049,0.2288557213930348,0.4527363184079602,0.049518569,0.5,0.138888889,0.111111111,0.694444444,50.48143053645117,10.08174386920981,7.629427792915531,14.441416893732969,49.51856946354883,7.5,5.0,10.555555555555555,38.514442916093536,7.5,7.857142857142857,15.357142857142858,32.599724896836314,7.172995780590717,5.485232067510549,12.236286919831224,4.676753782668501,0.0,0.0,2.941176470588235,11.141678129298487,0.0,2.469135802469136,4.938271604938271,0.6877579092159559,60.0,0.0,20.0,1.3755158184319118,40.0,10.0,10.0,1.1004126547455295,62.5,0.0,25.0,,,,,4.264099037138927,22.58064516129032,16.129032258064516,19.35483870967742,2.200825309491059,6.25,0.0,18.75,0.9628610729023384,0.0,0.0,0.0,0.6877579092159559,0.0,0.0,0.0,0.1375515818431912,0.0,100.0,0.0,1.3755158184319118,40.0,20.0,10.0,0.1375515818431912,100.0,0.0,0.0,0.1375515818431912,100.0,0.0,0.0
Laslo Djere,0.6177062374245473,0.7074918566775245,0.4631578947368421,0.3382789317507418,0.1703137902559867,0.2231626754748142,0.0398390342052313,0.1038229376257545,0.2971698113207547,0.1871069182389937,0.5146750524109015,0.022952991,0.432692308,0.173076923,0.081730769,0.644230769,49.70205252703597,9.014209591474245,4.951154529307282,11.63410301953819,50.26484219819024,3.512623490669594,2.941822173435785,10.032930845225026,45.078349150297946,7.833537331701345,5.165238678090575,11.89718482252142,39.306996248068856,3.060078607523863,3.00393037619315,10.415496911847278,2.5049657912160668,2.202643171806168,0.881057268722467,3.9647577092511015,9.04877510483337,0.6097560975609756,1.707317073170732,6.219512195121951,0.6069300375193114,43.63636363636363,9.090909090909092,21.818181818181817,0.6179651291105717,41.07142857142857,8.928571428571429,16.071428571428573,0.5958949459280511,55.55555555555556,3.7037037037037033,18.51851851851852,0.0993158243213418,55.55555555555556,0.0,22.22222222222222,0.4855440300154491,40.909090909090914,0.0,13.636363636363637,0.7945265945707349,19.444444444444446,8.333333333333332,27.77777777777778,0.1875965570514235,11.76470588235294,0.0,0.0,0.2648421981902449,12.5,0.0,8.333333333333332,0.1655263738689031,26.666666666666668,6.666666666666667,0.0,0.1213860075038622,9.090909090909092,18.181818181818183,9.090909090909092,0.0772456411388214,42.85714285714285,28.57142857142857,14.285714285714285,0.0110350915912602,0.0,0.0,100.0
Laurent Lokoli,0.6548223350253807,0.627906976744186,0.3970588235294117,0.2848101265822785,0.2028169014084507,0.2591549295774648,0.065989847715736,0.0710659898477157,0.3741935483870968,0.1161290322580645,0.5096774193548387,0.0592,0.378378378,0.135135135,0.108108108,0.567567568,55.52,13.8328530259366,3.170028818443804,13.544668587896252,44.48,3.597122302158273,2.517985611510792,11.510791366906476,44.32,11.1913357400722,2.527075812274368,12.996389891696747,28.000000000000004,3.428571428571429,1.1428571428571428,12.571428571428571,2.56,6.25,0.0,6.25,13.12,0.0,1.2195121951219512,7.317073170731707,1.92,41.66666666666667,0.0,8.333333333333332,1.76,27.27272727272727,18.181818181818183,27.27272727272727,0.96,50.0,0.0,16.666666666666664,0.16,100.0,0.0,0.0,4.32,22.22222222222222,11.11111111111111,22.22222222222222,0.8,0.0,20.0,20.0,0.64,0.0,0.0,50.0,0.32,0.0,0.0,0.0,0.8,40.0,20.0,0.0,0.32,0.0,50.0,0.0,,,,,,,,
Laurynas Grigelis,0.5638297872340425,0.5849056603773585,0.4146341463414634,0.3043478260869565,0.1989247311827957,0.2311827956989247,0.0319148936170212,0.0957446808510638,0.3414634146341463,0.1707317073170731,0.4878048780487805,0.024390244,0.375,0.125,0.125,0.5,47.86585365853659,7.643312101910828,3.821656050955414,12.101910828025478,52.13414634146341,9.35672514619883,4.678362573099415,12.280701754385964,42.3780487804878,6.474820143884892,3.597122302158273,12.23021582733813,47.86585365853659,8.9171974522293,5.095541401273886,12.738853503184714,2.7439024390243905,0.0,0.0,0.0,3.353658536585366,0.0,0.0,9.090909090909092,0.6097560975609756,100.0,0.0,0.0,,,,,1.524390243902439,20.0,0.0,20.0,,,,,,,,,0.9146341463414632,66.66666666666666,0.0,0.0,0.3048780487804878,0.0,0.0,100.0,,,,,,,,,,,,,0.3048780487804878,0.0,100.0,0.0,,,,
Leandro Riedi,0.6918238993710691,0.7,0.5612244897959183,0.2525951557093425,0.1367380560131795,0.2042833607907743,0.0188679245283018,0.050314465408805,0.2827004219409282,0.2151898734177215,0.4978902953586498,0.048349057,0.512195122,0.073170732,0.12195122,0.804878049,53.41981132075472,11.920529801324504,7.505518763796909,14.1280353200883,46.34433962264151,3.307888040712468,4.325699745547073,13.740458015267176,49.528301886792455,9.047619047619047,6.904761904761905,14.761904761904765,39.62264150943396,2.380952380952381,4.761904761904762,15.178571428571429,0.2358490566037736,0.0,0.0,0.0,4.952830188679245,0.0,0.0,4.761904761904762,1.5330188679245282,38.46153846153847,15.384615384615383,7.6923076923076925,1.0613207547169812,44.44444444444444,0.0,11.11111111111111,1.650943396226415,71.42857142857143,21.428571428571427,0.0,,,,,,,,,,,,,0.1179245283018868,0.0,0.0,0.0,0.4716981132075472,0.0,25.0,0.0,,,,,0.1179245283018868,0.0,0.0,0.0,0.3537735849056604,33.33333333333333,0.0,33.33333333333333,0.1179245283018868,100.0,0.0,0.0
Learner Tien,0.6847290640394089,0.658273381294964,0.4921875,0.3754838709677419,0.1512287334593572,0.1783238815374921,0.0233990147783251,0.084975369458128,0.2958477508650519,0.2491349480968858,0.4550173010380622,0.025129983,0.459770115,0.114942529,0.091954023,0.712643678,50.66435586366262,7.354618015963512,5.416191562143672,8.266818700114024,49.30675909878683,2.460456942003515,2.870533099004101,6.912712360867018,43.26978625072213,6.074766355140187,5.941255006675568,9.078771695594126,37.83939919121895,2.366412213740458,3.0534351145038165,6.946564885496183,4.939341421143848,0.0,0.5847953216374269,1.1695906432748535,9.878682842287697,0.0,1.7543859649122806,6.140350877192982,0.6643558636626228,52.17391304347826,4.3478260869565215,4.3478260869565215,0.5777007510109763,30.0,10.0,25.0,0.7510109763142693,65.38461538461539,11.538461538461538,7.6923076923076925,0.0288850375505488,0.0,0.0,0.0,0.2888503755054881,40.0,0.0,20.0,0.2021952628538417,42.85714285714285,0.0,14.285714285714285,0.462160600808781,12.5,0.0,0.0,0.5777007510109763,0.0,0.0,0.0,0.0866551126516464,33.33333333333333,0.0,33.33333333333333,0.1155401502021952,0.0,0.0,0.0,0.2021952628538417,28.57142857142857,14.285714285714285,14.285714285714285,0.0866551126516464,66.66666666666666,33.33333333333333,0.0
Leo Borg,0.5526315789473685,0.6666666666666666,0.4852941176470588,0.2275862068965517,0.1515151515151515,0.2121212121212121,0.0592105263157894,0.0328947368421052,0.3539823008849557,0.168141592920354,0.4778761061946903,0.019693654,0.333333333,0.222222222,0.111111111,0.555555556,45.0765864332604,13.106796116504857,6.310679611650485,11.165048543689322,54.92341356673961,5.179282868525896,2.3904382470119523,12.350597609561753,40.91903719912472,13.368983957219251,6.417112299465241,11.76470588235294,49.01531728665208,4.017857142857143,2.232142857142857,12.5,2.62582056892779,0.0,8.333333333333332,0.0,3.938730853391685,0.0,0.0,11.11111111111111,,,,,1.0940919037199124,40.0,20.0,20.0,0.6564551422319475,33.33333333333333,0.0,33.33333333333333,,,,,0.437636761487965,0.0,0.0,0.0,0.2188183807439825,100.0,0.0,0.0,0.437636761487965,50.0,0.0,0.0,0.437636761487965,50.0,0.0,0.0,,,,,0.2188183807439825,0.0,0.0,0.0,,,,,,,,
Leonardo Mayer,0.6069364161849711,0.6880952380952381,0.5147058823529411,0.3050314465408805,0.1483433734939759,0.2040662650602409,0.0505780346820809,0.0628612716763005,0.3018682399213372,0.232055063913471,0.464110127826942,0.053336581,0.415525114,0.132420091,0.141552511,0.680365297,57.18460789089138,9.625212947189098,6.942078364565588,12.691652470187393,42.74232830004871,4.558404558404559,4.15954415954416,9.914529914529917,51.85094982951778,6.998590887740723,6.857679661813059,13.057773602630345,33.097905504140286,3.899926416482708,3.8263428991905815,11.18469462840324,1.412566975158305,3.4482758620689653,3.4482758620689653,0.0,6.307842182172431,0.3861003861003861,1.1583011583011582,3.088803088803089,1.826595226497808,50.66666666666667,12.0,14.666666666666666,1.826595226497808,26.666666666666668,18.666666666666668,14.666666666666666,1.169020944958597,54.16666666666666,12.5,8.333333333333332,0.0243546030199707,100.0,0.0,0.0,0.4140282513395031,29.411764705882355,0.0,17.647058823529413,0.4870920603994155,25.0,5.0,10.0,0.219191427179737,0.0,0.0,0.0,0.8037018996590355,0.0,3.0303030303030303,0.0,0.1461276181198246,66.66666666666666,0.0,0.0,0.1948368241597662,0.0,25.0,12.5,0.1461276181198246,33.33333333333333,0.0,33.33333333333333,,,,
Li Tu,0.5796019900497512,0.6523605150214592,0.5562130177514792,0.3014084507042253,0.1334214002642008,0.1730515191545574,0.0422885572139303,0.0746268656716417,0.3021276595744681,0.2127659574468085,0.4851063829787234,0.048824593,0.333333333,0.12962963,0.092592593,0.555555556,51.44665461121157,9.666080843585236,5.975395430579964,11.07205623901582,48.4629294755877,2.985074626865672,2.985074626865672,9.514925373134329,45.750452079566,8.102766798418973,5.33596837944664,11.067193675889328,28.119349005424954,2.893890675241157,3.215434083601286,11.89710610932476,1.89873417721519,0.0,9.523809523809524,4.761904761904762,16.184448462929478,0.5586592178770949,2.23463687150838,5.58659217877095,1.4466546112115732,31.25,18.75,12.5,1.4466546112115732,18.75,12.5,6.25,0.9945750452079566,54.54545454545454,0.0,18.181818181818183,0.2712477396021699,33.33333333333333,0.0,0.0,0.6329113924050633,14.285714285714285,28.57142857142857,0.0,0.4520795660036166,0.0,0.0,40.0,0.1808318264014466,0.0,0.0,0.0,1.8083182640144664,5.0,0.0,5.0,0.4520795660036166,40.0,0.0,20.0,0.1808318264014466,50.0,0.0,0.0,0.0904159132007233,0.0,0.0,100.0,,,,
Liam Broady,0.6176470588235294,0.6904761904761905,0.4038461538461538,0.3774834437086092,0.1219512195121951,0.1951219512195122,0.0441176470588235,0.0588235294117647,0.2727272727272727,0.2222222222222222,0.5050505050505051,0.038406828,0.481481481,0.111111111,0.111111111,0.703703704,52.204836415362735,5.449591280653951,4.087193460490464,6.811989100817439,47.79516358463727,2.083333333333333,2.083333333333333,7.440476190476191,48.64864864864865,3.508771929824561,3.216374269005848,6.432748538011696,34.56614509246088,0.823045267489712,2.880658436213992,6.995884773662551,,,,,10.81081081081081,0.0,0.0,6.578947368421052,1.422475106685633,70.0,10.0,10.0,0.7112375533428165,80.0,0.0,0.0,0.7112375533428165,20.0,20.0,20.0,0.2844950213371266,50.0,0.0,0.0,0.7112375533428165,0.0,0.0,0.0,0.4267425320056899,0.0,0.0,100.0,0.2844950213371266,0.0,50.0,0.0,0.7112375533428165,0.0,0.0,0.0,0.4267425320056899,0.0,33.33333333333333,33.33333333333333,0.2844950213371266,0.0,0.0,0.0,,,,,,,,
Liam Draxl,0.6228070175438597,0.676056338028169,0.4651162790697674,0.3698630136986301,0.15,0.0923076923076923,0.0526315789473684,0.043859649122807,0.5074626865671642,0.2238805970149253,0.2686567164179104,0.048148148,0.538461538,0.038461538,0.076923077,0.769230769,52.59259259259259,6.338028169014084,3.873239436619718,2.464788732394366,47.40740740740741,6.25,1.5625,4.296875,46.11111111111112,4.417670682730924,3.614457831325301,2.409638554216868,32.592592592592595,3.977272727272727,1.1363636363636365,6.25,3.333333333333333,0.0,0.0,0.0,12.22222222222222,1.5151515151515151,1.5151515151515151,0.0,1.4814814814814816,50.0,0.0,12.5,2.2222222222222223,66.66666666666666,8.333333333333332,0.0,0.9259259259259258,40.0,20.0,0.0,,,,,0.5555555555555556,33.33333333333333,33.33333333333333,0.0,0.3703703703703704,0.0,0.0,0.0,,,,,,,,,,,,,,,,,0.1851851851851852,0.0,0.0,0.0,,,,
Liang Chi Huang,0.4375,0.4285714285714285,0.2222222222222222,0.125,0.046875,0.1875,0.0625,0.03125,0.1333333333333333,0.2,0.6666666666666666,0.01754386,0.5,0.0,0.0,0.5,66.66666666666666,1.3157894736842104,1.3157894736842104,10.526315789473683,33.33333333333333,2.631578947368421,5.263157894736842,5.263157894736842,65.78947368421053,1.3333333333333337,1.3333333333333337,10.666666666666668,28.94736842105264,0.0,3.0303030303030303,6.0606060606060606,,,,,2.631578947368421,0.0,33.33333333333333,0.0,,,,,1.7543859649122806,50.0,0.0,0.0,,,,,,,,,,,,,,,,,0.8771929824561403,0.0,0.0,0.0,,,,,,,,,,,,,,,,,,,,
Lleyton Hewitt,0.5364911950277804,0.741969457609268,0.5188947582283625,0.3805140357273058,0.154740401093048,0.1522856745866333,0.0405876259534796,0.0963024282560706,0.3256868131868132,0.2767857142857143,0.3971153846153846,0.026364165,0.510150044,0.075904678,0.100617829,0.749338041,51.4647309749947,7.180473508265788,5.797499656546229,7.130100288501168,48.52348518771653,3.618437029481762,3.4581572684443147,6.314051192384283,47.03872168933091,5.566411142842828,5.716719274512752,7.475324415050855,40.26301524828545,2.96183563568251,3.213533130414423,6.631936314680403,1.953760222478848,0.965018094089264,2.1712907117008444,0.241254523522316,6.462256369164054,1.5317286652078774,3.646973012399709,4.121079504011671,0.7023167024109731,57.38255033557047,10.738255033557047,8.389261744966444,0.664608423086894,51.77304964539007,7.446808510638298,8.51063829787234,0.8036577030944356,56.89149560117303,12.023460410557185,7.038123167155426,0.0306379769508142,23.07692307692308,15.384615384615383,7.6923076923076925,0.0471353491550988,50.0,0.0,10.0,0.2686714901840635,10.526315789473683,12.280701754385964,18.421052631578945,0.5962621668120007,9.881422924901186,8.300395256916996,1.5810276679841897,0.7164573071575028,9.210526315789473,6.907894736842106,1.644736842105263,0.1084113030567274,21.73913043478261,4.3478260869565215,2.1739130434782608,0.1013410006834625,13.953488372093023,6.976744186046512,4.651162790697675,0.2144658386556998,42.85714285714285,12.087912087912088,7.6923076923076925,0.0164973722042846,28.57142857142857,28.57142857142857,14.285714285714285
Lloyd Harris,0.6084977238239757,0.7456359102244389,0.4147286821705426,0.357037037037037,0.1604197901049475,0.2106446776611694,0.0379362670713201,0.1380880121396054,0.2474849094567404,0.2354124748490945,0.5150905432595574,0.044474394,0.373737374,0.151515152,0.101010101,0.626262626,54.71698113207547,7.471264367816093,6.9786535303776684,11.822660098522167,45.23809523809524,3.177755710029792,3.177755710029792,11.122144985104269,48.697214734950585,5.258302583025831,7.103321033210332,11.900369003690036,34.63611859838275,2.594033722438392,2.723735408560312,12.32166018158236,2.0664869721473496,0.0,2.1739130434782608,6.521739130434782,7.412398921832884,0.6060606060606061,2.4242424242424243,4.848484848484849,1.482479784366577,42.42424242424242,12.12121212121212,21.21212121212121,1.3477088948787064,33.33333333333333,10.0,16.666666666666664,0.9433962264150944,47.61904761904761,4.761904761904762,9.523809523809524,0.0449236298292902,0.0,0.0,0.0,0.7187780772686434,43.75,12.5,12.5,0.3593890386343217,0.0,12.5,37.5,0.449236298292902,10.0,0.0,0.0,1.1680143755615455,0.0,3.8461538461538463,3.8461538461538463,0.3144654088050315,14.285714285714285,0.0,14.285714285714285,0.2695417789757413,16.666666666666664,33.33333333333333,0.0,0.0449236298292902,100.0,0.0,0.0,,,,
Lorenzo Giustino,0.6357615894039735,0.6145833333333334,0.4909090909090909,0.3846153846153846,0.1801801801801801,0.1951951951951951,0.0264900662251655,0.0662251655629139,0.3623188405797101,0.1956521739130435,0.4420289855072464,0.026680896,0.4,0.04,0.12,0.8,52.61472785485593,7.505070993914807,3.6511156186612577,6.693711967545639,45.5709711846318,2.810304449648712,2.107728337236534,6.557377049180328,48.025613660619,6.0,3.555555555555556,7.111111111111111,40.34151547491996,2.6455026455026456,1.851851851851852,7.142857142857142,1.92102454642476,0.0,5.555555555555555,0.0,3.4151547491995733,3.125,0.0,0.0,0.7470651013874066,57.14285714285714,14.285714285714285,0.0,0.5336179295624333,0.0,20.0,20.0,1.0672358591248663,60.0,0.0,0.0,0.2134471718249733,0.0,0.0,0.0,0.3201707577374599,0.0,0.0,33.33333333333333,0.3201707577374599,33.33333333333333,0.0,0.0,0.5336179295624333,0.0,0.0,0.0,0.6403415154749199,0.0,0.0,0.0,,,,,,,,,,,,,0.1067235859124866,0.0,100.0,0.0
Lorenzo Musetti,0.6468189233278956,0.6881042454812947,0.5057736720554272,0.3763655742073008,0.1472211007939712,0.157986812003768,0.0251495377922784,0.0630777596519847,0.3372456964006259,0.2390453834115806,0.4231220657276995,0.037670126,0.39656816,0.101048618,0.122020972,0.684461392,51.80809422918088,8.075136896097595,5.46891245581202,8.116725583974493,48.0590368800948,4.169468728984533,3.213031457819622,7.412388851528058,43.358350989334575,6.1123074374689415,5.383468610236872,8.481033625973165,29.04083025101447,4.451588969951774,3.598367750711018,8.692964016322492,3.3540417280137893,1.4989293361884368,0.9635974304068522,2.0342612419700217,15.33737925090674,0.7258253336455163,1.1004448606883634,4.425193163193632,0.8223507020504901,52.40174672489083,8.296943231441048,13.973799126637552,1.0306316658886057,32.752613240418114,16.02787456445993,13.937282229965156,0.8977627751642906,53.6,12.4,5.6000000000000005,0.089776277516429,36.0,8.0,4.0,1.7380687327180666,20.867768595041323,11.15702479338843,14.669421487603309,0.7936222932452328,15.384615384615383,11.76470588235294,19.457013574660635,1.084497432398463,5.298013245033113,1.6556291390728477,0.6622516556291391,1.393327827054979,3.350515463917526,2.31958762886598,1.5463917525773196,0.4273350809782023,20.16806722689076,12.605042016806722,5.88235294117647,0.3519230078644019,15.306122448979592,7.142857142857142,10.20408163265306,0.1256867885230006,51.42857142857142,17.142857142857142,5.714285714285714,0.0215463066039429,33.33333333333333,33.33333333333333,0.0
Lorenzo Sonego,0.6541307028360049,0.7026390197926484,0.5071301247771836,0.3163265306122449,0.1793103448275862,0.1783699059561128,0.0252774352651048,0.126387176325524,0.3219298245614035,0.2140350877192982,0.4631578947368421,0.055778946,0.471349353,0.123844732,0.086876155,0.739371534,56.90277348180225,10.762819351331764,6.377967023011415,11.650661351694149,43.01474378801938,3.355704697986577,3.2598274209012463,9.899328859060402,43.99422620888752,7.593156784626201,6.8197797047105695,12.678696976798689,30.38457572945665,2.069901594842212,3.053953172718018,11.50322361723787,5.876894525208785,1.5789473684210529,1.7543859649122806,1.5789473684210529,9.341169192700278,0.9933774834437088,1.7660044150110374,5.077262693156733,2.17548200845448,50.71090047393365,7.109004739336493,16.113744075829384,1.7321373337457469,38.095238095238095,10.714285714285714,11.30952380952381,1.11351685740798,63.888888888888886,4.62962962962963,10.185185185185183,0.0412413650891844,25.0,25.0,0.0,2.835343849881431,24.0,8.727272727272728,16.0,0.2165171667182183,0.0,4.761904761904762,33.33333333333333,0.4948963810702134,14.583333333333334,2.083333333333333,2.083333333333333,1.195999587586349,2.586206896551724,6.896551724137931,1.7241379310344829,0.0618620476337766,33.33333333333333,0.0,16.666666666666664,0.092793071450665,11.11111111111111,22.22222222222222,0.0,0.3505516032580678,29.411764705882355,17.647058823529413,5.88235294117647,0.0103103412722961,100.0,0.0,0.0
Luca Nardi,0.644880174291939,0.6925675675675675,0.4355828220858895,0.3171296296296296,0.1492704826038159,0.202020202020202,0.0413943355119825,0.0588235294117647,0.3173652694610778,0.2005988023952095,0.4820359281437126,0.043504902,0.436619718,0.126760563,0.056338028,0.61971831,46.0171568627451,9.187749667110518,4.92676431424767,9.986684420772304,53.125,4.267589388696655,3.460207612456748,9.688581314878892,38.05147058823529,6.280193236714976,5.152979066022544,10.789049919484702,43.50490196078432,3.0985915492957745,2.8169014084507045,10.422535211267606,4.166666666666666,2.941176470588235,1.4705882352941175,0.0,6.127450980392156,0.0,4.0,7.000000000000001,1.2254901960784317,60.0,5.0,15.0,0.857843137254902,35.714285714285715,7.142857142857142,14.285714285714285,1.0416666666666663,52.94117647058824,0.0,5.88235294117647,,,,,0.3676470588235294,33.33333333333333,0.0,16.666666666666664,1.4705882352941175,37.5,20.833333333333336,4.166666666666666,0.2450980392156862,0.0,25.0,0.0,0.857843137254902,7.142857142857142,0.0,0.0,0.2450980392156862,25.0,50.0,0.0,0.3063725490196078,0.0,0.0,0.0,0.6740196078431373,36.36363636363637,0.0,27.27272727272727,,,,
Luca Van Assche,0.6144144144144145,0.7536656891495601,0.5420560747663551,0.402555910543131,0.1617273497036409,0.1354784081287045,0.0198198198198198,0.0918918918918919,0.3544303797468354,0.2683544303797468,0.3772151898734177,0.018891688,0.622222222,0.066666667,0.066666667,0.844444444,53.6943744752309,7.66223612197029,4.612978889757623,6.333072713057075,46.221662468513856,3.8147138964577656,4.268846503178928,6.176203451407812,47.39714525608732,5.757307351638618,4.428697962798937,6.820194862710364,40.848026868178,3.597122302158273,4.624871531346352,6.783144912641316,3.6523929471032734,0.0,4.597701149425287,0.0,4.282115869017632,0.9803921568627452,0.0,0.9803921568627452,0.4198152812762384,70.0,10.0,10.0,0.2938706968933669,71.42857142857143,0.0,14.285714285714285,0.8816120906801008,71.42857142857143,0.0,4.761904761904762,,,,,0.8816120906801008,42.85714285714285,9.523809523809524,9.523809523809524,0.1679261125104953,0.0,0.0,0.0,0.2938706968933669,14.285714285714285,28.57142857142857,0.0,0.5037783375314862,8.333333333333332,0.0,0.0,0.1259445843828715,33.33333333333333,0.0,0.0,,,,,0.0419815281276238,0.0,0.0,0.0,0.1259445843828715,0.0,66.66666666666666,0.0
Luca Vanni,0.5568181818181818,0.7551020408163265,0.4615384615384615,0.3516483516483517,0.2402234636871508,0.2122905027932961,0.1022727272727272,0.3409090909090909,0.2452830188679245,0.2075471698113207,0.5471698113207547,0.02,0.333333333,0.166666667,0.333333333,0.666666667,56.99999999999999,5.847953216374268,5.263157894736842,14.035087719298245,43.0,2.3255813953488373,1.550387596899225,3.875968992248062,52.66666666666666,5.063291139240507,3.79746835443038,14.556962025316457,22.0,3.0303030303030303,1.5151515151515151,7.575757575757576,2.0,0.0,0.0,0.0,19.0,0.0,0.0,0.0,0.6666666666666667,50.0,0.0,0.0,0.3333333333333333,100.0,0.0,0.0,0.6666666666666667,0.0,100.0,0.0,,,,,0.6666666666666667,50.0,50.0,0.0,0.6666666666666667,0.0,50.0,0.0,,,,,1.0,0.0,0.0,0.0,,,,,,,,,0.3333333333333333,0.0,0.0,100.0,,,,
Lucas Catarina,0.5535714285714286,0.6559139784946236,0.4933333333333333,0.3312101910828025,0.1138461538461538,0.243076923076923,0.0476190476190476,0.0297619047619047,0.2318840579710145,0.2536231884057971,0.5144927536231884,0.008557457,0.714285714,0.142857143,0.0,0.714285714,48.77750611246944,5.263157894736842,6.7669172932330826,10.275689223057643,50.48899755501223,2.663438256658596,1.937046004842615,7.263922518159806,46.0880195599022,4.244031830238726,6.896551724137931,9.549071618037134,45.47677261613692,2.419354838709677,1.6129032258064515,6.720430107526881,0.6112469437652812,0.0,0.0,0.0,3.9119804400977993,3.125,6.25,9.375,0.4889975550122249,75.0,0.0,25.0,0.2444987775061124,50.0,0.0,0.0,0.1222493887530562,100.0,0.0,0.0,,,,,1.2224938875305624,10.0,10.0,40.0,0.3667481662591687,0.0,0.0,66.66666666666666,0.2444987775061124,0.0,0.0,0.0,0.4889975550122249,0.0,0.0,0.0,,,,,,,,,,,,,,,,
Lucas Pouille,0.5554690541066563,0.7217939733707078,0.4956217162872154,0.3239785390012381,0.1828926282051282,0.2009214743589743,0.041650447644998,0.0996496691319579,0.3309823677581864,0.2161209068010075,0.4513853904282116,0.05576696,0.461176471,0.127058824,0.091764706,0.712941176,51.21375147618424,11.760184473481935,6.610299769408147,11.222136817832435,48.56318068494948,5.322885706565793,4.620372872196703,12.3750337746555,43.68193150505183,9.101832382096726,6.99909882847702,12.135776509462302,35.02165070200761,3.896590483327088,4.271262645185463,13.600599475458974,3.241044482351397,2.0242914979757085,1.214574898785425,2.0242914979757085,9.06705156803569,1.0130246020260492,2.170767004341534,6.801736613603474,1.692691247867734,54.26356589147287,6.2015503875969,13.178294573643411,1.8632725364125444,35.91549295774648,11.971830985915492,19.718309859154928,1.1153391943314526,62.35294117647059,5.88235294117647,5.88235294117647,0.02624327516074,50.0,50.0,0.0,0.3674058522503609,32.142857142857146,7.142857142857142,14.285714285714285,1.5745965096444037,20.833333333333336,14.166666666666666,13.333333333333334,0.459257315312951,5.714285714285714,5.714285714285714,2.857142857142857,0.7872982548222018,8.333333333333332,6.666666666666667,3.333333333333333,0.3017976643485107,13.043478260869565,8.695652173913043,4.3478260869565215,0.1705812885448104,15.384615384615383,23.07692307692308,7.6923076923076925,0.3542842146699908,51.85185185185185,11.11111111111111,3.7037037037037033,0.0524865503214801,50.0,0.0,25.0
Luciano Darderi,0.5431034482758621,0.7396825396825397,0.5811320754716981,0.342756183745583,0.1849912739965096,0.137870855148342,0.0189655172413793,0.1224137931034482,0.3852459016393442,0.2131147540983606,0.4016393442622951,0.022868032,0.583333333,0.020833333,0.020833333,0.729166667,56.2172463077656,7.711864406779662,4.915254237288136,7.033898305084746,43.30633635064317,5.500550055005501,2.0902090209020905,7.04070407040704,50.02382086707956,6.380952380952381,5.238095238095238,7.523809523809525,33.015721772272514,3.6075036075036073,2.3088023088023086,7.07070707070707,3.573130061934254,2.666666666666667,0.0,0.0,6.955693187232015,2.054794520547945,0.0,8.904109589041095,0.4287756074321105,77.77777777777779,0.0,0.0,0.8099094807050977,47.05882352941176,0.0,0.0,0.8099094807050977,52.94117647058824,5.88235294117647,5.88235294117647,0.0952834683182467,100.0,0.0,0.0,0.7146260123868509,26.666666666666668,13.333333333333334,20.0,1.3816102906145784,34.48275862068966,10.344827586206897,6.896551724137931,0.5717008099094807,8.333333333333332,0.0,0.0,1.0004764173415912,4.761904761904762,0.0,0.0,0.0476417341591233,100.0,0.0,0.0,,,,,0.0476417341591233,0.0,0.0,0.0,0.0476417341591233,100.0,0.0,0.0
Lukas Klein,0.6710526315789473,0.7352941176470589,0.52,0.4076433121019108,0.2200647249190938,0.1812297734627831,0.0197368421052631,0.0526315789473684,0.392156862745098,0.261437908496732,0.3464052287581699,0.123110151,0.50877193,0.052631579,0.122807018,0.842105263,61.12311015118791,14.13427561837456,8.12720848056537,12.014134275618376,38.8768898488121,11.11111111111111,9.444444444444445,10.555555555555555,50.32397408207344,7.725321888412018,8.15450643776824,12.875536480686694,26.997840172786177,8.799999999999999,9.6,12.0,1.079913606911447,0.0,0.0,0.0,7.991360691144708,0.0,5.405405405405405,5.405405405405405,2.8077753779697625,69.23076923076923,15.384615384615383,0.0,2.375809935205184,36.36363636363637,18.181818181818183,9.090909090909092,4.535637149028078,52.38095238095239,4.761904761904762,4.761904761904762,0.2159827213822894,0.0,100.0,0.0,0.4319654427645789,0.0,0.0,100.0,0.6479481641468683,66.66666666666666,0.0,33.33333333333333,0.2159827213822894,0.0,0.0,0.0,,,,,0.2159827213822894,0.0,0.0,0.0,0.2159827213822894,100.0,0.0,0.0,1.511879049676026,28.57142857142857,14.285714285714285,14.285714285714285,0.4319654427645789,100.0,0.0,0.0
Lukas Lacko,0.6269662921348315,0.6845878136200717,0.4036144578313253,0.3084832904884318,0.1594724220623501,0.1762589928057553,0.0337078651685393,0.1101123595505618,0.3111111111111111,0.2,0.4888888888888889,0.018194542,0.423076923,0.076923077,0.076923077,0.615384615,50.03498950314905,9.090909090909092,5.314685314685315,11.048951048951048,49.89503149055283,2.664796633941094,2.244039270687237,7.433380084151472,47.30580825752274,7.840236686390532,5.325443786982249,11.242603550295858,41.0776766969909,2.555366269165247,2.2146507666098807,8.006814310051109,1.1896431070678797,0.0,0.0,5.88235294117647,7.4877536738978305,0.9345794392523364,2.803738317757009,4.672897196261682,0.2799160251924422,50.0,25.0,0.0,0.2799160251924422,0.0,0.0,0.0,0.3498950314905528,80.0,0.0,0.0,0.1399580125962211,0.0,0.0,0.0,0.0699790062981105,100.0,0.0,0.0,0.489853044086774,42.85714285714285,0.0,0.0,0.0699790062981105,0.0,0.0,0.0,0.4198740377886634,0.0,0.0,16.666666666666664,0.2799160251924422,25.0,0.0,0.0,,,,,0.489853044086774,57.14285714285714,14.285714285714285,28.57142857142857,,,,
Lukas Neumayer,0.5989847715736041,0.6440677966101694,0.4050632911392405,0.4204545454545454,0.0911528150134048,0.1823056300268096,0.0406091370558375,0.0406091370558375,0.208,0.312,0.48,0.012232416,0.75,0.0,0.125,0.875,58.56269113149847,4.699738903394255,6.78851174934726,7.571801566579634,41.437308868501525,2.952029520295203,4.797047970479705,11.439114391143912,52.90519877675841,3.4682080924855487,6.647398843930636,8.092485549132949,32.7217125382263,0.9345794392523364,5.14018691588785,13.084112149532707,3.211009174311927,0.0,0.0,0.0,6.727828746177369,2.272727272727273,2.272727272727273,2.272727272727273,0.4587155963302752,100.0,0.0,0.0,0.3058103975535168,100.0,0.0,0.0,0.3058103975535168,50.0,0.0,0.0,,,,,0.9174311926605504,33.33333333333333,16.666666666666664,16.666666666666664,1.376146788990826,33.33333333333333,11.11111111111111,22.22222222222222,0.6116207951070336,0.0,25.0,0.0,0.3058103975535168,0.0,0.0,0.0,,,,,,,,,0.1529051987767584,0.0,100.0,0.0,,,,
Lukas Rosol,0.600459242250287,0.6730401529636711,0.4885057471264368,0.3022113022113022,0.1863501483679525,0.2142433234421365,0.0378874856486796,0.0734787600459242,0.3491620111731843,0.1927374301675977,0.4581005586592179,0.050376835,0.472440945,0.118110236,0.078740157,0.669291339,54.70051566838556,13.19796954314721,5.873821609862219,13.19796954314721,45.29948433161444,5.954465849387041,4.99124343257443,12.784588441331,49.18683062276874,10.64516129032258,5.967741935483871,13.306451612903224,34.6687822292741,4.576659038901601,5.491990846681922,13.501144164759726,1.4676715589051963,10.81081081081081,0.0,5.405405405405405,7.259024196747323,0.546448087431694,1.639344262295082,8.743169398907105,1.3883379611265372,40.0,8.571428571428571,11.428571428571429,1.5470051566838556,41.02564102564102,10.256410256410255,12.82051282051282,1.0710035700119,59.25925925925925,7.4074074074074066,14.814814814814811,0.0793335977786592,100.0,0.0,0.0,0.8330027766759223,38.095238095238095,4.761904761904762,28.57142857142857,0.9123363744545816,21.73913043478261,4.3478260869565215,26.08695652173913,0.1190003966679889,0.0,33.33333333333333,0.0,0.5156683855612851,0.0,0.0,0.0,0.1190003966679889,0.0,0.0,33.33333333333333,0.1190003966679889,33.33333333333333,33.33333333333333,0.0,0.5156683855612851,61.53846153846154,0.0,0.0,0.1983339944466481,60.0,0.0,20.0
Lukasz Kubot,0.6557377049180327,0.65,0.3333333333333333,0.3333333333333333,0.123076923076923,0.2076923076923077,0.0163934426229508,0.0327868852459016,0.28,0.2,0.52,0.054901961,0.285714286,0.214285714,0.142857143,0.571428571,49.41176470588236,7.936507936507936,3.968253968253968,10.317460317460316,50.588235294117645,3.10077519379845,3.875968992248062,10.07751937984496,45.490196078431374,6.0344827586206895,3.4482758620689653,10.344827586206897,40.3921568627451,1.9417475728155336,3.883495145631068,9.70873786407767,0.392156862745098,0.0,0.0,0.0,5.490196078431373,7.142857142857142,0.0,0.0,1.96078431372549,60.0,0.0,0.0,1.96078431372549,20.0,20.0,40.0,1.1764705882352942,0.0,33.33333333333333,33.33333333333333,,,,,,,,,2.7450980392156863,0.0,0.0,14.285714285714285,,,,,,,,,0.392156862745098,0.0,0.0,0.0,,,,,,,,,,,,
Mackenzie Mcdonald,0.636318654131618,0.6679626749611197,0.5129251700680272,0.3333333333333333,0.1358272658799899,0.1754958573939241,0.0346363186541316,0.0766947055912914,0.280319535221496,0.2628903413217138,0.4567901234567901,0.053133515,0.387464387,0.0997151,0.102564103,0.64957265,54.43536179231002,7.842046718576196,6.979977753058954,9.788654060066742,45.56463820768998,3.4551495016611296,3.687707641196013,9.20265780730897,48.12291855888586,5.630701478452344,6.920415224913495,10.349166404529726,36.45171056615199,2.1594684385382057,3.280730897009967,9.09468438538206,2.17983651226158,1.3888888888888888,2.7777777777777777,0.6944444444444444,5.737208598244021,1.0554089709762533,2.1108179419525066,8.179419525065963,1.8316681804420225,48.7603305785124,5.785123966942149,9.090909090909092,1.8468059339993943,30.327868852459016,14.754098360655735,15.57377049180328,0.6811989100817438,62.22222222222222,15.555555555555555,4.444444444444445,0.1211020284589766,25.0,0.0,0.0,0.7720254314259765,11.76470588235294,21.5686274509804,17.647058823529413,0.348168331819558,13.043478260869565,4.3478260869565215,17.391304347826086,0.4389948531637905,6.896551724137931,3.4482758620689653,0.0,0.6357856494096277,4.761904761904762,4.761904761904762,2.380952380952381,0.3784438389343021,20.0,4.0,0.0,0.4087193460490463,14.814814814814811,7.4074074074074066,11.11111111111111,0.0302755071147441,50.0,0.0,0.0,0.015137753557372,0.0,100.0,0.0
Magnus Norman,0.6,0.6608695652173913,0.4434782608695652,0.3847583643122677,0.1698113207547169,0.2219227313566936,0.0260869565217391,0.0939130434782608,0.3006681514476614,0.1826280623608017,0.5167037861915368,0.025688073,0.446428571,0.107142857,0.178571429,0.75,51.97247706422018,8.031774051191528,3.971756398940865,12.003530450132391,48.02752293577981,4.202483285577841,3.5339063992359123,9.169054441260744,48.25688073394495,6.55893536121673,3.70722433460076,12.547528517110266,41.559633027522935,3.4216335540838854,2.980132450331126,9.492273730684326,1.5596330275229358,5.88235294117647,0.0,2.941176470588235,4.311926605504588,3.191489361702128,2.127659574468085,4.25531914893617,0.2752293577981651,66.66666666666666,0.0,16.666666666666664,0.8256880733944955,38.88888888888889,22.22222222222222,16.666666666666664,1.146788990825688,48.0,20.0,8.0,0.0458715596330275,0.0,0.0,0.0,0.1834862385321101,50.0,0.0,0.0,0.3211009174311927,28.57142857142857,28.57142857142857,42.85714285714285,0.3669724770642202,12.5,0.0,0.0,0.871559633027523,0.0,10.526315789473683,0.0,0.1376146788990825,33.33333333333333,0.0,0.0,0.091743119266055,50.0,0.0,0.0,0.0458715596330275,0.0,100.0,0.0,,,,
Makoto Ochi,0.5217391304347826,0.6666666666666666,0.3636363636363636,0.0588235294117647,0.116504854368932,0.2135922330097087,0.0434782608695652,0.0289855072463768,0.2941176470588235,0.1470588235294117,0.5588235294117647,0.012820513,1.0,0.0,0.0,1.0,57.692307692307686,13.333333333333334,8.88888888888889,33.33333333333333,42.30769230769231,12.12121212121212,3.0303030303030303,12.12121212121212,51.28205128205128,10.0,10.0,35.0,35.8974358974359,14.285714285714285,3.571428571428571,14.285714285714285,2.564102564102564,0.0,0.0,50.0,5.128205128205128,0.0,0.0,0.0,,,,,,,,,,,,,,,,,2.564102564102564,50.0,0.0,0.0,1.282051282051282,0.0,0.0,0.0,,,,,,,,,,,,,,,,,1.282051282051282,100.0,0.0,0.0,,,,
Maks Kasnikowski,0.5878787878787879,0.6185567010309279,0.4558823529411764,0.3594771241830065,0.1320754716981132,0.1792452830188679,0.0303030303030303,0.0363636363636363,0.3214285714285714,0.2142857142857142,0.4642857142857143,0.021848739,0.461538462,0.0,0.153846154,0.769230769,50.92436974789916,8.58085808580858,3.630363036303631,10.891089108910892,48.57142857142857,3.460207612456748,4.498269896193772,6.57439446366782,43.52941176470589,7.722007722007722,3.474903474903475,11.96911196911197,40.67226890756302,3.3057851239669422,4.132231404958678,7.43801652892562,4.53781512605042,0.0,3.7037037037037033,0.0,6.890756302521009,4.878048780487805,4.878048780487805,2.4390243902439024,1.3445378151260503,62.5,0.0,0.0,0.5042016806722689,0.0,33.33333333333333,0.0,0.3361344537815126,50.0,50.0,0.0,,,,,0.8403361344537815,0.0,0.0,40.0,,,,,0.3361344537815126,0.0,0.0,0.0,0.5042016806722689,0.0,0.0,0.0,,,,,,,,,,,,,,,,
Malek Jaziri,0.5418641390205371,0.6763848396501457,0.496551724137931,0.3417159763313609,0.1298701298701298,0.1703590527119939,0.0252764612954186,0.0600315955766192,0.2972972972972973,0.2364864864864864,0.4662162162162162,0.032354405,0.461538462,0.169230769,0.138461538,0.707692308,46.29168740666999,9.247311827956988,7.849462365591398,11.935483870967742,52.9616724738676,4.323308270676692,3.007518796992481,9.022556390977442,42.75759084121453,8.032596041909198,8.032596041909198,11.9906868451688,22.399203583872573,4.888888888888889,3.555555555555556,10.888888888888888,1.642608262817322,6.0606060606060606,0.0,3.0303030303030303,27.02837232453957,0.3683241252302026,1.6574585635359116,6.998158379373849,0.6968641114982579,64.28571428571429,0.0,21.428571428571427,1.3439522150323544,51.85185185185185,18.51851851851852,14.814814814814811,0.5973120955699354,50.0,16.666666666666664,25.0,0.0995520159283225,0.0,0.0,0.0,0.0497760079641612,0.0,100.0,0.0,1.443504230960677,24.13793103448276,0.0,13.79310344827586,0.2488800398208063,0.0,0.0,20.0,0.4479840716774514,0.0,11.11111111111111,0.0,0.1991040318566451,0.0,25.0,0.0,0.1991040318566451,25.0,25.0,25.0,0.0995520159283225,0.0,0.0,0.0,,,,
Marat Safin,0.5679988499137435,0.7539863325740319,0.5261231281198003,0.3673295454545454,0.1867676478993998,0.174692769362675,0.0225704427832087,0.1397949673811742,0.3133984028393966,0.2486246672582076,0.4376220053238687,0.052070823,0.429315476,0.138392857,0.108630952,0.689732143,46.579269063777765,8.615384615384615,6.0633484162895925,10.48868778280543,53.35750115921258,5.37209669774056,5.040290725233055,8.91926054668984,41.200522699489945,5.678330263965624,5.852261100879885,10.83486801718846,44.6107153395439,4.053670981763205,4.904091467447794,8.664839837475197,1.6271129283817392,1.2953367875647668,2.33160621761658,1.8134715025906727,4.856046874341356,1.5625,1.9097222222222223,6.857638888888889,1.606036336045188,49.343832020997375,11.548556430446194,13.648293963254591,2.0907979597858617,34.87903225806452,11.491935483870968,16.93548387096774,0.9948151582852084,61.01694915254237,10.16949152542373,8.47457627118644,0.0969523247481347,26.08695652173913,17.391304347826086,13.043478260869565,0.2739957003751633,27.692307692307693,7.6923076923076925,9.230769230769232,0.6744509547696329,18.125,15.625,20.0,0.4552543944695021,4.62962962962963,6.481481481481481,2.7777777777777777,0.8177717826581798,8.24742268041237,3.608247422680412,5.154639175257731,0.1601821017577878,23.684210526315788,10.526315789473683,10.526315789473683,0.1686127386924082,22.5,5.0,7.5,0.2613497449732327,45.16129032258064,8.064516129032258,12.903225806451612,0.042153184673102,0.0,20.0,10.0
Marc Andrea Huesler,0.6219839142091153,0.7219827586206896,0.5070921985815603,0.2979591836734694,0.1694800810263335,0.1647535449020931,0.0201072386058981,0.1206434316353887,0.3213572854291417,0.2195608782435129,0.4570858283433133,0.070993915,0.407142857,0.05,0.092857143,0.671428571,54.91886409736309,9.787626962142197,5.8171745152354575,11.819021237303785,44.979716024340775,6.200676437429538,5.186020293122886,11.386696730552424,46.24746450304259,7.785087719298247,6.030701754385965,13.048245614035087,33.316430020283974,4.87062404870624,5.32724505327245,14.61187214611872,3.955375253549696,0.0,2.564102564102564,2.564102564102564,7.150101419878297,0.7092198581560284,2.8368794326241136,2.127659574468085,2.434077079107505,41.66666666666667,12.5,8.333333333333332,2.941176470588235,36.206896551724135,10.344827586206897,3.4482758620689653,0.9634888438133874,68.42105263157895,0.0,5.263157894736842,0.152129817444219,33.33333333333333,33.33333333333333,0.0,0.4056795131845842,0.0,0.0,25.0,0.2535496957403651,0.0,0.0,0.0,0.5070993914807302,0.0,0.0,0.0,0.9634888438133874,0.0,0.0,0.0,0.3042596348884381,16.666666666666664,0.0,0.0,0.2028397565922921,0.0,0.0,0.0,0.101419878296146,50.0,0.0,0.0,,,,
Marc Gicquel,0.6585365853658537,0.6481481481481481,0.25,0.2352941176470588,0.1066666666666666,0.1666666666666666,0.0121951219512195,0.048780487804878,0.2857142857142857,0.1428571428571428,0.5714285714285714,0.036036036,0.25,0.375,0.0,0.375,63.51351351351351,7.092198581560284,3.546099290780142,12.05673758865248,36.48648648648648,2.469135802469136,1.2345679012345678,8.641975308641975,54.5045045045045,6.6115702479338845,4.132231404958678,11.570247933884298,27.927927927927925,1.6129032258064515,1.6129032258064515,8.064516129032258,4.954954954954955,0.0,0.0,0.0,6.306306306306306,0.0,0.0,7.142857142857142,1.351351351351351,33.33333333333333,0.0,66.66666666666666,1.351351351351351,0.0,0.0,33.33333333333333,0.9009009009009008,50.0,0.0,0.0,,,,,1.351351351351351,0.0,0.0,33.33333333333333,,,,,0.4504504504504504,0.0,0.0,0.0,0.9009009009009008,50.0,0.0,0.0,,,,,,,,,,,,,,,,
Marc Lopez,0.75,0.6049382716049383,0.5555555555555556,0.2413793103448276,0.1179487179487179,0.1179487179487179,0.0185185185185185,0.0,0.396551724137931,0.2413793103448276,0.3620689655172414,0.035947712,0.636363636,0.0,0.090909091,0.909090909,62.74509803921568,8.854166666666668,5.208333333333334,6.25,37.25490196078432,5.263157894736842,3.508771929824561,7.894736842105263,53.92156862745098,6.0606060606060606,5.454545454545454,7.272727272727272,24.836601307189543,3.947368421052632,3.947368421052632,9.210526315789473,4.57516339869281,0.0,7.142857142857142,0.0,7.18954248366013,4.545454545454546,0.0,0.0,2.287581699346405,71.42857142857143,0.0,0.0,0.6535947712418301,50.0,50.0,0.0,0.6535947712418301,50.0,0.0,0.0,,,,,0.326797385620915,0.0,0.0,0.0,0.9803921568627452,0.0,0.0,33.33333333333333,0.9803921568627452,33.33333333333333,0.0,0.0,3.594771241830065,9.090909090909092,0.0,9.090909090909092,,,,,,,,,,,,,,,,
Marc Polmans,0.675,0.6455026455026455,0.4725274725274725,0.4015151515151515,0.1360294117647058,0.1746323529411764,0.0285714285714285,0.0678571428571428,0.2872062663185378,0.2584856396866841,0.454308093994778,0.027800491,0.411764706,0.044117647,0.176470588,0.691176471,47.83319705641864,4.871794871794872,5.128205128205128,7.0085470085470085,51.7988552739166,4.183109707971586,3.078137332280978,7.261247040252565,38.71627146361406,3.062302006335797,3.8014783526927136,7.074973600844774,37.53066230580539,3.7037037037037033,2.941176470588235,7.516339869281046,5.233033524121014,2.34375,3.125,2.34375,11.44726083401472,0.3571428571428571,2.142857142857143,5.357142857142857,0.8994276369582993,40.909090909090914,22.727272727272727,9.090909090909092,1.062959934587081,42.30769230769231,11.538461538461538,0.0,0.6132461161079313,46.66666666666666,26.666666666666668,6.666666666666667,0.0408830744071954,0.0,0.0,0.0,1.757972199509403,18.6046511627907,18.6046511627907,20.930232558139537,1.0220768601798855,24.0,12.0,32.0,0.5314799672935405,0.0,23.07692307692308,0.0,0.6132461161079313,6.666666666666667,0.0,0.0,0.0817661488143908,50.0,0.0,0.0,0.0817661488143908,0.0,0.0,0.0,,,,,,,,
Marc Rosset,0.4827586206896552,0.8928571428571429,0.5,0.359375,0.1557377049180328,0.180327868852459,0.1206896551724138,0.1429980276134122,0.3537519142419602,0.222052067381317,0.4241960183767228,0.101013632,0.294117647,0.117647059,0.124567474,0.647058824,47.85276073619632,11.538461538461538,3.8461538461538463,14.102564102564102,52.14723926380368,7.0588235294117645,3.5294117647058822,4.705882352941177,41.104294478527606,5.970149253731343,4.477611940298507,16.417910447761194,11.65644171779141,15.789473684210526,0.0,10.526315789473683,,,,,32.515337423312886,0.0,1.8867924528301887,1.8867924528301887,4.294478527607362,28.57142857142857,0.0,0.0,6.748466257668712,27.27272727272727,18.181818181818183,0.0,1.2269938650306749,100.0,0.0,0.0,,,,,,,,,,,,,0.6134969325153374,0.0,0.0,0.0,1.2269938650306749,0.0,0.0,50.0,0.6134969325153374,100.0,0.0,0.0,,,,,,,,,,,,
Marc Sieber,0.6379310344827587,0.5945945945945946,0.2857142857142857,0.3461538461538461,0.1909090909090909,0.3272727272727272,0.0517241379310344,0.0344827586206896,0.3392857142857143,0.0714285714285714,0.5892857142857143,0.061302682,0.5,0.0625,0.0,0.8125,52.87356321839081,7.971014492753622,0.7246376811594203,8.695652173913043,47.12643678160919,6.504065040650407,2.4390243902439024,17.073170731707318,46.36015325670498,1.6528925619834711,0.8264462809917356,9.917355371900827,36.015325670498086,7.446808510638298,3.191489361702128,17.02127659574468,1.1494252873563218,33.33333333333333,0.0,0.0,7.662835249042145,0.0,0.0,10.0,1.9157088122605364,60.0,0.0,0.0,1.9157088122605364,20.0,0.0,20.0,2.2988505747126435,66.66666666666666,0.0,0.0,,,,,0.7662835249042145,50.0,0.0,0.0,1.532567049808429,0.0,0.0,50.0,0.3831417624521072,0.0,0.0,0.0,,,,,,,,,,,,,,,,,,,,
Marcel Granollers,0.5702199661590525,0.6913946587537092,0.4881889763779528,0.3710482529118136,0.136744966442953,0.1543624161073825,0.0439932318104906,0.0575296108291032,0.356353591160221,0.2071823204419889,0.43646408839779,0.06779661,0.465277778,0.076388889,0.090277778,0.756944444,42.65536723163842,7.06401766004415,3.532008830022075,8.609271523178808,57.29755178907722,5.341002465078061,3.533278553820871,6.573541495480691,33.75706214689266,3.765690376569038,3.207810320781032,8.507670850767084,36.25235404896422,2.5974025974025974,3.506493506493506,7.272727272727272,4.613935969868174,3.061224489795918,0.0,4.081632653061225,16.0075329566855,1.4705882352941175,1.1764705882352942,6.470588235294119,1.647834274952919,45.71428571428572,5.714285714285714,11.428571428571429,3.013182674199624,51.5625,9.375,3.125,1.1299435028248588,54.16666666666666,8.333333333333332,16.666666666666664,0.1883239171374764,0.0,0.0,0.0,0.2824858757062147,16.666666666666664,0.0,50.0,0.6591337099811676,21.428571428571427,7.142857142857142,0.0,0.847457627118644,5.555555555555555,22.22222222222222,5.555555555555555,0.7532956685499058,12.5,18.75,0.0,0.3766478342749529,37.5,12.5,12.5,0.423728813559322,22.22222222222222,22.22222222222222,0.0,,,,,,,,
Marcelo Arevalo,0.6186046511627907,0.706766917293233,0.4512195121951219,0.4268774703557312,0.1175213675213675,0.1837606837606837,0.0372093023255813,0.0697674418604651,0.2409638554216867,0.2891566265060241,0.4698795180722891,0.046448087,0.382352941,0.117647059,0.117647059,0.676470588,61.61202185792349,6.873614190687362,7.53880266075388,11.529933481152993,37.84153005464481,3.249097472924188,4.693140794223827,9.386281588447654,55.46448087431693,4.926108374384237,7.635467980295567,11.576354679802956,32.10382513661202,2.127659574468085,4.25531914893617,10.212765957446807,1.912568306010929,0.0,7.142857142857142,0.0,3.1420765027322406,0.0,0.0,4.3478260869565215,2.0491803278688523,53.333333333333336,6.666666666666667,13.333333333333334,1.912568306010929,28.57142857142857,14.285714285714285,7.142857142857142,0.6830601092896175,20.0,20.0,20.0,,,,,1.092896174863388,25.0,0.0,25.0,,,,,0.4098360655737705,0.0,0.0,0.0,0.6830601092896175,0.0,20.0,0.0,,,,,,,,,,,,,,,,
Marcelo Rios,0.5414634146341464,0.6846846846846847,0.5531914893617021,0.4134615384615384,0.1476997578692493,0.2493946731234866,0.0146341463414634,0.0577971646673936,0.3216412971542025,0.2256783587028458,0.4526803441429516,0.03479725,0.431451613,0.076612903,0.141129032,0.733870968,51.23537061118335,9.64467005076142,6.091370558375635,11.928934010152284,48.76462938881664,3.2,4.8,14.133333333333336,47.72431729518856,6.811989100817439,6.267029972752043,12.534059945504088,45.38361508452536,2.292263610315186,5.157593123209169,14.899713467048713,0.130039011703511,0.0,0.0,0.0,2.210663198959688,11.76470588235294,0.0,0.0,0.6501950585175552,80.0,0.0,0.0,0.5201560468140443,50.0,0.0,0.0,1.3003901170351104,70.0,10.0,0.0,,,,,0.2600780234070221,0.0,0.0,50.0,0.2600780234070221,0.0,0.0,50.0,0.2600780234070221,0.0,0.0,0.0,0.2600780234070221,0.0,0.0,0.0,0.6501950585175552,0.0,0.0,0.0,0.130039011703511,0.0,0.0,0.0,0.2600780234070221,100.0,0.0,0.0,,,,
Marco Cecchinato,0.6986120290812955,0.6688741721854304,0.4890350877192982,0.3374913374913375,0.1779431664411366,0.199594046008119,0.0337078651685393,0.0687376074025115,0.3597612958226769,0.1807331628303495,0.4595055413469736,0.039179862,0.533678756,0.093264249,0.051813472,0.756476684,52.74056029232644,11.547344110854503,5.581216320246344,11.778290993071591,45.45269995939911,5.404198302813756,2.947744528807504,10.049129075480124,43.56475842468534,8.667287977632805,5.4520037278657965,12.301957129543336,32.663418595209095,3.480422622747048,2.610316967060286,10.316967060285892,3.1059683313032886,5.228758169934641,2.6143790849673203,0.0,8.911896061713358,2.050113895216401,2.733485193621868,7.972665148063782,0.9947218838814454,65.3061224489796,2.0408163265306123,10.20408163265306,1.2789281364190013,53.96825396825397,6.349206349206349,11.11111111111111,1.1368250101502233,50.0,7.142857142857142,7.142857142857142,0.0609013398294762,66.66666666666666,0.0,0.0,2.7405602923264314,27.40740740740741,11.851851851851851,22.22222222222222,1.4210312626877792,24.285714285714285,7.142857142857142,24.285714285714285,0.8526187576126675,7.142857142857142,4.761904761904762,2.380952380952381,1.0150223304912709,4.0,6.0,0.0,0.0203004466098254,0.0,0.0,0.0,0.101502233049127,20.0,0.0,0.0,0.3248071457572066,37.5,6.25,12.5,,,,
Marco Trungelliti,0.4768211920529801,0.6805555555555556,0.5316455696202531,0.35,0.1217712177121771,0.2140221402214022,0.0529801324503311,0.0331125827814569,0.2916666666666667,0.1875,0.5208333333333334,0.067833698,0.419354839,0.225806452,0.032258065,0.516129032,48.35886214442014,7.6923076923076925,4.97737556561086,11.76470588235294,51.64113785557986,4.661016949152542,2.9661016949152543,10.16949152542373,37.85557986870897,2.312138728323699,4.046242774566474,10.982658959537572,40.70021881838075,1.6129032258064515,3.225806451612903,9.13978494623656,1.5317286652078774,0.0,0.0,0.0,7.00218818380744,0.0,0.0,12.5,0.437636761487965,100.0,0.0,0.0,2.1881838074398248,60.0,0.0,10.0,2.844638949671773,30.76923076923077,0.0,38.46153846153847,,,,,3.719912472647703,29.411764705882355,17.647058823529413,11.76470588235294,0.87527352297593,25.0,0.0,25.0,1.0940919037199124,40.0,0.0,0.0,0.437636761487965,0.0,50.0,0.0,0.437636761487965,0.0,50.0,0.0,0.437636761487965,50.0,0.0,50.0,0.437636761487965,0.0,0.0,0.0,,,,
Marcos Baghdatis,0.5541362530413625,0.7321624588364435,0.495225102319236,0.3635834787667248,0.1683021112102289,0.1581920903954802,0.0322384428223844,0.1009732360097323,0.3421727972626176,0.2472198460222412,0.4097519247219846,0.030816392,0.445026178,0.068062827,0.178010471,0.769633508,46.41819941916747,9.523809523809524,6.221758776503302,7.2992700729927,53.54953210713133,3.796324194034348,3.314251280506177,8.104850858692378,40.35172636334302,7.317073170731707,5.557776889244302,7.876849260295882,43.93352694417554,3.2684539111274327,3.1215571061329417,8.409842085934631,2.5492094223943207,1.89873417721519,2.5316455696202533,0.0,7.082929977412069,0.9111617312072892,1.366742596810934,6.378132118451026,0.8389803162310423,50.0,11.538461538461538,5.769230769230769,0.8712487899322363,40.74074074074074,16.666666666666664,9.25925925925926,0.8067118425298484,52.0,18.0,6.0,,,,,1.1455308163923843,28.169014084507044,16.901408450704224,7.042253521126761,0.7583091319780575,19.148936170212767,10.638297872340424,12.76595744680851,0.2904162633107454,33.33333333333333,5.555555555555555,0.0,0.7744433688286544,2.083333333333333,6.25,2.083333333333333,0.2097450790577605,15.384615384615383,15.384615384615383,15.384615384615383,0.1290738948047757,12.5,25.0,0.0,0.2258793159083575,57.14285714285714,42.85714285714285,0.0,,,,
Marcos Daniel,0.6263736263736264,0.6491228070175439,0.5294117647058824,0.2678571428571428,0.1564625850340136,0.1700680272108843,0.0439560439560439,0.0439560439560439,0.4222222222222222,0.1111111111111111,0.4666666666666667,0.156398104,0.272727273,0.121212121,0.090909091,0.636363636,39.33649289099526,8.433734939759036,2.409638554216868,9.63855421686747,60.66350710900474,9.375,2.34375,10.15625,28.43601895734597,1.6666666666666667,0.0,10.0,36.492890995260666,9.090909090909092,1.2987012987012987,11.688311688311687,2.3696682464454977,0.0,0.0,0.0,15.165876777251183,3.125,3.125,3.125,5.687203791469194,33.33333333333333,16.666666666666664,8.333333333333332,6.6350710900473935,21.428571428571427,7.142857142857142,14.285714285714285,1.895734597156398,50.0,0.0,25.0,,,,,,,,,0.9478672985781992,50.0,0.0,0.0,0.4739336492890995,0.0,0.0,0.0,0.4739336492890995,0.0,0.0,100.0,0.4739336492890995,0.0,0.0,0.0,0.9478672985781992,0.0,0.0,0.0,,,,,,,,
Marcos Giron,0.5907978463044542,0.7009113504556752,0.4677033492822967,0.3286852589641434,0.1471241668723772,0.168847198222661,0.0190895741556534,0.1032794909446891,0.2896914973664409,0.2242287434161023,0.4853273137697517,0.028312259,0.461165049,0.106796117,0.058252427,0.689320388,51.580538757559104,7.460698108180122,6.261657340794032,10.178523847588597,48.40571742715778,2.9812606473594547,1.788756388415673,7.467348097671778,45.656954370533256,5.59903672486454,6.562311860325106,10.65623118603251,37.64431006047278,2.555677254472435,1.7524644030668126,7.849580138736766,2.9136888400219902,0.4716981132075472,0.9433962264150944,3.30188679245283,8.36998350742166,0.3284072249589491,1.6420361247947457,4.433497536945813,0.8383727322704784,60.65573770491803,3.278688524590164,8.19672131147541,0.9483232545354592,34.78260869565217,4.3478260869565215,17.391304347826086,0.6871907641561297,54.0,10.0,6.0,0.0274876305662451,100.0,0.0,0.0,0.8933479934029687,38.46153846153847,7.6923076923076925,16.923076923076923,0.2748763056624519,10.0,5.0,20.0,0.3710830126443101,3.7037037037037033,3.7037037037037033,0.0,1.0307861462341943,4.0,1.3333333333333337,6.666666666666667,0.1649257833974711,16.666666666666664,16.666666666666664,0.0,0.1099505222649807,25.0,0.0,0.0,0.0549752611324903,25.0,0.0,50.0,,,,
Marcus Willis,0.5975609756097561,0.6530612244897959,0.4242424242424242,0.2602739726027397,0.1806451612903225,0.1677419354838709,0.0365853658536585,0.1585365853658536,0.3061224489795918,0.2244897959183673,0.4693877551020408,0.086757991,0.315789474,0.052631579,0.105263158,0.473684211,42.922374429223744,7.446808510638298,7.446808510638298,10.638297872340424,57.077625570776256,6.4,3.2,10.4,26.48401826484018,5.172413793103448,8.620689655172415,15.517241379310343,17.80821917808219,10.256410256410255,5.128205128205128,25.64102564102564,9.58904109589041,0.0,4.761904761904762,0.0,26.48401826484018,0.0,1.7241379310344829,3.4482758620689653,3.1963470319634704,28.57142857142857,14.285714285714285,14.285714285714285,3.1963470319634704,42.85714285714285,14.285714285714285,0.0,0.45662100456621,100.0,0.0,0.0,,,,,1.82648401826484,25.0,0.0,0.0,4.10958904109589,0.0,0.0,11.11111111111111,0.91324200913242,0.0,0.0,0.0,4.10958904109589,11.11111111111111,0.0,0.0,0.45662100456621,0.0,0.0,0.0,1.36986301369863,0.0,0.0,0.0,,,,,,,,
Mardy Fish,0.5227963525835866,0.7558139534883721,0.5031847133757962,0.3376906318082788,0.1931758530183727,0.194750656167979,0.0425531914893617,0.1296859169199594,0.3375527426160337,0.1969057665260196,0.4627285513361462,0.092330603,0.403225806,0.116935484,0.092741935,0.681451613,53.16455696202531,10.22408963585434,4.271708683473389,11.484593837535014,46.7982129560685,7.478122513922036,6.284805091487669,13.126491646778044,44.303797468354425,6.050420168067227,4.033613445378151,12.436974789915968,39.35219657483246,5.676442762535478,6.244087038789026,13.623462630085148,3.276247207743857,1.1363636363636365,1.1363636363636365,1.1363636363636365,2.8294862248696946,0.0,1.3157894736842104,5.263157894736842,3.1273268801191363,45.23809523809524,8.333333333333332,13.095238095238097,3.5740878629932986,31.25,10.416666666666668,15.625,1.4519731943410277,69.23076923076923,5.128205128205128,5.128205128205128,0.1116902457185405,33.33333333333333,0.0,0.0,0.2233804914370811,33.33333333333333,0.0,16.666666666666664,0.1861504095309009,0.0,20.0,40.0,0.2606105733432614,57.14285714285714,0.0,0.0,0.2978406552494415,12.5,0.0,0.0,0.4095309009679821,0.0,27.27272727272727,9.090909090909092,0.3350707371556217,11.11111111111111,0.0,0.0,0.1116902457185405,66.66666666666666,0.0,0.0,0.1116902457185405,33.33333333333333,33.33333333333333,0.0
Mariano Navone,0.6694677871148459,0.5774058577405857,0.461864406779661,0.4153846153846154,0.1133659902029391,0.198740377886634,0.0308123249299719,0.0504201680672268,0.2465753424657534,0.2387475538160469,0.512720156555773,0.022363151,0.328358209,0.134328358,0.119402985,0.641791045,50.967957276368494,5.566470203012443,4.322200392927308,10.740013097576949,48.73164218958612,2.808219178082192,3.767123287671233,6.712328767123288,45.26034712950601,4.351032448377581,4.351032448377581,11.209439528023598,43.55807743658211,2.681992337164751,3.371647509578544,6.590038314176246,3.337783711615487,4.0,1.0,1.0,3.704939919893191,0.9009009009009008,3.603603603603604,9.00900900900901,0.3337783711615487,50.0,10.0,0.0,0.3004005340453938,33.33333333333333,22.22222222222222,11.11111111111111,0.9345794392523364,39.285714285714285,3.571428571428571,17.857142857142858,0.0333778371161548,0.0,100.0,0.0,0.3337783711615487,30.0,20.0,30.0,0.4005340453938585,16.666666666666664,25.0,0.0,0.3671562082777035,0.0,0.0,0.0,0.5006675567423231,0.0,0.0,6.666666666666667,0.1668891855807743,40.0,0.0,20.0,0.2002670226969292,0.0,0.0,0.0,0.233644859813084,14.285714285714285,28.57142857142857,28.57142857142857,0.0333778371161548,0.0,100.0,0.0
Mariano Puerta,0.6057692307692307,0.5238095238095238,0.5853658536585366,0.325,0.1294642857142857,0.2008928571428571,0.0,0.0192307692307692,0.2903225806451613,0.2258064516129032,0.4838709677419355,0.051522248,0.545454545,0.045454545,0.090909091,0.727272727,53.62997658079626,7.860262008733625,7.423580786026202,9.60698689956332,46.37002341920375,4.545454545454546,2.0202020202020203,11.616161616161616,49.41451990632319,5.687203791469194,7.109004739336493,10.42654028436019,31.14754098360656,1.5037593984962403,0.7518796992481203,12.030075187969924,1.1709601873536302,0.0,0.0,0.0,11.475409836065571,0.0,6.122448979591836,10.20408163265306,1.405152224824356,33.33333333333333,33.33333333333333,0.0,2.107728337236534,66.66666666666666,0.0,0.0,0.936768149882904,100.0,0.0,0.0,,,,,,,,,1.405152224824356,16.666666666666664,0.0,16.666666666666664,0.234192037470726,0.0,0.0,0.0,,,,,0.468384074941452,0.0,0.0,0.0,0.234192037470726,0.0,0.0,100.0,,,,,,,,
Mariano Zabaleta,0.4927536231884058,0.6176470588235294,0.5428571428571428,0.3548387096774194,0.1450381679389313,0.2442748091603053,0.0289855072463768,0.0421455938697318,0.2869955156950672,0.1928251121076233,0.5201793721973094,0.05141129,0.431372549,0.156862745,0.098039216,0.725490196,57.377049180327866,8.571428571428571,3.571428571428571,10.714285714285714,42.21311475409836,1.9417475728155336,5.825242718446602,14.563106796116504,51.63934426229508,3.968253968253968,2.380952380952381,10.317460317460316,34.01639344262295,0.0,4.819277108433735,15.66265060240964,0.819672131147541,0.0,0.0,0.0,4.918032786885246,0.0,0.0,8.333333333333332,2.0491803278688523,40.0,20.0,40.0,1.2295081967213115,0.0,33.33333333333333,33.33333333333333,1.2295081967213115,100.0,0.0,0.0,,,,,1.2295081967213115,66.66666666666666,33.33333333333333,0.0,1.2295081967213115,0.0,33.33333333333333,0.0,0.4098360655737705,0.0,0.0,0.0,0.819672131147541,100.0,0.0,0.0,,,,,,,,,,,,,,,,
Marin Cilic,0.5743076923076923,0.7481918028395392,0.4853632092518973,0.3436724565756824,0.1896045721346926,0.2030429409947482,0.0427692307692307,0.1366153846153846,0.312213588364216,0.2183701932655907,0.4684200039848575,0.034592788,0.500732064,0.128843338,0.089311859,0.711566618,54.93314424635333,10.91646690023972,7.016411580306103,12.281025262769685,45.051661264181526,4.305789769533446,3.766160764474424,11.455874086565483,50.93192868719611,9.009546539379476,7.020684168655529,12.390612569610184,38.11284440842788,3.335548172757475,3.893687707641196,12.106312292358805,1.139586709886548,2.666666666666667,1.7777777777777777,3.555555555555556,5.080024311183144,1.1964107676969091,1.4955134596211366,5.383848454636091,0.9521880064829822,51.59574468085106,6.914893617021277,14.893617021276595,1.038290113452188,40.0,9.75609756097561,13.658536585365855,1.053484602917342,61.05769230769232,10.096153846153848,13.942307692307692,0.0354538087520259,57.14285714285714,14.285714285714285,0.0,0.3596029173419773,28.169014084507044,7.042253521126761,22.53521126760564,0.4659643435980551,29.347826086956523,4.3478260869565215,25.0,0.2228525121555915,6.8181818181818175,13.636363636363637,9.090909090909092,0.2127228525121555,0.0,4.761904761904762,2.380952380952381,0.0861021069692058,41.17647058823529,0.0,0.0,0.0810372771474878,25.0,0.0,0.0,0.1873987034035656,48.64864864864865,16.216216216216218,2.702702702702702,0.0253241491085899,60.0,0.0,40.0
Marinko Matosevic,0.6057268722466961,0.7054545454545454,0.4189944134078212,0.3065326633165829,0.1349765258215962,0.2089201877934272,0.0550660792951541,0.0748898678414096,0.2655737704918032,0.2327868852459016,0.5016393442622951,0.067291312,0.329113924,0.17721519,0.075949367,0.556962025,45.826235093696766,7.62081784386617,6.877323420074349,14.49814126394052,54.173764906303234,6.289308176100629,5.345911949685535,11.79245283018868,40.3747870528109,4.430379746835443,7.383966244725738,14.135021097046414,42.24872231686542,5.846774193548387,5.040322580645161,12.5,0.9369676320272572,0.0,9.090909090909092,0.0,8.17717206132879,1.0416666666666663,4.166666666666666,7.291666666666667,2.4701873935264054,31.03448275862069,0.0,24.13793103448276,2.12947189097104,20.0,20.0,12.0,1.0221465076660987,66.66666666666666,0.0,25.0,0.0851788756388415,100.0,0.0,0.0,0.3407155025553662,25.0,0.0,25.0,0.3407155025553662,50.0,0.0,0.0,0.1703577512776831,50.0,0.0,0.0,0.6814310051107325,0.0,0.0,25.0,0.4258943781942078,0.0,20.0,0.0,0.5110732538330494,33.33333333333333,0.0,16.666666666666664,0.0851788756388415,100.0,0.0,0.0,,,,
Mario Ancic,0.6007326007326007,0.7215447154471545,0.4281345565749235,0.2810457516339869,0.144570707070707,0.1660353535353535,0.0317460317460317,0.0879120879120879,0.2962264150943396,0.2566037735849056,0.4471698113207547,0.123269317,0.282608696,0.141304348,0.134057971,0.630434783,48.95042429656096,8.485401459854014,6.660583941605839,9.854014598540148,51.04957570343903,5.599300087489064,5.511811023622047,11.286089238845143,41.49173738276016,5.489773950484392,6.243272335844995,9.795479009687837,35.55158552925413,2.638190954773869,4.0201005025125625,11.306532663316585,1.6078606520768202,0.0,0.0,0.0,7.6373380973648946,1.1695906432748535,2.923976608187134,7.602339181286549,3.974988834301027,29.21348314606741,13.48314606741573,16.853932584269664,5.582849486377847,28.8,15.2,18.4,0.8485931219294328,73.68421052631578,10.526315789473683,5.263157894736842,0.0446627958910227,0.0,0.0,0.0,0.0893255917820455,50.0,0.0,50.0,0.5806163465832961,7.6923076923076925,23.07692307692308,7.6923076923076925,0.0893255917820455,0.0,0.0,0.0,0.6252791424743189,21.428571428571427,7.142857142857142,14.285714285714285,0.7592675301473872,0.0,0.0,0.0,1.027244305493524,4.3478260869565215,13.043478260869565,0.0,0.0893255917820455,50.0,50.0,0.0,,,,
Mario Vilella Martinez,0.7358490566037735,0.717948717948718,0.6428571428571429,0.4883720930232558,0.1354166666666666,0.1041666666666666,0.0377358490566037,0.0754716981132075,0.375,0.2916666666666667,0.3333333333333333,0.013986014,1.0,0.0,0.0,1.0,55.24475524475524,10.126582278481012,6.329113924050633,6.329113924050633,41.95804195804196,1.6666666666666667,3.333333333333333,3.333333333333333,49.65034965034965,7.042253521126761,7.042253521126761,7.042253521126761,37.06293706293706,1.8867924528301887,3.7735849056603774,3.7735849056603774,3.4965034965034967,0.0,0.0,0.0,2.797202797202797,0.0,0.0,0.0,0.6993006993006993,100.0,0.0,0.0,,,,,0.6993006993006993,100.0,0.0,0.0,,,,,0.6993006993006993,100.0,0.0,0.0,,,,,,,,,2.097902097902098,0.0,0.0,0.0,,,,,,,,,,,,,,,,
Marius Copil,0.59846547314578,0.7435897435897436,0.5668789808917197,0.3501326259946949,0.19140625,0.2057291666666666,0.0383631713554987,0.1636828644501279,0.282312925170068,0.2312925170068027,0.4863945578231292,0.085271318,0.340909091,0.181818182,0.147727273,0.670454545,43.507751937984494,11.1358574610245,7.126948775055679,15.367483296213807,56.395348837209305,5.670103092783505,6.185567010309279,12.714776632302405,36.72480620155039,8.443271767810026,7.387862796833773,15.03957783641161,28.68217054263566,4.72972972972973,6.418918918918918,15.202702702702704,2.131782945736434,0.0,0.0,9.090909090909092,20.833333333333336,1.3953488372093024,1.8604651162790693,6.976744186046512,2.9069767441860463,46.66666666666666,10.0,13.333333333333334,3.585271317829457,29.72972972972973,16.216216216216218,16.216216216216218,0.5813953488372093,50.0,0.0,16.666666666666664,0.0968992248062015,0.0,100.0,0.0,0.0968992248062015,0.0,0.0,100.0,1.4534883720930232,13.333333333333334,20.0,40.0,0.4844961240310077,0.0,0.0,20.0,0.9689922480620154,20.0,10.0,0.0,0.3875968992248062,0.0,25.0,50.0,0.7751937984496124,12.5,25.0,25.0,0.1937984496124031,50.0,0.0,50.0,,,,
Mark Lajal,0.6842105263157895,0.6461538461538462,0.5333333333333333,0.3204419889502762,0.1293800539083558,0.1401617250673854,0.0368421052631578,0.1,0.284313725490196,0.2745098039215686,0.4411764705882353,0.03131524,0.466666667,0.133333333,0.133333333,0.733333333,58.455114822546975,8.214285714285714,6.785714285714286,9.285714285714286,41.33611691022965,3.0303030303030303,4.545454545454546,9.595959595959595,52.4008350730689,5.9760956175298805,7.171314741035857,9.56175298804781,33.194154488517746,2.515723270440252,4.40251572327044,10.69182389937107,2.7139874739039667,0.0,0.0,0.0,5.219206680584551,0.0,0.0,4.0,1.0438413361169103,80.0,0.0,20.0,0.8350730688935281,25.0,25.0,0.0,0.417536534446764,50.0,0.0,50.0,0.208768267223382,0.0,100.0,0.0,0.8350730688935281,50.0,25.0,0.0,1.0438413361169103,20.0,0.0,20.0,0.6263048016701461,0.0,0.0,0.0,0.6263048016701461,0.0,0.0,0.0,0.208768267223382,0.0,0.0,0.0,0.208768267223382,0.0,0.0,0.0,0.208768267223382,100.0,0.0,0.0,,,,
Mark Philippoussis,0.6068796068796068,0.819838056680162,0.534375,0.3107947805456702,0.1925165962582981,0.1231140615570307,0.0515970515970515,0.1826042726347914,0.3733552631578947,0.25,0.3766447368421052,0.157555503,0.337878788,0.131818182,0.131818182,0.618181818,42.84940411700975,14.285714285714285,9.355246523388116,10.11378002528445,57.15059588299025,5.402843601895735,5.402843601895735,7.772511848341232,34.66955579631636,9.375,8.90625,8.75,27.78981581798483,3.313840155945419,5.458089668615984,9.551656920077972,0.7583965330444203,0.0,0.0,0.0,21.072589382448538,1.0282776349614395,2.313624678663239,3.5989717223650386,4.821235102925243,40.44943820224719,13.48314606741573,17.97752808988764,5.90465872156013,30.275229357798167,14.678899082568808,13.761467889908255,1.2459371614301191,60.86956521739131,8.695652173913043,17.391304347826086,0.1625135427952329,33.33333333333333,33.33333333333333,0.0,0.0541711809317443,0.0,0.0,100.0,0.4875406283856988,0.0,22.22222222222222,22.22222222222222,0.3791982665222101,14.285714285714285,0.0,0.0,0.9209100758396532,0.0,5.88235294117647,0.0,0.8125677139761647,6.666666666666667,20.0,20.0,0.7583965330444203,7.142857142857142,0.0,14.285714285714285,0.1083423618634886,50.0,0.0,0.0,0.0541711809317443,100.0,0.0,0.0
Markus Hipfl,0.6575342465753424,0.6458333333333334,0.6,0.3692307692307692,0.1739130434782608,0.1666666666666666,0.0410958904109589,0.0684931506849315,0.3877551020408163,0.2040816326530612,0.4081632653061224,0.086956522,0.357142857,0.142857143,0.071428571,0.714285714,57.7639751552795,16.129032258064516,6.451612903225806,10.75268817204301,42.2360248447205,5.88235294117647,5.88235294117647,14.705882352941178,40.37267080745342,15.384615384615383,9.230769230769232,13.846153846153848,11.180124223602483,16.666666666666664,5.555555555555555,22.22222222222222,11.180124223602483,0.0,0.0,0.0,24.22360248447205,0.0,2.564102564102564,7.6923076923076925,3.7267080745341614,50.0,0.0,16.666666666666664,3.7267080745341614,16.666666666666664,16.666666666666664,16.666666666666664,0.6211180124223602,100.0,0.0,0.0,,,,,0.6211180124223602,100.0,0.0,0.0,1.2422360248447204,0.0,0.0,100.0,1.2422360248447204,0.0,0.0,0.0,1.2422360248447204,0.0,50.0,0.0,,,,,0.6211180124223602,0.0,0.0,0.0,,,,,,,,
Marsel Ilhan,0.5853658536585366,0.625,0.1176470588235294,0.2619047619047619,0.0481927710843373,0.3132530120481928,0.024390243902439,0.073170731707317,0.0294117647058823,0.2352941176470588,0.7352941176470589,0.025,0.0,0.0,0.0,1.0,68.33333333333333,0.0,8.536585365853659,23.17073170731708,31.666666666666664,2.631578947368421,2.631578947368421,15.789473684210526,66.66666666666666,0.0,8.75,23.75,21.666666666666668,3.8461538461538463,3.8461538461538463,19.23076923076924,0.8333333333333334,0.0,0.0,0.0,8.333333333333332,0.0,0.0,10.0,,,,,1.6666666666666667,0.0,0.0,0.0,0.8333333333333334,0.0,0.0,0.0,,,,,,,,,,,,,,,,,,,,,,,,,,,,,,,,,,,,
Martin Borisiouk,0.6129032258064516,0.6578947368421053,0.25,0.2962962962962963,0.0862068965517241,0.1896551724137931,0.064516129032258,0.064516129032258,0.1621621621621621,0.3513513513513513,0.4864864864864865,0.023622047,0.333333333,0.166666667,0.0,0.5,44.48818897637795,2.6548672566371683,7.964601769911504,9.734513274336283,55.51181102362205,2.127659574468085,2.8368794326241136,4.964539007092199,43.30708661417323,2.727272727272727,8.181818181818182,8.181818181818182,45.66929133858268,0.8620689655172413,3.4482758620689653,3.4482758620689653,0.3937007874015747,0.0,0.0,100.0,7.480314960629922,0.0,0.0,5.263157894736842,0.3937007874015747,0.0,0.0,100.0,1.1811023622047243,66.66666666666666,0.0,0.0,0.3937007874015747,0.0,0.0,0.0,0.3937007874015747,0.0,0.0,0.0,,,,,,,,,,,,,0.7874015748031495,0.0,0.0,100.0,,,,,,,,,,,,,,,,
Martin Cuevas,0.5979381443298969,0.6724137931034483,0.4102564102564102,0.3461538461538461,0.0857142857142857,0.2457142857142857,0.0824742268041237,0.0206185567010309,0.2363636363636363,0.1272727272727272,0.6363636363636364,0.01242236,0.75,0.0,0.0,0.75,48.75776397515528,5.095541401273886,0.6369426751592357,12.738853503184714,51.24223602484472,3.0303030303030303,3.636363636363636,9.090909090909092,44.099378881987576,2.8169014084507045,0.7042253521126761,14.084507042253522,45.03105590062112,2.7586206896551726,4.137931034482759,9.655172413793103,2.484472049689441,12.5,0.0,0.0,4.3478260869565215,7.142857142857142,0.0,7.142857142857142,0.3105590062111801,100.0,0.0,0.0,0.3105590062111801,0.0,0.0,0.0,0.6211180124223602,100.0,0.0,0.0,,,,,,,,,,,,,1.2422360248447204,0.0,0.0,0.0,1.5527950310559009,0.0,0.0,0.0,,,,,,,,,,,,,,,,
Martin Klizan,0.6162215628090999,0.7030497592295345,0.5051546391752577,0.3736479842674532,0.1499013806706114,0.2120315581854043,0.0415430267062314,0.0791295746785361,0.2786069651741293,0.2375621890547263,0.4825870646766169,0.034503817,0.389380531,0.212389381,0.07079646,0.592920354,51.908396946564885,9.647058823529411,5.941176470588236,12.23529411764706,48.03053435114504,3.814367450731087,5.72155117609663,11.44310235219326,45.00763358778626,7.327001356852103,5.970149253731343,12.279511533242877,42.16793893129771,3.041274438812455,5.792903692976104,11.513396089790009,1.8931297709923665,0.0,4.838709677419355,3.225806451612903,3.664122137404581,0.8333333333333334,2.5,5.0,1.2213740458015268,37.5,2.5,22.5,0.9465648854961832,38.70967741935484,9.67741935483871,19.35483870967742,0.6412213740458015,57.14285714285714,4.761904761904762,19.047619047619047,0.0305343511450381,0.0,0.0,0.0,2.351145038167939,32.467532467532465,6.493506493506493,12.987012987012983,0.3053435114503817,0.0,10.0,50.0,0.3358778625954198,0.0,0.0,0.0,0.7633587786259541,16.0,12.0,4.0,0.183206106870229,16.666666666666664,16.666666666666664,33.33333333333333,0.0916030534351145,33.33333333333333,0.0,33.33333333333333,0.2748091603053435,33.33333333333333,22.22222222222222,0.0,0.0610687022900763,0.0,0.0,100.0
Martin Landaluce,0.5298013245033113,0.6625,0.4225352112676056,0.3225806451612903,0.1381818181818181,0.2872727272727273,0.0596026490066225,0.0264900662251655,0.2556390977443609,0.2180451127819548,0.5263157894736842,0.026022305,0.5,0.071428571,0.214285714,0.785714286,52.973977695167285,7.017543859649122,6.666666666666667,12.63157894736842,47.02602230483272,5.533596837944664,3.9525691699604746,13.438735177865611,47.39776951672863,4.705882352941177,6.666666666666667,12.941176470588236,41.2639405204461,4.504504504504505,3.153153153153153,13.963963963963964,2.7881040892193307,6.666666666666667,0.0,0.0,2.973977695167286,6.25,0.0,6.25,0.1858736059479553,100.0,0.0,0.0,1.1152416356877324,50.0,16.666666666666664,0.0,0.7434944237918215,75.0,0.0,25.0,,,,,1.3011152416356877,42.85714285714285,14.285714285714285,28.57142857142857,0.929368029739777,0.0,20.0,40.0,0.1858736059479553,0.0,0.0,0.0,0.5576208178438662,0.0,0.0,0.0,0.1858736059479553,0.0,0.0,0.0,0.1858736059479553,0.0,100.0,0.0,0.1858736059479553,0.0,100.0,0.0,,,,
Martin Redlicki,0.6785714285714286,0.7631578947368421,0.2222222222222222,0.375,0.1666666666666666,0.3083333333333333,0.0714285714285714,0.0714285714285714,0.2857142857142857,0.125,0.5892857142857143,0.119791667,0.565217391,0.086956522,0.043478261,0.782608696,57.29166666666666,10.909090909090908,2.727272727272727,17.272727272727273,42.1875,4.938271604938271,4.938271604938271,17.28395061728395,47.91666666666667,3.260869565217391,3.260869565217391,19.565217391304348,26.041666666666668,0.0,6.0,22.0,1.0416666666666663,0.0,0.0,0.0,11.458333333333332,0.0,0.0,9.090909090909092,5.729166666666666,72.72727272727273,0.0,9.090909090909092,4.166666666666666,37.5,12.5,12.5,,,,,0.5208333333333333,100.0,0.0,0.0,1.0416666666666663,0.0,0.0,0.0,,,,,,,,,,,,,0.5208333333333333,0.0,0.0,0.0,,,,,1.0416666666666663,50.0,0.0,0.0,,,,
Martin Verkerk,0.5819672131147541,0.6971830985915493,0.284313725490196,0.3160621761658031,0.2036613272311213,0.2471395881006865,0.0655737704918032,0.1557377049180328,0.2982456140350877,0.1637426900584795,0.5380116959064327,0.026744186,0.608695652,0.130434783,0.086956522,0.695652174,49.88372093023256,5.827505827505827,3.7296037296037294,10.256410256410255,50.11627906976744,6.0324825986078885,2.784222737819025,11.1368909512761,43.13953488372093,3.7735849056603774,4.043126684636119,11.05121293800539,38.95348837209303,5.970149253731343,2.985074626865672,12.53731343283582,4.418604651162791,0.0,0.0,2.631578947368421,9.534883720930234,0.0,1.2195121951219512,4.878048780487805,0.9302325581395348,62.5,12.5,12.5,0.813953488372093,28.57142857142857,14.285714285714285,28.57142857142857,0.5813953488372093,80.0,0.0,0.0,0.2325581395348837,100.0,0.0,0.0,0.2325581395348837,50.0,0.0,50.0,0.4651162790697674,50.0,0.0,0.0,0.4651162790697674,0.0,0.0,0.0,0.1162790697674418,0.0,0.0,0.0,,,,,,,,,0.1162790697674418,100.0,0.0,0.0,,,,
Marton Fucsovics,0.581151832460733,0.6777954425013248,0.4970588235294118,0.3766427718040621,0.1360121304018195,0.1948445792266868,0.0375731444410224,0.0560517400677548,0.295332507228418,0.2238744320528707,0.4803800082610491,0.028368269,0.522193211,0.104438642,0.107049608,0.736292428,51.38878601585068,7.422888440472759,5.131161718074373,9.411934275007209,48.5815865491445,3.049245311785333,2.820551913401433,7.7755755450526,45.77438708243834,5.792880258899676,5.242718446601942,9.789644012944985,30.69402266498778,2.195945945945946,2.702702702702702,8.252895752895753,2.99237093548626,0.7425742574257426,0.7425742574257426,1.7326732673267329,15.280349603733058,0.7270964614638876,1.4541929229277752,6.398448860882211,0.7851270276275831,55.66037735849056,8.49056603773585,13.20754716981132,1.1850974001925785,50.0,14.374999999999998,11.875,0.5481075475890675,58.108108108108105,6.756756756756757,6.756756756756757,0.0296274350048144,25.0,0.0,25.0,0.7332790163691578,36.36363636363637,11.11111111111111,19.19191919191919,0.5481075475890675,9.45945945945946,16.216216216216218,21.62162162162162,0.3481223613065698,4.25531914893617,2.127659574468085,4.25531914893617,0.7629064513739723,2.912621359223301,6.796116504854369,0.0,0.1036960225168506,42.85714285714285,14.285714285714285,0.0,0.0814754462632397,27.27272727272727,9.090909090909092,0.0,0.1036960225168506,57.14285714285714,7.142857142857142,7.142857142857142,,,,
Masamichi Imamura,0.7254901960784313,0.6216216216216216,0.7142857142857143,0.2456140350877192,0.1203703703703703,0.1111111111111111,0.0,0.0784313725490196,0.3,0.3,0.4,0.060150376,0.25,0.125,0.0,0.375,54.13533834586466,8.333333333333332,6.944444444444445,9.722222222222223,45.86466165413533,4.918032786885246,6.557377049180328,8.19672131147541,48.1203007518797,7.8125,6.25,9.375,34.58646616541353,2.1739130434782608,8.695652173913043,10.869565217391305,1.5037593984962403,0.0,50.0,0.0,9.022556390977442,8.333333333333332,0.0,0.0,3.7593984962406015,20.0,0.0,20.0,1.5037593984962403,50.0,0.0,0.0,0.7518796992481203,0.0,0.0,0.0,,,,,,,,,,,,,,,,,0.7518796992481203,0.0,0.0,0.0,,,,,,,,,,,,,,,,
Mate Delic,0.5892857142857143,0.5151515151515151,0.3478260869565217,0.2162162162162162,0.1290322580645161,0.3978494623655914,0.0357142857142857,0.0,0.2448979591836734,0.0408163265306122,0.7142857142857143,0.016042781,0.666666667,0.333333333,0.0,0.666666667,56.68449197860963,9.433962264150944,0.9433962264150944,22.641509433962263,43.31550802139038,2.469135802469136,1.2345679012345678,13.580246913580249,55.61497326203209,8.653846153846153,0.9615384615384616,23.07692307692308,37.4331550802139,0.0,1.4285714285714286,14.285714285714285,0.53475935828877,0.0,0.0,0.0,3.7433155080213902,0.0,0.0,0.0,,,,,1.06951871657754,50.0,0.0,50.0,0.53475935828877,100.0,0.0,0.0,,,,,,,,,1.06951871657754,50.0,0.0,0.0,,,,,,,,,,,,,,,,,,,,,,,,
Mate Valkusz,0.6419753086419753,0.4807692307692308,0.5517241379310345,0.5,0.1275167785234899,0.2348993288590604,0.0617283950617283,0.0246913580246913,0.2833333333333333,0.2166666666666666,0.5,0.019283747,0.857142857,0.0,0.0,1.0,53.71900826446281,5.128205128205128,5.128205128205128,8.717948717948717,46.28099173553719,4.166666666666666,1.7857142857142856,7.738095238095238,48.209366391184574,2.857142857142857,5.714285714285714,9.142857142857142,41.59779614325069,3.9735099337748334,1.9867549668874167,7.28476821192053,3.3057851239669422,0.0,0.0,8.333333333333332,2.479338842975207,0.0,0.0,22.22222222222222,0.2754820936639118,100.0,0.0,0.0,0.5509641873278237,50.0,0.0,0.0,0.5509641873278237,100.0,0.0,0.0,,,,,0.5509641873278237,0.0,0.0,0.0,,,,,0.2754820936639118,0.0,0.0,0.0,1.6528925619834711,0.0,0.0,0.0,,,,,,,,,0.5509641873278237,100.0,0.0,0.0,,,,
Mateus Alves,0.725609756097561,0.6974789915966386,0.4888888888888889,0.3461538461538461,0.1375,0.140625,0.0121951219512195,0.1097560975609756,0.2574257425742574,0.3069306930693069,0.4257425742574257,0.018832392,0.5,0.3,0.0,0.5,59.51035781544256,6.645569620253164,7.9113924050632916,6.962025316455696,40.48964218455744,2.3255813953488373,2.7906976744186047,9.767441860465116,52.54237288135594,6.093189964157706,8.60215053763441,6.451612903225806,31.63841807909605,1.7857142857142856,2.976190476190476,6.547619047619048,4.896421845574388,0.0,0.0,0.0,7.909604519774012,0.0,2.380952380952381,21.428571428571427,0.7532956685499058,100.0,0.0,0.0,0.1883239171374764,100.0,0.0,0.0,0.7532956685499058,0.0,0.0,75.0,,,,,0.3766478342749529,0.0,50.0,50.0,0.5649717514124294,33.33333333333333,0.0,0.0,,,,,0.1883239171374764,0.0,0.0,100.0,0.1883239171374764,0.0,0.0,0.0,,,,,,,,,,,,
Mathias Bourgue,0.5833333333333334,0.7428571428571429,0.4,0.2631578947368421,0.1367521367521367,0.3504273504273504,0.0833333333333333,0.0666666666666666,0.2033898305084746,0.1864406779661017,0.6101694915254238,0.026737968,0.0,0.4,0.4,0.6,41.17647058823529,10.38961038961039,10.38961038961039,18.181818181818183,58.82352941176471,3.636363636363636,2.727272727272727,20.0,36.898395721925134,11.594202898550725,10.144927536231885,18.84057971014493,51.87165775401069,4.123711340206185,2.061855670103093,17.525773195876287,3.2085561497326207,0.0,0.0,16.666666666666664,3.2085561497326207,0.0,0.0,33.33333333333333,,,,,2.13903743315508,0.0,25.0,50.0,0.53475935828877,0.0,100.0,0.0,,,,,,,,,0.53475935828877,0.0,0.0,100.0,0.53475935828877,0.0,0.0,0.0,1.06951871657754,0.0,0.0,0.0,,,,,,,,,,,,,,,,
Matt Reid,0.5531914893617021,0.6346153846153846,0.5476190476190477,0.3738317757009345,0.1194029850746268,0.2388059701492537,0.0531914893617021,0.1170212765957446,0.1857142857142857,0.2,0.6142857142857143,0.035031847,0.0,0.272727273,0.090909091,0.090909091,60.509554140127385,5.263157894736842,6.842105263157896,12.63157894736842,39.490445859872615,2.419354838709677,0.8064516129032258,15.32258064516129,56.36942675159236,5.649717514124294,6.779661016949152,12.994350282485875,27.70700636942675,3.4482758620689653,0.0,12.643678160919542,0.9554140127388536,0.0,0.0,0.0,8.9171974522293,0.0,0.0,14.285714285714285,1.5923566878980893,0.0,0.0,0.0,0.6369426751592357,0.0,0.0,100.0,0.6369426751592357,0.0,50.0,50.0,,,,,0.3184713375796179,0.0,0.0,0.0,1.910828025477707,0.0,16.666666666666664,33.33333333333333,,,,,0.3184713375796179,0.0,0.0,0.0,0.6369426751592357,0.0,0.0,0.0,,,,,,,,,,,,
Matteo Arnaldi,0.5549206349206349,0.6739130434782609,0.4978601997146933,0.3597074468085106,0.1896719714192919,0.2120818447547905,0.0361904761904761,0.1244444444444444,0.3198680956306677,0.18878812860676,0.4913437757625721,0.044052045,0.47257384,0.164556962,0.063291139,0.658227848,51.00371747211896,10.64139941690962,5.1384839650145775,12.718658892128278,48.921933085501855,3.609422492401216,3.343465045592705,9.346504559270516,39.14498141263941,8.262108262108262,5.650522317188984,14.007597340930674,39.25650557620818,2.793560606060606,3.929924242424242,9.943181818181818,5.910780669144981,0.628930817610063,0.3144654088050315,1.8867924528301887,6.821561338289962,1.3623978201634876,0.0,5.177111716621254,1.7100371747211895,46.73913043478261,8.695652173913043,14.130434782608695,1.0223048327137547,40.0,1.818181818181818,21.818181818181817,1.1152416356877324,63.33333333333333,5.0,13.333333333333334,0.037174721189591,0.0,0.0,0.0,2.0817843866171004,18.75,7.142857142857142,19.642857142857142,0.5762081784386617,12.903225806451612,9.67741935483871,6.451612903225806,0.6691449814126395,13.88888888888889,0.0,0.0,1.0594795539033457,8.771929824561402,0.0,3.508771929824561,0.1672862453531598,44.44444444444444,11.11111111111111,22.22222222222222,0.1301115241635687,0.0,14.285714285714285,14.285714285714285,0.2044609665427509,45.45454545454545,9.090909090909092,27.27272727272727,0.0185873605947955,0.0,0.0,0.0
Matteo Berrettini,0.6506043256997456,0.7800048887802493,0.5134274010013655,0.3317513051732321,0.2025537314616543,0.1893885320009517,0.0219465648854961,0.1693702290076336,0.3201376936316695,0.1944922547332186,0.4842943201376936,0.035855523,0.542647059,0.139705882,0.092647059,0.735294118,52.05905615607699,11.972044971133394,6.532968702522029,12.96465106857085,47.930398101766414,3.3663366336633667,2.838283828382838,10.68206820682068,43.480094911679416,9.592529711375212,6.791171477079796,13.909774436090224,25.789612443975745,2.637497444285422,2.801063177264364,11.040686976078511,4.582124967044556,1.8411967779056384,1.380897583429229,2.3014959723820483,19.061428948062225,0.9128630705394192,2.0193637621023512,9.073305670816044,1.1916688636962829,58.849557522123895,6.637168141592921,15.04424778761062,1.144213023991563,42.85714285714285,10.599078341013826,16.589861751152075,0.9227524387028736,71.42857142857143,8.571428571428571,8.571428571428571,0.0316372264698128,16.666666666666664,0.0,16.666666666666664,1.471131030846296,36.20071684587813,11.827956989247312,20.43010752688172,0.928025309781176,21.02272727272728,7.954545454545454,32.95454545454545,0.1845504877405747,11.428571428571429,11.428571428571429,0.0,0.9069338254679672,4.651162790697675,4.069767441860465,3.488372093023256,0.1318217769575534,28.000000000000004,12.0,12.0,0.0580015818613234,45.45454545454545,27.27272727272727,9.090909090909092,0.0949116794094384,27.77777777777778,16.666666666666664,22.22222222222222,0.0105457421566042,0.0,50.0,50.0
Matteo Martineau,0.6336633663366337,0.703125,0.3513513513513513,0.367816091954023,0.2074468085106383,0.2340425531914893,0.0594059405940594,0.1386138613861386,0.2747252747252747,0.3076923076923077,0.4175824175824176,0.0625,0.523809524,0.142857143,0.095238095,0.714285714,61.011904761904766,9.268292682926829,10.24390243902439,13.658536585365855,38.98809523809524,4.580152671755725,5.343511450381679,7.633587786259542,50.0,5.357142857142857,10.11904761904762,14.285714285714285,25.892857142857142,2.2988505747126435,5.747126436781609,6.896551724137931,3.273809523809524,9.090909090909092,0.0,0.0,8.630952380952381,0.0,0.0,6.896551724137931,1.488095238095238,80.0,0.0,0.0,2.6785714285714284,44.44444444444444,11.11111111111111,11.11111111111111,0.8928571428571428,66.66666666666666,0.0,33.33333333333333,,,,,4.166666666666666,14.285714285714285,28.57142857142857,14.285714285714285,1.488095238095238,0.0,0.0,20.0,0.2976190476190476,0.0,0.0,0.0,,,,,,,,,,,,,0.8928571428571428,33.33333333333333,0.0,33.33333333333333,0.2976190476190476,0.0,100.0,0.0
Matthew Ebden,0.591715976331361,0.65,0.4347826086956521,0.2941176470588235,0.1451355661881977,0.200956937799043,0.0680473372781065,0.1005917159763313,0.2663551401869158,0.2523364485981308,0.4813084112149532,0.10836278,0.304347826,0.130434783,0.076086957,0.554347826,55.59481743227326,9.322033898305085,8.898305084745763,13.347457627118644,44.40518256772673,3.4482758620689653,3.183023872679045,10.610079575596815,42.5206124852768,5.8171745152354575,9.695290858725762,13.850415512465377,26.97290930506478,1.7467248908296942,2.1834061135371177,12.22707423580786,5.1825677267373385,0.0,4.545454545454546,2.272727272727273,11.66077738515901,2.0202020202020203,3.0303030303030303,7.07070707070707,4.829210836277975,31.70731707317073,7.317073170731707,21.951219512195124,3.886925795053004,18.181818181818183,9.090909090909092,6.0606060606060606,1.413427561837456,66.66666666666666,0.0,8.333333333333332,0.1177856301531213,0.0,0.0,0.0,0.5889281507656066,20.0,20.0,40.0,0.8244994110718492,14.285714285714285,14.285714285714285,42.85714285714285,0.5889281507656066,0.0,0.0,0.0,0.8244994110718492,0.0,0.0,0.0,0.4711425206124852,25.0,25.0,0.0,0.1177856301531213,0.0,0.0,0.0,,,,,,,,
Matthias Bachinger,0.5984848484848485,0.6455696202531646,0.3584905660377358,0.2307692307692307,0.1434977578475336,0.1659192825112107,0.0303030303030303,0.0984848484848484,0.2835820895522388,0.2238805970149253,0.4925373134328358,0.08490566,0.407407407,0.148148148,0.148148148,0.62962963,49.0566037735849,8.974358974358974,4.487179487179487,10.897435897435898,50.943396226415096,3.08641975308642,4.938271604938271,9.876543209876544,38.9937106918239,5.64516129032258,3.225806451612903,12.096774193548388,36.16352201257861,0.8695652173913043,5.217391304347826,11.304347826086955,3.459119496855346,0.0,0.0,0.0,8.80503144654088,0.0,0.0,3.571428571428571,3.1446540880503147,70.0,10.0,10.0,4.088050314465408,30.76923076923077,7.6923076923076925,15.384615384615383,0.9433962264150944,0.0,66.66666666666666,33.33333333333333,,,,,0.3144654088050315,0.0,0.0,0.0,0.628930817610063,0.0,0.0,0.0,1.8867924528301887,0.0,0.0,0.0,1.257861635220126,0.0,25.0,0.0,0.3144654088050315,0.0,0.0,0.0,,,,,,,,,,,,
Mattia Bellucci,0.6148148148148148,0.7518072289156627,0.4923076923076923,0.3546423135464231,0.1501501501501501,0.1861861861861861,0.0503703703703703,0.1111111111111111,0.2670940170940171,0.2756410256410256,0.4572649572649572,0.03640257,0.388235294,0.129411765,0.105882353,0.658823529,49.42184154175589,7.279029462738301,6.5857885615251295,9.445407279029462,50.40685224839401,3.3984706881903146,4.502973661852167,8.920985556499575,35.33190578158458,6.181818181818182,6.909090909090909,11.272727272727272,40.856531049250535,2.515723270440252,4.19287211740042,9.643605870020965,8.865096359743042,0.4830917874396135,2.415458937198068,1.4492753623188406,6.423982869379015,0.6666666666666667,3.333333333333333,4.0,1.3276231263383298,32.25806451612903,12.903225806451612,9.67741935483871,1.070663811563169,28.000000000000004,12.0,20.0,0.9850107066381156,60.86956521739131,4.3478260869565215,13.043478260869565,,,,,1.970021413276232,13.043478260869565,15.217391304347828,15.217391304347828,1.0278372591006424,16.666666666666664,16.666666666666664,8.333333333333332,0.7708779443254818,0.0,5.555555555555555,0.0,0.9421841541755888,18.181818181818183,4.545454545454546,0.0,0.1284796573875803,33.33333333333333,33.33333333333333,0.0,0.0856531049250535,0.0,0.0,0.0,0.0428265524625267,100.0,0.0,0.0,,,,
Matwe Middelkoop,0.5660377358490566,0.8666666666666667,0.6086956521739131,0.3728813559322034,0.2321428571428571,0.125,0.0,0.1132075471698113,0.4545454545454545,0.2272727272727272,0.3181818181818182,0.04,0.5,0.166666667,0.333333333,0.833333333,54.0,20.98765432098765,6.172839506172839,11.11111111111111,46.0,4.3478260869565215,7.246376811594203,7.246376811594203,47.333333333333336,21.12676056338028,4.225352112676056,11.267605633802818,32.0,4.166666666666666,8.333333333333332,8.333333333333332,3.333333333333333,0.0,20.0,20.0,11.333333333333332,0.0,0.0,0.0,1.3333333333333337,50.0,50.0,0.0,2.0,33.33333333333333,33.33333333333333,33.33333333333333,,,,,,,,,,,,,,,,,1.3333333333333337,0.0,0.0,0.0,0.6666666666666667,0.0,0.0,0.0,,,,,,,,,0.6666666666666667,100.0,0.0,0.0,,,,
Mauricio Echazu,0.5423728813559322,0.53125,0.3333333333333333,0.3392857142857143,0.1043478260869565,0.4,0.1186440677966101,0.0,0.2181818181818181,0.0727272727272727,0.7090909090909091,0.029850746,0.666666667,0.333333333,0.0,0.666666667,64.6766169154229,6.153846153846154,2.307692307692308,20.0,35.32338308457712,5.633802816901409,1.4084507042253522,18.30985915492958,62.18905472636816,5.6000000000000005,2.4,19.2,32.33830845771145,1.5384615384615383,1.5384615384615383,20.0,0.9950248756218906,0.0,0.0,0.0,0.9950248756218906,0.0,0.0,0.0,0.4975124378109453,0.0,0.0,100.0,1.4925373134328357,100.0,0.0,0.0,0.9950248756218906,50.0,0.0,50.0,,,,,,,,,,,,,,,,,0.4975124378109453,0.0,0.0,0.0,,,,,,,,,,,,,,,,
Max Hans Rehberg,0.6074766355140186,0.7538461538461538,0.5476190476190477,0.2,0.1650943396226415,0.1273584905660377,0.0560747663551401,0.0373831775700934,0.492063492063492,0.1746031746031746,0.3333333333333333,0.016759777,0.833333333,0.0,0.0,1.0,54.18994413407822,12.371134020618555,5.154639175257731,4.639175257731959,45.81005586592179,4.2682926829268295,0.6097560975609756,7.317073170731707,48.04469273743017,10.465116279069768,5.232558139534884,4.651162790697675,43.85474860335196,4.45859872611465,0.6369426751592357,7.643312101910828,3.910614525139665,7.142857142857142,7.142857142857142,0.0,1.3966480446927374,0.0,0.0,0.0,,,,,,,,,0.8379888268156425,100.0,0.0,0.0,,,,,0.2793296089385474,0.0,0.0,100.0,0.2793296089385474,0.0,0.0,0.0,0.2793296089385474,0.0,0.0,0.0,0.2793296089385474,0.0,0.0,0.0,,,,,,,,,0.8379888268156425,66.66666666666666,0.0,0.0,,,,
Max Houkes,0.5486725663716814,0.7903225806451613,0.6666666666666666,0.5158730158730159,0.2175732217573222,0.209205020920502,0.0530973451327433,0.1504424778761062,0.3684210526315789,0.1684210526315789,0.4631578947368421,0.049295775,0.619047619,0.047619048,0.142857143,0.857142857,50.0,12.206572769953052,6.103286384976526,12.676056338028168,45.07042253521127,4.6875,1.5625,8.854166666666668,44.36619718309859,8.994708994708994,5.291005291005291,13.227513227513226,39.671361502347416,1.7751479289940828,1.183431952662722,8.875739644970414,0.9389671361502347,0.0,0.0,0.0,3.051643192488263,7.6923076923076925,0.0,7.6923076923076925,2.3474178403755865,50.0,20.0,10.0,0.9389671361502347,100.0,0.0,0.0,1.1737089201877933,80.0,0.0,0.0,,,,,0.7042253521126761,0.0,0.0,33.33333333333333,0.7042253521126761,33.33333333333333,0.0,33.33333333333333,,,,,0.7042253521126761,0.0,33.33333333333333,0.0,0.2347417840375587,0.0,0.0,0.0,,,,,0.2347417840375587,0.0,100.0,0.0,,,,
Max Mirnyi,0.6365105008077544,0.7563451776649747,0.4666666666666667,0.2689393939393939,0.2005231037489102,0.1203138622493461,0.0323101777059773,0.1195476575121163,0.467065868263473,0.1796407185628742,0.3532934131736527,0.366892546,0.284960422,0.084432718,0.100263852,0.638522427,41.626331074540175,21.3953488372093,5.813953488372093,10.0,57.986447241045504,10.684474123539232,5.843071786310518,12.520868113522535,21.49080348499516,11.711711711711713,2.702702702702702,9.45945945945946,18.97386253630204,9.693877551020408,6.122448979591836,23.46938775510204,1.452081316553727,6.666666666666667,0.0,0.0,18.68344627299129,0.0,1.5544041450777202,7.253886010362693,12.778315585672798,29.545454545454547,13.636363636363637,13.636363636363637,16.16650532429816,26.34730538922156,8.982035928143713,7.18562874251497,3.484995159728945,69.44444444444444,2.7777777777777777,5.555555555555555,,,,,0.4840271055179089,20.0,0.0,40.0,0.3872216844143272,0.0,25.0,50.0,0.3872216844143272,0.0,0.0,0.0,1.0648596321393995,9.090909090909092,0.0,9.090909090909092,1.452081316553727,0.0,0.0,0.0,2.7105517909002903,0.0,14.285714285714285,0.0,0.0968054211035818,0.0,0.0,0.0,,,,
Max Purcell,0.6512455516014235,0.7213114754098361,0.4897959183673469,0.321483771251932,0.1794871794871795,0.1902398676592225,0.0213523131672597,0.1494661921708185,0.2916666666666667,0.2280701754385964,0.4780701754385965,0.066046967,0.422222222,0.088888889,0.111111111,0.725925926,48.67906066536204,8.944723618090453,4.723618090452261,11.85929648241206,51.32093933463796,4.194470924690181,5.4337464251668255,9.532888465204955,30.62622309197652,7.507987220447284,5.431309904153355,14.057507987220449,28.913894324853228,2.8764805414551606,5.414551607445008,11.336717428087988,12.181996086105675,0.0,1.2048192771084338,8.032128514056225,17.074363992172213,0.8595988538681949,3.43839541547278,6.876790830945559,2.00587084148728,48.78048780487805,9.75609756097561,12.195121951219512,2.8375733855185907,36.206896551724135,15.517241379310343,8.620689655172415,1.1741682974559686,58.333333333333336,4.166666666666666,4.166666666666666,,,,,1.4187866927592954,24.13793103448276,6.896551724137931,13.79310344827586,0.929549902152642,10.526315789473683,10.526315789473683,10.526315789473683,0.9784735812133072,0.0,10.0,0.0,1.2720156555772992,0.0,7.6923076923076925,3.8461538461538463,0.2446183953033268,20.0,20.0,0.0,0.2935420743639921,16.666666666666664,0.0,16.666666666666664,0.0489236790606653,0.0,0.0,0.0,,,,
Maxime Cressy,0.6003649635036497,0.7957446808510639,0.5342465753424658,0.2915572232645403,0.2556891766882516,0.1744680851063829,0.1058394160583941,0.2682481751824817,0.3805882352941176,0.2341176470588235,0.3841176470588235,0.273431595,0.324809952,0.123704216,0.147892191,0.681409813,47.77021919879063,16.257911392405063,6.962025316455696,12.776898734177214,52.19198790627362,8.508327299058653,8.037653874004343,11.947863866763216,26.68178382464097,5.807365439093484,4.2492917847025495,14.093484419263454,24.263038548752835,5.529595015576324,5.529595015576324,15.732087227414327,5.366591080876796,2.112676056338028,4.225352112676056,6.338028169014084,14.833711262282693,0.7643312101910829,4.713375796178345,5.987261146496816,10.714285714285714,38.44797178130512,13.227513227513226,13.403880070546736,10.78987150415722,26.26970227670753,17.68826619964974,11.558669001751314,2.758881330309902,59.589041095890416,9.58904109589041,11.643835616438356,0.0944822373393802,20.0,20.0,0.0,0.472411186696901,32.0,12.0,12.0,0.2834467120181406,13.333333333333334,0.0,33.33333333333333,0.3023431594860166,6.25,6.25,0.0,0.4157218442932728,0.0,0.0,0.0,1.455026455026455,11.688311688311687,14.285714285714285,12.987012987012983,1.492819349962207,5.063291139240507,15.18987341772152,12.658227848101266,0.018896447467876,0.0,0.0,0.0,0.018896447467876,100.0,0.0,0.0
Maximilian Marterer,0.6624472573839663,0.6942675159235668,0.5625,0.2963800904977375,0.1604803493449781,0.1866812227074235,0.0274261603375527,0.090717299578059,0.3104477611940298,0.217910447761194,0.4716417910447761,0.02154047,0.484848485,0.151515152,0.121212121,0.696969697,55.54830287206266,10.223266745005876,5.992949471210341,9.9882491186839,43.929503916449086,2.526002971768202,3.268945022288262,10.549777117384844,50.65274151436031,9.149484536082474,5.670103092783505,9.922680412371134,37.27154046997389,1.926444833625219,3.1523642732049035,11.733800350262696,2.2845953002610964,0.0,8.571428571428571,0.0,5.156657963446476,0.0,3.79746835443038,3.79746835443038,0.5221932114882507,25.0,0.0,37.5,0.5874673629242819,66.66666666666666,0.0,11.11111111111111,0.8485639686684074,53.84615384615385,30.76923076923077,7.6923076923076925,,,,,0.8485639686684074,46.15384615384615,0.0,30.76923076923077,0.1305483028720626,0.0,50.0,0.0,0.3263707571801566,0.0,0.0,0.0,0.6527415143603132,0.0,0.0,0.0,0.0652741514360313,100.0,0.0,0.0,0.1305483028720626,0.0,0.0,0.0,,,,,,,,
Maximilian Neuchrist,0.7816091954022989,0.6029411764705882,0.4210526315789473,0.3194444444444444,0.1698113207547169,0.2641509433962264,0.0,0.0344827586206896,0.3,0.175,0.525,0.052009456,0.545454545,0.0,0.181818182,0.863636364,56.73758865248227,7.916666666666666,4.166666666666666,10.833333333333334,43.26241134751773,2.73224043715847,2.185792349726776,8.743169398907105,48.93617021276596,5.314009661835748,3.3816425120772946,12.07729468599034,22.22222222222222,1.0638297872340423,2.127659574468085,8.51063829787234,2.127659574468085,0.0,0.0,0.0,19.148936170212767,0.0,1.2345679012345678,9.876543209876544,1.6548463356973997,71.42857142857143,0.0,0.0,1.182033096926714,80.0,20.0,0.0,1.8912529550827424,37.5,12.5,0.0,,,,,0.2364066193853428,0.0,0.0,100.0,0.2364066193853428,0.0,0.0,0.0,1.4184397163120568,0.0,0.0,0.0,0.4728132387706856,0.0,0.0,0.0,0.2364066193853428,0.0,100.0,0.0,,,,,0.2364066193853428,0.0,100.0,0.0,,,,
Maximo Gonzalez,0.6833333333333333,0.7317073170731707,0.4210526315789473,0.5531914893617021,0.1588785046728972,0.1495327102803738,0.0333333333333333,0.0166666666666666,0.3555555555555555,0.3333333333333333,0.3111111111111111,0.06185567,0.333333333,0.083333333,0.083333333,0.75,45.876288659793815,10.112359550561797,6.741573033707865,3.3707865168539324,54.123711340206185,6.666666666666667,8.571428571428571,10.476190476190476,39.175257731958766,7.894736842105263,7.894736842105263,2.631578947368421,43.81443298969072,3.5294117647058822,9.411764705882351,10.588235294117649,1.0309278350515465,0.0,0.0,0.0,4.639175257731959,11.11111111111111,0.0,0.0,2.061855670103093,25.0,0.0,0.0,1.0309278350515465,0.0,50.0,0.0,2.061855670103093,50.0,0.0,25.0,0.5154639175257731,100.0,0.0,0.0,0.5154639175257731,0.0,0.0,0.0,2.5773195876288657,40.0,0.0,40.0,0.5154639175257731,0.0,0.0,0.0,1.5463917525773196,0.0,0.0,0.0,0.5154639175257731,0.0,0.0,0.0,,,,,,,,,,,,
Mees Rottgering,0.6030150753768844,0.6416666666666667,0.5316455696202531,0.3040935672514619,0.0918918918918919,0.1783783783783784,0.050251256281407,0.0150753768844221,0.2649572649572649,0.2564102564102564,0.4786324786324786,0.024169184,0.3125,0.125,0.0625,0.5625,54.68277945619335,5.801104972375691,4.972375690607735,10.220994475138122,45.31722054380665,3.333333333333333,4.0,6.333333333333334,49.24471299093656,4.9079754601227,5.214723926380368,10.122699386503069,38.36858006042296,3.149606299212598,4.330708661417323,7.086614173228346,1.9637462235649543,0.0,7.6923076923076925,7.6923076923076925,4.833836858006042,0.0,0.0,0.0,0.7552870090634441,40.0,0.0,20.0,0.7552870090634441,20.0,20.0,0.0,0.906344410876133,33.33333333333333,0.0,16.666666666666664,,,,,0.6042296072507553,25.0,0.0,25.0,0.3021148036253776,0.0,0.0,50.0,1.2084592145015105,0.0,0.0,0.0,1.0574018126888218,14.285714285714285,0.0,0.0,,,,,,,,,,,,,,,,
Michael Berrer,0.6906077348066298,0.696,0.5178571428571429,0.302139037433155,0.1766304347826087,0.1277173913043478,0.0220994475138121,0.1160220994475138,0.3928571428571428,0.2232142857142857,0.3839285714285714,0.097633136,0.393939394,0.101010101,0.161616162,0.686868687,47.63313609467456,10.973084886128364,4.761904761904762,9.730848861283643,52.366863905325445,6.591337099811676,5.084745762711865,7.344632768361582,38.95463510848126,6.582278481012659,4.050632911392405,9.620253164556962,24.7534516765286,4.780876494023905,3.98406374501992,8.366533864541832,2.1696252465483234,0.0,4.545454545454546,4.545454545454546,20.51282051282051,1.9230769230769231,2.403846153846154,6.730769230769231,3.944773175542408,35.0,15.0,10.0,4.043392504930966,36.58536585365854,24.390243902439025,4.878048780487805,1.3806706114398422,57.14285714285714,0.0,28.57142857142857,0.1972386587771203,100.0,0.0,0.0,0.1972386587771203,100.0,0.0,0.0,0.4930966469428008,20.0,20.0,0.0,0.8875739644970414,33.33333333333333,0.0,0.0,2.268244575936884,4.3478260869565215,4.3478260869565215,8.695652173913043,0.0986193293885601,0.0,0.0,0.0,0.0986193293885601,0.0,0.0,0.0,,,,,,,,
Michael Geerts,0.5476190476190477,0.5652173913043478,0.3684210526315789,0.2142857142857142,0.119047619047619,0.2142857142857142,0.0476190476190476,0.0238095238095238,0.3,0.1666666666666666,0.5333333333333333,0.026490066,0.75,0.25,0.0,0.75,62.91390728476821,6.315789473684211,4.2105263157894735,11.578947368421051,37.086092715231786,5.357142857142857,1.7857142857142856,8.928571428571429,56.29139072847682,5.88235294117647,4.705882352941177,9.411764705882351,19.86754966887417,3.333333333333333,3.333333333333333,6.666666666666667,1.9867549668874167,0.0,0.0,0.0,15.2317880794702,0.0,0.0,13.043478260869565,0.6622516556291391,100.0,0.0,0.0,1.3245033112582782,100.0,0.0,0.0,0.6622516556291391,0.0,0.0,100.0,,,,,1.3245033112582782,0.0,0.0,100.0,,,,,1.9867549668874167,0.0,0.0,0.0,0.6622516556291391,0.0,0.0,0.0,,,,,,,,,,,,,,,,
Michael Llodra,0.5914893617021276,0.8345323741007195,0.4166666666666667,0.3283018867924528,0.198,0.13,0.0425531914893617,0.1574468085106383,0.4078947368421052,0.2302631578947368,0.3618421052631579,0.234811166,0.342657343,0.048951049,0.111888112,0.692307692,37.27422003284072,13.656387665198238,9.691629955947135,7.929515418502203,62.39737274220033,8.157894736842106,3.421052631578948,9.736842105263158,20.52545155993432,5.6000000000000005,8.799999999999999,9.6,17.4055829228243,3.7735849056603774,2.830188679245284,20.75471698113208,4.761904761904762,3.4482758620689653,0.0,10.344827586206897,29.22824302134647,0.0,1.6853932584269662,5.056179775280898,7.224958949096879,27.27272727272727,15.909090909090908,4.545454545454546,10.673234811165845,41.53846153846154,9.230769230769232,6.153846153846154,1.80623973727422,81.81818181818183,0.0,0.0,0.1642036124794745,0.0,0.0,0.0,0.4926108374384236,0.0,66.66666666666666,0.0,1.6420361247947457,0.0,0.0,20.0,0.8210180623973727,20.0,0.0,0.0,1.3136288998357963,0.0,0.0,0.0,1.6420361247947457,10.0,20.0,10.0,1.9704433497536944,0.0,8.333333333333332,0.0,,,,,,,,
Michael Mmoh,0.6475,0.6911196911196911,0.4964539007092198,0.2932692307692308,0.1225490196078431,0.1372549019607843,0.0575,0.0875,0.3333333333333333,0.2102564102564102,0.4564102564102564,0.029435163,0.486486486,0.081081081,0.027027027,0.648648649,50.994431185361975,7.020280811232449,3.43213728549142,7.644305772230889,49.00556881463803,3.2467532467532463,3.0844155844155843,6.493506493506493,41.527446300716,4.406130268199234,3.256704980842912,8.42911877394636,41.05011933174224,2.713178294573644,2.713178294573644,6.395348837209303,5.807478122513922,0.0,6.849315068493151,2.73972602739726,5.648369132856006,4.225352112676056,1.4084507042253522,7.042253521126761,1.511535401750199,57.89473684210527,0.0,5.263157894736842,0.954653937947494,25.0,8.333333333333332,16.666666666666664,0.477326968973747,66.66666666666666,0.0,0.0,,,,,0.8750994431185362,63.63636363636363,0.0,18.181818181818183,0.2386634844868735,0.0,33.33333333333333,0.0,0.7955449482895784,0.0,0.0,0.0,1.1137629276054095,0.0,14.285714285714285,0.0,,,,,,,,,,,,,,,,
Michael Redlicki,0.6666666666666666,0.8260869565217391,0.6086956521739131,0.4,0.1791044776119403,0.1567164179104477,0.0289855072463768,0.2318840579710145,0.2758620689655172,0.0689655172413793,0.6551724137931034,0.010676157,0.666666667,0.0,0.0,1.0,64.76868327402136,3.296703296703297,0.5494505494505495,7.6923076923076925,34.519572953736656,2.061855670103093,1.0309278350515465,5.154639175257731,63.345195729537366,2.247191011235955,0.5617977528089888,7.865168539325842,26.33451957295373,2.702702702702702,1.351351351351351,5.405405405405405,0.3558718861209964,0.0,0.0,0.0,6.761565836298933,0.0,0.0,5.263157894736842,0.3558718861209964,100.0,0.0,0.0,0.3558718861209964,0.0,0.0,0.0,,,,,,,,,,,,,,,,,0.3558718861209964,0.0,0.0,0.0,1.0676156583629894,0.0,0.0,0.0,,,,,,,,,0.3558718861209964,100.0,0.0,0.0,,,,
Michael Russell,0.6344827586206897,0.5869565217391305,0.6037735849056604,0.3691275167785235,0.1530612244897959,0.1700680272108843,0.0137931034482758,0.0137931034482758,0.3706896551724138,0.2155172413793103,0.4137931034482758,0.015402844,0.384615385,0.076923077,0.076923077,0.538461538,48.81516587677725,6.067961165048544,4.368932038834951,5.825242718446602,50.59241706161137,3.9812646370023423,1.639344262295082,5.386416861826698,42.53554502369668,5.2924791086350975,4.456824512534819,5.8495821727019495,33.88625592417062,3.4965034965034967,1.048951048951049,5.944055944055944,4.502369668246446,7.894736842105263,0.0,0.0,13.033175355450238,0.9090909090909092,0.9090909090909092,4.545454545454546,0.3554502369668246,33.33333333333333,0.0,33.33333333333333,0.8293838862559242,42.85714285714285,14.285714285714285,0.0,0.1184834123222748,100.0,0.0,0.0,,,,,0.5924170616113744,20.0,20.0,20.0,1.1848341232227488,20.0,10.0,0.0,0.7109004739336493,0.0,16.666666666666664,16.666666666666664,1.4218009478672986,8.333333333333332,8.333333333333332,8.333333333333332,,,,,0.1184834123222748,0.0,0.0,0.0,,,,,0.1184834123222748,0.0,0.0,0.0
Michael Zheng,0.5217391304347826,0.6875,0.5227272727272727,0.3292682926829268,0.0977011494252873,0.1896551724137931,0.0326086956521739,0.0652173913043478,0.2037037037037037,0.2407407407407407,0.5555555555555556,0.02247191,0.5,0.0,0.0,0.5,47.940074906367045,6.25,5.46875,13.28125,52.05992509363296,2.158273381294964,4.316546762589928,9.352517985611511,44.56928838951311,5.88235294117647,5.042016806722689,14.285714285714285,43.82022471910113,0.8547008547008548,4.273504273504273,10.256410256410255,1.872659176029963,0.0,20.0,0.0,6.367041198501873,0.0,5.88235294117647,5.88235294117647,1.1235955056179776,33.33333333333333,0.0,0.0,0.7490636704119851,100.0,0.0,0.0,0.3745318352059925,0.0,0.0,0.0,,,,,,,,,,,,,,,,,1.1235955056179776,0.0,0.0,0.0,,,,,,,,,,,,,,,,
Michal Przysiezny,0.640625,0.7439024390243902,0.4347826086956521,0.198019801980198,0.1441048034934497,0.2270742358078602,0.0390625,0.15625,0.2,0.0769230769230769,0.7230769230769231,0.052132701,0.727272727,0.090909091,0.0,0.727272727,49.28909952606635,8.653846153846153,4.807692307692308,24.03846153846154,50.23696682464455,3.7735849056603774,0.0,20.75471698113208,40.28436018957346,3.5294117647058822,5.88235294117647,27.058823529411764,24.170616113744074,3.92156862745098,0.0,27.450980392156865,4.739336492890995,0.0,0.0,10.0,22.27488151658768,0.0,0.0,14.893617021276595,1.895734597156398,100.0,0.0,0.0,1.4218009478672986,33.33333333333333,0.0,33.33333333333333,0.4739336492890995,100.0,0.0,0.0,,,,,0.4739336492890995,0.0,0.0,0.0,1.895734597156398,0.0,0.0,0.0,0.4739336492890995,0.0,0.0,100.0,,,,,0.4739336492890995,0.0,0.0,0.0,,,,,0.4739336492890995,100.0,0.0,0.0,0.4739336492890995,100.0,0.0,0.0
Michel Kratochvil,0.5185185185185185,0.6428571428571429,0.4615384615384615,0.3064516129032258,0.1379310344827586,0.2413793103448276,0.037037037037037,0.037037037037037,0.2641509433962264,0.2452830188679245,0.490566037735849,0.058823529,0.411764706,0.058823529,0.176470588,0.647058824,52.59515570934256,5.921052631578947,3.289473684210526,9.86842105263158,47.40484429065744,3.64963503649635,5.839416058394161,8.02919708029197,48.44290657439446,3.571428571428571,3.571428571428571,10.0,33.56401384083045,2.061855670103093,5.154639175257731,8.24742268041237,1.038062283737024,0.0,0.0,0.0,10.034602076124568,0.0,0.0,10.344827586206897,2.422145328719723,42.85714285714285,0.0,0.0,2.768166089965398,37.5,37.5,0.0,0.6920415224913495,50.0,0.0,50.0,,,,,,,,,,,,,,,,,1.038062283737024,0.0,0.0,0.0,,,,,,,,,,,,,,,,
Mikael Ymer,0.6844783715012722,0.6592317224287485,0.5161290322580645,0.3966578715919085,0.1260794473229706,0.1675302245250431,0.0322307039864291,0.0356234096692111,0.324254215304799,0.2204928664072633,0.4539559014267185,0.018203171,0.516129032,0.086021505,0.096774194,0.76344086,46.89763163045606,5.926544240400668,3.464106844741236,8.347245409015025,53.10236836954394,3.9808330261702913,3.2067821599705124,5.528934758569848,38.81385789782736,4.336863338376197,3.530005042864347,9.278870398386283,47.09336465061656,3.657522859517872,3.283458021612635,5.569409808811305,5.226071638285379,0.7490636704119851,0.3745318352059925,2.621722846441948,4.149540027402622,0.9433962264150944,1.4150943396226416,4.716981132075472,0.5676257584654532,51.72413793103448,6.896551724137931,10.344827586206897,0.4697592483852025,37.5,12.5,8.333333333333332,0.6263456645136034,62.5,12.5,3.125,0.0391466040321002,0.0,0.0,0.0,0.9199451947543552,34.04255319148936,8.51063829787234,6.382978723404255,0.2544529262086514,15.384615384615383,15.384615384615383,15.384615384615383,0.6654922685457036,2.941176470588235,5.88235294117647,0.0,1.0569583088667058,9.25925925925926,0.0,3.7037037037037033,,,,,,,,,0.0782932080642004,50.0,0.0,50.0,0.0391466040321002,100.0,0.0,0.0
Mike Bryan,0.6125,0.5510204081632653,0.2903225806451613,0.288135593220339,0.079136690647482,0.1366906474820144,0.075,0.05,0.2592592592592592,0.2592592592592592,0.4814814814814814,0.25,0.117647059,0.088235294,0.088235294,0.441176471,56.61764705882353,6.493506493506493,3.896103896103896,11.688311688311687,41.17647058823529,3.571428571428571,1.7857142857142856,7.142857142857142,38.97058823529412,1.8867924528301887,1.8867924528301887,13.20754716981132,17.647058823529413,8.333333333333332,0.0,12.5,0.7352941176470588,0.0,0.0,0.0,13.970588235294118,0.0,0.0,0.0,11.76470588235294,18.75,12.5,6.25,7.352941176470589,0.0,10.0,10.0,2.941176470588235,25.0,0.0,25.0,,,,,,,,,,,,,0.7352941176470588,0.0,0.0,0.0,0.7352941176470588,0.0,0.0,0.0,1.4705882352941175,0.0,0.0,0.0,1.4705882352941175,0.0,0.0,0.0,,,,,,,,
Mikhail Kukushkin,0.6290207290922087,0.6556818181818181,0.5317919075144508,0.3510235026535254,0.1427520235467255,0.1751287711552612,0.0150107219442458,0.0478913509649749,0.30835734870317,0.2545629202689721,0.4370797310278578,0.026120785,0.425531915,0.106382979,0.09929078,0.645390071,50.185253797702856,8.527131782945736,6.016980435585087,9.449981543004798,49.81474620229714,3.3469691335068803,3.7932316846411305,7.400520639642989,45.97999258984809,6.970185334407736,5.801772763900081,9.790491539081389,40.94108929233049,2.48868778280543,3.3484162895927603,7.828054298642534,1.6117080400148205,2.2988505747126435,3.4482758620689653,1.1494252873563218,6.002223045572435,2.1604938271604937,2.7777777777777777,4.012345679012346,1.1300481659874029,57.377049180327866,6.557377049180328,6.557377049180328,0.8151167098925528,25.0,13.636363636363637,13.636363636363637,0.3705075954057058,60.0,10.0,10.0,0.0370507595405705,50.0,50.0,0.0,0.5001852537977028,14.814814814814811,25.925925925925924,11.11111111111111,1.0929974064468322,22.033898305084744,20.33898305084746,11.864406779661016,0.3890329751759911,19.047619047619047,9.523809523809524,0.0,0.8706928492034086,6.382978723404255,0.0,0.0,0.1482030381622823,0.0,0.0,25.0,0.0555761393108558,0.0,0.0,0.0,0.0555761393108558,33.33333333333333,33.33333333333333,33.33333333333333,,,,
Mikhail Youzhny,0.6394413880660178,0.6757114493712773,0.4976525821596244,0.3520632133450395,0.1486748545572075,0.1820728291316526,0.0283537875581887,0.0613626745662293,0.3116066323613493,0.2429959977129788,0.4448256146369354,0.038016529,0.47826087,0.084057971,0.075362319,0.727536232,44.94765840220386,7.746996812944349,5.614121108114734,8.286344692326551,55.00826446280992,4.587339743589744,3.926282051282051,8.814102564102564,40.37465564738292,5.485807860262009,5.622270742358078,8.706331877729259,29.741046831955924,4.816598740274176,4.742497221193035,12.300852167469433,1.7079889807162536,1.2903225806451613,1.2903225806451613,0.6451612903225806,21.487603305785125,0.8205128205128205,1.3846153846153846,4.256410256410256,0.980716253443526,56.17977528089888,7.865168539325842,6.741573033707865,1.4104683195592287,46.875,7.03125,7.03125,0.8154269972451791,59.45945945945946,6.756756756756757,10.81081081081081,0.1101928374655647,30.0,10.0,0.0,0.2644628099173554,20.833333333333336,16.666666666666664,4.166666666666666,1.234159779614325,14.285714285714285,21.428571428571427,10.714285714285714,0.5399449035812672,14.285714285714285,6.122448979591836,0.0,0.8044077134986225,4.10958904109589,6.849315068493151,1.36986301369863,0.0771349862258953,0.0,14.285714285714285,14.285714285714285,0.1652892561983471,0.0,6.666666666666667,0.0,0.18732782369146,41.17647058823529,5.88235294117647,11.76470588235294,0.0550964187327823,20.0,20.0,60.0
Mili Poljicak,0.5328947368421053,0.7407407407407407,0.5211267605633803,0.3550295857988165,0.1526479750778816,0.1962616822429906,0.0263157894736842,0.0526315789473684,0.3082706766917293,0.2406015037593984,0.4436090225563909,0.040776699,0.476190476,0.095238095,0.142857143,0.714285714,43.30097087378641,13.004484304932737,7.623318385650224,12.10762331838565,56.310679611650485,4.137931034482759,5.172413793103448,10.689655172413794,34.95145631067961,8.88888888888889,7.222222222222221,13.333333333333334,45.24271844660194,1.2875536480686696,4.291845493562231,10.72961373390558,1.9417475728155336,0.0,0.0,0.0,4.854368932038835,8.0,0.0,8.0,0.7766990291262136,25.0,0.0,25.0,1.5533980582524272,50.0,25.0,12.5,0.7766990291262136,50.0,0.0,0.0,,,,,3.689320388349514,47.368421052631575,10.526315789473683,10.526315789473683,2.912621359223301,6.666666666666667,20.0,20.0,0.5825242718446602,0.0,33.33333333333333,0.0,1.3592233009708738,0.0,0.0,0.0,0.5825242718446602,33.33333333333333,33.33333333333333,0.0,0.1941747572815534,100.0,0.0,0.0,,,,,0.1941747572815534,100.0,0.0,0.0
Miljan Zekic,0.6557377049180327,0.7,0.3333333333333333,0.3552631578947368,0.1751824817518248,0.2262773722627737,0.0,0.0327868852459016,0.3333333333333333,0.1969696969696969,0.4696969696969697,0.03343465,0.545454545,0.0,0.090909091,0.727272727,56.23100303951368,9.18918918918919,4.324324324324325,9.72972972972973,43.76899696048632,3.4722222222222223,3.4722222222222223,9.027777777777777,49.848024316109424,6.707317073170732,4.2682926829268295,10.365853658536585,39.51367781155015,2.307692307692308,3.076923076923077,9.230769230769232,2.43161094224924,0.0,0.0,0.0,2.43161094224924,0.0,12.5,0.0,2.127659574468085,42.85714285714285,14.285714285714285,0.0,0.303951367781155,0.0,0.0,0.0,0.911854103343465,100.0,0.0,0.0,,,,,0.911854103343465,0.0,0.0,33.33333333333333,0.911854103343465,66.66666666666666,0.0,33.33333333333333,,,,,0.60790273556231,0.0,0.0,0.0,,,,,,,,,,,,,,,,
Milos Raonic,0.630070143336383,0.8071151984511132,0.5214344600164881,0.3134418324291742,0.2337426102773988,0.1800060633621343,0.0396462336078072,0.2268984446477584,0.3370644139387539,0.2156282998944033,0.4466737064413938,0.085462287,0.432740214,0.142348754,0.106761566,0.683274021,58.32725060827251,12.848055063093128,7.779747627489832,13.160913546772344,41.64233576642336,5.316973415132924,4.01694420099328,12.459830557990069,50.76034063260341,9.478729778310363,7.729179149191133,13.493109646494908,25.821167883211675,3.6984687868080095,3.510011778563015,13.239104829210838,1.9221411192214115,2.2151898734177213,2.2151898734177213,5.063291139240507,12.086374695863746,0.9562154001006542,3.271263210870659,9.662808253648716,3.1386861313868613,45.34883720930232,9.30232558139535,15.310077519379844,2.798053527980535,37.173913043478265,11.73913043478261,16.52173913043478,1.5267639902676398,65.73705179282868,11.155378486055776,7.171314741035857,0.0304136253041362,60.0,0.0,0.0,0.0425790754257907,42.85714285714285,14.285714285714285,28.57142857142857,0.2980535279805353,12.244897959183673,4.081632653061225,30.612244897959183,0.2068126520681265,5.88235294117647,2.941176470588235,2.941176470588235,0.2858880778588807,6.382978723404255,2.127659574468085,2.127659574468085,0.4257907542579075,11.428571428571429,14.285714285714285,18.571428571428573,0.3102189781021898,7.84313725490196,5.88235294117647,13.725490196078432,0.3041362530413625,44.0,12.0,14.000000000000002,0.0121654501216545,50.0,50.0,0.0
Milos Sekulic,0.4130434782608695,0.4210526315789473,0.4074074074074074,0.3392857142857143,0.0980392156862745,0.2352941176470588,0.0652173913043478,0.0,0.2439024390243902,0.2439024390243902,0.5121951219512195,0.017142857,0.333333333,0.333333333,0.0,0.666666667,40.0,10.0,11.428571428571429,11.428571428571429,60.0,2.857142857142857,1.9047619047619049,12.38095238095238,37.142857142857146,9.230769230769232,12.307692307692308,12.307692307692308,48.57142857142857,3.5294117647058822,2.3529411764705883,12.941176470588236,1.7142857142857144,0.0,0.0,0.0,9.714285714285714,0.0,0.0,0.0,,,,,0.5714285714285714,0.0,0.0,100.0,1.1428571428571428,50.0,0.0,0.0,,,,,,,,,1.1428571428571428,0.0,0.0,50.0,,,,,,,,,,,,,,,,,,,,,,,,
Miloslav Mecir Jr,0.6226415094339622,0.5757575757575758,0.55,0.2549019607843137,0.1346153846153846,0.1634615384615384,0.0,0.0377358490566037,0.3157894736842105,0.2368421052631578,0.4473684210526316,0.046052632,0.428571429,0.142857143,0.142857143,0.714285714,44.07894736842105,8.955223880597014,5.970149253731343,2.985074626865672,55.92105263157895,7.0588235294117645,5.88235294117647,17.647058823529413,40.131578947368425,8.19672131147541,4.918032786885246,3.278688524590164,38.81578947368421,3.389830508474576,6.779661016949152,13.559322033898304,1.973684210526316,0.0,0.0,0.0,13.815789473684212,4.761904761904762,4.761904761904762,28.57142857142857,1.3157894736842104,50.0,50.0,0.0,2.631578947368421,50.0,0.0,25.0,0.6578947368421052,0.0,0.0,0.0,,,,,,,,,,,,,,,,,0.6578947368421052,100.0,0.0,0.0,,,,,,,,,,,,,,,,
Minhtuan Pham,0.5531914893617021,0.5384615384615384,0.2857142857142857,0.3404255319148936,0.1914893617021276,0.3404255319148936,0.0425531914893617,0.0212765957446808,0.288135593220339,0.2033898305084746,0.5084745762711864,0.046428571,0.461538462,0.153846154,0.0,0.615384615,68.21428571428572,5.7591623036649215,6.282722513089005,9.424083769633508,31.785714285714285,6.741573033707865,0.0,13.48314606741573,64.64285714285715,3.867403314917127,6.629834254143646,9.392265193370166,17.857142857142858,8.0,0.0,16.0,0.7142857142857143,0.0,0.0,0.0,10.357142857142858,0.0,0.0,3.4482758620689653,0.7142857142857143,50.0,0.0,0.0,2.5,28.57142857142857,0.0,28.57142857142857,1.0714285714285714,100.0,0.0,0.0,,,,,0.3571428571428571,0.0,0.0,100.0,0.3571428571428571,0.0,0.0,100.0,0.7142857142857143,0.0,0.0,0.0,0.3571428571428571,0.0,0.0,0.0,,,,,0.3571428571428571,0.0,0.0,0.0,,,,,,,,
Miomir Kecmanovic,0.6171100678142931,0.687235841081995,0.532016348773842,0.3568812140240712,0.1448537095088819,0.1404127481713688,0.0213875847678664,0.078508085550339,0.3239775461106656,0.2774659182036889,0.3981555733761026,0.022766831,0.409785933,0.116207951,0.116207951,0.642201835,51.69532827403746,7.353535353535354,5.872053872053872,7.1380471380471375,48.2837847246397,3.7779379956741166,3.6914203316510457,6.676279740447008,46.27167026387245,6.2293108636774,5.988564550105326,7.14715618417093,39.55301817169115,3.5733145572962504,3.784544974476325,7.05861644076747,3.028615191812295,1.1494252873563218,1.839080459770115,2.0689655172413794,6.488895077630022,0.4291845493562232,1.1802575107296138,4.184549356223176,0.5221750330710855,45.33333333333333,10.666666666666668,10.666666666666668,0.7171203787509574,33.980582524271846,11.650485436893204,9.70873786407767,0.6196477059110214,52.80898876404494,10.112359550561797,13.48314606741573,0.0696233377428113,30.0,10.0,0.0,0.6335723734595836,31.868131868131865,8.791208791208792,16.483516483516482,0.4943256979739608,16.901408450704224,14.084507042253522,14.084507042253522,0.3759660238111815,9.25925925925926,1.851851851851852,7.4074074074074066,0.85636705423658,1.6260162601626018,2.4390243902439024,1.6260162601626018,0.0765856715170925,18.181818181818183,9.090909090909092,9.090909090909092,0.0696233377428113,20.0,20.0,10.0,0.1670960105827473,41.66666666666667,12.5,25.0,0.0348116688714056,20.0,40.0,0.0
Mirza Basic,0.5667574931880109,0.7163461538461539,0.5094339622641509,0.3622047244094488,0.1497326203208556,0.1590909090909091,0.0354223433242506,0.0871934604904632,0.3266129032258064,0.2459677419354838,0.4274193548387097,0.047697368,0.413793103,0.103448276,0.051724138,0.637931034,52.713815789473685,9.67238689547582,5.77223088923557,8.424336973478939,47.20394736842105,3.3101045296167246,4.181184668989547,9.059233449477352,45.39473684210527,7.065217391304348,6.159420289855073,8.695652173913043,30.92105263157895,2.393617021276596,4.787234042553192,8.77659574468085,2.796052631578948,2.941176470588235,2.941176470588235,0.0,12.00657894736842,0.684931506849315,0.684931506849315,6.849315068493151,1.644736842105263,40.0,0.0,10.0,1.3980263157894737,35.294117647058826,17.647058823529413,11.76470588235294,1.151315789473684,57.14285714285714,0.0,7.142857142857142,,,,,1.2335526315789471,26.666666666666668,13.333333333333334,20.0,1.5625,15.789473684210526,10.526315789473683,26.31578947368421,0.3289473684210526,0.0,0.0,0.0,0.9046052631578948,0.0,0.0,9.090909090909092,0.0822368421052631,100.0,0.0,0.0,0.4111842105263157,0.0,0.0,20.0,0.0822368421052631,100.0,0.0,0.0,,,,
Mischa Zverev,0.6131953428201811,0.6286919831223629,0.4615384615384615,0.3328729281767956,0.1422845691382765,0.147628590514362,0.0349288486416558,0.0646830530401035,0.3266533066132264,0.2845691382765531,0.3887775551102204,0.236800836,0.209713024,0.123620309,0.132450331,0.582781457,46.73288029273392,11.968680089485458,6.599552572706935,10.40268456375839,53.26711970726608,5.49558390578999,8.145240431795878,9.911678115799804,32.462101411395714,6.602254428341385,5.314009661835748,9.98389694041868,27.49607945635128,3.802281368821293,7.224334600760455,11.40684410646388,0.7841087297438577,13.333333333333334,0.0,0.0,13.904861474124411,0.3759398496240601,2.631578947368421,5.263157894736842,8.834291688447465,20.710059171597635,11.83431952662722,14.201183431952662,9.46157867224255,16.574585635359114,17.67955801104972,12.154696132596683,2.090956612650288,65.0,7.5,7.5,0.0522739153162571,100.0,0.0,0.0,0.3659174072138003,28.57142857142857,0.0,14.285714285714285,0.3136434918975431,33.33333333333333,33.33333333333333,0.0,0.5227391531625719,0.0,10.0,0.0,0.4704652378463147,0.0,11.11111111111111,11.11111111111111,1.6204913748039729,3.225806451612903,6.451612903225806,9.67741935483871,1.5159435441714584,6.896551724137931,10.344827586206897,10.344827586206897,0.0522739153162571,0.0,0.0,0.0,0.0522739153162571,0.0,0.0,100.0
Mitchell Krueger,0.5899280575539568,0.6219512195121951,0.4561403508771929,0.3577235772357723,0.0916030534351145,0.1641221374045801,0.0647482014388489,0.0719424460431654,0.1917808219178082,0.3424657534246575,0.4657534246575342,0.033802817,0.25,0.083333333,0.25,0.666666667,52.67605633802817,3.7433155080213902,5.88235294117647,13.903743315508022,46.76056338028169,4.216867469879518,8.433734939759036,4.819277108433735,48.45070422535211,1.744186046511628,5.232558139534884,13.372093023255813,40.0,4.225352112676056,7.746478873239436,5.633802816901409,1.6901408450704225,16.666666666666664,0.0,16.666666666666664,4.225352112676056,0.0,0.0,0.0,0.5633802816901409,0.0,100.0,0.0,1.1267605633802815,25.0,25.0,0.0,0.5633802816901409,50.0,0.0,0.0,,,,,0.2816901408450704,0.0,0.0,100.0,0.2816901408450704,0.0,100.0,0.0,0.2816901408450704,100.0,0.0,0.0,0.8450704225352111,0.0,33.33333333333333,0.0,0.2816901408450704,0.0,0.0,0.0,0.2816901408450704,0.0,0.0,0.0,0.5633802816901409,50.0,0.0,50.0,,,,
Moez Echargui,0.5308641975308642,0.7209302325581395,0.3947368421052631,0.3666666666666666,0.1461988304093567,0.1461988304093567,0.037037037037037,0.037037037037037,0.3728813559322034,0.2542372881355932,0.3728813559322034,0.016528926,0.666666667,0.0,0.166666667,0.833333333,46.5564738292011,9.467455621301776,3.5502958579881656,8.284023668639055,52.34159779614325,3.1578947368421053,4.736842105263158,4.2105263157894735,43.25068870523416,7.643312101910828,3.821656050955414,8.280254777070063,44.62809917355372,3.08641975308642,4.320987654320987,4.938271604938271,1.1019283746556474,0.0,0.0,0.0,6.0606060606060606,4.545454545454546,4.545454545454546,0.0,0.8264462809917356,100.0,0.0,0.0,0.2754820936639118,0.0,100.0,0.0,0.5509641873278237,50.0,0.0,0.0,,,,,0.5509641873278237,0.0,0.0,50.0,0.2754820936639118,0.0,0.0,0.0,0.2754820936639118,0.0,0.0,0.0,1.1019283746556474,0.0,0.0,0.0,,,,,,,,,,,,,,,,
Mohamed Safwat,0.6422018348623854,0.675,0.4935897435897436,0.3911007025761124,0.1436848203939745,0.2711471610660487,0.0229357798165137,0.0642201834862385,0.2546419098143236,0.1511936339522546,0.5941644562334217,0.024151436,0.513513514,0.162162162,0.0,0.702702703,56.91906005221932,10.206422018348624,5.848623853211009,14.105504587155965,43.08093994778068,1.0606060606060608,0.9090909090909092,15.3030303030303,52.74151436031331,8.16831683168317,5.9405940594059405,14.108910891089108,34.72584856396867,0.9398496240601504,0.9398496240601504,15.413533834586463,1.2402088772845952,5.263157894736842,10.526315789473683,10.526315789473683,6.723237597911227,0.0,0.0,14.563106796116504,0.5874673629242819,33.33333333333333,0.0,33.33333333333333,0.6527415143603132,10.0,0.0,30.0,0.8485639686684074,84.61538461538461,0.0,0.0,,,,,1.1749347258485638,22.22222222222222,5.555555555555555,16.666666666666664,0.5221932114882507,0.0,12.5,12.5,0.1305483028720626,50.0,0.0,50.0,0.3263707571801566,0.0,0.0,0.0,,,,,0.1305483028720626,50.0,0.0,0.0,0.1958224543080939,100.0,0.0,0.0,,,,
Murphy Cassone,0.7378640776699029,0.6710526315789473,0.4074074074074074,0.2888888888888888,0.1658031088082901,0.233160621761658,0.0388349514563106,0.1067961165048543,0.2692307692307692,0.2051282051282051,0.5256410256410257,0.021671827,0.428571429,0.0,0.142857143,0.714285714,55.72755417956656,7.222222222222221,6.666666666666667,14.444444444444445,44.27244582043344,5.594405594405594,2.797202797202797,10.48951048951049,52.94117647058824,5.847953216374268,7.017543859649122,14.619883040935672,37.77089783281733,5.737704918032787,2.459016393442623,11.475409836065571,1.238390092879257,0.0,0.0,0.0,4.3343653250774,0.0,0.0,7.142857142857142,0.9287925696594428,66.66666666666666,0.0,0.0,1.238390092879257,25.0,25.0,0.0,,,,,,,,,0.6191950464396285,50.0,0.0,50.0,0.3095975232198142,0.0,0.0,0.0,,,,,0.6191950464396285,0.0,0.0,0.0,,,,,,,,,,,,,,,,
N Sriram Balaji,0.6122448979591837,0.7666666666666667,0.7368421052631579,0.4827586206896552,0.1682242990654205,0.1495327102803738,0.0612244897959183,0.2244897959183673,0.2916666666666667,0.1666666666666666,0.5416666666666666,0.040816327,0.166666667,0.0,0.0,0.333333333,36.054421768707485,7.547169811320755,3.7735849056603774,11.320754716981131,63.94557823129252,3.191489361702128,2.127659574468085,7.446808510638298,30.612244897959183,6.666666666666667,4.444444444444445,13.333333333333334,55.78231292517006,3.658536585365853,2.4390243902439024,8.536585365853659,2.7210884353741496,0.0,0.0,0.0,6.802721088435375,0.0,0.0,0.0,0.6802721088435374,0.0,0.0,0.0,1.3605442176870748,0.0,0.0,0.0,1.3605442176870748,50.0,0.0,0.0,,,,,,,,,,,,,,,,,,,,,0.6802721088435374,0.0,0.0,0.0,,,,,,,,,,,,
Naoki Nakagawa,0.52,0.6538461538461539,0.2916666666666667,0.396551724137931,0.1481481481481481,0.1851851851851851,0.06,0.04,0.3255813953488372,0.2790697674418604,0.3953488372093023,0.051813472,0.7,0.1,0.0,0.9,56.47668393782384,10.091743119266056,7.339449541284404,8.256880733944955,43.52331606217616,3.571428571428571,4.761904761904762,9.523809523809524,52.84974093264248,5.88235294117647,7.84313725490196,8.823529411764707,37.30569948186528,1.3888888888888888,5.555555555555555,8.333333333333332,1.0362694300518136,0.0,0.0,0.0,3.1088082901554404,0.0,0.0,0.0,2.072538860103627,100.0,0.0,0.0,2.5906735751295336,40.0,0.0,20.0,0.5181347150259068,100.0,0.0,0.0,,,,,,,,,0.5181347150259068,0.0,0.0,100.0,,,,,,,,,,,,,,,,,,,,,,,,
Nattan Benjasupawan,0.5641025641025641,0.4545454545454545,0.1176470588235294,0.2285714285714285,0.0405405405405405,0.2567567567567567,0.1282051282051282,0.0,0.15,0.15,0.7,0.009708738,0.0,0.0,0.0,1.0,47.57281553398058,6.122448979591836,2.0408163265306123,12.244897959183673,52.42718446601942,0.0,3.7037037037037033,14.814814814814811,45.63106796116505,4.25531914893617,2.127659574468085,12.76595744680851,46.601941747572816,0.0,4.166666666666666,16.666666666666664,0.9708737864077668,0.0,0.0,0.0,4.854368932038835,0.0,0.0,0.0,,,,,0.9708737864077668,0.0,0.0,0.0,,,,,,,,,,,,,,,,,0.9708737864077668,100.0,0.0,0.0,,,,,,,,,,,,,,,,,,,,
Nicholas Alan Van Aken,0.6153846153846154,0.2916666666666667,0.2666666666666666,0.2647058823529412,0.0547945205479452,0.2465753424657534,0.1025641025641025,0.0256410256410256,0.1666666666666666,0.0555555555555555,0.7777777777777778,0.03125,0.0,0.333333333,0.0,0.0,55.208333333333336,3.7735849056603774,1.8867924528301887,7.547169811320755,43.75,2.380952380952381,0.0,23.809523809523807,46.875,4.444444444444445,2.2222222222222223,6.666666666666667,29.166666666666668,0.0,0.0,25.0,4.166666666666666,0.0,0.0,0.0,8.333333333333332,0.0,0.0,25.0,,,,,2.083333333333333,0.0,0.0,50.0,,,,,,,,,2.083333333333333,0.0,0.0,50.0,2.083333333333333,50.0,0.0,0.0,1.0416666666666663,0.0,0.0,0.0,2.083333333333333,0.0,0.0,0.0,,,,,,,,,1.0416666666666663,0.0,0.0,0.0,,,,
Nick Hardt,0.6142131979695431,0.6198347107438017,0.5789473684210527,0.508695652173913,0.1288056206088993,0.1662763466042154,0.0558375634517766,0.0456852791878172,0.3285714285714285,0.2428571428571428,0.4285714285714285,0.026652452,0.4,0.08,0.08,0.72,50.74626865671642,6.302521008403361,5.2521008403361344,7.142857142857142,49.25373134328358,3.463203463203463,1.948051948051948,5.627705627705628,46.26865671641791,5.0691244239631335,5.0691244239631335,7.373271889400922,37.63326226012793,2.549575070821529,1.41643059490085,6.515580736543909,2.1321961620469083,5.0,5.0,0.0,7.995735607675907,0.0,1.3333333333333337,4.0,0.7462686567164178,42.85714285714285,14.285714285714285,14.285714285714285,1.3859275053304905,38.46153846153847,7.6923076923076925,0.0,0.3198294243070362,33.33333333333333,0.0,33.33333333333333,,,,,0.8528784648187633,25.0,0.0,0.0,1.5991471215351811,13.333333333333334,13.333333333333334,0.0,0.2132196162046908,0.0,50.0,0.0,0.6396588486140725,0.0,0.0,0.0,,,,,,,,,0.2132196162046908,50.0,0.0,0.0,,,,
Nick Kyrgios,0.6704166666666667,0.7750155376009944,0.5312895069532237,0.31254655741194,0.235300310575354,0.1649734168552929,0.0383333333333333,0.2509375,0.3353946297803092,0.2139951179820992,0.4501220504475183,0.045488796,0.403661726,0.14646905,0.0836966,0.648648649,51.49712472734483,10.52753176742395,6.099345398536774,11.151328455910669,48.00713860797144,5.667079719124328,4.26270136307311,10.590665014456835,43.5018837993258,8.761053879113867,6.208405506427204,11.350168657124623,39.46460440214158,4.210632097276656,4.280976786252638,10.87327906743041,3.628792385484832,1.639344262295082,2.076502732240437,3.060109289617486,4.9573666468372,0.96,1.76,5.52,1.3484037279397183,41.76470588235294,8.529411764705882,13.823529411764708,1.9234582589728333,37.7319587628866,7.010309278350515,17.7319587628866,0.626611144160222,58.22784810126582,9.49367088607595,7.59493670886076,0.0515566131271068,46.15384615384615,23.07692307692308,0.0,1.82827681935356,26.46420824295011,7.592190889370933,21.69197396963124,0.9438826095578028,19.747899159663863,8.403361344537815,14.285714285714285,0.1943287725560182,10.20408163265306,8.16326530612245,6.122448979591836,0.4362482649216735,8.181818181818182,4.545454545454546,0.9090909090909092,0.2379535990481856,20.0,8.333333333333332,11.666666666666666,0.2181241324608367,18.181818181818183,10.909090909090908,14.545454545454543,0.130874479476502,54.54545454545454,12.12121212121212,18.181818181818183,0.0118976799524092,0.0,0.0,66.66666666666666
Nicola Kuhn,0.653179190751445,0.6371681415929203,0.5833333333333334,0.3142857142857143,0.1350574712643678,0.1752873563218391,0.0231213872832369,0.0462427745664739,0.319672131147541,0.2131147540983606,0.4672131147540984,0.052631579,0.5625,0.09375,0.15625,0.78125,51.151315789473685,7.07395498392283,3.536977491961415,10.289389067524116,48.84868421052632,5.723905723905724,5.05050505050505,8.417508417508419,41.94078947368421,3.1372549019607843,3.5294117647058822,10.196078431372548,44.901315789473685,4.395604395604396,4.395604395604396,8.791208791208792,5.263157894736842,0.0,0.0,9.375,1.644736842105263,0.0,0.0,10.0,1.8092105263157896,36.36363636363637,9.090909090909092,18.181818181818183,1.151315789473684,57.14285714285714,28.57142857142857,0.0,1.973684210526316,83.33333333333334,8.333333333333332,8.333333333333332,0.1644736842105263,0.0,0.0,0.0,0.1644736842105263,0.0,0.0,0.0,0.3289473684210526,0.0,0.0,0.0,,,,,0.4934210526315789,33.33333333333333,0.0,0.0,,,,,0.1644736842105263,0.0,100.0,0.0,,,,,,,,
Nicolai Budkov Kjaer,0.6068965517241379,0.6136363636363636,0.543859649122807,0.4154929577464789,0.1045296167247386,0.2648083623693379,0.0206896551724137,0.0620689655172413,0.1794871794871795,0.1965811965811965,0.6239316239316239,0.020100503,0.333333333,0.166666667,0.083333333,0.5,47.571189279732,4.929577464788732,6.338028169014084,13.028169014084506,52.26130653266332,2.243589743589744,1.6025641025641024,11.21794871794872,41.03852596314909,3.673469387755103,6.938775510204081,13.46938775510204,47.4036850921273,2.120141342756184,1.76678445229682,11.66077738515901,3.685092127303183,0.0,0.0,4.545454545454546,3.5175879396984926,0.0,0.0,4.761904761904762,0.8375209380234505,20.0,0.0,40.0,0.3350083752093802,50.0,0.0,0.0,0.6700167504187605,50.0,25.0,0.0,,,,,0.5025125628140703,0.0,0.0,33.33333333333333,0.1675041876046901,0.0,0.0,100.0,0.6700167504187605,50.0,0.0,0.0,0.8375209380234505,0.0,0.0,0.0,0.1675041876046901,0.0,0.0,0.0,,,,,,,,,,,,
Nicolas Almagro,0.5518672199170125,0.7218045112781954,0.449074074074074,0.3305908750934929,0.1843334531081566,0.2217031979877829,0.0255878284923928,0.1016597510373444,0.3034825870646766,0.2139303482587064,0.4817578772802653,0.025751846,0.447552448,0.160839161,0.118881119,0.727272727,50.31514496668468,8.768790264853257,6.048675733715104,10.62992125984252,49.5047721952098,4.401600582029829,3.2375409239723534,10.331029465260094,46.947595894111295,7.13463751438435,5.830456463367856,10.740314537782892,44.08427876823339,4.166666666666666,3.3905228758169934,10.294117647058822,0.864397622906537,0.0,4.166666666666666,2.083333333333333,3.889789303079417,0.4629629629629629,0.4629629629629629,8.333333333333332,0.4682153790743741,53.84615384615385,7.6923076923076925,11.538461538461538,0.612281649558797,32.35294117647059,8.823529411764707,29.411764705882355,0.88240590671709,57.14285714285714,14.285714285714285,10.20408163265306,0.0360165676211057,50.0,0.0,0.0,0.4862236628849271,25.925925925925924,7.4074074074074066,11.11111111111111,0.5222402305060327,20.6896551724138,3.4482758620689653,13.79310344827586,0.1440662704844228,0.0,0.0,0.0,0.3061408247793985,0.0,0.0,0.0,0.12605798667387,0.0,28.57142857142857,28.57142857142857,0.0540248514316585,0.0,33.33333333333333,0.0,0.3961822438321628,45.45454545454545,9.090909090909092,13.636363636363637,,,,
Nicolas Alvarez Varona,0.6170212765957447,0.5172413793103449,0.3888888888888889,0.3392857142857143,0.0970873786407767,0.3106796116504854,0.0638297872340425,0.0212765957446808,0.1914893617021276,0.1914893617021276,0.6170212765957447,0.012048193,0.666666667,0.0,0.333333333,1.0,58.63453815261044,5.47945205479452,3.424657534246576,10.273972602739724,37.34939759036144,1.0752688172043012,4.301075268817205,13.978494623655912,53.01204819277109,3.0303030303030303,3.787878787878788,11.363636363636363,33.33333333333333,1.2048192771084338,2.409638554216868,13.253012048192772,1.2048192771084338,0.0,0.0,0.0,2.409638554216868,0.0,0.0,16.666666666666664,,,,,0.4016064257028112,0.0,100.0,0.0,0.8032128514056224,100.0,0.0,0.0,,,,,3.614457831325301,22.22222222222222,0.0,0.0,0.8032128514056224,0.0,50.0,50.0,,,,,0.4016064257028112,0.0,0.0,0.0,,,,,,,,,,,,,,,,
Nicolas Devilder,0.7681159420289855,0.490566037735849,0.25,0.3243243243243243,0.0909090909090909,0.2587412587412587,0.0434782608695652,0.0144927536231884,0.2,0.2333333333333333,0.5666666666666667,0.02676399,0.454545455,0.272727273,0.090909091,0.636363636,55.71776155717762,3.4934497816593884,3.930131004366813,6.986899563318777,44.28223844282238,2.197802197802198,2.747252747252748,9.89010989010989,52.55474452554745,2.314814814814815,3.7037037037037033,6.481481481481481,37.22627737226277,0.0,3.2679738562091507,9.15032679738562,0.48661800486618,0.0,0.0,0.0,3.1630170316301705,0.0,0.0,0.0,1.70316301703163,28.57142857142857,14.285714285714285,28.57142857142857,0.7299270072992701,66.66666666666666,0.0,33.33333333333333,0.24330900243309,100.0,0.0,0.0,,,,,0.7299270072992701,0.0,0.0,0.0,2.4330900243309004,20.0,0.0,30.0,,,,,0.7299270072992701,0.0,0.0,0.0,,,,,,,,,,,,,,,,
Nicolas Escude,0.5391304347826087,0.7419354838709677,0.4528301886792453,0.3796296296296296,0.1210762331838565,0.1748878923766816,0.0434782608695652,0.0518134715025906,0.2262773722627737,0.2408759124087591,0.5328467153284672,0.049132948,0.323529412,0.088235294,0.088235294,0.647058824,38.35294117647059,4.294478527607362,7.975460122699387,7.975460122699387,61.64705882352941,4.580152671755725,3.435114503816794,8.015267175572518,34.8235294117647,2.027027027027027,7.432432432432432,8.108108108108109,53.17647058823529,2.2123893805309733,3.5398230088495577,9.29203539823009,0.4705882352941176,0.0,0.0,0.0,4.235294117647059,5.555555555555555,5.555555555555555,0.0,1.8823529411764703,25.0,25.0,12.5,3.294117647058824,42.85714285714285,0.0,0.0,0.2352941176470588,100.0,0.0,0.0,0.4705882352941176,0.0,0.0,0.0,,,,,,,,,0.2352941176470588,0.0,0.0,0.0,0.2352941176470588,0.0,0.0,0.0,0.4705882352941176,0.0,0.0,0.0,0.2352941176470588,0.0,0.0,0.0,0.2352941176470588,100.0,0.0,0.0,,,,
Nicolas Jarry,0.6514416214673138,0.7418930762489044,0.5094185094185094,0.3285880302149913,0.2587473002159827,0.2372930165586753,0.0265486725663716,0.2303739651727091,0.31629392971246,0.1862619808306709,0.4968051118210863,0.059766764,0.512195122,0.14796748,0.058536585,0.72195122,54.16909620991254,13.670613562970937,7.2838177251524945,15.177610333692144,45.6754130223518,4.829787234042553,3.723404255319149,15.0,46.99708454810496,10.21505376344086,7.650951199338296,15.798180314309343,37.5315840621963,3.081305023303988,4.091144484722942,14.888658726048678,2.4684159378036927,4.724409448818897,2.3622047244094486,5.511811023622047,5.500485908649174,1.060070671378092,1.5901060070671376,14.487632508833922,2.0408163265306123,51.90476190476191,5.714285714285714,17.61904761904762,2.001943634596696,41.74757281553398,3.883495145631068,18.446601941747574,1.4965986394557822,67.53246753246754,10.38961038961039,5.194805194805195,0.0485908649173955,20.0,0.0,20.0,0.7968901846452867,37.80487804878049,1.2195121951219512,18.29268292682927,0.281827016520894,34.48275862068966,0.0,24.13793103448276,0.1068999028182701,9.090909090909092,9.090909090909092,18.181818181818183,0.184645286686103,5.263157894736842,0.0,5.263157894736842,0.1166180758017492,25.0,0.0,16.666666666666664,0.1263362487852284,30.76923076923077,0.0,7.6923076923076925,0.1457725947521866,53.333333333333336,0.0,26.666666666666668,,,,
Nicolas Kiefer,0.5387045813586098,0.718475073313783,0.4246575342465753,0.3216783216783216,0.1493775933609958,0.2058091286307053,0.0489731437598736,0.0913770913770913,0.2684824902723735,0.2101167315175097,0.519455252918288,0.07000407,0.360465116,0.13372093,0.139534884,0.639534884,48.92578125,7.784431137724551,5.9880239520958085,13.572854291417164,51.07421875,3.919694072657744,3.250478011472276,7.743785850860421,43.06640625,4.648526077097506,5.328798185941043,13.945578231292515,40.185546875,1.8226002430133657,2.4301336573511545,8.50546780072904,1.07421875,0.0,0.0,0.0,5.615234375,0.8695652173913043,2.608695652173913,5.217391304347826,2.392578125,40.81632653061224,14.285714285714285,16.3265306122449,2.63671875,33.33333333333333,9.25925925925926,7.4074074074074066,1.123046875,52.17391304347826,13.043478260869565,13.043478260869565,0.09765625,50.0,50.0,0.0,0.1953125,0.0,50.0,0.0,1.07421875,18.181818181818183,13.636363636363637,4.545454545454546,0.634765625,30.76923076923077,0.0,0.0,1.220703125,4.0,8.0,0.0,0.341796875,0.0,14.285714285714285,14.285714285714285,0.244140625,20.0,0.0,0.0,0.09765625,50.0,0.0,50.0,,,,
Nicolas Lapentti,0.3829787234042553,0.5,0.3103448275862069,0.2972972972972973,0.0952380952380952,0.2619047619047619,0.1063829787234042,0.0803571428571428,0.296,0.24,0.464,0.022546419,0.352941176,0.235294118,0.117647059,0.588235294,47.61904761904761,5.0,5.0,8.75,52.38095238095239,1.1363636363636365,3.4090909090909087,11.363636363636363,44.04761904761904,4.054054054054054,5.405405405405405,9.45945945945946,35.714285714285715,1.6666666666666667,5.0,15.0,2.976190476190476,0.0,0.0,0.0,16.071428571428573,0.0,0.0,3.7037037037037033,,,,,,,,,,,,,,,,,,,,,,,,,0.5952380952380952,100.0,0.0,0.0,0.5952380952380952,0.0,0.0,0.0,,,,,,,,,,,,,,,,
Nicolas Mahut,0.641459074733096,0.8058252427184466,0.5682382133995038,0.283595922150139,0.2051747616886064,0.1071266454834316,0.0400355871886121,0.1459074733096085,0.4090909090909091,0.3181818181818182,0.2713068181818182,0.141143543,0.379603399,0.042492918,0.212464589,0.781869688,50.659736105557776,14.206787687450667,9.234411996842937,8.83977900552486,49.2203118752499,8.773354995938261,8.610885458976442,6.417546709991877,38.384646141543385,8.958333333333334,7.8125,10.416666666666668,15.713714514194322,11.450381679389311,10.687022900763358,12.46819338422392,3.638544582167133,0.0,3.296703296703297,0.0,24.630147940823672,0.974025974025974,3.4090909090909087,2.75974025974026,5.117952818872452,50.78125,22.65625,4.6875,5.7976809276289485,31.03448275862069,23.448275862068964,4.137931034482759,0.9596161535385844,58.333333333333336,12.5,8.333333333333332,0.119952019192323,66.66666666666666,0.0,0.0,0.9996001599360256,32.0,12.0,12.0,0.9196321471411436,26.08695652173913,8.695652173913043,17.391304347826086,0.5597760895641744,14.285714285714285,7.142857142857142,0.0,0.9196321471411436,4.3478260869565215,4.3478260869565215,13.043478260869565,0.9196321471411436,17.391304347826086,13.043478260869565,0.0,1.1195521791283487,10.714285714285714,21.428571428571427,0.0,0.079968012794882,50.0,0.0,50.0,,,,
Nicolas Massu,0.5811170212765957,0.6521739130434783,0.4603174603174603,0.3356070941336971,0.1191919191919192,0.1744107744107744,0.0345744680851063,0.0691489361702127,0.2642706131078224,0.2431289640591966,0.492600422832981,0.024593265,0.338461538,0.123076923,0.107692308,0.553846154,59.17517972001514,6.521739130434782,5.946291560102302,9.335038363171355,40.82482027998486,2.131603336422614,2.0389249304911954,8.063021316033364,56.75368898978434,5.666666666666666,5.866666666666666,9.333333333333334,29.70109723798713,1.910828025477707,2.038216560509554,9.554140127388536,0.4540295119182747,8.333333333333332,8.333333333333332,0.0,8.929247067726068,0.847457627118644,1.2711864406779665,3.8135593220338975,0.7188800605372683,47.368421052631575,5.263157894736842,21.052631578947366,0.5675368898978433,33.33333333333333,13.333333333333334,13.333333333333334,0.3783579265985622,50.0,10.0,20.0,0.0378357926598562,0.0,0.0,0.0,0.1135073779795686,0.0,0.0,0.0,0.3026863412788498,0.0,0.0,12.5,0.2270147559591373,0.0,0.0,0.0,1.0594021944759744,0.0,0.0,0.0,0.4161937192584184,0.0,9.090909090909092,0.0,0.2270147559591373,16.666666666666664,16.666666666666664,0.0,0.1135073779795686,66.66666666666666,33.33333333333333,0.0,,,,
Nicolas Mejia,0.6305555555555555,0.7004405286343612,0.5413533834586466,0.3534246575342465,0.1186206896551724,0.1613793103448275,0.0305555555555555,0.0694444444444444,0.2584745762711864,0.2923728813559322,0.4491525423728814,0.018493151,0.555555556,0.037037037,0.185185185,0.777777778,53.28767123287671,5.526992287917738,5.784061696658098,7.840616966580977,46.3013698630137,2.6627218934911245,3.5502958579881656,6.656804733727811,46.84931506849316,2.923976608187134,4.678362573099415,8.187134502923977,35.2054794520548,1.9455252918287933,2.9182879377431905,8.365758754863812,1.9178082191780823,0.0,7.142857142857142,0.0,8.424657534246576,0.0,3.252032520325204,0.8130081300813009,0.2054794520547945,33.33333333333333,66.66666666666666,0.0,0.9589041095890412,50.0,14.285714285714285,0.0,0.6164383561643836,77.77777777777779,11.11111111111111,11.11111111111111,,,,,2.602739726027397,36.84210526315789,18.421052631578945,10.526315789473683,0.547945205479452,12.5,25.0,12.5,1.0273972602739725,6.666666666666667,6.666666666666667,0.0,1.1643835616438356,0.0,5.88235294117647,0.0,0.0684931506849315,0.0,0.0,0.0,,,,,,,,,,,,
Nicolas Moreno De Alboran,0.5867768595041323,0.704225352112676,0.6,0.3333333333333333,0.1620553359683794,0.1976284584980237,0.0082644628099173,0.0495867768595041,0.324074074074074,0.2222222222222222,0.4537037037037037,0.039915966,0.526315789,0.105263158,0.052631579,0.684210526,66.17647058823529,9.841269841269842,6.666666666666667,10.476190476190476,33.403361344537814,2.515723270440252,1.8867924528301887,10.062893081761008,60.29411764705882,7.665505226480835,6.968641114982578,11.149825783972126,27.73109243697479,1.5151515151515151,1.5151515151515151,11.363636363636363,2.100840336134454,0.0,0.0,0.0,3.7815126050420167,0.0,5.555555555555555,0.0,0.8403361344537815,50.0,25.0,0.0,0.8403361344537815,50.0,0.0,25.0,2.100840336134454,50.0,0.0,10.0,,,,,0.4201680672268907,0.0,0.0,0.0,0.6302521008403361,0.0,0.0,0.0,0.2100840336134453,100.0,0.0,0.0,0.4201680672268907,0.0,0.0,0.0,,,,,,,,,0.2100840336134453,100.0,0.0,0.0,,,,
Nicolas Thomann,0.5176470588235295,0.75,0.5121951219512195,0.265625,0.1409395973154362,0.2080536912751678,0.0352941176470588,0.0705882352941176,0.2830188679245283,0.1886792452830188,0.5283018867924528,0.049261084,0.6,0.2,0.1,0.8,59.60591133004927,8.264462809917356,4.958677685950414,13.223140495867767,40.39408866995074,6.097560975609756,4.878048780487805,14.634146341463412,55.66502463054187,5.3097345132743365,4.424778761061947,13.274336283185844,34.48275862068966,4.285714285714286,2.857142857142857,15.714285714285714,0.4926108374384236,0.0,0.0,0.0,3.940886699507389,0.0,25.0,0.0,0.9852216748768472,100.0,0.0,0.0,1.477832512315271,33.33333333333333,0.0,33.33333333333333,1.9704433497536944,50.0,25.0,25.0,,,,,,,,,,,,,0.4926108374384236,0.0,0.0,0.0,,,,,,,,,0.4926108374384236,100.0,0.0,0.0,,,,,,,,
Niels Visker,0.5833333333333334,0.6,0.36,0.3076923076923077,0.1696428571428571,0.2857142857142857,0.0333333333333333,0.0666666666666666,0.2884615384615384,0.1346153846153846,0.5769230769230769,0.076530612,0.466666667,0.066666667,0.066666667,0.666666667,64.79591836734694,9.448818897637794,4.724409448818897,13.385826771653544,35.204081632653065,4.3478260869565215,1.4492753623188406,18.84057971014493,48.46938775510204,8.421052631578947,4.2105263157894735,13.684210526315791,5.612244897959184,0.0,9.090909090909092,36.36363636363637,9.693877551020408,0.0,0.0,15.789473684210526,27.040816326530614,0.0,0.0,15.09433962264151,3.061224489795918,50.0,0.0,0.0,1.530612244897959,100.0,0.0,0.0,1.530612244897959,33.33333333333333,0.0,0.0,,,,,,,,,0.5102040816326531,0.0,0.0,100.0,0.5102040816326531,0.0,100.0,0.0,0.5102040816326531,0.0,0.0,0.0,,,,,,,,,1.530612244897959,0.0,33.33333333333333,33.33333333333333,,,,
Nikola Cacic,0.5106382978723404,0.5,0.391304347826087,0.3666666666666666,0.1214953271028037,0.2897196261682243,0.0,0.0212765957446808,0.2307692307692307,0.173076923076923,0.5961538461538461,0.03902439,0.625,0.125,0.0,0.75,48.78048780487805,9.0,7.000000000000001,15.0,50.73170731707317,2.8846153846153846,1.9230769230769231,15.384615384615383,40.487804878048784,3.614457831325301,6.024096385542169,16.867469879518072,42.926829268292686,0.0,2.272727272727273,12.5,1.951219512195122,0.0,0.0,0.0,5.365853658536586,9.090909090909092,0.0,45.45454545454545,0.975609756097561,100.0,0.0,0.0,,,,,1.951219512195122,75.0,0.0,25.0,,,,,1.951219512195122,25.0,50.0,0.0,1.4634146341463417,66.66666666666666,0.0,0.0,0.975609756097561,0.0,0.0,0.0,0.4878048780487805,0.0,0.0,0.0,,,,,0.4878048780487805,0.0,0.0,0.0,0.4878048780487805,0.0,0.0,0.0,,,,
Nikola Milojevic,0.6615853658536586,0.631336405529954,0.5315315315315315,0.4842105263157895,0.1553672316384181,0.2245762711864407,0.0274390243902439,0.0670731707317073,0.2904290429042904,0.2145214521452145,0.495049504950495,0.018867925,0.620689655,0.137931034,0.068965517,0.793103448,47.430058555627845,7.270233196159122,5.761316872427984,8.641975308641975,52.504879635653865,4.337050805452292,2.850061957868649,10.780669144981411,43.9167208848406,5.185185185185185,5.481481481481482,9.037037037037036,47.69030579050097,3.4106412005457027,2.8649386084583903,10.368349249658936,1.301236174365647,5.0,5.0,0.0,3.188028627195836,0.0,2.0408163265306123,10.20408163265306,0.5855562784645413,66.66666666666666,11.11111111111111,0.0,0.4554326610279766,57.14285714285714,0.0,28.57142857142857,0.6506180871828237,60.0,10.0,10.0,,,,,0.520494469746259,37.5,25.0,12.5,0.9759271307742357,40.0,6.666666666666667,20.0,0.3253090435914118,0.0,0.0,0.0,0.1301236174365647,0.0,0.0,0.0,0.0650618087182823,100.0,0.0,0.0,0.0650618087182823,0.0,0.0,100.0,0.0650618087182823,100.0,0.0,0.0,,,,
Nikolas Sanchez Izquierdo,0.5967741935483871,0.5945945945945946,0.56,0.2711864406779661,0.0826446280991735,0.2396694214876033,0.032258064516129,0.064516129032258,0.1304347826086956,0.2826086956521739,0.5869565217391305,0.036900369,0.3,0.1,0.1,0.7,50.55350553505535,2.18978102189781,8.02919708029197,10.948905109489052,49.44649446494465,2.238805970149253,1.4925373134328357,8.955223880597014,43.542435424354245,0.0,6.779661016949152,10.16949152542373,46.12546125461255,2.4,1.6,9.6,1.8450184501845013,0.0,0.0,0.0,1.8450184501845013,0.0,0.0,0.0,1.8450184501845013,40.0,0.0,20.0,0.7380073800738007,0.0,0.0,0.0,0.3690036900369003,0.0,0.0,0.0,,,,,1.8450184501845013,0.0,20.0,40.0,,,,,0.3690036900369003,0.0,100.0,0.0,0.7380073800738007,0.0,0.0,0.0,0.7380073800738007,50.0,50.0,0.0,,,,,,,,,,,,
Nikolay Davydenko,0.6623516720604099,0.6869706840390879,0.5054313099041533,0.3916844349680171,0.1589276139410187,0.186166219839142,0.0299892125134843,0.058252427184466,0.3193056286165176,0.2606522882693319,0.4200420831141504,0.032270499,0.535836177,0.097269625,0.092150171,0.776450512,51.38498816014098,8.444968384953382,6.869574536491266,9.238023791662204,48.581970372817885,4.828836998413058,3.967354341419179,8.331444116980277,47.62927473979845,6.544109145565962,6.890970054341543,9.631171233668631,43.93413734236466,3.747806467786413,3.910754575081474,8.49837051892705,1.4538245498100115,0.7575757575757576,1.5151515151515151,0.0,2.863593810231841,0.9615384615384616,1.5384615384615383,3.2692307692307696,0.6663362519962553,57.85123966942148,8.264462809917356,8.264462809917356,0.8315435872019385,53.64238410596026,7.947019867549669,13.245033112582782,0.8150228536813702,66.21621621621621,8.783783783783784,6.756756756756757,0.1046313122969326,42.10526315789473,10.526315789473683,10.526315789473683,0.1211520458175009,27.27272727272727,18.181818181818183,0.0,0.214769535767388,25.64102564102564,10.256410256410255,28.205128205128204,0.1321658681645465,12.5,8.333333333333332,0.0,0.3909906933201167,12.676056338028168,9.859154929577464,1.4084507042253522,0.071589845255796,23.07692307692308,0.0,0.0,0.0385483782146593,0.0,0.0,0.0,0.4956220056170494,44.44444444444444,13.333333333333334,10.0,0.2037557134203425,37.83783783783784,13.513513513513514,16.216216216216218
Nikoloz Basilashvili,0.5545722713864307,0.6907294832826748,0.4938505203405866,0.3492417484388938,0.1744312026002167,0.2465872156013001,0.0585756426464391,0.1142014327855035,0.2813487881981033,0.1917808219178082,0.5263435194942044,0.018664178,0.471428571,0.235714286,0.064285714,0.642857143,53.41954406079189,8.80958322934864,5.64012977289743,14.000499126528576,46.58045593920811,5.180309101316543,3.949627933600458,12.535775615340585,51.41981069190774,7.881773399014778,5.600207415089447,13.92273787918071,43.02093054259432,4.772234273318872,4.090486519987604,12.209482491478154,0.8132249033462204,4.918032786885246,3.278688524590164,14.754098360655735,2.3463538194907345,1.1363636363636365,1.1363636363636365,9.659090909090908,0.4532728969470737,55.88235294117647,5.88235294117647,23.52941176470588,0.6799093454206105,39.21568627450981,5.88235294117647,31.37254901960784,0.4799360085321957,61.11111111111112,5.555555555555555,13.88888888888889,0.0133315557925609,100.0,0.0,0.0,0.0933208905479269,14.285714285714285,28.57142857142857,0.0,0.3332888948140248,12.0,4.0,36.0,0.0399946673776829,33.33333333333333,0.0,0.0,0.0666577789628049,0.0,0.0,0.0,0.0133315557925609,100.0,0.0,0.0,0.0666577789628049,20.0,0.0,0.0,0.1066524463404879,25.0,25.0,25.0,0.0533262231702439,0.0,0.0,50.0
Nino Serdarusic,0.6909090909090909,0.9473684210526316,0.4117647058823529,0.3148148148148148,0.146788990825688,0.1651376146788991,0.0545454545454545,0.1272727272727272,0.28125,0.25,0.46875,0.02484472,1.0,0.0,0.0,1.0,68.32298136645963,6.363636363636363,6.363636363636363,9.090909090909092,31.67701863354037,3.92156862745098,1.96078431372549,9.803921568627452,63.35403726708074,4.901960784313726,6.862745098039216,9.803921568627452,11.801242236024844,0.0,5.263157894736842,15.789473684210526,3.1055900621118013,0.0,0.0,0.0,16.77018633540373,0.0,0.0,7.4074074074074066,0.6211180124223602,100.0,0.0,0.0,1.2422360248447204,100.0,0.0,0.0,0.6211180124223602,100.0,0.0,0.0,,,,,,,,,,,,,0.6211180124223602,0.0,0.0,0.0,1.8633540372670807,0.0,0.0,0.0,,,,,,,,,,,,,,,,
Nishesh Basavareddy,0.6040034812880766,0.7348703170028819,0.5208791208791209,0.3949152542372881,0.1657363675397166,0.1425504508372692,0.0435161009573542,0.082680591818973,0.3318129988597491,0.346636259977195,0.3215507411630559,0.045561851,0.388601036,0.103626943,0.139896373,0.740932642,48.32389046270066,8.842208109428432,6.790425012212994,7.767464582315584,51.652502360717655,5.027422303473491,7.541133455210238,5.621572212065813,42.51652502360718,6.551915602443087,7.107162687395892,7.606885063853415,40.74598677998112,4.113557358053303,7.76361529548088,5.330243337195829,2.525967894239849,0.9345794392523364,0.0,1.8691588785046729,7.436260623229461,0.9523809523809524,2.5396825396825395,6.349206349206349,1.534466477809254,44.61538461538462,7.6923076923076925,13.846153846153848,1.794145420207743,28.94736842105264,15.789473684210526,7.894736842105263,0.7790368271954674,57.57575757575758,15.151515151515152,12.12121212121212,0.0708215297450425,33.33333333333333,0.0,0.0,0.6137865911237016,34.61538461538461,0.0,15.384615384615383,1.3456090651558072,19.29824561403509,12.280701754385964,7.017543859649122,0.1180358829084041,20.0,0.0,40.0,0.1180358829084041,40.0,0.0,20.0,0.0472143531633616,0.0,0.0,0.0,0.0472143531633616,0.0,50.0,0.0,0.1888574126534466,50.0,12.5,12.5,0.0944287063267233,0.0,75.0,0.0
Noah Rubin,0.5384615384615384,0.5357142857142857,0.3333333333333333,0.3469387755102041,0.1089108910891089,0.198019801980198,0.1153846153846153,0.0384615384615384,0.2647058823529412,0.3235294117647059,0.4117647058823529,0.026845638,0.25,0.0,0.25,0.75,55.70469798657718,7.228915662650602,6.024096385542169,10.843373493975903,44.29530201342282,4.545454545454546,9.090909090909092,7.575757575757576,48.32214765100672,6.944444444444445,5.555555555555555,12.5,39.59731543624161,5.084745762711865,10.16949152542373,8.47457627118644,4.026845637583892,0.0,0.0,0.0,4.026845637583892,0.0,0.0,0.0,1.342281879194631,0.0,0.0,0.0,,,,,1.342281879194631,50.0,50.0,0.0,,,,,,,,,0.6711409395973155,0.0,0.0,0.0,0.6711409395973155,0.0,0.0,0.0,,,,,,,,,,,,,,,,,,,,
Norbert Gombos,0.6270270270270271,0.8189655172413793,0.5797101449275363,0.2844036697247706,0.1588089330024814,0.2009925558312655,0.0162162162162162,0.1729729729729729,0.2424242424242424,0.1666666666666666,0.5909090909090909,0.021806854,0.571428571,0.071428571,0.0,0.714285714,49.84423676012461,7.5,3.125,13.750000000000002,50.15576323987538,2.484472049689441,3.7267080745341614,10.559006211180124,45.638629283489095,6.143344709897611,2.7303754266211606,13.993174061433448,45.638629283489095,1.706484641638225,3.754266211604096,10.921501706484642,1.557632398753894,0.0,0.0,10.0,3.115264797507788,0.0,5.0,5.0,0.6230529595015576,75.0,0.0,25.0,0.3115264797507788,100.0,0.0,0.0,0.4672897196261681,33.33333333333333,0.0,0.0,0.1557632398753894,0.0,0.0,0.0,1.0903426791277258,14.285714285714285,14.285714285714285,14.285714285714285,0.1557632398753894,0.0,0.0,100.0,0.1557632398753894,0.0,100.0,0.0,0.4672897196261681,0.0,0.0,0.0,,,,,0.3115264797507788,50.0,0.0,0.0,0.3115264797507788,50.0,0.0,0.0,,,,
Novak Djokovic,0.6529258469556977,0.7313497822931785,0.5489419795221843,0.4045056777937715,0.1583795666282843,0.1577980157483978,0.0280739161336176,0.0843165126747216,0.3179841149773071,0.2902483610690872,0.3912947554210791,0.033330666,0.43638546,0.087277092,0.122599451,0.732853224,49.84797741378719,7.635775787940978,6.239323098795015,7.064812373167012,50.13430566827072,3.907799639771095,4.293107772280614,7.124780556758852,45.13984934904615,5.91139865540686,6.138029702594229,7.253459605231506,41.40443723067428,2.924896821124408,4.146479495355225,7.110025259845128,1.9294295152422647,1.8364928909952605,1.6883886255924172,1.3329383886255926,5.576257043903666,0.6764374295377678,1.5681049502920978,4.181613200778928,0.9795741081532112,48.19136522753792,10.56009334889148,9.334889148191364,1.0704447517916948,37.960491190603314,12.920448478376937,9.98398291510945,0.8241224410483843,54.71567267683773,11.095700416088766,7.558945908460471,0.0348623224021854,24.59016393442623,9.836065573770492,11.475409836065571,0.2800416061814898,25.10204081632653,11.428571428571429,14.081632653061224,1.3533439253831998,17.31418918918919,10.68412162162162,20.18581081081081,0.4503526238183958,4.822335025380711,5.710659898477157,2.538071065989848,0.6612410986775178,6.222990492653413,7.260155574762317,2.247191011235955,0.1057299941705624,20.0,12.432432432432432,6.486486486486487,0.0937282110484986,18.902439024390244,14.02439024390244,4.2682926829268295,0.2114599883411249,34.86486486486486,20.81081081081081,6.756756756756757,0.0160023774960851,39.285714285714285,14.285714285714285,7.142857142857142
Nuno Borges,0.6516666666666666,0.6751918158567775,0.5119617224880383,0.3460236886632826,0.1406381192275398,0.181360201511335,0.0325,0.095,0.2630952380952381,0.269047619047619,0.4678571428571428,0.035585477,0.445945946,0.114864865,0.121621622,0.75,56.23948064438567,7.182556648140231,6.626763574176999,9.40572894399316,43.73647511421015,2.9136888400219902,3.903243540406817,9.455744914788346,48.01635008415485,4.707060590886329,6.71006509764647,9.313970956434652,37.533060831930754,1.9218449711723256,3.3311979500320303,10.121716848174248,3.798990141861024,1.2658227848101269,1.2658227848101269,0.6329113924050633,4.039432555902861,0.5952380952380952,3.571428571428571,3.571428571428571,0.7213272421255109,43.333333333333336,6.666666666666667,23.33333333333333,0.7453714835296946,51.61290322580645,12.903225806451612,6.451612903225806,1.178167828805001,55.10204081632652,10.20408163265306,12.244897959183673,0.1442654484251022,33.33333333333333,50.0,0.0,1.7552296225054098,34.24657534246575,10.95890410958904,24.65753424657534,0.4087521038711229,5.88235294117647,17.647058823529413,23.52941176470588,0.2644866554460207,18.181818181818183,9.090909090909092,0.0,0.6011060351045925,0.0,8.0,8.0,0.4087521038711229,17.647058823529413,17.647058823529413,11.76470588235294,0.2644866554460207,27.27272727272727,9.090909090909092,0.0,0.0961769656167347,50.0,0.0,0.0,,,,
Oleksandr Ovcharenko,0.6835443037974683,0.6296296296296297,0.32,0.328125,0.0629370629370629,0.2377622377622377,0.0632911392405063,0.0379746835443038,0.1621621621621621,0.054054054054054,0.7837837837837838,0.016666667,0.2,0.2,0.0,0.2,41.333333333333336,3.225806451612903,0.0,12.903225806451612,58.66666666666666,1.1363636363636365,1.1363636363636365,7.386363636363637,36.0,2.7777777777777777,0.0,11.11111111111111,55.333333333333336,0.6024096385542169,0.6024096385542169,7.83132530120482,1.6666666666666667,0.0,0.0,0.0,2.0,0.0,0.0,0.0,0.6666666666666667,0.0,0.0,50.0,0.6666666666666667,50.0,0.0,0.0,,,,,,,,,2.0,16.666666666666664,0.0,50.0,0.3333333333333333,0.0,100.0,0.0,0.6666666666666667,0.0,0.0,0.0,0.3333333333333333,0.0,0.0,0.0,0.3333333333333333,0.0,0.0,0.0,,,,,,,,,,,,
Oleksii Krutykh,0.5054945054945055,0.7282608695652174,0.5333333333333333,0.4179894179894179,0.1644204851752021,0.215633423180593,0.0274725274725274,0.0659340659340659,0.3141025641025641,0.2051282051282051,0.4807692307692308,0.016194332,0.666666667,0.0,0.0,0.833333333,48.98785425101215,9.917355371900827,7.43801652892562,9.917355371900827,50.877192982456144,3.4482758620689653,1.326259946949602,10.344827586206897,45.47908232118758,9.19881305637982,8.011869436201781,9.495548961424332,41.70040485829959,2.5889967637540456,1.6181229773462782,10.679611650485436,1.7543859649122806,0.0,0.0,15.384615384615383,7.6923076923076925,0.0,0.0,8.771929824561402,0.5398110661268556,50.0,0.0,0.0,0.6747638326585695,60.0,0.0,0.0,0.2699055330634278,100.0,0.0,0.0,0.1349527665317139,100.0,0.0,0.0,0.6747638326585695,0.0,0.0,40.0,0.4048582995951417,33.33333333333333,0.0,33.33333333333333,0.2699055330634278,50.0,0.0,0.0,0.2699055330634278,0.0,0.0,0.0,,,,,,,,,,,,,,,,
Olivier Rochus,0.6288659793814433,0.639344262295082,0.5,0.2736842105263158,0.1145833333333333,0.140625,0.0309278350515463,0.0206185567010309,0.3333333333333333,0.2666666666666666,0.4,0.069230769,0.444444444,0.222222222,0.055555556,0.555555556,51.92307692307693,8.148148148148149,8.88888888888889,9.62962962962963,47.69230769230769,7.258064516129033,2.419354838709677,8.870967741935484,46.53846153846154,5.785123966942149,9.090909090909092,8.264462809917356,24.23076923076923,7.936507936507936,4.761904761904762,9.523809523809524,0.3846153846153846,0.0,0.0,0.0,18.07692307692308,0.0,0.0,4.25531914893617,2.307692307692308,16.666666666666664,16.666666666666664,16.666666666666664,3.076923076923077,50.0,0.0,37.5,1.153846153846154,66.66666666666666,0.0,0.0,,,,,1.153846153846154,0.0,0.0,66.66666666666666,,,,,,,,,2.307692307692308,0.0,0.0,0.0,,,,,,,,,0.3846153846153846,100.0,0.0,0.0,,,,
Omar Jasika,0.6632653061224489,0.6153846153846154,0.6363636363636364,0.2608695652173913,0.0947368421052631,0.1631578947368421,0.0,0.0306122448979591,0.217391304347826,0.3333333333333333,0.4492753623188406,0.050139276,0.333333333,0.166666667,0.111111111,0.666666667,54.038997214484674,6.701030927835052,7.216494845360824,9.278350515463918,45.96100278551532,1.2121212121212122,5.454545454545454,7.878787878787878,47.35376044568245,4.705882352941177,7.0588235294117645,8.823529411764707,36.21169916434541,0.7692307692307693,4.615384615384616,6.923076923076923,2.5069637883008355,0.0,0.0,11.11111111111111,3.899721448467967,0.0,7.142857142857142,0.0,1.1142061281337048,25.0,0.0,50.0,1.392757660167131,20.0,0.0,20.0,2.2284122562674096,37.5,25.0,0.0,,,,,0.2785515320334262,0.0,0.0,0.0,1.392757660167131,0.0,40.0,60.0,0.2785515320334262,0.0,0.0,0.0,3.064066852367688,0.0,0.0,0.0,,,,,,,,,0.2785515320334262,100.0,0.0,0.0,,,,
Oscar Otte,0.5595744680851064,0.7072243346007605,0.5120772946859904,0.3204545454545454,0.178021978021978,0.1813186813186813,0.0617021276595744,0.1106382978723404,0.3583061889250814,0.1986970684039088,0.4429967426710097,0.049204052,0.470588235,0.073529412,0.044117647,0.691176471,47.90159189580319,10.725075528700906,5.13595166163142,12.084592145015106,51.6642547033285,5.46218487394958,3.7815126050420167,7.84313725490196,38.85672937771346,8.007448789571695,5.027932960893855,13.03538175046555,38.78437047756874,5.597014925373134,4.477611940298507,8.395522388059701,3.690303907380608,0.0,3.92156862745098,5.88235294117647,8.031837916063676,0.0,1.8018018018018016,6.306306306306306,1.9536903039073803,51.85185185185185,3.7037037037037033,7.4074074074074066,1.0130246020260492,42.85714285714285,7.142857142857142,0.0,1.3024602026049203,50.0,5.555555555555555,16.666666666666664,,,,,0.7959479015918958,18.181818181818183,18.181818181818183,18.181818181818183,1.447178002894356,15.0,0.0,20.0,0.9406657018813316,0.0,7.6923076923076925,0.0,2.098408104196816,0.0,0.0,0.0,0.0723589001447178,0.0,0.0,0.0,0.2894356005788712,0.0,0.0,0.0,0.2894356005788712,75.0,0.0,0.0,,,,
Otto Virtanen,0.5812854442344045,0.7333333333333333,0.474040632054176,0.3493493493493493,0.1973748176956733,0.2002916869227029,0.052930056710775,0.1531190926275992,0.3057644110275689,0.2481203007518796,0.4461152882205513,0.052086506,0.34502924,0.175438596,0.134502924,0.608187135,49.77155041120926,11.505507955936352,6.731946144430845,13.035495716034273,50.22844958879074,3.395997574287447,5.336567616737416,8.671922377198301,42.85714285714285,9.737029140014217,6.467661691542288,12.935323383084576,41.12092598233323,2.3703703703703702,4.888888888888889,9.037037037037036,1.7362168748096252,5.263157894736842,0.0,3.508771929824561,5.178190679256777,0.5882352941176471,2.3529411764705883,2.3529411764705883,2.1321961620469083,38.57142857142858,12.857142857142856,22.857142857142858,1.85805665549802,29.508196721311474,18.0327868852459,18.0327868852459,0.6091989034419738,50.0,5.0,10.0,0.0304599451720986,100.0,0.0,0.0,1.85805665549802,16.39344262295082,11.475409836065571,18.0327868852459,0.5482790130977765,5.555555555555555,27.77777777777778,27.77777777777778,0.4264392324093816,0.0,7.142857142857142,0.0,1.0660980810234542,2.857142857142857,2.857142857142857,0.0,0.091379835516296,0.0,33.33333333333333,0.0,0.4264392324093816,14.285714285714285,7.142857142857142,7.142857142857142,0.0609198903441973,50.0,0.0,0.0,,,,
Ozan Baris,0.5185185185185185,0.5357142857142857,0.3846153846153846,0.28,0.0673076923076923,0.25,0.0185185185185185,0.0555555555555555,0.1212121212121212,0.1212121212121212,0.7575757575757576,0.045714286,0.125,0.25,0.0,0.25,47.42857142857143,4.819277108433735,1.2048192771084338,8.433734939759036,52.57142857142857,0.0,3.260869565217391,19.565217391304348,37.142857142857146,4.615384615384616,1.5384615384615383,6.153846153846154,41.71428571428572,0.0,4.10958904109589,17.80821917808219,6.857142857142858,0.0,0.0,16.666666666666664,9.142857142857142,0.0,0.0,25.0,0.5714285714285714,0.0,0.0,0.0,1.7142857142857144,0.0,0.0,33.33333333333333,0.5714285714285714,0.0,0.0,100.0,,,,,,,,,,,,,0.5714285714285714,0.0,0.0,0.0,,,,,1.7142857142857144,33.33333333333333,0.0,0.0,,,,,,,,,,,,
Pablo Andujar,0.6719319562575942,0.620253164556962,0.3888888888888889,0.3742621015348288,0.1437125748502994,0.1724550898203593,0.040097205346294,0.0072904009720534,0.3673469387755102,0.2307692307692307,0.4003139717425432,0.050967148,0.481927711,0.048192771,0.072289157,0.728915663,51.48910039914031,9.66010733452594,5.008944543828265,9.123434704830052,47.80472827755604,4.624277456647398,3.982016698779704,6.551059730250482,45.01074608535462,6.2755798090040935,4.843110504774898,9.618008185538882,40.19035922628185,3.2085561497326207,3.590527119938885,6.3407181054239885,1.289530242554498,7.142857142857142,0.0,0.0,3.899293828676696,0.0,2.3622047244094486,7.874015748031496,1.8114829597789377,42.3728813559322,8.47457627118644,8.47457627118644,1.7193736567393307,44.642857142857146,8.928571428571429,5.357142857142857,1.228124040528093,67.5,2.5,0.0,0.0307031010132023,0.0,0.0,0.0,1.289530242554498,30.95238095238096,14.285714285714285,11.904761904761903,0.8903899293828677,13.79310344827586,13.79310344827586,17.24137931034483,0.6754682222904513,0.0,4.545454545454546,9.090909090909092,0.9517961314092724,0.0,6.451612903225806,3.225806451612903,0.092109303039607,66.66666666666666,0.0,0.0,0.092109303039607,33.33333333333333,0.0,0.0,0.092109303039607,0.0,0.0,0.0,0.0307031010132023,0.0,100.0,0.0
Pablo Carreno Busta,0.6795685279187818,0.6783380018674137,0.503960396039604,0.3547574039067422,0.158868163136263,0.1587100853619981,0.0206218274111675,0.0780456852791878,0.3453139217470428,0.227024567788899,0.427206551410373,0.024748251,0.482758621,0.106896552,0.072413793,0.755172414,51.93719064686807,8.856391718698653,5.323693723299376,8.790667104830758,48.037207714627066,3.9083318529046016,3.108900337537751,7.177118493515722,45.28929851510497,7.442999811569625,5.389108724326362,9.21424533634822,41.85014507595153,3.364600326264274,3.181076672104405,7.504078303425775,3.601297149684247,1.1848341232227488,1.4218009478672986,1.4218009478672986,4.471752858849633,1.1450381679389312,0.9541984732824428,3.816793893129771,0.8448540706605223,49.494949494949495,6.0606060606060606,13.131313131313131,0.7765830346475507,39.56043956043956,7.6923076923076925,12.087912087912088,0.6400409626216078,62.66666666666667,10.666666666666668,5.333333333333334,0.0170677590032428,100.0,0.0,0.0,1.169141491722137,27.00729927007299,12.408759124087592,13.86861313868613,0.2901519030551288,20.588235294117645,14.705882352941178,11.76470588235294,0.2474825055470217,3.4482758620689653,3.4482758620689653,3.4482758620689653,0.5803038061102577,4.411764705882353,2.941176470588235,1.4705882352941175,0.1109404335210786,23.07692307692308,0.0,15.384615384615383,0.0512032770097286,16.666666666666664,0.0,0.0,0.0341355180064857,50.0,0.0,25.0,,,,
Pablo Cuevas,0.6243016759776536,0.7360178970917226,0.5836431226765799,0.3607188703465982,0.1404682274247491,0.1585284280936454,0.0307262569832402,0.1117318435754189,0.2589641434262948,0.3127490039840637,0.4282868525896414,0.01995114,0.428571429,0.102040816,0.102040816,0.612244898,55.98534201954397,6.472727272727273,7.8545454545454545,9.018181818181818,43.40390879478828,3.75234521575985,4.596622889305816,8.536585365853659,53.05374592833876,5.525709900230238,7.828089025326171,9.1327705295472,35.586319218241044,3.318077803203661,4.3478260869565215,8.695652173913043,1.0993485342019544,0.0,7.4074074074074066,0.0,6.311074918566775,1.935483870967742,4.516129032258064,7.741935483870968,0.6107491856677525,46.66666666666666,6.666666666666667,20.0,0.5700325732899023,35.714285714285715,7.142857142857142,7.142857142857142,0.6514657980456027,43.75,18.75,6.25,,,,,0.2442996742671009,33.33333333333333,0.0,16.666666666666664,0.3664495114006514,11.11111111111111,22.22222222222222,22.22222222222222,0.2442996742671009,0.0,0.0,0.0,0.4885993485342019,8.333333333333332,8.333333333333332,0.0,0.0407166123778501,0.0,0.0,0.0,0.0814332247557003,50.0,0.0,0.0,0.0407166123778501,100.0,0.0,0.0,,,,
Pablo Llamas Ruiz,0.6756756756756757,0.68,0.5833333333333334,0.2972972972972973,0.1689189189189189,0.1689189189189189,0.0135135135135135,0.0135135135135135,0.4285714285714285,0.1428571428571428,0.4285714285714285,0.074349442,0.35,0.05,0.1,0.85,51.6728624535316,12.949640287769784,2.158273381294964,5.035971223021583,48.3271375464684,4.615384615384616,3.8461538461538463,13.076923076923078,37.17472118959108,8.0,3.0,7.000000000000001,31.59851301115242,2.3529411764705883,2.3529411764705883,15.294117647058824,5.5762081784386615,6.666666666666667,0.0,0.0,10.037174721189592,3.7037037037037033,0.0,3.7037037037037033,1.486988847583643,25.0,0.0,0.0,2.973977695167286,25.0,25.0,12.5,2.973977695167286,50.0,0.0,0.0,,,,,2.2304832713754648,66.66666666666666,0.0,0.0,1.858736059479554,20.0,0.0,40.0,2.2304832713754648,0.0,0.0,0.0,1.858736059479554,0.0,20.0,0.0,,,,,,,,,,,,,,,,
Paolo Lorenzi,0.5653950953678474,0.7590361445783133,0.5015673981191222,0.326647564469914,0.1620111731843575,0.1543296089385475,0.044959128065395,0.0980926430517711,0.3524229074889868,0.2312775330396475,0.4140969162995594,0.059081836,0.472972973,0.094594595,0.101351351,0.783783784,50.21956087824351,7.631160572337042,4.610492845786964,8.34658187599364,49.54091816367266,5.157131345688961,3.7872683319903295,6.60757453666398,42.79441117764471,3.9179104477611935,4.104477611940299,9.235074626865671,37.24550898203593,3.215434083601286,3.215434083601286,6.752411575562702,3.43313373253493,2.3255813953488373,3.488372093023256,0.0,7.864271457085828,1.015228426395939,1.5228426395939088,3.045685279187817,1.836327345309381,50.0,10.869565217391305,8.695652173913043,2.19560878243513,40.0,9.090909090909092,12.727272727272728,1.3572854291417165,67.64705882352942,11.76470588235294,2.941176470588235,0.0399201596806387,0.0,0.0,100.0,0.2395209580838323,50.0,0.0,0.0,1.3972055888223551,25.71428571428571,22.857142857142858,14.285714285714285,0.279441117764471,14.285714285714285,14.285714285714285,0.0,0.5988023952095809,6.666666666666667,6.666666666666667,0.0,0.2395209580838323,33.33333333333333,16.666666666666664,16.666666666666664,0.1996007984031935,0.0,0.0,0.0,0.0399201596806387,0.0,0.0,0.0,,,,
Paradorn Srichaphan,0.5754060324825986,0.717741935483871,0.5355191256830601,0.3695652173913043,0.202020202020202,0.1795735129068462,0.0487238979118329,0.1322505800464037,0.3607038123167155,0.2316715542521994,0.407624633431085,0.043600563,0.370967742,0.129032258,0.177419355,0.677419355,44.37412095639944,12.044374009508717,7.448494453248812,11.410459587955629,55.62587904360057,5.941845764854614,4.0455120101137805,8.470290771175728,37.55274261603376,10.674157303370784,7.677902621722846,11.610486891385769,36.849507735583686,6.297709923664121,4.007633587786259,10.687022900763358,3.4458509142053444,2.0408163265306123,0.0,2.0408163265306123,15.471167369901549,2.272727272727273,1.818181818181818,3.1818181818181817,2.109704641350211,33.33333333333333,20.0,26.666666666666668,1.1251758087201125,43.75,25.0,0.0,0.3516174402250351,60.0,0.0,0.0,,,,,0.2812939521800281,75.0,0.0,25.0,0.7032348804500703,10.0,20.0,30.0,0.210970464135021,0.0,0.0,0.0,1.1251758087201125,0.0,0.0,6.25,0.210970464135021,33.33333333333333,0.0,0.0,0.3516174402250351,20.0,20.0,0.0,0.210970464135021,33.33333333333333,0.0,0.0,,,,
Patrick Brady,0.7307692307692307,0.6578947368421053,0.3571428571428571,0.2,0.0515463917525773,0.2577319587628865,0.0576923076923076,0.0192307692307692,0.1379310344827586,0.0344827586206896,0.7586206896551724,0.059210526,0.222222222,0.222222222,0.0,0.555555556,53.289473684210535,3.7037037037037033,0.0,17.28395061728395,46.71052631578947,1.4084507042253522,1.4084507042253522,11.267605633802818,41.44736842105263,3.1746031746031744,0.0,17.46031746031746,40.78947368421053,0.0,1.6129032258064515,12.903225806451612,5.263157894736842,0.0,0.0,12.5,4.605263157894736,0.0,0.0,0.0,3.289473684210526,20.0,0.0,40.0,1.3157894736842104,50.0,0.0,0.0,1.3157894736842104,0.0,0.0,0.0,,,,,1.3157894736842104,0.0,0.0,0.0,,,,,0.6578947368421052,0.0,0.0,0.0,,,,,,,,,,,,,,,,,,,,
Patrick Kaukovalta,0.6,0.75,0.5,0.0638297872340425,0.1588785046728972,0.0841121495327102,0.0,0.2,0.2272727272727272,0.3636363636363636,0.4090909090909091,0.322033898,0.210526316,0.052631579,0.368421053,0.736842105,57.6271186440678,14.705882352941178,17.647058823529413,17.647058823529413,42.3728813559322,0.0,8.0,12.0,27.11864406779661,6.25,0.0,25.0,18.64406779661017,0.0,0.0,18.181818181818183,3.389830508474576,0.0,0.0,50.0,16.94915254237288,0.0,10.0,10.0,18.64406779661017,18.181818181818183,45.45454545454545,9.090909090909092,6.779661016949152,0.0,25.0,0.0,5.084745762711865,66.66666666666666,33.33333333333333,0.0,,,,,1.694915254237288,0.0,0.0,0.0,,,,,,,,,,,,,1.694915254237288,0.0,0.0,0.0,,,,,,,,,,,,
Patrick Kypson,0.7054263565891473,0.7472527472527473,0.5263157894736842,0.3515625,0.1322957198443579,0.1245136186770428,0.0,0.1317829457364341,0.2537313432835821,0.2686567164179104,0.4776119402985074,0.012437811,0.4,0.2,0.2,0.8,52.98507462686567,7.042253521126761,6.103286384976526,6.103286384976526,47.01492537313433,1.058201058201058,2.6455026455026456,10.052910052910052,46.26865671641791,6.989247311827956,6.989247311827956,6.989247311827956,34.57711442786069,1.4388489208633095,2.158273381294964,10.071942446043163,5.970149253731343,0.0,0.0,0.0,9.45273631840796,0.0,0.0,7.894736842105263,0.2487562189054726,100.0,0.0,0.0,0.7462686567164178,0.0,33.33333333333333,33.33333333333333,0.2487562189054726,100.0,0.0,0.0,,,,,,,,,0.9950248756218906,0.0,0.0,25.0,0.2487562189054726,0.0,0.0,0.0,1.2437810945273633,0.0,20.0,0.0,,,,,,,,,,,,,,,,
Patrick Rafter,0.6143847487001733,0.7602256699576869,0.4943820224719101,0.3306595365418895,0.2205623901581722,0.1309314586994727,0.048526863084922,0.1000311623558741,0.4541891229789319,0.2150906418422342,0.3302302792748652,0.283993902,0.32689211,0.126677402,0.118089104,0.654857756,40.37815126050421,21.64412070759625,5.931321540062435,10.509885535900104,59.57983193277311,10.437235543018335,5.712270803949225,9.94358251057828,22.478991596638657,11.401869158878505,5.046728971962617,10.841121495327103,13.025210084033615,10.32258064516129,4.838709677419355,17.741935483870968,4.285714285714286,3.92156862745098,1.96078431372549,4.901960784313726,28.949579831932777,1.161103047895501,2.3222060957910013,6.2409288824383164,9.53781512605042,47.57709251101321,8.370044052863436,13.215859030837004,12.26890756302521,28.767123287671232,13.013698630136986,11.986301369863012,1.5966386554621848,65.78947368421053,7.894736842105263,10.526315789473683,0.5042016806722689,66.66666666666666,16.666666666666664,0.0,0.1260504201680672,33.33333333333333,33.33333333333333,33.33333333333333,1.092436974789916,26.923076923076923,7.6923076923076925,19.23076923076924,0.5042016806722689,33.33333333333333,0.0,0.0,1.5546218487394958,8.108108108108109,10.81081081081081,2.702702702702702,1.7647058823529411,11.904761904761903,9.523809523809524,4.761904761904762,2.016806722689076,8.333333333333332,8.333333333333332,4.166666666666666,0.0840336134453781,0.0,50.0,50.0,0.1680672268907563,50.0,0.0,0.0
Paul Capdeville,0.6071428571428571,0.6470588235294118,0.3939393939393939,0.25,0.1217948717948717,0.1794871794871795,0.0238095238095238,0.0595238095238095,0.2745098039215686,0.2156862745098039,0.5098039215686274,0.090196078,0.260869565,0.086956522,0.0,0.652173913,44.70588235294118,7.894736842105263,2.631578947368421,8.771929824561402,55.294117647058826,3.546099290780142,5.673758865248227,11.347517730496454,38.03921568627451,3.09278350515464,3.09278350515464,9.278350515463918,41.96078431372549,2.803738317757009,4.672897196261682,14.018691588785046,1.1764705882352942,0.0,0.0,0.0,7.450980392156863,5.263157894736842,0.0,0.0,2.7450980392156863,28.57142857142857,0.0,14.285714285714285,2.7450980392156863,14.285714285714285,0.0,14.285714285714285,2.3529411764705883,50.0,0.0,0.0,,,,,,,,,,,,,0.392156862745098,100.0,0.0,0.0,1.96078431372549,0.0,60.0,0.0,,,,,1.1764705882352942,0.0,0.0,0.0,,,,,,,,
Paul Henri Mathieu,0.5744360902255639,0.6596858638743456,0.4770318021201413,0.336405529953917,0.1329787234042553,0.1694528875379939,0.0330827067669172,0.0496240601503759,0.3198198198198198,0.2274774774774774,0.4527027027027027,0.020435362,0.434782609,0.108695652,0.043478261,0.695652174,47.35673034207019,6.941838649155723,6.566604127579738,8.536585365853659,52.64326965792981,5.738396624472574,2.6160337552742616,9.282700421940929,44.73567303420702,5.958291956305859,6.454816285998014,8.838133068520357,48.023100844069305,5.45790934320074,2.8677150786308974,9.528214616096207,0.932918702798756,0.0,0.0,0.0,3.109729009329187,0.0,0.0,2.857142857142857,0.888494002665482,35.0,10.0,10.0,0.8440693025322079,36.84210526315789,0.0,15.789473684210526,0.2665482007996446,83.33333333333334,0.0,0.0,,,,,0.2221235006663705,40.0,40.0,0.0,0.1776988005330964,0.0,0.0,25.0,0.3109729009329187,0.0,14.285714285714285,0.0,0.444247001332741,10.0,0.0,10.0,,,,,0.0444247001332741,100.0,0.0,0.0,,,,,,,,
Paul Jubb,0.6186291739894552,0.6931818181818182,0.5207373271889401,0.3676190476190476,0.1435100548446069,0.1617915904936014,0.047451669595782,0.0615114235500878,0.3306233062330623,0.2628726287262872,0.4065040650406504,0.041131105,0.46875,0.1875,0.125,0.703125,54.56298200514139,9.77620730270907,7.538280329799764,9.422850412249703,45.30848329048843,5.531914893617021,4.680851063829787,9.929078014184398,48.97172236503856,7.874015748031496,7.217847769028872,9.580052493438322,34.19023136246786,3.947368421052632,4.699248120300752,10.526315789473683,2.442159383033419,0.0,7.894736842105263,2.631578947368421,7.455012853470437,0.8620689655172413,1.7241379310344829,5.172413793103448,0.8354755784061696,38.46153846153847,7.6923076923076925,23.07692307692308,1.7352185089974297,44.44444444444444,11.11111111111111,22.22222222222222,0.9640102827763496,73.33333333333333,20.0,0.0,0.0642673521850899,0.0,0.0,0.0,0.2570694087403599,75.0,0.0,0.0,0.5784061696658097,44.44444444444444,33.33333333333333,22.22222222222222,0.5784061696658097,22.22222222222222,11.11111111111111,0.0,1.2853470437017995,5.0,0.0,0.0,0.3213367609254499,40.0,0.0,20.0,,,,,0.1928020565552699,0.0,33.33333333333333,66.66666666666666,,,,
Pavel Kotov,0.6574074074074074,0.6514084507042254,0.4797297297297297,0.2661691542288557,0.1282973621103117,0.1570743405275779,0.0231481481481481,0.0532407407407407,0.3076923076923077,0.2490842490842491,0.4432234432234432,0.025307798,0.297297297,0.243243243,0.189189189,0.567567568,50.95759233926128,8.859060402684564,6.174496644295302,9.93288590604027,49.04240766073871,2.510460251046025,3.0683403068340307,6.5550906555090656,43.70725034199726,7.981220657276995,6.259780907668231,10.015649452269171,43.16005471956224,2.694136291600634,2.694136291600634,6.180665610142631,3.556771545827633,1.9230769230769231,0.0,0.0,4.240766073871409,0.0,1.6129032258064515,4.838709677419355,0.957592339261286,28.57142857142857,7.142857142857142,21.428571428571427,0.7523939808481532,9.090909090909092,36.36363636363637,36.36363636363637,0.615595075239398,66.66666666666666,22.22222222222222,11.11111111111111,,,,,1.4363885088919288,19.047619047619047,9.523809523809524,23.809523809523807,0.2051983584131327,0.0,0.0,33.33333333333333,0.478796169630643,0.0,14.285714285714285,0.0,0.6839945280437756,0.0,0.0,0.0,,,,,,,,,0.2051983584131327,0.0,0.0,33.33333333333333,,,,
Pavel Tsoy,0.6727272727272727,0.4864864864864865,0.4444444444444444,0.1351351351351351,0.0217391304347826,0.2717391304347826,0.0363636363636363,0.0,0.074074074074074,0.074074074074074,0.8518518518518519,0.006896552,0.0,1.0,0.0,0.0,62.75862068965517,2.197802197802198,2.197802197802198,19.78021978021978,37.24137931034483,0.0,0.0,9.25925925925926,60.0,2.2988505747126435,2.2988505747126435,19.54022988505747,11.03448275862069,0.0,0.0,12.5,2.0689655172413794,0.0,0.0,0.0,25.517241379310345,0.0,0.0,8.108108108108109,,,,,,,,,,,,,,,,,,,,,,,,,,,,,0.6896551724137931,0.0,0.0,0.0,,,,,,,,,0.6896551724137931,0.0,0.0,100.0,,,,
Pedja Krstin,0.4677419354838709,0.7586206896551724,0.5151515151515151,0.4583333333333333,0.1,0.1545454545454545,0.0967741935483871,0.064516129032258,0.2413793103448276,0.3793103448275862,0.3793103448275862,0.004545455,1.0,0.0,0.0,1.0,43.63636363636363,3.125,5.208333333333334,4.166666666666666,56.36363636363636,3.225806451612903,4.838709677419355,5.64516129032258,41.81818181818181,2.1739130434782608,5.434782608695652,4.3478260869565215,54.090909090909086,2.5210084033613445,5.042016806722689,5.88235294117647,1.3636363636363635,0.0,0.0,0.0,1.818181818181818,0.0,0.0,0.0,0.4545454545454545,100.0,0.0,0.0,,,,,,,,,,,,,,,,,0.4545454545454545,100.0,0.0,0.0,,,,,,,,,,,,,,,,,,,,,,,,
Pedro Araujo,0.8333333333333334,0.58,0.6,0.6470588235294118,0.1351351351351351,0.1531531531531531,0.0166666666666666,0.0,0.3260869565217391,0.3260869565217391,0.3478260869565217,0.021341463,0.571428571,0.142857143,0.285714286,0.857142857,37.5,6.504065040650407,4.878048780487805,7.317073170731707,62.5,3.414634146341464,4.390243902439024,3.414634146341464,32.31707317073171,3.7735849056603774,3.7735849056603774,7.547169811320755,54.87804878048781,2.2222222222222223,3.888888888888889,3.888888888888889,1.829268292682927,16.666666666666664,0.0,0.0,4.573170731707317,0.0,0.0,0.0,0.3048780487804878,0.0,100.0,0.0,0.6097560975609756,50.0,50.0,0.0,1.2195121951219512,75.0,0.0,25.0,,,,,1.524390243902439,0.0,20.0,0.0,2.1341463414634148,28.57142857142857,14.285714285714285,0.0,0.3048780487804878,0.0,0.0,0.0,0.3048780487804878,0.0,0.0,0.0,,,,,,,,,,,,,,,,
Pedro Cachin,0.6072106261859582,0.7125,0.5072463768115942,0.3551401869158878,0.1516007532956685,0.2033898305084746,0.0227703984819734,0.0683111954459203,0.3033980582524271,0.2014563106796116,0.4951456310679611,0.035832155,0.513157895,0.013157895,0.131578947,0.802631579,46.48750589344649,8.113590263691684,4.563894523326572,9.22920892494929,52.33380480905233,4.054054054054054,3.423423423423423,10.18018018018018,39.6039603960396,5.595238095238096,4.880952380952381,10.0,42.38566713814239,3.225806451612903,3.0033370411568407,11.345939933259176,3.771805752003772,2.5,0.0,1.25,7.024988213107025,1.342281879194631,2.013422818791946,5.369127516778524,1.1315417256011315,58.333333333333336,4.166666666666666,4.166666666666666,1.2258368694012258,42.30769230769231,23.07692307692308,0.0,0.8015087223008015,76.47058823529412,0.0,0.0,,,,,0.5657708628005658,16.666666666666664,8.333333333333332,41.66666666666667,0.6600660066006601,21.428571428571427,0.0,21.428571428571427,0.3771805752003772,12.5,0.0,0.0,0.8486562942008486,0.0,5.555555555555555,0.0,0.0471475719000471,0.0,100.0,0.0,0.1414427157001414,0.0,33.33333333333333,0.0,0.1885902876001886,25.0,25.0,0.0,0.0471475719000471,0.0,0.0,0.0
Pedro Martinez,0.6703397612488522,0.6342465753424658,0.4874651810584958,0.3531400966183575,0.1428907721280602,0.1565442561205273,0.0491276400367309,0.0385674931129476,0.34913217623498,0.2783711615487316,0.3724966622162884,0.04337291,0.488826816,0.058659218,0.097765363,0.765363128,53.28325660285922,8.231014097316962,5.911778080945885,7.45793542519327,46.61982069299733,4.183991683991684,4.080041580041581,5.977130977130978,44.00290768112431,5.011013215859031,5.699339207048458,7.378854625550661,32.96583474678943,3.381109886071297,4.189636163175303,5.990444689452407,3.574024715289557,3.050847457627119,3.050847457627119,1.3559322033898304,10.467652047492123,0.8101851851851851,2.314814814814815,4.513888888888888,1.5265325902592684,49.2063492063492,10.317460317460316,6.349206349206349,1.3932638720620305,41.73913043478261,8.695652173913043,8.695652173913043,1.0298037315241095,64.70588235294117,10.588235294117649,3.5294117647058822,0.0484613520717228,25.0,0.0,0.0,2.410952265568209,22.110552763819097,10.552763819095476,22.110552763819097,0.8238429852192876,8.823529411764707,11.76470588235294,23.52941176470588,0.5936515628786043,10.20408163265306,0.0,2.0408163265306123,0.7269202810758421,5.0,5.0,3.333333333333333,0.0969227041434456,25.0,12.5,0.0,0.1574993942330991,7.6923076923076925,15.384615384615383,0.0,0.0484613520717228,75.0,0.0,0.0,0.0363460140537921,100.0,0.0,0.0
Pedro Sousa,0.6,0.5873015873015873,0.3571428571428571,0.4615384615384615,0.1396396396396396,0.2432432432432432,0.0380952380952381,0.0285714285714285,0.2886597938144329,0.1958762886597938,0.5154639175257731,0.013274336,1.0,0.0,0.0,1.0,50.0,8.4070796460177,5.752212389380531,11.946902654867255,49.7787610619469,4.0,2.666666666666667,10.222222222222223,43.80530973451327,4.545454545454546,6.0606060606060606,11.616161616161616,46.017699115044245,4.326923076923077,2.8846153846153846,10.096153846153848,2.2123893805309733,10.0,0.0,10.0,2.433628318584071,0.0,0.0,9.090909090909092,0.4424778761061947,100.0,0.0,0.0,,,,,0.2212389380530973,100.0,0.0,0.0,,,,,2.6548672566371683,25.0,8.333333333333332,25.0,0.6637168141592921,0.0,0.0,33.33333333333333,,,,,0.6637168141592921,0.0,0.0,0.0,,,,,,,,,0.6637168141592921,100.0,0.0,0.0,,,,
Pete Sampras,0.608607251779058,0.784521158129176,0.5177489177489177,0.3281466113416321,0.2252267670717097,0.1610474071538593,0.063368349711962,0.157628979143798,0.4129462534327187,0.2352295017653982,0.3515888583758336,0.17846247,0.339423202,0.103745269,0.152159729,0.704293358,38.48229877758374,21.16336633663366,9.447194719471948,13.490099009900993,61.51770122241626,8.258064516129032,5.754838709677419,11.019354838709678,26.03587871090649,12.439024390243905,7.987804878048781,14.75609756097561,25.24210192093983,6.666666666666667,4.276729559748428,15.59748427672956,1.0001587553579934,4.761904761904762,3.1746031746031744,3.1746031746031744,23.81330369899984,1.2,2.333333333333333,6.133333333333333,7.731385934275282,39.630390143737166,14.168377823408624,12.525667351129362,9.604699158596604,29.25619834710744,16.198347107438018,12.06611570247934,1.9368153675186537,72.95081967213115,7.377049180327869,7.377049180327869,0.1905064295919987,50.0,8.333333333333332,0.0,0.0952532147959993,33.33333333333333,16.666666666666664,33.33333333333333,0.2222575011906652,21.428571428571427,14.285714285714285,28.57142857142857,0.1905064295919987,25.0,16.666666666666664,0.0,0.349261787585331,0.0,0.0,0.0,1.2065407207493253,11.842105263157894,15.789473684210526,11.842105263157894,2.0796951897126528,7.633587786259542,14.50381679389313,6.870229007633588,0.2857596443879981,55.55555555555556,16.666666666666664,11.11111111111111,0.0158755357993332,0.0,0.0,100.0
Peter Bertran,0.6097560975609756,0.48,0.125,0.2105263157894736,0.1139240506329113,0.3291139240506329,0.048780487804878,0.073170731707317,0.1818181818181818,0.0909090909090909,0.7272727272727273,0.057324841,0.444444444,0.333333333,0.0,0.555555556,56.05095541401274,4.545454545454546,3.4090909090909087,21.59090909090909,43.94904458598726,2.898550724637681,0.0,7.246376811594203,49.04458598726114,1.2987012987012987,2.5974025974025974,22.07792207792208,31.210191082802545,0.0,0.0,6.122448979591836,1.910828025477707,0.0,0.0,0.0,9.554140127388536,0.0,0.0,6.666666666666667,1.910828025477707,33.33333333333333,0.0,66.66666666666666,2.547770700636943,50.0,0.0,25.0,,,,,,,,,1.2738853503184715,50.0,0.0,0.0,0.6369426751592357,0.0,0.0,0.0,0.6369426751592357,0.0,100.0,0.0,,,,,,,,,,,,,1.2738853503184715,50.0,0.0,0.0,,,,
Peter Fajta,0.6808510638297872,0.59375,0.4666666666666667,0.1951219512195122,0.1590909090909091,0.1818181818181818,0.0425531914893617,0.1063829787234042,0.3333333333333333,0.1481481481481481,0.5185185185185185,0.024590164,0.666666667,0.0,0.0,0.666666667,52.459016393442624,9.375,3.125,12.5,47.540983606557376,5.172413793103448,3.4482758620689653,10.344827586206897,40.98360655737705,8.0,4.0,12.0,36.0655737704918,4.545454545454546,4.545454545454546,6.8181818181818175,6.557377049180328,0.0,0.0,0.0,9.01639344262295,0.0,0.0,18.181818181818183,0.819672131147541,100.0,0.0,0.0,,,,,0.819672131147541,0.0,0.0,0.0,,,,,2.459016393442623,0.0,0.0,66.66666666666666,2.459016393442623,33.33333333333333,0.0,33.33333333333333,,,,,,,,,,,,,,,,,0.819672131147541,100.0,0.0,0.0,,,,
Peter Gojowczyk,0.5110081112398609,0.6621315192743764,0.457345971563981,0.3524390243902439,0.1467617349970291,0.2525252525252525,0.0567786790266512,0.1100811123986095,0.2265275707898658,0.2131147540983606,0.5603576751117735,0.026315789,0.371428571,0.228571429,0.142857143,0.585714286,53.98496240601504,7.520891364902507,6.197771587743732,15.32033426183844,45.93984962406015,3.600654664484452,4.4189852700491,12.76595744680851,50.93984962406015,6.199261992619927,5.830258302583026,15.202952029520295,41.72932330827068,2.972972972972973,4.324324324324325,12.882882882882882,0.7518796992481203,0.0,0.0,15.0,2.443609022556391,1.5384615384615383,1.5384615384615383,7.6923076923076925,0.9022556390977444,45.83333333333333,20.833333333333336,20.833333333333336,0.9774436090225564,26.923076923076923,11.538461538461538,26.923076923076923,0.5263157894736842,57.14285714285714,0.0,7.142857142857142,,,,,0.6015037593984963,31.25,25.0,12.5,0.4135338345864661,18.181818181818183,9.090909090909092,0.0,0.075187969924812,0.0,0.0,0.0,0.3383458646616541,11.11111111111111,0.0,11.11111111111111,,,,,0.037593984962406,0.0,100.0,0.0,0.18796992481203,0.0,20.0,60.0,,,,
Peter Polansky,0.5304659498207885,0.6486486486486487,0.4274809160305343,0.4087591240875912,0.0994575045207956,0.1952983725135623,0.050179211469534,0.046594982078853,0.2234042553191489,0.2765957446808511,0.5,0.021297193,0.363636364,0.045454545,0.272727273,0.818181818,52.85575992255567,5.677655677655678,7.509157509157509,10.073260073260071,47.14424007744434,2.2587268993839835,2.2587268993839835,8.008213552361395,48.30590513068732,4.609218436873747,6.813627254509018,10.220440881763528,40.271055179090034,2.1634615384615383,2.1634615384615383,8.89423076923077,2.516940948693127,0.0,0.0,15.384615384615383,4.84027105517909,2.0,0.0,2.0,1.1616650532429815,41.66666666666667,33.33333333333333,0.0,0.6776379477250726,14.285714285714285,14.285714285714285,14.285714285714285,0.2904162633107454,66.66666666666666,33.33333333333333,0.0,,,,,0.0968054211035818,0.0,100.0,0.0,0.2904162633107454,0.0,0.0,0.0,0.4840271055179089,20.0,20.0,0.0,1.0648596321393995,0.0,9.090909090909092,0.0,,,,,,,,,,,,,,,,
Petros Tsitsipas,0.6923076923076923,0.6388888888888888,0.375,0.1818181818181818,0.1770833333333333,0.1666666666666666,0.0769230769230769,0.0769230769230769,0.40625,0.21875,0.375,0.097826087,0.555555556,0.0,0.0,0.666666667,60.86956521739131,19.642857142857142,8.928571428571429,14.285714285714285,39.130434782608695,5.555555555555555,5.555555555555555,11.11111111111111,50.0,10.869565217391305,8.695652173913043,17.391304347826086,25.0,0.0,8.695652173913043,17.391304347826086,1.0869565217391304,0.0,0.0,0.0,6.521739130434782,0.0,0.0,0.0,1.0869565217391304,100.0,0.0,0.0,3.260869565217391,33.33333333333333,0.0,0.0,3.260869565217391,66.66666666666666,0.0,0.0,,,,,3.260869565217391,66.66666666666666,33.33333333333333,0.0,3.260869565217391,33.33333333333333,0.0,0.0,1.0869565217391304,0.0,0.0,0.0,,,,,,,,,1.0869565217391304,0.0,0.0,0.0,1.0869565217391304,100.0,0.0,0.0,,,,
Philipp Kohlschreiber,0.6125205930807249,0.7014523937600861,0.5340136054421769,0.3512341561040694,0.1629371788496602,0.1697331344273164,0.0181219110378912,0.0691927512355848,0.3336214347450302,0.247191011235955,0.4187554019014693,0.034191472,0.508823529,0.082352941,0.082352941,0.708823529,53.07723250201126,10.117468738158394,6.36604774535809,9.549071618037134,46.85237329042639,5.108392358875295,5.06546469199399,9.95921871646276,48.08930008045053,8.155583437892096,6.419907988289418,9.891258887494772,32.89420756234915,4.494038520330174,5.380617548150413,11.770100886579028,2.0313757039420755,2.4752475247524752,1.98019801980198,2.9702970297029703,10.518905872888173,0.2868068833652007,2.294455066921606,3.824091778202677,0.8547868061142396,55.294117647058826,8.235294117647058,9.411764705882351,1.1564762670957365,46.08695652173913,7.82608695652174,11.304347826086955,0.8145615446500403,65.4320987654321,7.4074074074074066,7.4074074074074066,0.080450522928399,37.5,0.0,0.0,0.6536604987932422,36.92307692307693,10.76923076923077,13.846153846153848,1.4279967819790829,18.30985915492958,11.267605633802818,17.6056338028169,0.2815768302493966,3.571428571428571,10.714285714285714,3.571428571428571,0.6134352373290426,4.918032786885246,11.475409836065571,1.639344262295082,0.1005631536604988,0.0,0.0,0.0,0.1307320997586484,15.384615384615383,23.07692307692308,0.0,0.251407884151247,56.00000000000001,8.0,4.0,0.0301689460981496,33.33333333333333,33.33333333333333,0.0
Philipp Petzschner,0.5454545454545454,0.8083333333333333,0.43,0.291866028708134,0.1841491841491841,0.2051282051282051,0.0181818181818181,0.1727272727272727,0.2455089820359281,0.2514970059880239,0.5029940119760479,0.13153457,0.243589744,0.217948718,0.141025641,0.512820513,50.25295109612141,10.40268456375839,10.06711409395973,20.13422818791946,49.747048903878586,3.389830508474576,4.067796610169491,8.135593220338983,39.12310286677909,7.758620689655173,7.758620689655173,18.96551724137931,8.768971332209107,3.8461538461538463,9.615384615384617,7.6923076923076925,2.023608768971332,0.0,0.0,16.666666666666664,32.37774030354132,0.5208333333333333,1.5625,7.8125,5.396290050590219,28.125,18.75,28.125,4.5531197301854975,25.925925925925924,7.4074074074074066,18.51851851851852,1.349072512647555,25.0,37.5,12.5,0.5059021922428331,0.0,0.0,0.0,0.8431703204047217,20.0,20.0,40.0,1.349072512647555,0.0,12.5,0.0,1.011804384485666,0.0,33.33333333333333,0.0,1.349072512647555,0.0,12.5,0.0,0.3372681281618886,0.0,0.0,100.0,0.8431703204047217,0.0,0.0,0.0,0.1686340640809443,100.0,0.0,0.0,,,,
Pierre Hugues Herbert,0.5870516185476815,0.7570789865871833,0.5169491525423728,0.3119429590017825,0.1977924944812362,0.1633554083885209,0.0577427821522309,0.1207349081364829,0.3976982097186701,0.2148337595907928,0.3887468030690537,0.11741185,0.464396285,0.06501548,0.126934985,0.777089783,51.908396946564885,13.935574229691875,7.072829131652661,11.834733893557422,47.87350054525627,8.5041761579347,5.087319665907366,10.250569476082005,40.89422028353326,8.71111111111111,6.577777777777778,13.6,31.1886586695747,4.895104895104895,4.545454545454546,12.470862470862471,3.271537622682661,0.0,3.333333333333333,0.0,10.032715376226829,1.4492753623188406,1.8115942028985508,5.797101449275362,4.580152671755725,45.23809523809524,11.904761904761903,7.936507936507936,4.180298073427845,45.21739130434783,13.91304347826087,6.086956521739131,1.4176663031624863,74.35897435897436,10.256410256410255,2.564102564102564,0.0727008360596146,50.0,0.0,0.0,0.5452562704471101,33.33333333333333,0.0,20.0,1.2359142130134495,23.52941176470588,17.647058823529413,11.76470588235294,0.2544529262086514,14.285714285714285,0.0,0.0,0.6179571065067249,17.647058823529413,0.0,0.0,0.5089058524173028,21.428571428571427,28.57142857142857,14.285714285714285,0.5452562704471101,13.333333333333334,6.666666666666667,6.666666666666667,0.4362050163576881,50.0,8.333333333333332,0.0,,,,
Pol Martin Tiffon,0.603448275862069,0.6857142857142857,0.391304347826087,0.3157894736842105,0.1217391304347826,0.1043478260869565,0.0862068965517241,0.0344827586206896,0.4,0.3666666666666666,0.2333333333333333,0.011976048,1.0,0.0,0.0,1.0,58.08383233532935,8.24742268041237,8.24742268041237,5.154639175257731,41.91616766467065,5.714285714285714,4.285714285714286,2.857142857142857,52.09580838323353,6.896551724137931,9.195402298850574,4.597701149425287,32.33532934131736,1.851851851851852,3.7037037037037033,3.7037037037037033,2.395209580838324,0.0,0.0,0.0,7.18562874251497,0.0,8.333333333333332,0.0,,,,,1.1976047904191618,100.0,0.0,0.0,,,,,,,,,3.592814371257485,33.33333333333333,0.0,16.666666666666664,1.1976047904191618,50.0,0.0,0.0,,,,,,,,,,,,,,,,,,,,,,,,
Potito Starace,0.7692307692307693,0.7428571428571429,0.3809523809523809,0.2978723404255319,0.1513513513513513,0.1405405405405405,0.0109890109890109,0.0329670329670329,0.3571428571428571,0.2857142857142857,0.3571428571428571,0.029255319,0.454545455,0.0,0.090909091,0.727272727,56.11702127659575,8.056872037914692,8.530805687203792,8.530805687203792,43.61702127659575,4.878048780487805,1.2195121951219512,4.2682926829268295,48.13829787234042,6.077348066298343,7.734806629834254,8.287292817679557,34.840425531914896,3.0534351145038165,0.7633587786259541,4.580152671755725,2.925531914893617,0.0,9.090909090909092,0.0,6.382978723404255,8.333333333333332,4.166666666666666,0.0,1.0638297872340423,50.0,25.0,0.0,0.7978723404255319,33.33333333333333,0.0,0.0,0.5319148936170213,50.0,0.0,0.0,0.2659574468085106,100.0,0.0,0.0,3.191489361702128,25.0,16.666666666666664,25.0,0.5319148936170213,0.0,0.0,50.0,0.2659574468085106,0.0,0.0,0.0,0.5319148936170213,0.0,0.0,0.0,,,,,0.2659574468085106,0.0,0.0,0.0,,,,,,,,
Prajnesh Gunneswaran,0.6741935483870968,0.7033492822966507,0.495049504950495,0.2762762762762762,0.1399688958009331,0.166407465007776,0.0258064516129032,0.0612903225806451,0.3127753303964757,0.2466960352422907,0.4361233480176211,0.023153252,0.333333333,0.19047619,0.095238095,0.619047619,62.95479603087101,10.507880910683012,7.880910683012258,10.683012259194395,36.82469680264609,3.293413173652695,3.293413173652695,11.377245508982035,55.56780595369349,10.11904761904762,8.134920634920634,11.507936507936508,31.09151047409041,3.546099290780142,3.900709219858156,12.05673758865248,4.851157662624035,0.0,2.272727272727273,0.0,3.417861080485116,0.0,0.0,3.225806451612903,0.7717750826901874,42.85714285714285,28.57142857142857,14.285714285714285,0.8820286659316428,12.5,0.0,25.0,0.4410143329658214,75.0,0.0,0.0,0.1102535832414553,0.0,0.0,0.0,0.7717750826901874,42.85714285714285,14.285714285714285,14.285714285714285,0.2205071664829107,0.0,0.0,0.0,0.4410143329658214,0.0,0.0,0.0,1.102535832414553,0.0,0.0,10.0,,,,,,,,,0.1102535832414553,0.0,0.0,100.0,,,,
Preston Stearns,0.6944444444444444,0.6,0.6363636363636364,0.4838709677419355,0.1940298507462686,0.2985074626865671,0.0138888888888888,0.0416666666666666,0.3066666666666666,0.1733333333333333,0.52,0.05,0.909090909,0.090909091,0.0,0.909090909,75.0,11.515151515151516,6.0606060606060606,19.393939393939394,25.0,7.272727272727272,5.454545454545454,12.727272727272728,69.54545454545455,7.18954248366013,6.535947712418301,19.607843137254903,23.63636363636364,3.8461538461538463,5.769230769230769,11.538461538461538,1.3636363636363635,0.0,0.0,33.33333333333333,,,,,1.818181818181818,75.0,0.0,25.0,0.9090909090909092,100.0,0.0,0.0,1.818181818181818,100.0,0.0,0.0,,,,,,,,,0.4545454545454545,0.0,0.0,100.0,,,,,,,,,0.4545454545454545,100.0,0.0,0.0,,,,,,,,,,,,
Quentin Halys,0.5808080808080808,0.8021739130434783,0.466867469879518,0.2675496688741722,0.2346477052359405,0.1913380736910148,0.053030303030303,0.2386363636363636,0.3186813186813186,0.2161172161172161,0.4652014652014652,0.044551798,0.530120482,0.108433735,0.120481928,0.78313253,46.48416532474504,15.242494226327944,7.390300230946882,14.780600461893764,52.65700483091788,4.281345565749235,5.504587155963304,12.538226299694188,38.32528180354267,13.725490196078432,7.9831932773109235,16.80672268907563,38.91572732152442,3.034482758620689,5.931034482758621,12.275862068965518,4.669887278582931,1.1494252873563218,1.1494252873563218,2.2988505747126435,9.447128287708,0.5681818181818182,2.272727272727273,11.931818181818182,1.0198604401502953,68.42105263157895,10.526315789473683,5.263157894736842,1.8786902844873856,42.85714285714285,11.428571428571429,17.142857142857142,0.8051529790660225,73.33333333333333,13.333333333333334,0.0,0.0536768652710681,100.0,0.0,0.0,0.7514761137949544,35.714285714285715,0.0,14.285714285714285,1.288244766505636,12.5,0.0,25.0,0.4830917874396135,0.0,11.11111111111111,22.22222222222222,0.8051529790660225,0.0,13.333333333333334,0.0,0.2147074610842727,50.0,0.0,0.0,0.2683843263553409,0.0,20.0,20.0,0.2147074610842727,50.0,25.0,25.0,,,,
Radek Stepanek,0.6144901610017889,0.6928675400291121,0.4640371229698375,0.3294223826714801,0.1657681940700808,0.1473495058400718,0.0322003577817531,0.0813953488372093,0.351010101010101,0.2803030303030303,0.3686868686868687,0.160057887,0.276672694,0.057866184,0.139240506,0.678119349,44.92040520984081,11.211340206185568,6.572164948453609,8.505154639175258,55.07959479015919,5.4650551760378345,6.305832895428271,8.407777193904362,33.95079594790159,5.029838022165388,5.029838022165388,9.718670076726342,34.124457308248914,4.495335029686174,5.258693808312128,9.754028837998304,1.852387843704776,1.5625,1.5625,1.5625,11.114327062228654,0.78125,3.90625,5.46875,5.557163531114327,36.97916666666667,13.541666666666666,7.8125,6.917510853835021,17.573221757322173,13.807531380753138,6.694560669456067,1.70767004341534,55.932203389830505,15.254237288135592,0.0,0.2026049204052098,28.57142857142857,0.0,0.0,0.5788712011577424,20.0,10.0,10.0,1.244573082489146,6.976744186046512,6.976744186046512,16.27906976744186,0.5209840810419681,11.11111111111111,5.555555555555555,0.0,0.6078147612156295,0.0,9.523809523809524,0.0,0.723589001447178,12.0,16.0,0.0,0.8104196816208393,3.571428571428571,14.285714285714285,3.571428571428571,0.0289435600578871,100.0,0.0,0.0,0.0578871201157742,0.0,50.0,0.0
Radu Albot,0.6276512175962293,0.6670838548185232,0.510548523206751,0.3560250391236306,0.124656997255978,0.1677773422187377,0.03299293008641,0.03770620581304,0.318448883666275,0.2256169212690952,0.4535840188014101,0.036326251,0.490566038,0.132075472,0.075471698,0.754716981,56.91112634224355,8.06904857486953,5.41951023685267,8.590927338418306,42.99748686314828,3.719447396386823,3.028692879914984,9.139213602550477,51.2222983778844,5.709188224799287,5.619982158786797,8.608385370205173,32.87639936029244,2.7102154273801253,2.7102154273801253,9.381514940931202,2.2389764679003883,4.081632653061225,0.0,2.0408163265306123,7.767877541695226,1.1764705882352942,2.3529411764705883,6.470588235294119,1.3022618231665526,47.368421052631575,8.771929824561402,12.280701754385964,1.0052547406899703,43.18181818181818,11.363636363636363,15.909090909090908,0.8910212474297465,64.1025641025641,2.564102564102564,7.6923076923076925,,,,,0.6397075622572538,35.714285714285715,3.571428571428571,14.285714285714285,0.5483207676490748,16.666666666666664,8.333333333333332,25.0,0.3427004797806717,20.0,13.333333333333334,6.666666666666667,0.6397075622572538,3.571428571428571,7.142857142857142,7.142857142857142,0.0913867946081791,0.0,0.0,50.0,0.1599268905643134,42.85714285714285,14.285714285714285,0.0,0.1827735892163582,50.0,0.0,25.0,,,,
Rafael Arevalo,0.7457627118644068,0.5681818181818182,0.6,0.2127659574468085,0.0943396226415094,0.2264150943396226,0.0338983050847457,0.0,0.2702702702702703,0.1351351351351351,0.5945945945945946,0.034825871,0.285714286,0.142857143,0.0,0.285714286,61.19402985074627,4.065040650406504,2.4390243902439024,8.130081300813007,38.80597014925373,6.41025641025641,2.564102564102564,15.384615384615383,56.71641791044776,3.508771929824561,2.631578947368421,8.771929824561402,22.388059701492537,8.88888888888889,2.2222222222222223,20.0,2.4875621890547266,0.0,0.0,0.0,12.437810945273633,0.0,4.0,8.0,0.9950248756218906,50.0,0.0,0.0,0.9950248756218906,50.0,0.0,50.0,0.4975124378109453,0.0,0.0,0.0,0.4975124378109453,0.0,0.0,0.0,,,,,,,,,0.4975124378109453,0.0,0.0,0.0,1.9900497512437807,0.0,0.0,0.0,,,,,0.4975124378109453,0.0,0.0,0.0,,,,,,,,
Rafael Nadal,0.6894454597201833,0.7042541172380828,0.5557592128111133,0.4013174927365302,0.1499809221918934,0.138754365883009,0.023068396297073,0.048994296007205,0.3623304406436936,0.2708737046086443,0.3663324627180049,0.025242476,0.533158813,0.065154159,0.107038976,0.787667248,55.56868993164413,8.276518154431583,5.575815231753079,6.548279689234185,44.41001769469673,3.8620507224812353,3.650431504811031,6.183249016301293,52.02167416794544,6.624984122055524,5.502942712376329,6.6405092233215255,35.0230177901453,3.234733024464896,3.748349091214021,6.932768705058594,1.245236749168496,3.0660377358490565,1.356132075471698,1.179245283018868,7.42222776966057,0.7913740231476902,1.4145810663764962,2.700563853991493,0.7180669461596634,57.873210633946826,9.8159509202454,7.157464212678937,0.7334855615679998,52.45245245245245,11.611611611611613,7.5075075075075075,0.7239407044104582,62.06896551724138,10.141987829614605,5.679513184584178,0.0469900660063583,39.0625,14.0625,0.0,0.4699006600635834,37.34375,10.0,12.812499999999998,0.3913391434592031,16.51031894934334,15.947467166979362,13.50844277673546,0.2055815387778177,7.857142857142857,3.571428571428571,1.7857142857142856,0.6754821988414011,5.326086956521739,5.217391304347826,0.8695652173913043,0.0998538902635114,20.588235294117645,11.76470588235294,3.6764705882352944,0.1013223298262101,15.942028985507244,10.869565217391305,2.1739130434782608,0.0844352748551751,44.34782608695652,10.434782608695652,11.304347826086955,0.0161528351896856,22.727272727272727,18.181818181818183,9.090909090909092
Rainer Schuettler,0.54375,0.6704980842911877,0.502283105022831,0.3382045929018789,0.145985401459854,0.1751824817518248,0.0291666666666666,0.05,0.3295454545454545,0.2301136363636363,0.4375,0.041456016,0.414634146,0.097560976,0.134146341,0.756097561,49.393326592517695,6.755373592630501,4.912998976458546,7.164790174002047,50.60667340748231,4.995004995004996,3.296703296703297,8.391608391608392,46.1577350859454,4.70974808324206,4.600219058050383,7.228915662650602,35.38928210313448,3.428571428571429,3.2857142857142856,8.857142857142856,0.5055611729019212,30.0,0.0,0.0,11.5267947421638,1.3157894736842104,1.3157894736842104,4.824561403508771,1.5672396359959553,45.16129032258064,16.129032258064516,6.451612903225806,1.365015166835187,51.85185185185185,11.11111111111111,14.814814814814811,0.5561172901921132,45.45454545454545,9.090909090909092,9.090909090909092,0.1011122345803842,0.0,100.0,0.0,0.1516683518705763,33.33333333333333,0.0,0.0,1.5672396359959553,25.806451612903224,6.451612903225806,19.35483870967742,0.1516683518705763,0.0,0.0,0.0,0.4044489383215369,0.0,0.0,12.5,0.1516683518705763,0.0,0.0,0.0,0.2527805864509606,20.0,0.0,0.0,0.1516683518705763,0.0,0.0,33.33333333333333,,,,
Ramkumar Ramanathan,0.55,0.5757575757575758,0.4814814814814814,0.2340425531914893,0.1401869158878504,0.2429906542056074,0.0333333333333333,0.0666666666666666,0.2558139534883721,0.1860465116279069,0.5581395348837209,0.082474227,0.125,0.0625,0.1875,0.75,65.97938144329896,7.03125,4.6875,12.5,34.02061855670103,3.0303030303030303,3.0303030303030303,12.12121212121212,54.123711340206185,7.6190476190476195,4.761904761904762,14.285714285714285,17.525773195876287,2.941176470588235,0.0,17.647058823529413,6.701030927835052,0.0,0.0,0.0,12.886597938144329,0.0,0.0,8.0,2.5773195876288657,0.0,0.0,0.0,3.09278350515464,16.666666666666664,33.33333333333333,0.0,1.0309278350515465,0.0,50.0,50.0,,,,,,,,,,,,,0.5154639175257731,0.0,0.0,0.0,,,,,0.5154639175257731,0.0,0.0,0.0,0.5154639175257731,0.0,0.0,0.0,0.5154639175257731,100.0,0.0,0.0,,,,
Raphael Collignon,0.7088122605363985,0.7027027027027027,0.5,0.3672727272727272,0.1044776119402985,0.1361940298507462,0.0459770114942528,0.0613026819923371,0.2439024390243902,0.3841463414634146,0.3719512195121951,0.035714286,0.333333333,0.095238095,0.166666667,0.69047619,60.544217687074834,4.775280898876404,7.02247191011236,5.337078651685393,39.37074829931973,1.2958963282937366,2.8077753779697625,4.967602591792657,55.01700680272109,3.709428129829985,6.9551777434312205,5.1004636785162285,32.6530612244898,0.2604166666666666,2.34375,5.46875,2.636054421768708,0.0,0.0,0.0,5.1020408163265305,1.6666666666666667,1.6666666666666667,3.333333333333333,1.1054421768707483,23.07692307692308,15.384615384615383,30.76923076923077,0.935374149659864,27.27272727272727,18.181818181818183,0.0,1.2755102040816326,46.66666666666666,20.0,0.0,0.0850340136054421,100.0,0.0,0.0,0.0850340136054421,0.0,0.0,100.0,,,,,0.3401360544217687,0.0,0.0,0.0,0.5102040816326531,0.0,16.666666666666664,0.0,,,,,0.0850340136054421,0.0,0.0,0.0,0.0850340136054421,0.0,0.0,0.0,,,,
Raul Brancaccio,0.75,0.6666666666666666,0.4615384615384615,0.631578947368421,0.2201834862385321,0.128440366972477,0.0192307692307692,0.0576923076923076,0.42,0.32,0.26,0.033980583,0.571428571,0.0,0.0,1.0,57.76699029126213,10.084033613445378,6.722689075630252,6.722689075630252,42.23300970873786,10.344827586206897,9.195402298850574,5.747126436781609,44.66019417475729,6.521739130434782,6.521739130434782,7.608695652173914,38.3495145631068,8.860759493670885,10.126582278481012,6.329113924050633,4.368932038834951,0.0,0.0,0.0,1.4563106796116505,0.0,0.0,0.0,1.4563106796116505,66.66666666666666,0.0,0.0,1.4563106796116505,33.33333333333333,0.0,0.0,0.4854368932038834,100.0,0.0,0.0,,,,,4.854368932038835,30.0,20.0,10.0,,,,,1.9417475728155336,0.0,0.0,0.0,0.9708737864077668,50.0,0.0,0.0,,,,,,,,,,,,,,,,
Rei Sakamoto,0.6488095238095238,0.7706422018348624,0.5423728813559322,0.3384615384615385,0.1928374655647383,0.162534435261708,0.0178571428571428,0.0952380952380952,0.380281690140845,0.2112676056338028,0.3943661971830985,0.053892216,0.555555556,0.074074074,0.074074074,0.851851852,56.88622754491018,13.684210526315791,6.315789473684211,11.228070175438596,43.11377245508982,6.944444444444445,5.555555555555555,11.11111111111111,47.70459081836327,12.133891213389122,7.112970711297072,12.552301255230123,34.73053892215569,5.172413793103448,5.747126436781609,11.494252873563218,5.189620758483033,0.0,0.0,3.8461538461538463,5.788423153692615,0.0,3.4482758620689653,10.344827586206897,1.1976047904191618,33.33333333333333,16.666666666666664,16.666666666666664,1.3972055888223551,57.14285714285714,14.285714285714285,0.0,1.3972055888223551,57.14285714285714,0.0,0.0,,,,,0.7984031936127743,25.0,0.0,0.0,0.1996007984031935,0.0,0.0,0.0,,,,,0.1996007984031935,0.0,0.0,0.0,0.3992015968063871,100.0,0.0,0.0,0.7984031936127743,50.0,0.0,25.0,0.1996007984031935,100.0,0.0,0.0,,,,
Reilly Opelka,0.663831915957979,0.7758100979653353,0.5632440476190477,0.2770958474797597,0.2493931263574805,0.1959882458157659,0.024512256128064,0.2748874437218609,0.3155752867184609,0.1527931927487976,0.5308916019237884,0.062998316,0.415329768,0.174688057,0.071301248,0.647058824,54.6771476698484,12.466625590470322,5.483672211953173,16.245635654138425,44.985962942167326,6.140788816774838,3.5696455317024465,16.00099850224663,47.074677147669846,10.114503816793894,5.677480916030534,17.342557251908396,35.519371139809095,4.900411002213089,3.3828643692696807,15.681315207081884,3.537338573834924,0.6349206349206349,2.2222222222222223,4.126984126984127,5.929253228523301,0.5681818181818182,2.462121212121212,14.583333333333334,2.358225715889949,49.04761904761904,6.190476190476191,14.761904761904765,2.7175743964065133,28.09917355371901,9.090909090909092,23.96694214876033,0.9994385176866928,67.41573033707866,4.49438202247191,6.741573033707865,0.0112296462661426,0.0,0.0,0.0,0.5053340819764177,33.33333333333333,6.666666666666667,28.88888888888889,0.2582818641212802,39.130434782608695,0.0,26.08695652173913,0.1347557551937113,16.666666666666664,8.333333333333332,8.333333333333332,0.4042672655811342,27.77777777777778,2.7777777777777777,2.7777777777777777,0.0449185850645704,25.0,0.0,0.0,0.145985401459854,7.6923076923076925,0.0,23.07692307692308,0.0224592925322852,0.0,50.0,0.0,,,,
Renzo Olivo,0.6550387596899225,0.6094674556213018,0.4382022471910112,0.3948497854077253,0.1079429735234216,0.2240325865580448,0.0581395348837209,0.0116279069767441,0.2659574468085106,0.2287234042553191,0.5053191489361702,0.027422303,0.366666667,0.066666667,0.233333333,0.733333333,59.87202925045704,6.106870229007633,4.885496183206107,9.31297709923664,39.57952468007313,2.3094688221709005,2.5404157043879905,7.852193995381063,53.29067641681902,3.945111492281304,4.459691252144083,9.605488850771868,28.15356489945156,2.5974025974025974,1.948051948051948,9.090909090909092,2.83363802559415,3.225806451612903,0.0,0.0,9.414990859232176,0.0,2.912621359223301,4.854368932038835,0.4570383912248629,20.0,40.0,20.0,0.6398537477148081,28.57142857142857,14.285714285714285,0.0,0.9140767824497258,80.0,10.0,10.0,0.0914076782449725,0.0,0.0,0.0,1.736745886654479,36.84210526315789,5.263157894736842,15.789473684210526,0.5484460694698354,0.0,0.0,16.666666666666664,0.0914076782449725,0.0,0.0,0.0,0.6398537477148081,0.0,0.0,0.0,0.0914076782449725,0.0,0.0,0.0,0.0914076782449725,0.0,100.0,0.0,0.4570383912248629,0.0,40.0,0.0,,,,
Ricardas Berankis,0.5683690280065898,0.6173913043478261,0.4809160305343511,0.3598553345388788,0.1551724137931034,0.1991379310344827,0.0378912685337726,0.0658978583196046,0.3023758099352052,0.2462203023758099,0.4492440604751619,0.048590282,0.37037037,0.197530864,0.061728395,0.567901235,49.8500299940012,11.552346570397113,9.025270758122744,11.552346570397113,50.08998200359928,5.269461077844311,4.6706586826347305,13.41317365269461,46.13077384523096,9.752925877763328,9.232769830949286,11.443433029908972,39.29214157168566,4.732824427480916,5.343511450381679,13.893129770992363,0.7198560287942412,8.333333333333332,0.0,0.0,7.318536292741452,0.819672131147541,0.0,6.557377049180328,1.7996400719856027,43.333333333333336,10.0,20.0,1.7396520695860829,34.48275862068966,3.4482758620689653,24.13793103448276,0.7198560287942412,50.0,0.0,16.666666666666664,0.1199760047990401,50.0,0.0,0.0,0.2399520095980803,25.0,25.0,0.0,1.0797840431913617,0.0,11.11111111111111,22.22222222222222,0.1199760047990401,0.0,0.0,0.0,0.1799640071985603,33.33333333333333,0.0,33.33333333333333,0.1199760047990401,0.0,0.0,0.0,0.3599280143971206,0.0,16.666666666666664,16.666666666666664,,,,,,,,
Ricardo Hocevar,0.5135135135135135,0.7894736842105263,0.4444444444444444,0.3235294117647059,0.0952380952380952,0.238095238095238,0.054054054054054,0.054054054054054,0.2285714285714285,0.1142857142857142,0.6571428571428571,0.025974026,0.5,0.0,0.25,0.75,47.4025974025974,6.849315068493151,2.73972602739726,16.43835616438356,52.5974025974026,3.7037037037037033,2.469135802469136,13.580246913580249,41.55844155844156,4.6875,3.125,17.1875,47.4025974025974,2.73972602739726,1.36986301369863,10.95890410958904,3.2467532467532463,0.0,0.0,20.0,2.5974025974025974,25.0,0.0,50.0,0.6493506493506493,100.0,0.0,0.0,1.2987012987012987,0.0,50.0,0.0,0.6493506493506493,100.0,0.0,0.0,,,,,0.6493506493506493,0.0,0.0,0.0,0.6493506493506493,0.0,0.0,100.0,0.6493506493506493,0.0,0.0,0.0,0.6493506493506493,0.0,0.0,0.0,,,,,,,,,,,,,,,,
Riccardo Bonadio,0.601123595505618,0.719626168224299,0.5211267605633803,0.3646408839779005,0.0974930362116991,0.2005571030640668,0.0449438202247191,0.0224719101123595,0.2695652173913043,0.1652173913043478,0.5565217391304348,0.017636684,0.4,0.0,0.1,1.0,40.21164021164021,7.017543859649122,5.263157894736842,14.473684210526317,59.78835978835979,4.424778761061947,2.0648967551622417,9.144542772861357,36.33156966490299,5.825242718446602,5.339805825242718,15.048543689320388,49.029982363315696,5.035971223021583,2.517985611510792,9.352517985611511,2.821869488536155,6.25,0.0,12.5,9.523809523809524,0.0,0.0,9.25925925925926,0.5291005291005291,33.33333333333333,33.33333333333333,0.0,0.5291005291005291,33.33333333333333,0.0,0.0,0.5291005291005291,66.66666666666666,0.0,0.0,,,,,,,,,,,,,,,,,0.5291005291005291,0.0,0.0,0.0,,,,,0.1763668430335097,0.0,0.0,0.0,,,,,,,,
Richard Gasquet,0.6126016260162601,0.696969696969697,0.4949282966072053,0.3319677920610255,0.1603845355833736,0.1447541323742997,0.0326558265582655,0.0857723577235772,0.3636755823986195,0.2361949956859361,0.3994823123382226,0.047192449,0.441525424,0.091525424,0.1,0.726271186,45.640697488401855,8.271994391868208,4.95969155275149,7.798808271994392,54.33530635098385,5.46150448991609,3.8863535992933897,7.07345797144119,39.205727083666616,5.498316841783128,4.865857390594716,8.08936039987759,39.23772196448569,4.872082356538579,4.22994597900316,7.889104066863724,2.859542473204287,1.6783216783216783,1.3986013986013983,3.076923076923077,11.486162214045754,0.383008356545961,0.9401114206128134,2.9596100278551534,1.3357862741961286,50.29940119760479,11.377245508982035,10.179640718562874,1.6917293233082706,37.35224586288416,10.874704491725767,11.347517730496454,0.9198528235482322,64.34782608695652,3.91304347826087,5.652173913043479,0.0919852823548232,47.82608695652174,13.043478260869565,0.0,0.5439129739241721,36.02941176470589,10.294117647058822,13.970588235294118,1.0118381059030557,28.458498023715418,9.881422924901186,18.57707509881423,0.3679411294192929,3.260869565217391,6.521739130434782,1.0869565217391304,0.5439129739241721,0.7352941176470588,1.4705882352941175,1.4705882352941175,0.2839545672692369,18.30985915492958,11.267605633802818,2.8169014084507045,0.2279635258358662,14.035087719298245,12.280701754385964,8.771929824561402,0.1239801631738921,38.70967741935484,12.903225806451612,19.35483870967742,0.0439929611262198,27.27272727272727,27.27272727272727,0.0
Richard Krajicek,0.5841584158415841,0.7966101694915254,0.5,0.2796610169491525,0.2054794520547945,0.0867579908675799,0.0297029702970297,0.1782249371182177,0.4262765347102696,0.2174411933448078,0.3562822719449225,0.30039604,0.298615689,0.148978247,0.115359262,0.63282795,41.25874125874126,22.033898305084744,10.16949152542373,13.559322033898304,58.74125874125874,13.095238095238097,11.904761904761903,9.523809523809524,27.27272727272727,17.94871794871795,7.6923076923076925,2.564102564102564,25.87412587412588,13.513513513513514,8.108108108108109,2.702702702702702,,,,,9.79020979020979,0.0,7.142857142857142,0.0,11.188811188811188,31.25,18.75,37.5,20.97902097902098,20.0,20.0,23.33333333333333,0.6993006993006993,100.0,0.0,0.0,,,,,,,,,,,,,,,,,1.3986013986013983,0.0,0.0,0.0,2.097902097902098,0.0,0.0,33.33333333333333,0.6993006993006993,0.0,0.0,0.0,,,,,,,,
Rinky Hijikata,0.5876180482686254,0.6839285714285714,0.4503816793893129,0.3386752136752137,0.1762837480148226,0.166225516146109,0.0346274921301154,0.0986358866736621,0.3682588597842835,0.1987673343605547,0.4329738058551617,0.04969157,0.372413793,0.2,0.103448276,0.620689655,52.22755311857436,10.039370078740156,6.102362204724409,10.761154855643044,47.77244688142564,6.169296987087518,2.582496413199426,8.393113342898136,46.64153529814941,8.082292432035269,5.9515062454077885,10.50698016164585,35.60657984921179,5.871029836381136,2.8873917228103942,8.950914340712224,1.7135023989033584,2.0,2.0,2.0,9.869773817683344,1.3888888888888888,0.6944444444444444,4.513888888888888,1.850582590815628,42.5925925925926,14.814814814814811,20.37037037037037,1.439342015078821,40.47619047619048,9.523809523809524,19.047619047619047,0.9252912954078136,40.74074074074074,11.11111111111111,22.22222222222222,0.0342700479780671,100.0,0.0,0.0,0.411240575736806,33.33333333333333,0.0,8.333333333333332,0.1713502398903358,20.0,0.0,20.0,0.2741603838245374,25.0,0.0,0.0,0.3427004797806717,20.0,0.0,0.0,0.3084304318026045,22.22222222222222,0.0,22.22222222222222,0.3084304318026045,0.0,0.0,22.22222222222222,0.1028101439342015,0.0,0.0,0.0,,,,
Rio Noguchi,0.6875,0.5151515151515151,0.4,0.2558139534883721,0.0769230769230769,0.1648351648351648,0.0208333333333333,0.0833333333333333,0.15,0.15,0.7,0.024390244,0.333333333,0.666666667,0.0,0.333333333,51.21951219512195,1.5873015873015872,4.761904761904762,9.523809523809524,48.78048780487805,3.333333333333333,0.0,13.333333333333334,42.27642276422765,1.9230769230769231,5.769230769230769,11.538461538461538,39.02439024390244,2.083333333333333,0.0,12.5,8.94308943089431,0.0,0.0,0.0,6.504065040650407,0.0,0.0,0.0,,,,,2.4390243902439024,33.33333333333333,0.0,66.66666666666666,,,,,,,,,,,,,,,,,,,,,0.8130081300813009,0.0,0.0,0.0,,,,,,,,,,,,,,,,
Robby Ginepri,0.6381709741550696,0.6230529595015576,0.489010989010989,0.2883720930232558,0.1596998928188638,0.1972132904608788,0.0298210735586481,0.0834990059642147,0.3014084507042253,0.2225352112676056,0.476056338028169,0.048828125,0.386666667,0.173333333,0.08,0.626666667,48.37239583333333,9.825033647375504,5.518169582772544,11.978465679676985,51.62760416666666,4.287515762925599,4.791929382093317,10.08827238335435,41.40625,6.918238993710692,5.9748427672955975,12.89308176100629,45.37760416666667,3.5868005738880915,4.447632711621234,9.612625538020088,3.1901041666666665,6.122448979591836,0.0,2.0408163265306123,3.7109375,1.7543859649122806,5.263157894736842,8.771929824561402,1.6276041666666667,36.0,12.0,16.0,1.3020833333333337,25.0,15.0,30.0,0.9765625,66.66666666666666,0.0,6.666666666666667,0.0651041666666666,0.0,0.0,100.0,0.6510416666666667,40.0,0.0,10.0,0.0651041666666666,0.0,100.0,0.0,0.0651041666666666,0.0,0.0,0.0,0.6510416666666667,10.0,0.0,0.0,0.2604166666666666,0.0,0.0,0.0,0.3255208333333333,20.0,0.0,20.0,0.1953125,100.0,0.0,0.0,0.1302083333333333,50.0,0.0,0.0
Robert Kendrick,0.5131578947368421,0.8461538461538461,0.4594594594594595,0.2394366197183098,0.1700680272108843,0.2517006802721088,0.0789473684210526,0.0921052631578947,0.2903225806451613,0.2096774193548387,0.5,0.137362637,0.44,0.12,0.08,0.72,51.64835164835166,10.638297872340424,9.574468085106384,18.08510638297873,48.35164835164835,9.090909090909092,4.545454545454546,15.909090909090908,35.16483516483517,7.8125,7.8125,23.4375,38.46153846153847,1.4285714285714286,5.714285714285714,18.571428571428573,8.241758241758241,0.0,13.333333333333334,0.0,1.098901098901099,0.0,0.0,0.0,4.945054945054945,44.44444444444444,11.11111111111111,22.22222222222222,7.142857142857142,53.84615384615385,0.0,7.6923076923076925,,,,,,,,,1.098901098901099,50.0,0.0,0.0,,,,,0.5494505494505495,0.0,0.0,0.0,1.6483516483516485,0.0,0.0,0.0,1.6483516483516485,0.0,33.33333333333333,0.0,,,,,,,,,,,,
Roberto Bautista Agut,0.6745834810350939,0.7002101944298476,0.5370370370370371,0.3545056867891513,0.1412344809368671,0.1535616800211323,0.0205600850762141,0.0717830556540233,0.3173636844891477,0.2503970354685018,0.4309158284806776,0.026982657,0.419656786,0.099843994,0.106084243,0.706708268,52.36150867149352,7.589034488302918,5.482755848540879,7.066484444087146,47.59639669978111,2.2463960378526577,2.3348368267444948,6.615371009109401,47.01970028624348,5.872873769024172,5.461056401074306,7.278424350940018,38.4829095807375,1.5642091446073068,1.9908116385911176,7.077225989936557,2.3236235056406804,1.2681159420289856,1.0869565217391304,0.7246376811594203,7.143458494696077,0.8839127872716559,1.9446081319976427,3.2410135533294047,0.9008250547230172,46.26168224299065,6.5420560747663545,7.943925233644859,0.7366560026940562,33.714285714285715,10.285714285714285,13.142857142857142,0.6987708368412191,53.01204819277109,14.457831325301203,8.433734939759036,0.0126283886176123,100.0,0.0,0.0,0.8545209631251053,33.004926108374384,8.374384236453201,10.83743842364532,0.5430207105573329,20.155038759689923,13.953488372093023,14.728682170542635,0.290452938205085,13.043478260869565,4.3478260869565215,0.0,0.6019531907728574,4.195804195804196,6.293706293706294,2.097902097902098,0.0883987203232867,14.285714285714285,4.761904761904762,4.761904761904762,0.0757703317056743,11.11111111111111,22.22222222222222,5.555555555555555,0.1852163663916484,34.090909090909086,15.909090909090908,18.181818181818183,,,,
Roberto Carballes Baena,0.6517711171662125,0.6454849498327759,0.488262910798122,0.357347055460263,0.1194196428571428,0.1372767857142857,0.0337874659400544,0.0452316076294277,0.320631970260223,0.2797397769516728,0.3996282527881041,0.028373347,0.452488688,0.036199095,0.171945701,0.769230769,55.00064193092823,5.46218487394958,4.831932773109244,5.555555555555555,44.78110155347285,3.182339449541284,2.694954128440368,5.504587155963304,49.13339324688664,3.5798275411549514,4.651162790697675,5.957669192579044,37.54012068301451,2.291381668946648,2.2571819425444595,5.64295485636115,2.9015277956091925,3.982300884955752,1.327433628318584,0.4424778761061947,4.352291693413789,1.1799410029498525,1.1799410029498525,3.834808259587021,0.693285402490692,55.55555555555556,16.666666666666664,9.25925925925926,0.7318012581846193,42.10526315789473,21.052631578947366,0.0,0.8730260623956863,57.35294117647059,13.23529411764706,4.411764705882353,0.0513544742585697,25.0,25.0,0.0,0.3723199383746309,48.27586206896552,3.4482758620689653,3.4482758620689653,1.1811529079471048,9.782608695652174,8.695652173913043,15.217391304347828,0.6804467839260496,0.0,3.7735849056603774,0.0,0.783155732443189,8.19672131147541,1.639344262295082,0.0,0.2439337527282064,21.052631578947366,15.789473684210526,0.0,0.1283861856464244,0.0,20.0,0.0,0.1027089485171395,12.5,25.0,0.0,0.0128386185646424,100.0,0.0,0.0
Roberto Cid,0.6363636363636364,0.6326530612244898,0.5,0.4264705882352941,0.1172413793103448,0.193103448275862,0.0389610389610389,0.0259740259740259,0.2941176470588235,0.2156862745098039,0.4901960784313725,0.03630363,0.272727273,0.0,0.090909091,0.909090909,60.06600660066008,6.593406593406594,4.945054945054945,10.43956043956044,39.93399339933993,2.479338842975207,1.6528925619834711,4.958677685950414,52.8052805280528,5.0,5.0,11.25,31.683168316831683,2.083333333333333,2.083333333333333,5.208333333333334,2.9702970297029703,0.0,0.0,0.0,6.6006600660066,0.0,0.0,5.0,1.65016501650165,40.0,20.0,0.0,0.6600660066006601,0.0,0.0,0.0,0.99009900990099,33.33333333333333,0.0,0.0,,,,,1.32013201320132,25.0,0.0,25.0,0.6600660066006601,50.0,0.0,0.0,,,,,0.33003300330033,0.0,0.0,0.0,,,,,,,,,0.33003300330033,0.0,0.0,0.0,,,,
Roberto Marcora,0.5510204081632653,0.6296296296296297,0.4090909090909091,0.2195121951219512,0.0555555555555555,0.2777777777777778,0.0816326530612244,0.0408163265306122,0.0909090909090909,0.2727272727272727,0.6363636363636364,0.021505376,0.0,1.0,0.0,0.0,55.91397849462365,1.9230769230769231,13.461538461538462,25.0,43.01075268817204,5.0,5.0,20.0,49.46236559139785,2.1739130434782608,15.217391304347828,21.73913043478261,34.40860215053764,6.25,3.125,18.75,5.376344086021505,0.0,0.0,40.0,7.526881720430108,0.0,14.285714285714285,14.285714285714285,,,,,,,,,,,,,,,,,,,,,,,,,,,,,,,,,,,,,,,,,1.0752688172043012,0.0,0.0,100.0,1.0752688172043012,0.0,0.0,100.0
Roberto Quiroz,0.6417910447761194,0.6511627906976745,0.4166666666666667,0.3148148148148148,0.1157024793388429,0.2809917355371901,0.0149253731343283,0.0298507462686567,0.2264150943396226,0.1509433962264151,0.6226415094339622,0.073593074,0.470588235,0.117647059,0.058823529,0.764705882,60.17316017316018,5.755395683453238,4.316546762589928,16.546762589928058,39.82683982683983,4.3478260869565215,2.1739130434782608,10.869565217391305,54.11255411255412,2.4,4.0,16.8,9.956709956709958,4.3478260869565215,4.3478260869565215,21.73913043478261,,,,,26.40692640692641,0.0,1.639344262295082,8.19672131147541,2.1645021645021645,80.0,0.0,20.0,1.7316017316017316,50.0,0.0,0.0,1.7316017316017316,25.0,25.0,25.0,,,,,,,,,0.8658008658008658,0.0,0.0,0.0,0.8658008658008658,0.0,0.0,0.0,0.4329004329004329,0.0,0.0,0.0,0.4329004329004329,0.0,0.0,0.0,0.4329004329004329,100.0,0.0,0.0,0.8658008658008658,0.0,0.0,0.0,,,,
Robin Bertrand,0.62,0.5806451612903226,0.4736842105263157,0.217391304347826,0.0520833333333333,0.1875,0.02,0.0,0.1428571428571428,0.3714285714285714,0.4857142857142857,0.026490066,0.25,0.25,0.25,0.5,48.34437086092716,5.47945205479452,8.21917808219178,15.068493150684931,51.65562913907284,1.282051282051282,8.974358974358974,7.6923076923076925,45.6953642384106,4.3478260869565215,8.695652173913043,14.492753623188406,48.34437086092716,1.36986301369863,8.21917808219178,8.21917808219178,1.3245033112582782,0.0,0.0,0.0,0.6622516556291391,0.0,0.0,0.0,0.6622516556291391,100.0,0.0,0.0,0.6622516556291391,0.0,0.0,0.0,,,,,,,,,,,,,1.3245033112582782,0.0,0.0,0.0,,,,,,,,,,,,,,,,,0.6622516556291391,0.0,0.0,100.0,0.6622516556291391,0.0,100.0,0.0
Robin Haase,0.5793288590604027,0.7275254865616312,0.4913848117421825,0.3489878542510121,0.161507402422611,0.1672947510094212,0.0437583892617449,0.0883221476510067,0.346873755475906,0.2210274790919952,0.4301075268817204,0.041954745,0.449438202,0.046816479,0.138576779,0.797752809,53.95977372721559,9.056493884682586,5.256260920209669,8.270238788584741,45.859522313010686,4.248757923590886,3.3064930615041974,8.754497173205413,45.22313010685104,6.931897150799165,4.916608756080612,8.947185545517721,26.618478944060342,4.073199527744982,2.9811097992916173,10.979929161747345,3.975487115021999,0.7905138339920948,0.7905138339920948,2.569169960474309,14.974858579509744,0.2098635886673662,1.7313746065057714,5.194123819517314,1.1313639220615963,45.13888888888889,13.88888888888889,5.555555555555555,1.257071024512885,36.25,14.374999999999998,6.25,0.9899434318038968,67.46031746031747,7.936507936507936,2.380952380952381,0.0471401634192331,50.0,16.666666666666664,0.0,1.3670647391577624,18.96551724137931,12.06896551724138,13.79310344827586,1.3356379635449402,19.411764705882355,13.529411764705882,15.294117647058824,0.6442489000628535,10.975609756097562,6.097560975609756,1.2195121951219512,1.484915147705845,5.291005291005291,5.291005291005291,2.1164021164021163,0.0707102451288497,11.11111111111111,44.44444444444444,0.0,0.1257071024512885,0.0,12.5,0.0,0.5578252671275927,36.61971830985916,19.718309859154928,5.633802816901409,0.015713387806411,100.0,0.0,0.0
Robin Soderling,0.6208308952603862,0.7323279924599434,0.5231481481481481,0.321297429620563,0.177385581812743,0.2007179180376907,0.0362785254534815,0.1176126389701579,0.2971948445792267,0.2410917361637604,0.4617134192570128,0.034109078,0.53125,0.109375,0.104166667,0.75,56.17338781311068,8.633776091081593,6.41998734977862,10.879190385831752,43.82661218688932,4.823672476692339,4.661532225374949,10.741791649777058,53.13554805471664,6.65329321297225,6.218655967903711,11.066532932129723,38.99449280511636,3.644646924829157,4.69248291571754,10.888382687927107,0.6040149227216202,11.76470588235294,5.88235294117647,5.88235294117647,3.339847219754841,1.0638297872340423,2.6595744680851063,7.978723404255319,0.9948481080120802,57.14285714285714,8.928571428571429,12.5,1.1724995558713802,43.93939393939394,10.606060606060606,16.666666666666664,1.0126132527980105,57.89473684210527,12.280701754385964,3.508771929824561,0.08882572392965,100.0,0.0,0.0,0.12435601350151,28.57142857142857,28.57142857142857,0.0,0.08882572392965,40.0,0.0,0.0,0.1776514478593,0.0,0.0,10.0,0.12435601350151,14.285714285714285,0.0,0.0,0.01776514478593,0.0,100.0,0.0,0.01776514478593,0.0,0.0,0.0,0.10659086871558,50.0,0.0,16.666666666666664,,,,
Robin Vik,0.5952380952380952,0.68,0.3529411764705882,0.3090909090909091,0.0618556701030927,0.1546391752577319,0.0476190476190476,0.0476190476190476,0.1818181818181818,0.2272727272727272,0.5909090909090909,0.051612903,0.375,0.0,0.0,0.625,47.096774193548384,2.73972602739726,2.73972602739726,8.21917808219178,52.903225806451616,2.4390243902439024,3.658536585365853,8.536585365853659,37.41935483870968,0.0,1.7241379310344829,10.344827586206897,40.0,1.6129032258064515,3.225806451612903,11.29032258064516,3.870967741935484,0.0,0.0,0.0,9.67741935483871,0.0,0.0,0.0,1.2903225806451613,50.0,0.0,0.0,1.935483870967742,33.33333333333333,0.0,0.0,1.935483870967742,33.33333333333333,0.0,0.0,,,,,0.6451612903225806,0.0,0.0,0.0,0.6451612903225806,0.0,100.0,0.0,1.935483870967742,0.0,33.33333333333333,0.0,0.6451612903225806,0.0,0.0,0.0,,,,,,,,,,,,,,,,
Rodrigo Pacheco Mendez,0.696078431372549,0.7746478873239436,0.5806451612903226,0.3828125,0.1521739130434782,0.1130434782608695,0.0098039215686274,0.1176470588235294,0.3709677419354839,0.2258064516129032,0.4032258064516129,0.027837259,0.307692308,0.076923077,0.153846154,0.769230769,61.88436830835118,7.26643598615917,2.768166089965398,6.57439446366782,37.901498929336185,1.1299435028248588,3.389830508474576,3.389830508474576,56.53104925053534,4.924242424242424,3.0303030303030303,6.8181818181818175,31.47751605995717,1.3605442176870748,2.7210884353741496,3.401360544217688,0.8565310492505354,0.0,0.0,0.0,4.496788008565311,0.0,0.0,4.761904761904762,1.284796573875803,66.66666666666666,0.0,0.0,0.4282655246252677,0.0,50.0,0.0,0.4282655246252677,0.0,0.0,50.0,,,,,0.4282655246252677,100.0,0.0,0.0,0.2141327623126338,0.0,0.0,0.0,1.9271948608137044,22.22222222222222,0.0,0.0,1.070663811563169,0.0,0.0,0.0,0.2141327623126338,0.0,0.0,0.0,0.2141327623126338,0.0,100.0,0.0,0.2141327623126338,0.0,0.0,0.0,,,,
Roger Federer,0.6229147053285634,0.7683100081612912,0.5598941429070754,0.3887637285271754,0.1948765533176864,0.1668213161581427,0.0218791188100169,0.1118592081392956,0.361412158705056,0.2350807014279733,0.4028094329968836,0.067223925,0.433369447,0.092341028,0.117593133,0.746645554,49.32793878656555,12.344280860702153,7.46193532150497,10.461351910955536,50.6466684723727,5.197539942509526,3.914031686610067,8.947790627715758,43.31719483568075,9.001498078551423,7.259818927896829,10.89559043835081,29.6677500902853,4.686548995739501,4.08361229458308,11.339774802191114,1.3277582159624417,4.462388440288993,1.9124521886952823,1.1049723756906076,17.021036475261827,0.6332051452062061,1.7239092958493567,4.601511735844053,1.9969980137233656,46.62333992653292,11.246114721672788,11.415654139587454,2.335003611412062,36.51522474625423,13.60560657322378,10.24649589173514,1.170887504514265,68.144578313253,9.301204819277109,5.590361445783133,0.1190637414228963,43.60189573459716,10.42654028436019,2.3696682464454977,0.4000767425063199,33.286318758815234,13.540197461212976,14.809590973201692,0.6748826291079812,24.08026755852843,12.959866220735783,16.97324414715719,0.3464698447092813,6.677524429967427,6.188925081433225,2.1172638436482085,0.4807692307692308,5.28169014084507,6.103286384976526,2.3474178403755865,0.3103557240881184,12.727272727272728,10.181818181818182,4.363636363636364,0.3210771036475262,9.490333919156416,8.260105448154658,3.690685413005272,0.4581979053810039,44.95073891625616,15.270935960591132,11.453201970443349,0.0270855904658721,41.66666666666667,14.583333333333334,16.666666666666664
Rogerio Dutra Silva,0.6153846153846154,0.875,1.0,0.6756756756756757,0.1904761904761904,0.0317460317460317,0.0,0.0769230769230769,0.5882352941176471,0.2941176470588235,0.1176470588235294,0.032,0.5,0.0,0.25,0.75,59.2,10.81081081081081,6.756756756756757,0.0,40.8,3.92156862745098,0.0,3.92156862745098,52.0,7.6923076923076925,4.615384615384616,0.0,34.4,4.651162790697675,0.0,4.651162790697675,,,,,6.4,0.0,0.0,0.0,0.8,100.0,0.0,0.0,,,,,1.6,50.0,50.0,0.0,,,,,2.4,33.33333333333333,33.33333333333333,0.0,,,,,1.6,0.0,0.0,0.0,,,,,,,,,,,,,0.8,0.0,0.0,0.0,,,,
Roman Andres Burruchaga,0.7674418604651163,0.6060606060606061,0.6,0.4302325581395348,0.1453488372093023,0.191860465116279,0.0,0.0116279069767441,0.3287671232876712,0.2191780821917808,0.4520547945205479,0.023728814,0.428571429,0.142857143,0.285714286,0.714285714,52.54237288135594,8.38709677419355,8.38709677419355,10.32258064516129,44.74576271186441,8.333333333333332,2.272727272727273,12.87878787878788,46.77966101694916,5.797101449275362,7.246376811594203,10.869565217391305,38.983050847457626,4.3478260869565215,2.608695652173913,13.043478260869565,2.372881355932204,14.285714285714285,0.0,0.0,2.711864406779661,0.0,0.0,0.0,0.6779661016949152,0.0,100.0,0.0,1.0169491525423728,66.66666666666666,0.0,0.0,0.3389830508474576,0.0,0.0,100.0,,,,,1.694915254237288,60.0,20.0,0.0,2.0338983050847457,66.66666666666666,0.0,33.33333333333333,0.3389830508474576,0.0,0.0,0.0,,,,,0.3389830508474576,100.0,0.0,0.0,,,,,,,,,,,,
Roman Safiullin,0.5988274706867671,0.6965034965034965,0.511482254697286,0.3182957393483709,0.1744040150564617,0.2212463404433291,0.0351758793969849,0.1139028475711892,0.2979851537645811,0.1823966065747614,0.5164369034994698,0.036111798,0.445205479,0.191780822,0.157534247,0.705479452,51.52114766262677,9.745559289486318,5.088814210273643,11.85789726356217,48.47885233737323,3.9795918367346936,3.36734693877551,12.244897959183673,43.90304229532525,8.056338028169014,4.845070422535212,11.887323943661972,42.71580509522632,3.35842501447597,3.3005211349160395,11.928199189345689,4.081127875340094,0.6060606060606061,0.0,6.0606060606060606,3.536977491961415,1.3986013986013983,1.3986013986013983,11.888111888111888,1.5087806084590651,49.18032786885246,11.475409836065571,22.950819672131143,0.9151620084095968,37.83783783783784,8.108108108108109,18.91891891891892,0.7914914667326243,59.375,18.75,15.625,0.0247341083353945,0.0,0.0,0.0,0.6430868167202572,23.07692307692308,7.6923076923076925,23.07692307692308,0.6678209250556517,11.11111111111111,7.4074074074074066,29.629629629629623,0.3710116250309176,13.333333333333334,0.0,6.666666666666667,0.4699480583724957,5.263157894736842,0.0,0.0,0.049468216670789,0.0,50.0,0.0,0.148404650012367,0.0,33.33333333333333,33.33333333333333,0.1731387583477615,28.57142857142857,57.14285714285714,0.0,,,,
Roy Smith,0.5488721804511278,0.821917808219178,0.5,0.1888888888888888,0.2286995515695067,0.2825112107623318,0.0451127819548872,0.112781954887218,0.3364485981308411,0.1308411214953271,0.5327102803738317,0.094117647,0.40625,0.09375,0.09375,0.8125,61.76470588235294,12.38095238095238,5.238095238095238,16.19047619047619,37.94117647058823,7.751937984496124,2.3255813953488373,17.829457364341085,53.23529411764706,9.392265193370166,4.41988950276243,16.022099447513813,32.05882352941177,4.587155963302752,2.752293577981652,17.431192660550458,2.0588235294117645,0.0,0.0,28.57142857142857,2.0588235294117645,0.0,0.0,42.85714285714285,2.941176470588235,40.0,10.0,20.0,2.647058823529412,44.44444444444444,0.0,0.0,3.23529411764706,36.36363636363637,18.181818181818183,9.090909090909092,,,,,,,,,0.5882352941176471,50.0,0.0,50.0,,,,,0.2941176470588235,0.0,0.0,0.0,0.2941176470588235,100.0,0.0,0.0,0.2941176470588235,0.0,0.0,0.0,,,,,,,,
Ruben Bemelmans,0.6182795698924731,0.6434782608695652,0.4366197183098591,0.2865853658536585,0.12,0.2171428571428571,0.0376344086021505,0.1129032258064516,0.1764705882352941,0.2436974789915966,0.5798319327731093,0.050505051,0.32,0.2,0.04,0.52,49.696969696969695,6.910569105691057,5.691056910569105,15.447154471544716,50.30303030303031,1.6064257028112447,6.024096385542169,12.449799196787149,45.25252525252525,4.910714285714286,6.25,15.625,29.6969696969697,0.6802721088435374,4.761904761904762,16.3265306122449,1.414141414141414,0.0,0.0,14.285714285714285,16.565656565656568,0.0,4.878048780487805,4.878048780487805,0.6060606060606061,0.0,0.0,33.33333333333333,1.818181818181818,22.22222222222222,11.11111111111111,11.11111111111111,1.2121212121212122,83.33333333333334,0.0,0.0,0.202020202020202,100.0,0.0,0.0,0.404040404040404,0.0,0.0,0.0,0.8080808080808081,0.0,75.0,0.0,0.404040404040404,50.0,0.0,0.0,0.404040404040404,0.0,0.0,0.0,,,,,0.6060606060606061,0.0,0.0,33.33333333333333,0.404040404040404,0.0,0.0,50.0,0.202020202020202,0.0,0.0,100.0
Ruben Gonzales,0.725,0.4827586206896552,0.4545454545454545,0.1351351351351351,0.1558441558441558,0.1818181818181818,0.0,0.15,0.25,0.1666666666666666,0.5833333333333334,0.259259259,0.238095238,0.142857143,0.047619048,0.523809524,54.32098765432099,6.8181818181818175,4.545454545454546,25.0,45.67901234567901,8.108108108108109,5.405405405405405,8.108108108108109,44.44444444444444,2.7777777777777777,5.555555555555555,27.77777777777778,14.814814814814811,0.0,8.333333333333332,0.0,1.2345679012345678,0.0,0.0,0.0,13.580246913580249,0.0,0.0,9.090909090909092,6.172839506172839,20.0,0.0,20.0,16.049382716049383,23.07692307692308,7.6923076923076925,15.384615384615383,1.2345679012345678,100.0,0.0,0.0,1.2345679012345678,0.0,0.0,0.0,,,,,,,,,,,,,,,,,1.2345679012345678,0.0,0.0,0.0,,,,,,,,,,,,
Ruben Ramirez Hidalgo,0.5128205128205128,0.6,0.4210526315789473,0.363013698630137,0.0960264900662251,0.2483443708609271,0.0833333333333333,0.0448717948717948,0.1964285714285714,0.25,0.5535714285714286,0.009957326,0.571428571,0.142857143,0.142857143,0.714285714,50.782361308677096,4.481792717086835,5.042016806722689,8.96358543417367,48.36415362731152,1.7647058823529411,2.941176470588235,8.823529411764707,46.088193456614505,3.7037037037037033,4.938271604938271,9.876543209876544,42.67425320056899,1.3333333333333337,2.666666666666667,9.666666666666666,3.840682788051209,0.0,3.7037037037037033,0.0,4.836415362731152,0.0,2.941176470588235,0.0,0.4267425320056899,66.66666666666666,0.0,0.0,0.4267425320056899,66.66666666666666,0.0,33.33333333333333,0.1422475106685633,0.0,100.0,0.0,,,,,,,,,0.1422475106685633,0.0,100.0,0.0,0.2844950213371266,100.0,0.0,0.0,0.2844950213371266,0.0,0.0,0.0,,,,,,,,,,,,,,,,
Rudolf Molleker,0.5813953488372093,0.752,0.5111111111111111,0.2628571428571428,0.1282051282051282,0.1923076923076923,0.0744186046511627,0.0930232558139534,0.2702702702702703,0.1981981981981982,0.5315315315315315,0.022727273,0.5,0.0,0.083333333,0.75,52.65151515151515,6.115107913669065,4.316546762589928,10.071942446043163,47.34848484848485,5.2,4.0,12.4,48.67424242424242,4.280155642023346,4.280155642023346,10.505836575875486,40.53030303030303,6.074766355140187,3.2710280373831773,14.018691588785046,1.3257575757575757,0.0,0.0,14.285714285714285,5.303030303030303,0.0,0.0,3.571428571428571,0.5681818181818182,66.66666666666666,0.0,0.0,0.3787878787878788,0.0,50.0,0.0,1.1363636363636365,50.0,0.0,0.0,,,,,,,,,0.3787878787878788,0.0,50.0,0.0,0.7575757575757576,0.0,25.0,0.0,0.7575757575757576,0.0,25.0,0.0,,,,,,,,,0.1893939393939394,100.0,0.0,0.0,,,,
Rudy Coco,0.6122448979591837,0.6333333333333333,0.3684210526315789,0.3018867924528302,0.1862745098039215,0.4117647058823529,0.0204081632653061,0.0408163265306122,0.2537313432835821,0.1343283582089552,0.6119402985074627,0.03960396,0.5,0.375,0.125,0.625,49.50495049504951,15.0,6.0,20.0,50.495049504950494,1.96078431372549,2.941176470588235,20.588235294117645,43.56435643564357,12.5,6.8181818181818175,21.59090909090909,39.10891089108911,2.5316455696202533,2.5316455696202533,21.51898734177216,3.4653465346534658,0.0,0.0,0.0,9.9009900990099,0.0,0.0,10.0,0.99009900990099,100.0,0.0,0.0,0.495049504950495,0.0,0.0,100.0,0.495049504950495,100.0,0.0,0.0,,,,,,,,,,,,,,,,,,,,,0.99009900990099,50.0,0.0,50.0,0.99009900990099,0.0,50.0,50.0,,,,,,,,
Ryan Harrison,0.5888324873096447,0.7155172413793104,0.5061728395061729,0.2696078431372549,0.1346633416458852,0.14214463840399,0.0406091370558375,0.1370558375634517,0.2571428571428571,0.2761904761904762,0.4666666666666667,0.036951501,0.25,0.1875,0.0625,0.375,52.42494226327945,6.607929515418502,7.488986784140969,13.656387665198238,47.57505773672055,5.825242718446602,5.825242718446602,8.737864077669903,43.64896073903002,5.291005291005291,8.465608465608465,14.285714285714285,34.41108545034642,6.711409395973154,6.711409395973154,11.409395973154362,4.618937644341801,0.0,0.0,0.0,10.854503464203232,2.127659574468085,2.127659574468085,0.0,1.6166281755196306,28.57142857142857,0.0,14.285714285714285,1.1547344110854505,0.0,20.0,20.0,0.6928406466512702,66.66666666666666,0.0,33.33333333333333,,,,,0.6928406466512702,33.33333333333333,33.33333333333333,33.33333333333333,0.23094688221709,0.0,0.0,0.0,0.9237875288683602,0.0,0.0,25.0,0.9237875288683602,25.0,0.0,0.0,,,,,,,,,0.23094688221709,0.0,0.0,0.0,,,,
Ryan Seggerman,0.5,0.7241379310344828,0.5862068965517241,0.4915254237288136,0.2136752136752136,0.2649572649572649,0.0344827586206896,0.0517241379310344,0.34375,0.203125,0.453125,0.1,0.45,0.15,0.15,0.7,65.0,15.384615384615383,6.153846153846154,13.846153846153848,35.0,2.857142857142857,7.142857142857142,15.714285714285714,38.0,13.157894736842104,6.578947368421052,14.473684210526317,28.000000000000004,3.571428571428571,5.357142857142857,14.285714285714285,17.5,2.857142857142857,2.857142857142857,11.428571428571429,4.5,0.0,0.0,33.33333333333333,5.5,54.54545454545454,0.0,27.27272727272727,1.5,0.0,66.66666666666666,0.0,2.5,60.0,20.0,0.0,,,,,1.0,0.0,50.0,0.0,,,,,0.5,0.0,0.0,0.0,0.5,0.0,0.0,0.0,,,,,0.5,0.0,0.0,0.0,,,,,,,,
Saidalo Saidkarimov,0.625,0.85,0.75,0.4,0.1805555555555555,0.1527777777777778,0.0,0.09375,0.4545454545454545,0.0454545454545454,0.5,0.016129032,0.5,0.0,0.0,0.5,58.06451612903226,13.88888888888889,1.3888888888888888,8.333333333333332,41.935483870967744,0.0,0.0,9.615384615384617,50.0,14.516129032258066,1.6129032258064515,9.67741935483871,24.193548387096776,0.0,0.0,16.666666666666664,6.451612903225806,0.0,0.0,0.0,16.93548387096774,0.0,0.0,0.0,0.8064516129032258,0.0,0.0,0.0,,,,,0.8064516129032258,100.0,0.0,0.0,,,,,,,,,0.8064516129032258,0.0,0.0,0.0,,,,,,,,,,,,,,,,,,,,,,,,
Salvatore Caruso,0.6243386243386243,0.6949152542372882,0.5070422535211268,0.3942307692307692,0.1158690176322418,0.1863979848866498,0.0264550264550264,0.0476190476190476,0.2418300653594771,0.3071895424836601,0.4509803921568627,0.02745098,0.5,0.035714286,0.107142857,0.75,57.35294117647059,4.102564102564102,5.47008547008547,8.88888888888889,42.64705882352941,2.9885057471264367,3.4482758620689653,3.9080459770114944,53.72549019607843,2.737226277372263,5.291970802919708,8.94160583941606,36.96078431372549,1.0610079575596816,3.4482758620689653,3.4482758620689653,1.2745098039215683,0.0,0.0,0.0,4.215686274509804,2.3255813953488373,4.651162790697675,4.651162790697675,0.392156862745098,50.0,25.0,0.0,0.8823529411764706,77.77777777777779,0.0,0.0,0.6862745098039216,28.57142857142857,28.57142857142857,14.285714285714285,,,,,0.4901960784313725,40.0,0.0,40.0,0.2941176470588235,33.33333333333333,0.0,66.66666666666666,,,,,0.2941176470588235,0.0,0.0,0.0,0.0980392156862745,100.0,0.0,0.0,,,,,0.6862745098039216,28.57142857142857,0.0,0.0,,,,
Sam Querrey,0.6120249574588769,0.7822057460611678,0.4824561403508772,0.3214723926380368,0.2074860005894488,0.1839080459770115,0.0431083380601247,0.1854792966534316,0.3160100586756077,0.2246437552388935,0.4593461860854987,0.058022923,0.399176955,0.131687243,0.094650206,0.625514403,51.17000955109837,12.225851609892674,8.212785814279048,14.092393840410638,48.829990448901626,5.623471882640587,4.49877750611247,12.029339853300732,44.53199617956065,9.6514745308311,8.36461126005362,14.47721179624665,39.4937917860554,4.957678355501813,4.71584038694075,12.4546553808948,2.125119388729704,1.1235955056179776,2.247191011235955,2.247191011235955,5.659025787965616,0.8438818565400843,0.8438818565400843,8.016877637130802,1.7908309455587392,45.33333333333333,9.333333333333334,10.666666666666668,2.125119388729704,28.08988764044944,11.235955056179774,11.235955056179774,1.265520534861509,62.264150943396224,7.547169811320755,15.09433962264151,0.0477554918815663,50.0,0.0,0.0,0.8834765998089781,32.432432432432435,13.513513513513514,24.324324324324326,0.4775549188156638,15.0,5.0,45.0,0.2865329512893982,0.0,8.333333333333332,0.0,0.7402101241642789,0.0,0.0,3.225806451612903,0.1910219675262655,25.0,0.0,25.0,0.2865329512893982,16.666666666666664,8.333333333333332,8.333333333333332,0.0955109837631327,0.0,25.0,75.0,,,,
Samuel Groth,0.6140939597315436,0.7759562841530054,0.5130434782608696,0.2250922509225092,0.18804920913884,0.1072056239015817,0.0536912751677852,0.2013422818791946,0.3286713286713286,0.3566433566433566,0.3146853146853147,0.2760181,0.278688525,0.049180328,0.213114754,0.663934426,42.98642533936652,13.684210526315791,9.473684210526317,14.736842105263156,57.01357466063348,8.333333333333332,13.095238095238097,6.746031746031746,18.32579185520362,3.7037037037037033,4.938271604938271,28.39506172839506,25.79185520361992,6.140350877192982,10.526315789473683,7.894736842105263,9.049773755656108,0.0,10.0,0.0,17.647058823529413,2.564102564102564,6.41025641025641,7.6923076923076925,12.217194570135746,31.48148148148148,16.666666666666664,7.4074074074074066,11.538461538461538,19.607843137254903,31.37254901960784,3.92156862745098,0.904977375565611,100.0,0.0,0.0,0.4524886877828055,100.0,0.0,0.0,0.4524886877828055,50.0,0.0,50.0,,,,,0.2262443438914027,0.0,0.0,0.0,0.904977375565611,0.0,0.0,0.0,1.809954751131222,12.5,12.5,0.0,0.6787330316742082,0.0,0.0,0.0,,,,,,,,
Sanam Singh,0.5106382978723404,0.5833333333333334,0.3478260869565217,0.1578947368421052,0.0941176470588235,0.2,0.0638297872340425,0.0212765957446808,0.28,0.16,0.56,0.042553191,0.5,0.0,0.0,0.5,46.80851063829788,9.090909090909092,6.8181818181818175,15.909090909090908,53.191489361702125,6.0,2.0,14.000000000000002,34.04255319148936,9.375,6.25,18.75,43.61702127659575,4.878048780487805,2.4390243902439024,14.634146341463412,9.574468085106384,0.0,0.0,11.11111111111111,3.191489361702128,0.0,0.0,0.0,,,,,2.127659574468085,50.0,0.0,0.0,1.0638297872340423,100.0,0.0,0.0,,,,,1.0638297872340423,0.0,100.0,0.0,1.0638297872340423,0.0,0.0,0.0,,,,,3.191489361702128,0.0,0.0,33.33333333333333,1.0638297872340423,0.0,0.0,0.0,,,,,,,,,,,,
Sandro Ehrat,0.6266666666666667,0.6595744680851063,0.4642857142857143,0.4105263157894737,0.1470588235294117,0.2411764705882353,0.0,0.0933333333333333,0.24,0.2133333333333333,0.5466666666666666,0.023323615,0.625,0.25,0.0,0.625,47.8134110787172,7.926829268292683,6.097560975609756,12.804878048780488,52.1865889212828,2.793296089385475,3.35195530726257,11.1731843575419,45.18950437317784,5.806451612903226,6.451612903225806,12.258064516129032,41.98250728862974,2.7777777777777777,4.166666666666666,12.5,0.5830903790087464,0.0,0.0,0.0,7.871720116618077,0.0,0.0,0.0,0.8746355685131195,66.66666666666666,0.0,33.33333333333333,0.5830903790087464,50.0,0.0,0.0,0.5830903790087464,50.0,0.0,50.0,,,,,0.2915451895043732,0.0,0.0,0.0,1.1661807580174928,0.0,0.0,50.0,,,,,0.5830903790087464,0.0,0.0,0.0,,,,,,,,,0.2915451895043732,100.0,0.0,0.0,,,,
Sanjar Fayziev,0.5172413793103449,0.5333333333333333,0.4285714285714285,0.3442622950819672,0.0840336134453781,0.2436974789915966,0.0517241379310344,0.0172413793103448,0.2142857142857142,0.1666666666666666,0.6190476190476191,0.074766355,0.3125,0.125,0.0625,0.6875,51.86915887850467,8.108108108108109,2.702702702702702,11.711711711711713,48.13084112149533,0.0,3.883495145631068,12.62135922330097,43.925233644859816,4.25531914893617,3.191489361702128,12.76595744680851,37.85046728971962,0.0,3.7037037037037033,11.11111111111111,2.803738317757009,0.0,0.0,0.0,6.5420560747663545,0.0,0.0,7.142857142857142,3.738317757009345,50.0,0.0,12.5,2.803738317757009,0.0,16.666666666666664,16.666666666666664,0.9345794392523364,50.0,0.0,0.0,,,,,,,,,0.9345794392523364,0.0,0.0,100.0,0.4672897196261681,0.0,0.0,0.0,,,,,,,,,,,,,,,,,,,,
Santiago Giraldo,0.7007874015748031,0.6741573033707865,0.3684210526315789,0.3958333333333333,0.1143911439114391,0.2140221402214022,0.0078740157480314,0.0236220472440944,0.2456140350877192,0.2543859649122807,0.5,0.015025042,0.444444444,0.0,0.222222222,0.777777778,49.58263772954925,5.387205387205387,6.0606060606060606,9.764309764309765,50.41736227045075,3.9735099337748334,3.642384105960265,9.271523178807946,46.91151919866444,3.9145907473309607,5.693950177935943,10.320284697508896,48.080133555926544,3.8194444444444446,3.125,9.722222222222223,0.8347245409015025,0.0,0.0,0.0,1.8363939899833053,9.090909090909092,0.0,0.0,0.667779632721202,50.0,25.0,0.0,,,,,0.667779632721202,50.0,25.0,0.0,,,,,0.1669449081803005,100.0,0.0,0.0,0.5008347245409015,0.0,66.66666666666666,0.0,0.1669449081803005,0.0,0.0,0.0,,,,,0.1669449081803005,0.0,0.0,0.0,,,,,,,,,,,,
Sargis Sargsian,0.6097560975609756,0.74,0.5,0.4714285714285714,0.1381578947368421,0.1578947368421052,0.0365853658536585,0.0853658536585365,0.2857142857142857,0.2857142857142857,0.4285714285714285,0.077253219,0.555555556,0.111111111,0.055555556,0.666666667,40.343347639484975,5.319148936170213,4.25531914893617,11.702127659574469,59.65665236051502,6.474820143884892,7.194244604316546,7.194244604316546,34.763948497854074,1.2345679012345678,4.938271604938271,11.11111111111111,46.3519313304721,2.7777777777777777,6.481481481481481,8.333333333333332,0.8583690987124464,0.0,0.0,0.0,8.15450643776824,0.0,10.526315789473683,0.0,2.575107296137339,66.66666666666666,0.0,0.0,3.862660944206009,55.55555555555556,11.11111111111111,11.11111111111111,,,,,0.4291845493562232,100.0,0.0,0.0,0.4291845493562232,0.0,0.0,100.0,0.4291845493562232,0.0,0.0,0.0,0.8583690987124464,0.0,0.0,0.0,0.4291845493562232,0.0,0.0,0.0,0.4291845493562232,0.0,0.0,0.0,,,,,0.4291845493562232,0.0,0.0,100.0,,,,
Sascha Gueymard Wayenburg,0.6363636363636364,0.5476190476190477,0.4583333333333333,0.3584905660377358,0.0924369747899159,0.3025210084033613,0.0151515151515151,0.0,0.2156862745098039,0.0980392156862745,0.6862745098039216,0.025423729,0.5,0.333333333,0.0,0.5,49.57627118644068,7.6923076923076925,2.564102564102564,11.965811965811966,50.42372881355932,1.680672268907563,1.680672268907563,17.647058823529413,43.22033898305085,5.88235294117647,2.941176470588235,10.784313725490197,44.06779661016949,1.9230769230769231,0.9615384615384616,19.23076923076924,2.9661016949152543,0.0,0.0,0.0,5.084745762711865,0.0,0.0,0.0,1.694915254237288,50.0,0.0,25.0,0.423728813559322,0.0,0.0,100.0,0.423728813559322,100.0,0.0,0.0,,,,,1.2711864406779665,0.0,0.0,66.66666666666666,0.847457627118644,0.0,50.0,0.0,,,,,,,,,,,,,,,,,,,,,,,,
Scott Griekspoor,0.5613207547169812,0.6386554621848739,0.5268817204301075,0.3564356435643564,0.1304347826086956,0.2246376811594203,0.0754716981132075,0.0518867924528301,0.2925170068027211,0.1836734693877551,0.5238095238095238,0.033613445,0.5,0.1,0.1,0.8,56.80672268907563,9.467455621301776,6.508875739644971,12.1301775147929,41.84873949579832,4.417670682730924,2.0080321285140563,14.056224899598394,52.268907563025216,8.038585209003216,6.430868167202572,12.861736334405144,32.436974789915965,3.6269430051813454,2.072538860103627,13.471502590673577,2.5210084033613445,0.0,0.0,0.0,6.722689075630252,0.0,0.0,10.0,1.0084033613445378,66.66666666666666,16.666666666666664,0.0,1.512605042016807,33.33333333333333,11.11111111111111,11.11111111111111,0.5042016806722689,66.66666666666666,0.0,0.0,,,,,0.3361344537815126,50.0,50.0,0.0,0.8403361344537815,0.0,0.0,60.0,,,,,0.1680672268907563,0.0,0.0,100.0,,,,,0.1680672268907563,100.0,0.0,0.0,0.1680672268907563,0.0,0.0,100.0,,,,
Scoville Jenkins,0.5811965811965812,0.6617647058823529,0.4897959183673469,0.2125,0.2081218274111675,0.3045685279187817,0.0683760683760683,0.0598290598290598,0.3300970873786408,0.1650485436893204,0.5048543689320388,0.115511551,0.371428571,0.371428571,0.085714286,0.485714286,58.74587458745874,15.730337078651685,7.303370786516854,19.662921348314608,41.254125412541256,4.8,3.2,13.6,49.50495049504951,12.666666666666668,7.333333333333333,17.333333333333336,32.67326732673268,1.0101010101010102,3.0303030303030303,12.12121212121212,0.6600660066006601,0.0,0.0,0.0,4.950495049504951,0.0,0.0,6.666666666666667,5.2805280528052805,12.5,12.5,50.0,2.9702970297029703,33.33333333333333,11.11111111111111,44.44444444444444,1.98019801980198,83.33333333333334,0.0,0.0,,,,,0.33003300330033,0.0,0.0,0.0,,,,,,,,,0.33003300330033,100.0,0.0,0.0,0.99009900990099,66.66666666666666,0.0,33.33333333333333,0.33003300330033,100.0,0.0,0.0,,,,,,,,
Sebastian Baez,0.7173035104069587,0.6271113035946297,0.4681318681318681,0.3995895631779537,0.1441930618401206,0.2007541478129713,0.0257844050947499,0.0444237340789064,0.3128126202385533,0.2062331666025394,0.480184686417853,0.023055575,0.518518519,0.12345679,0.083333333,0.725308642,54.94200526577955,7.162284678150499,5.012304105685792,9.143893278072788,44.92279228634455,4.118485664501822,2.360209092349121,8.585458577538413,49.24215470006404,5.505780346820809,5.144508670520231,9.595375722543352,36.269835622287054,2.2366097704532075,2.216990386501864,8.59329017068864,3.024265281434569,1.411764705882353,0.9411764705882352,1.411764705882353,5.443677506582224,1.699346405228758,1.1764705882352942,6.7973856209150325,0.5763893830498826,56.79012345679012,3.7037037037037033,13.580246913580249,0.6973599943072654,50.0,6.122448979591836,20.40816326530612,0.7614032590905856,54.20560747663551,12.149532710280374,7.476635514018691,0.0640432647833202,33.33333333333333,11.11111111111111,0.0,0.7614032590905856,45.794392523364486,7.476635514018691,12.149532710280374,1.373372233686757,30.05181347150259,7.253886010362693,15.025906735751295,0.4411869351739841,8.064516129032258,1.6129032258064515,4.838709677419355,1.0033444816053512,13.47517730496454,2.8368794326241136,2.127659574468085,0.0853910197110937,25.0,8.333333333333332,8.333333333333332,0.0640432647833202,33.33333333333333,22.22222222222222,0.0,0.0498114281648046,71.42857142857143,14.285714285714285,0.0,0.0071159183092578,100.0,0.0,0.0
Sebastian Fanselow,0.6052631578947368,0.8260869565217391,0.6,0.5833333333333334,0.1976744186046511,0.1046511627906976,0.0789473684210526,0.1578947368421052,0.3666666666666666,0.4333333333333333,0.2,0.01754386,1.0,0.0,0.0,1.0,44.73684210526316,11.76470588235294,9.803921568627452,7.84313725490196,55.26315789473685,7.936507936507936,12.698412698412698,3.1746031746031744,41.2280701754386,10.638297872340424,10.638297872340424,8.51063829787234,51.75438596491229,5.084745762711865,13.559322033898304,3.389830508474576,2.631578947368421,0.0,0.0,0.0,1.7543859649122806,0.0,0.0,0.0,,,,,0.8771929824561403,100.0,0.0,0.0,0.8771929824561403,100.0,0.0,0.0,,,,,,,,,,,,,,,,,0.8771929824561403,100.0,0.0,0.0,,,,,,,,,,,,,,,,
Sebastian Korda,0.6252041371801851,0.7157161515019591,0.5010893246187363,0.343871325568497,0.1718406593406593,0.1945054945054945,0.0266739248775176,0.1197604790419161,0.2850105559465165,0.2501759324419423,0.4637579169598874,0.050280734,0.445,0.15,0.115,0.71,49.94552920472639,9.395973154362416,6.9127516778523495,11.627516778523493,50.02933042822425,4.187604690117253,4.991624790619766,10.469011725293132,44.69957261376016,6.936632920884889,6.805399325084364,11.904761904761903,38.25525852677449,2.935377875136912,4.88499452354874,10.909090909090908,1.902287773401492,1.762114537444934,3.0837004405286343,2.643171806167401,8.30470124863823,0.3027245206861755,2.320887991927346,5.852674066599395,1.2486382301181598,54.36241610738255,10.738255033557047,12.751677852348994,2.0363697309980724,38.2716049382716,13.580246913580249,17.695473251028808,0.9469538255258528,66.3716814159292,7.964601769911504,11.50442477876106,0.0502807340987178,16.666666666666664,16.666666666666664,50.0,0.5111874633369647,27.86885245901639,9.836065573770492,22.950819672131143,0.6536495432833319,12.82051282051282,12.82051282051282,21.7948717948718,0.2095030587446576,12.0,20.0,0.0,0.4106259951395291,4.081632653061225,8.16326530612245,0.0,0.2765440375429481,15.151515151515152,15.151515151515152,9.090909090909092,0.301684404592307,13.88888888888889,11.11111111111111,16.666666666666664,0.1508422022961535,27.77777777777778,5.555555555555555,16.666666666666664,0.0167602446995726,100.0,0.0,0.0
Sebastian Ofner,0.578688524590164,0.6742209631728046,0.4824902723735408,0.3495934959349593,0.1738775510204081,0.2236734693877551,0.0311475409836065,0.080327868852459,0.3247524752475247,0.1702970297029703,0.504950495049505,0.033841754,0.436619718,0.211267606,0.084507042,0.647887324,53.193517635843655,10.125448028673835,4.480286738351254,13.709677419354838,46.80648236415634,5.193482688391039,3.665987780040733,10.386965376782078,48.90371782650143,8.57699805068226,4.483430799220272,13.54775828460039,40.371782650143,4.722550177095632,3.3057851239669422,9.799291617473434,1.4299332697807436,6.666666666666667,0.0,0.0,4.480457578646329,1.0638297872340423,3.191489361702128,11.702127659574469,0.8102955195424213,29.411764705882355,5.88235294117647,35.294117647058826,0.8102955195424213,41.17647058823529,5.88235294117647,17.647058823529413,1.1439466158245948,62.5,4.166666666666666,12.5,0.0476644423260247,0.0,100.0,0.0,0.3813155386081983,12.5,0.0,25.0,0.7626310772163966,6.25,18.75,31.25,0.0953288846520495,0.0,0.0,0.0,0.1906577693040991,0.0,0.0,0.0,0.1429933269780743,33.33333333333333,0.0,33.33333333333333,0.1429933269780743,66.66666666666666,0.0,0.0,0.2859866539561487,16.666666666666664,33.33333333333333,33.33333333333333,,,,
Sebastien Grosjean,0.5270413573700954,0.7022132796780685,0.4910313901345291,0.3263041065482797,0.158351409978308,0.1827548806941431,0.0254506892895015,0.0964601769911504,0.3160493827160494,0.228395061728395,0.4555555555555555,0.037189023,0.4,0.179310345,0.089655172,0.6,52.51712838844206,8.90527509926262,5.955757231990924,11.457742484401589,47.45308310991957,3.2015065913371,3.389830508474576,6.96798493408663,47.4232946082812,7.4120603015075375,6.092964824120603,11.934673366834172,33.60142984807864,2.925531914893617,3.102836879432624,7.092198581560284,2.6511766458147155,1.1235955056179776,1.1235955056179776,1.1235955056179776,10.843014596365803,0.0,2.4725274725274726,3.8461538461538463,1.0425975573428656,54.285714285714285,8.571428571428571,11.428571428571429,1.370271075364909,23.91304347826087,15.217391304347828,23.91304347826087,0.5659815311289842,57.89473684210527,5.263157894736842,26.31578947368421,0.0595770032767351,50.0,0.0,0.0,0.3276735180220435,36.36363636363637,9.090909090909092,9.090909090909092,0.4170390229371462,14.285714285714285,7.142857142857142,28.57142857142857,0.2680965147453083,0.0,11.11111111111111,11.11111111111111,1.012809055704498,11.76470588235294,2.941176470588235,2.941176470588235,0.0595770032767351,50.0,0.0,0.0,0.1191540065534703,0.0,25.0,0.0,0.1787310098302055,50.0,16.666666666666664,0.0,0.0297885016383675,0.0,0.0,100.0
Seong Chan Hong,0.4528301886792453,0.6666666666666666,0.4827586206896552,0.35,0.1238938053097345,0.1769911504424778,0.0377358490566037,0.0943396226415094,0.3333333333333333,0.0,0.6666666666666666,0.065088757,0.363636364,0.090909091,0.0,0.545454545,63.905325443786985,5.555555555555555,0.0,12.037037037037036,36.09467455621302,4.918032786885246,0.0,8.19672131147541,51.4792899408284,1.1494252873563218,0.0,13.79310344827586,15.976331360946746,0.0,0.0,7.4074074074074066,7.100591715976331,8.333333333333332,0.0,8.333333333333332,15.976331360946746,3.7037037037037033,0.0,7.4074074074074066,2.9585798816568047,60.0,0.0,0.0,1.7751479289940828,33.33333333333333,0.0,33.33333333333333,,,,,,,,,0.591715976331361,100.0,0.0,0.0,0.591715976331361,0.0,0.0,0.0,0.591715976331361,0.0,0.0,0.0,1.183431952662722,50.0,0.0,0.0,1.183431952662722,0.0,0.0,0.0,0.591715976331361,0.0,0.0,0.0,,,,,,,,
Sergey Fomin,0.5408805031446541,0.627906976744186,0.4383561643835616,0.3856209150326797,0.1153846153846153,0.2147435897435897,0.0377358490566037,0.0251572327044025,0.2735042735042735,0.2051282051282051,0.5213675213675214,0.00698324,0.6,0.0,0.0,0.6,48.04469273743017,7.55813953488372,3.1976744186046515,10.174418604651162,50.13966480446928,1.6713091922005572,3.3426183844011144,7.242339832869081,44.97206703910614,7.453416149068323,3.4161490683229814,10.869565217391305,43.85474860335196,1.2738853503184715,2.8662420382165608,7.32484076433121,1.8156424581005588,0.0,0.0,0.0,5.027932960893855,0.0,5.555555555555555,8.333333333333332,0.2793296089385474,0.0,0.0,0.0,0.2793296089385474,100.0,0.0,0.0,0.1396648044692737,100.0,0.0,0.0,,,,,0.2793296089385474,50.0,0.0,0.0,0.2793296089385474,0.0,0.0,0.0,0.5586592178770949,0.0,0.0,0.0,0.6983240223463687,0.0,20.0,0.0,,,,,,,,,,,,,,,,
Sergiy Stakhovsky,0.614516129032258,0.7230971128608924,0.5167364016736402,0.3054187192118227,0.1594792514239219,0.1590724165988608,0.0370967741935483,0.125,0.3102094240837696,0.2382198952879581,0.4515706806282722,0.119568567,0.355670103,0.077319588,0.134020619,0.701030928,43.8828967642527,8.98876404494382,5.547752808988764,12.429775280898877,56.02465331278891,5.9405940594059405,5.665566556655666,9.24092409240924,33.68258859784283,3.110704483074108,4.117108874656908,13.632204940530649,25.331278890600924,4.257907542579075,5.717761557177616,10.827250608272507,2.126348228043143,1.4492753623188406,2.898550724637681,7.246376811594203,21.818181818181817,0.847457627118644,2.401129943502825,7.344632768361582,3.5747303543913715,37.93103448275862,12.93103448275862,6.896551724137931,5.51617873651772,31.84357541899441,13.40782122905028,8.379888268156424,1.386748844375963,57.77777777777777,11.11111111111111,8.88888888888889,0.0308166409861325,100.0,0.0,0.0,1.5408320493066257,22.0,18.0,12.0,1.3559322033898304,18.181818181818183,11.363636363636363,22.727272727272727,0.9553158705701078,9.67741935483871,3.225806451612903,12.903225806451612,1.140215716486903,0.0,10.81081081081081,0.0,0.5238828967642527,35.294117647058826,11.76470588235294,5.88235294117647,0.7704160246533128,0.0,24.0,8.0,0.0924499229583975,100.0,0.0,0.0,0.061633281972265,50.0,0.0,0.0
Shintaro Mochizuki,0.5405405405405406,0.6625,0.4558823529411764,0.3260869565217391,0.1503496503496503,0.2167832167832167,0.0743243243243243,0.027027027027027,0.3421052631578947,0.2105263157894736,0.4473684210526316,0.04973822,0.368421053,0.210526316,0.157894737,0.631578947,49.47643979057592,9.523809523809524,7.4074074074074066,14.285714285714285,50.52356020942408,10.88082901554404,5.181347150259067,12.43523316062176,38.48167539267016,6.122448979591836,6.122448979591836,14.285714285714285,41.62303664921466,10.062893081761008,5.660377358490567,12.57861635220126,4.450261780104712,5.88235294117647,5.88235294117647,5.88235294117647,3.664921465968586,0.0,0.0,14.285714285714285,2.356020942408377,44.44444444444444,0.0,33.33333333333333,0.7853403141361256,0.0,0.0,33.33333333333333,1.3089005235602094,40.0,40.0,0.0,,,,,1.3089005235602094,40.0,20.0,20.0,2.356020942408377,33.33333333333333,11.11111111111111,11.11111111111111,1.3089005235602094,0.0,0.0,20.0,1.832460732984293,14.285714285714285,0.0,0.0,,,,,0.2617801047120419,100.0,0.0,0.0,0.2617801047120419,0.0,100.0,0.0,,,,
Sho Katayama,0.6956521739130435,0.8125,0.7857142857142857,0.4339622641509434,0.1414141414141414,0.0505050505050505,0.0,0.0869565217391304,0.3571428571428571,0.4642857142857143,0.1785714285714285,0.018518519,0.5,0.0,0.5,1.0,54.629629629629626,8.47457627118644,16.94915254237288,3.389830508474576,45.37037037037037,10.20408163265306,6.122448979591836,6.122448979591836,50.92592592592593,5.454545454545454,16.363636363636363,3.636363636363636,39.81481481481482,11.627906976744184,6.976744186046512,6.976744186046512,0.9259259259259258,0.0,0.0,0.0,3.7037037037037033,0.0,0.0,0.0,0.9259259259259258,100.0,0.0,0.0,,,,,0.9259259259259258,0.0,100.0,0.0,,,,,,,,,,,,,0.9259259259259258,100.0,0.0,0.0,1.851851851851852,0.0,0.0,0.0,,,,,,,,,,,,,,,,
Sho Shimabukuro,0.5066666666666667,0.4473684210526316,0.4594594594594595,0.2698412698412698,0.0797101449275362,0.2463768115942029,0.04,0.0533333333333333,0.1489361702127659,0.1914893617021276,0.6595744680851063,0.052325581,0.222222222,0.666666667,0.0,0.222222222,52.32558139534884,4.444444444444445,8.88888888888889,16.666666666666664,47.674418604651166,3.658536585365853,1.2195121951219512,19.51219512195122,47.674418604651166,3.658536585365853,8.536585365853659,15.853658536585366,36.627906976744185,3.1746031746031744,1.5873015873015872,17.46031746031746,1.744186046511628,0.0,0.0,0.0,8.13953488372093,0.0,0.0,7.142857142857142,2.3255813953488373,25.0,0.0,50.0,2.3255813953488373,25.0,0.0,75.0,,,,,,,,,0.5813953488372093,0.0,100.0,0.0,,,,,,,,,,,,,,,,,0.5813953488372093,0.0,0.0,100.0,,,,,,,,
Simone Bolelli,0.6188340807174888,0.6376811594202898,0.4588235294117647,0.2462311557788944,0.1492890995260663,0.2109004739336493,0.0179372197309417,0.0717488789237668,0.2883435582822086,0.1901840490797546,0.5276073619631901,0.02688172,0.466666667,0.066666667,0.066666667,0.8,60.752688172043015,10.619469026548671,7.669616519174041,16.224188790560472,39.247311827956985,5.0228310502283104,2.28310502283105,14.15525114155251,57.34767025089605,9.375,7.5,16.875,26.344086021505376,5.442176870748299,2.7210884353741496,15.64625850340136,1.254480286738351,0.0,0.0,14.285714285714285,11.648745519713264,1.5384615384615383,1.5384615384615383,10.76923076923077,0.7168458781362007,75.0,25.0,0.0,0.5376344086021506,33.33333333333333,0.0,0.0,0.8960573476702508,60.0,0.0,0.0,,,,,,,,,,,,,0.3584229390681003,0.0,50.0,0.0,0.3584229390681003,50.0,0.0,0.0,0.1792114695340501,0.0,0.0,0.0,0.1792114695340501,0.0,0.0,0.0,,,,,0.1792114695340501,0.0,0.0,100.0
Sjeng Schalken,0.7137614678899082,0.6426735218508998,0.4551282051282051,0.2962962962962963,0.1257088846880907,0.162570888468809,0.0311926605504587,0.0385321100917431,0.3018867924528302,0.2803234501347709,0.4177897574123989,0.046436285,0.372093023,0.046511628,0.151162791,0.686046512,45.3023758099352,7.270560190703218,7.270560190703218,9.296781883194278,54.6976241900648,5.034550839091807,4.244817374136229,7.601184600197433,41.84665226781858,5.290322580645161,7.225806451612904,9.806451612903226,44.16846652267819,4.034229828850855,3.7897310513447433,8.557457212713937,1.0259179265658749,0.0,5.263157894736842,0.0,7.397408207343413,3.64963503649635,1.45985401459854,2.9197080291970803,1.0259179265658749,47.368421052631575,10.526315789473683,10.526315789473683,1.8898488120950323,34.285714285714285,25.71428571428571,5.714285714285714,0.6479481641468683,75.0,16.666666666666664,0.0,,,,,,,,,,,,,0.3239740820734341,16.666666666666664,0.0,0.0,0.593952483801296,0.0,9.090909090909092,9.090909090909092,0.2699784017278617,0.0,0.0,0.0,0.593952483801296,0.0,0.0,0.0,0.161987041036717,33.33333333333333,0.0,0.0,0.0539956803455723,100.0,0.0,0.0
Somdev Devvarman,0.6203703703703703,0.5522388059701493,0.5365853658536586,0.2952380952380952,0.0938967136150234,0.1690140845070422,0.037037037037037,0.0833333333333333,0.1929824561403508,0.2456140350877192,0.5614035087719298,0.02739726,0.5,0.25,0.166666667,0.666666667,58.21917808219178,3.1372549019607843,4.705882352941177,6.666666666666667,41.78082191780822,1.639344262295082,1.092896174863388,8.19672131147541,55.70776255707762,1.639344262295082,4.508196721311475,6.967213114754098,29.68036529680365,0.7692307692307693,0.7692307692307693,6.923076923076923,0.684931506849315,0.0,0.0,0.0,9.817351598173516,0.0,0.0,6.976744186046512,0.684931506849315,66.66666666666666,0.0,0.0,1.36986301369863,33.33333333333333,16.666666666666664,50.0,0.684931506849315,66.66666666666666,33.33333333333333,0.0,,,,,0.228310502283105,0.0,0.0,0.0,0.228310502283105,0.0,0.0,0.0,0.228310502283105,0.0,0.0,0.0,0.684931506849315,0.0,0.0,0.0,,,,,,,,,,,,,,,,
Soon Woo Kwon,0.6072144288577155,0.6864686468646864,0.5255102040816326,0.3701298701298701,0.1633714880332986,0.1873048907388137,0.0400801603206412,0.0801603206412825,0.3286516853932584,0.2219101123595505,0.449438202247191,0.031783402,0.425925926,0.074074074,0.111111111,0.703703704,49.85285462036492,8.736717827626919,5.785123966942149,10.625737898465172,50.088287227781045,5.052878965922444,3.525264394829612,8.225616921269095,41.96586227192466,6.591865357643759,5.890603085553997,11.50070126227209,41.43613890523837,3.551136363636364,3.835227272727273,8.664772727272728,3.531489111241907,1.6666666666666667,1.6666666666666667,1.6666666666666667,5.826957033549147,2.0202020202020203,0.0,7.07070707070707,1.1183048852266038,57.89473684210527,5.263157894736842,10.526315789473683,0.7651559741024131,53.84615384615385,7.6923076923076925,7.6923076923076925,1.0005885815185402,23.52941176470588,23.52941176470588,5.88235294117647,0.0588581518540317,0.0,0.0,0.0,1.2948793407886992,36.36363636363637,4.545454545454546,13.636363636363637,1.353737492642731,30.434782608695656,8.695652173913043,4.3478260869565215,0.7651559741024131,15.384615384615383,0.0,7.6923076923076925,0.5885815185403178,20.0,0.0,0.0,0.1177163037080635,0.0,0.0,0.0,0.0588581518540317,0.0,0.0,0.0,0.0588581518540317,100.0,0.0,0.0,,,,
Stan Wawrinka,0.5817337189937768,0.7263824016875094,0.530804694048617,0.3490051065328403,0.178899284051478,0.1945359511573769,0.0275221316504514,0.1084231746866508,0.3247050738746993,0.2026113847211087,0.4713091283930821,0.03530544,0.467718795,0.120516499,0.081779053,0.710186514,50.1443622733259,9.470175261376838,5.41441486943785,10.808626698318095,49.80498429743694,4.881769641495042,3.544368166793796,10.043224002034073,42.22976395501976,8.132421734436848,5.757466714645556,11.760825236895766,32.8690102319927,5.293573740175682,4.137771613499769,12.020342117429497,4.964036065241617,1.1224489795918366,1.9897959183673468,2.397959183673469,14.557795562759598,0.7132915796798887,1.4439805149617255,5.549756437021572,1.0789180427514942,54.22535211267606,4.225352112676056,14.319248826291082,1.089048728598926,40.93023255813954,10.0,12.093023255813954,0.8661736399554251,52.33918128654971,8.771929824561402,8.47953216374269,0.0633167865464491,40.0,16.0,4.0,0.2912572181136663,32.17391304347826,6.086956521739131,19.13043478260869,0.3824333907405531,19.86754966887417,7.28476821192053,23.178807947019862,0.4305541485158545,4.705882352941177,4.117647058823529,0.5882352941176471,0.6939519805490832,0.7299270072992701,4.014598540145985,0.7299270072992701,0.1038395299361766,29.268292682926827,7.317073170731707,7.317073170731707,0.1316989160166143,19.23076923076924,11.538461538461538,9.615384615384617,0.1798196737919157,42.25352112676056,11.267605633802818,22.53521126760564,0.0177287002330057,57.14285714285714,28.57142857142857,14.285714285714285
Stefan Edberg,0.627906976744186,0.6666666666666666,0.5625,0.2258064516129032,0.1216216216216216,0.1351351351351351,0.0,0.0423515296940611,0.4332851637764932,0.2536127167630058,0.3128612716763005,0.265132264,0.336741214,0.097672296,0.137927887,0.701414879,37.121212121212125,6.122448979591836,10.20408163265306,6.122448979591836,61.36363636363637,6.172839506172839,8.641975308641975,8.641975308641975,19.69696969696969,0.0,0.0,7.6923076923076925,27.27272727272727,0.0,5.555555555555555,2.7777777777777777,3.0303030303030303,0.0,0.0,25.0,18.939393939393938,0.0,0.0,16.0,9.090909090909092,25.0,33.33333333333333,0.0,10.606060606060606,28.57142857142857,28.57142857142857,14.285714285714285,1.5151515151515151,0.0,50.0,0.0,0.7575757575757576,0.0,0.0,0.0,0.7575757575757576,0.0,0.0,0.0,1.5151515151515151,50.0,50.0,0.0,2.272727272727273,0.0,0.0,0.0,,,,,0.7575757575757576,0.0,0.0,0.0,2.272727272727273,0.0,0.0,0.0,,,,,,,,
Stefan Koubek,0.7391304347826086,0.5588235294117647,0.1666666666666666,0.3265306122448979,0.0736842105263157,0.2421052631578947,0.108695652173913,0.0217391304347826,0.2,0.2,0.6,0.038043478,0.285714286,0.0,0.142857143,0.714285714,57.06521739130434,0.9523809523809524,2.857142857142857,9.523809523809524,42.934782608695656,6.329113924050633,3.79746835443038,10.126582278481012,52.17391304347826,0.0,3.125,10.416666666666668,35.869565217391305,4.545454545454546,3.0303030303030303,10.606060606060606,2.717391304347826,0.0,0.0,0.0,4.3478260869565215,12.5,0.0,12.5,0.5434782608695652,100.0,0.0,0.0,1.6304347826086956,33.33333333333333,0.0,0.0,0.5434782608695652,0.0,0.0,0.0,1.0869565217391304,0.0,50.0,0.0,,,,,,,,,1.0869565217391304,0.0,0.0,0.0,,,,,,,,,,,,,,,,,,,,
Stefan Kozlov,0.7657142857142857,0.6716417910447762,0.5853658536585366,0.4427083333333333,0.1662125340599455,0.1253405994550408,0.0228571428571428,0.08,0.3700787401574803,0.2992125984251969,0.3307086614173228,0.034722222,0.35,0.0,0.1,0.75,62.5,8.88888888888889,7.222222222222221,8.055555555555555,37.32638888888889,6.976744186046512,5.5813953488372094,6.046511627906977,54.513888888888886,6.369426751592357,7.006369426751593,9.235668789808916,26.90972222222222,6.451612903225806,6.451612903225806,7.096774193548387,0.6944444444444444,0.0,0.0,0.0,5.208333333333334,0.0,3.333333333333333,6.666666666666667,1.3888888888888888,37.5,25.0,0.0,1.215277777777778,42.85714285714285,0.0,0.0,0.1736111111111111,0.0,0.0,0.0,,,,,2.430555555555556,42.85714285714285,14.285714285714285,0.0,0.1736111111111111,100.0,0.0,0.0,2.951388888888889,11.76470588235294,0.0,0.0,3.4722222222222223,5.0,5.0,0.0,0.1736111111111111,0.0,0.0,0.0,0.3472222222222222,0.0,0.0,0.0,0.1736111111111111,100.0,0.0,0.0,,,,
Stefano Napolitano,0.4629629629629629,0.72,0.7931034482758621,0.4130434782608695,0.2,0.13,0.037037037037037,0.074074074074074,0.4210526315789473,0.2894736842105263,0.2894736842105263,0.087378641,0.333333333,0.444444444,0.0,0.333333333,50.48543689320388,23.07692307692308,9.615384615384617,9.615384615384617,49.51456310679612,7.84313725490196,11.76470588235294,11.76470588235294,40.77669902912621,21.428571428571427,11.904761904761903,7.142857142857142,37.86407766990291,10.256410256410255,15.384615384615383,7.6923076923076925,0.9708737864077668,0.0,0.0,0.0,7.766990291262135,0.0,0.0,12.5,5.825242718446602,50.0,0.0,33.33333333333333,1.9417475728155336,0.0,0.0,100.0,,,,,,,,,,,,,,,,,1.9417475728155336,0.0,0.0,0.0,1.9417475728155336,0.0,0.0,0.0,,,,,,,,,0.9708737864077668,0.0,0.0,0.0,,,,
Stefano Travaglia,0.5263157894736842,0.6333333333333333,0.6296296296296297,0.4923076923076923,0.0983606557377049,0.2704918032786885,0.0350877192982456,0.0526315789473684,0.1836734693877551,0.1836734693877551,0.6326530612244898,0.016,0.5,0.5,0.0,0.5,52.8,5.303030303030303,5.303030303030303,12.12121212121212,47.2,1.694915254237288,1.694915254237288,12.71186440677966,49.6,4.032258064516129,5.64516129032258,11.29032258064516,40.8,1.96078431372549,1.96078431372549,13.725490196078432,1.6,0.0,0.0,0.0,6.0,0.0,0.0,0.0,1.6,50.0,0.0,50.0,,,,,,,,,,,,,,,,,0.4,0.0,0.0,100.0,,,,,,,,,,,,,,,,,,,,,,,,
Stefanos Sakellaridis,0.5871559633027523,0.875,0.5555555555555556,0.4354838709677419,0.1888412017167382,0.1802575107296137,0.018348623853211,0.1743119266055046,0.2941176470588235,0.2352941176470588,0.4705882352941176,0.029126214,0.466666667,0.2,0.2,0.666666667,55.14563106796116,5.28169014084507,5.633802816901409,8.098591549295776,44.85436893203884,4.329004329004329,1.7316017316017316,7.35930735930736,52.23300970873787,4.089219330855019,5.204460966542751,8.178438661710038,39.22330097087379,3.4653465346534658,0.99009900990099,6.930693069306932,1.1650485436893203,0.0,0.0,0.0,3.4951456310679614,0.0,0.0,5.555555555555555,0.7766990291262136,25.0,25.0,25.0,1.3592233009708738,42.85714285714285,14.285714285714285,28.57142857142857,0.3883495145631068,100.0,0.0,0.0,,,,,0.1941747572815534,0.0,0.0,0.0,,,,,,,,,0.7766990291262136,0.0,25.0,0.0,,,,,,,,,0.3883495145631068,50.0,50.0,0.0,,,,
Stefanos Tsitsipas,0.6298225944733892,0.7587434554973822,0.5273472296454659,0.3361452287758132,0.1813815416430406,0.1631032987558787,0.0307327046099056,0.1243817186572577,0.3357588357588357,0.2453222453222453,0.418068418068418,0.051803467,0.485329104,0.098334655,0.108643933,0.748215702,54.20055870511873,10.410429378102853,7.28388979421685,9.19013150414977,45.78300879138937,3.616133518776078,3.023913141011261,8.968549508726277,47.109933448360856,7.447133202528885,7.294528013952474,9.587965990843689,33.12176485087503,2.424806201550388,2.914728682170543,9.711627906976744,2.417632076246816,1.6142735768903995,2.2939677145284625,1.3593882752761255,9.00706597650152,0.5017103762827821,1.1402508551881414,5.40478905359179,1.6165475310163504,50.31766200762389,9.91105463786531,10.419313850063531,1.4974118807000243,39.91769547325103,11.385459533607682,13.168724279835391,1.2755730835592802,67.31078904991948,9.178743961352655,5.636070853462158,0.0308109440473256,6.666666666666667,20.0,13.333333333333334,0.571029496343768,33.45323741007194,8.992805755395683,19.784172661870503,1.01059896475228,15.447154471544716,10.365853658536585,18.69918699186992,0.571029496343768,3.597122302158273,5.035971223021583,2.158273381294964,0.9941664612603732,2.066115702479339,2.479338842975207,1.0330578512396695,0.1930819160299071,17.02127659574468,12.76595744680851,11.702127659574469,0.1109193985703722,24.07407407407408,7.4074074074074066,1.851851851851852,0.4457316572179771,40.09216589861751,16.589861751152075,9.67741935483871,0.0102703146824418,40.0,20.0,0.0
Stephane Robert,0.5159010600706714,0.6301369863013698,0.3941605839416058,0.3492063492063492,0.1327102803738317,0.1906542056074766,0.0918727915194346,0.0530035335689045,0.3393939393939394,0.2,0.4606060606060606,0.020731707,0.352941176,0.176470588,0.117647059,0.529411765,46.95121951219512,9.090909090909092,4.155844155844156,10.649350649350648,52.6829268292683,4.861111111111112,3.935185185185185,8.101851851851851,44.51219512195122,8.493150684931507,4.10958904109589,10.684931506849315,44.14634146341464,3.867403314917127,3.591160220994475,5.524861878453039,0.6097560975609756,0.0,0.0,20.0,4.2682926829268295,2.857142857142857,2.857142857142857,20.0,0.4878048780487805,25.0,0.0,25.0,1.097560975609756,22.22222222222222,22.22222222222222,22.22222222222222,0.3658536585365854,100.0,0.0,0.0,0.1219512195121951,0.0,0.0,0.0,0.3658536585365854,0.0,0.0,0.0,1.951219512195122,25.0,0.0,37.5,0.6097560975609756,0.0,20.0,0.0,1.097560975609756,0.0,11.11111111111111,0.0,,,,,,,,,,,,,,,,
Steve Darcis,0.5781584582441114,0.6925925925925925,0.467005076142132,0.3617511520737327,0.1498335183129855,0.1798002219755826,0.019271948608137,0.0749464668094218,0.3125,0.203125,0.478125,0.04,0.458333333,0.027777778,0.166666667,0.736111111,48.833333333333336,7.963594994311718,4.209328782707623,9.215017064846416,51.16666666666667,3.257328990228013,3.040173724212812,7.81758957654723,40.77777777777778,5.5858310626703,3.9509536784741135,10.490463215258854,9.722222222222223,5.714285714285714,4.571428571428571,9.714285714285714,5.166666666666667,3.225806451612903,1.0752688172043012,2.1505376344086025,38.16666666666666,0.8733624454148471,1.455604075691412,7.278020378457059,1.277777777777778,65.21739130434783,8.695652173913043,4.3478260869565215,1.5555555555555556,35.714285714285715,25.0,3.571428571428571,0.6666666666666667,33.33333333333333,16.666666666666664,0.0,0.1111111111111111,100.0,0.0,0.0,0.5,33.33333333333333,22.22222222222222,11.11111111111111,0.6111111111111112,9.090909090909092,9.090909090909092,36.36363636363637,0.2222222222222222,50.0,0.0,0.0,0.8333333333333334,6.666666666666667,13.333333333333334,0.0,0.0555555555555555,100.0,0.0,0.0,0.1666666666666666,0.0,0.0,0.0,0.1666666666666666,33.33333333333333,33.33333333333333,0.0,,,,
Steve Johnson,0.5988538681948424,0.723444976076555,0.5128571428571429,0.2983682983682983,0.1652701531349321,0.1675816238081479,0.0378223495702005,0.1146131805157593,0.3303730017761989,0.2131438721136767,0.4564831261101243,0.037958396,0.474576271,0.107344633,0.152542373,0.740112994,54.921724211880765,11.597032409215153,6.55993752440453,12.02655212807497,45.013939523911645,3.573130061934254,3.430204859456884,9.81419723677942,46.92258202873686,10.23765996343693,6.809872029250457,13.20840950639854,12.180999356637358,7.21830985915493,4.753521126760563,11.443661971830986,4.20330259489599,2.0408163265306123,1.020408163265306,2.0408163265306123,29.76624490671242,0.6484149855907781,1.6570605187319885,8.645533141210375,1.0079348059189364,46.80851063829788,10.638297872340424,17.02127659574468,1.4368432339695476,35.82089552238806,17.91044776119403,14.925373134328357,0.8792622775037529,60.97560975609756,19.51219512195122,2.4390243902439024,,,,,0.6648080634784473,19.35483870967742,6.451612903225806,19.35483870967742,0.6433626420759168,0.0,16.666666666666664,36.66666666666666,0.8363714346986918,7.6923076923076925,2.564102564102564,0.0,0.922153120308814,2.3255813953488373,9.30232558139535,0.0,0.193008792622775,44.44444444444444,11.11111111111111,0.0,0.0643362642075916,0.0,33.33333333333333,0.0,0.2144542140253056,90.0,0.0,0.0,,,,
Steven Diez,0.6881720430107527,0.6328125,0.3620689655172414,0.3963414634146341,0.0942857142857142,0.1857142857142857,0.0268817204301075,0.0161290322580645,0.25,0.25,0.5,0.012618297,0.625,0.125,0.0,0.875,47.3186119873817,7.000000000000001,5.0,9.333333333333334,52.36593059936908,2.710843373493976,4.518072289156627,9.63855421686747,43.37539432176656,4.727272727272728,5.454545454545454,9.090909090909092,49.21135646687697,2.243589743589744,3.8461538461538463,10.256410256410255,1.7350157728706623,9.090909090909092,0.0,0.0,1.4195583596214512,11.11111111111111,11.11111111111111,0.0,0.3154574132492113,100.0,0.0,0.0,0.3154574132492113,0.0,0.0,0.0,0.6309148264984227,75.0,0.0,25.0,,,,,0.946372239747634,33.33333333333333,0.0,33.33333333333333,0.473186119873817,33.33333333333333,33.33333333333333,0.0,0.3154574132492113,0.0,0.0,0.0,0.946372239747634,0.0,16.666666666666664,0.0,,,,,,,,,,,,,,,,
Strong Kirchheimer,0.6779661016949152,0.575,0.3684210526315789,0.3448275862068966,0.0598290598290598,0.1538461538461538,0.0508474576271186,0.0169491525423728,0.1935483870967742,0.3225806451612903,0.4838709677419355,0.028089888,0.4,0.2,0.0,0.4,64.04494382022472,3.508771929824561,7.894736842105263,7.894736842105263,35.95505617977528,3.125,1.5625,9.375,60.1123595505618,1.8691588785046729,8.411214953271028,7.476635514018691,28.651685393258425,3.92156862745098,1.96078431372549,7.84313725490196,,,,,4.49438202247191,0.0,0.0,12.5,1.6853932584269662,0.0,0.0,33.33333333333333,,,,,1.1235955056179776,100.0,0.0,0.0,,,,,0.5617977528089888,0.0,0.0,0.0,,,,,0.5617977528089888,0.0,0.0,0.0,2.808988764044944,0.0,0.0,20.0,,,,,,,,,,,,,,,,
Sumit Nagal,0.6285714285714286,0.5795454545454546,0.4807692307692308,0.4491525423728814,0.127906976744186,0.2054263565891473,0.0357142857142857,0.0,0.3027522935779816,0.2568807339449541,0.4403669724770642,0.02862254,0.5625,0.0,0.125,0.875,63.86404293381037,7.84313725490196,6.442577030812324,8.96358543417367,34.88372093023256,2.564102564102564,2.564102564102564,8.205128205128204,60.64400715563506,6.1946902654867255,5.899705014749262,9.43952802359882,31.305903398926656,1.7142857142857144,2.857142857142857,8.571428571428571,0.1788908765652951,0.0,100.0,0.0,1.2522361359570662,0.0,0.0,14.285714285714285,0.7155635062611807,0.0,50.0,0.0,0.5366726296958855,66.66666666666666,0.0,0.0,1.4311270125223614,75.0,0.0,0.0,,,,,0.1788908765652951,0.0,0.0,0.0,,,,,0.5366726296958855,0.0,0.0,0.0,1.7889087656529516,0.0,0.0,0.0,,,,,,,,,0.1788908765652951,100.0,0.0,0.0,,,,
Takao Suzuki,0.6481481481481481,0.6428571428571429,0.5789473684210527,0.2383720930232558,0.1417525773195876,0.1288659793814432,0.0277777777777777,0.0694444444444444,0.3603603603603603,0.2432432432432432,0.3963963963963964,0.324873096,0.2265625,0.1328125,0.09375,0.5,44.67005076142132,14.772727272727272,10.795454545454543,13.068181818181818,55.32994923857868,6.422018348623854,3.669724770642202,9.63302752293578,21.06598984771573,6.024096385542169,6.024096385542169,9.63855421686747,10.152284263959393,12.5,0.0,22.5,5.32994923857868,0.0,19.047619047619047,9.523809523809524,29.187817258883246,0.8695652173913043,3.4782608695652173,6.086956521739131,13.451776649746192,26.41509433962264,13.20754716981132,16.9811320754717,11.421319796954316,15.555555555555555,4.444444444444445,8.88888888888889,2.284263959390863,55.55555555555556,11.11111111111111,22.22222222222222,0.5076142131979695,0.0,0.0,0.0,,,,,0.5076142131979695,0.0,50.0,50.0,0.2538071065989847,0.0,0.0,0.0,1.015228426395939,0.0,25.0,0.0,2.284263959390863,22.22222222222222,22.22222222222222,22.22222222222222,2.538071065989848,10.0,0.0,0.0,,,,,,,,
Tallon Griekspoor,0.6402692091979809,0.7396636299929923,0.5070159027128157,0.3290008123476848,0.1790440337668263,0.1738535249828884,0.0334268087492989,0.1208076275939428,0.3244136628364552,0.242719974815048,0.4330237682984417,0.054845559,0.463842221,0.067932798,0.146822498,0.765522279,53.36725291454669,11.440582538848435,7.702124465130246,11.200360333308309,46.320259604983775,4.644525168655942,4.436948624805397,10.880470506832728,45.462922158567366,8.635882974973564,7.833979555868876,12.310539302079665,31.701454268659106,4.018703399469228,4.4357386579047136,13.130291924680904,3.144906053443372,1.1464968152866242,1.019108280254777,1.6560509554140128,10.65662433396098,0.6390977443609023,1.8421052631578945,5.939849624060151,1.7146748928328193,57.00934579439252,10.74766355140187,6.5420560747663545,1.7787748888265695,34.68468468468468,18.46846846846847,7.207207207207207,1.3581186651175834,58.11209439528023,12.684365781710916,7.079646017699115,0.0480749969953126,41.66666666666667,25.0,8.333333333333332,0.677056207683987,27.2189349112426,8.875739644970414,13.6094674556213,0.492768719201955,13.008130081300814,5.691056910569105,21.138211382113823,0.6209687111894555,12.903225806451612,5.161290322580645,0.6451612903225806,1.44625615960899,5.540166204986149,3.0470914127423825,0.0,0.1842874884820319,19.565217391304348,17.391304347826086,4.3478260869565215,0.1802812387324225,13.333333333333334,20.0,2.2222222222222223,0.2043187372300789,37.25490196078432,17.647058823529413,7.84313725490196,0.0160249989984375,25.0,25.0,25.0
Taro Daniel,0.613722998729352,0.6728778467908902,0.4638157894736842,0.3320363164721141,0.1264441591784338,0.1790757381258023,0.0292249047013977,0.073697585768742,0.2667946257197697,0.2418426103646833,0.491362763915547,0.02893368,0.528089888,0.134831461,0.06741573,0.707865169,49.31729518855656,5.471324983520105,4.746209624258404,8.371786420566908,50.61768530559168,3.596660244059088,3.4682080924855487,8.285163776493256,44.40832249674902,3.4407027818448026,4.538799414348463,8.638360175695462,44.31079323797139,2.347762289068232,3.59501100513573,8.363903154805575,2.210663198959688,1.4705882352941175,1.4705882352941175,2.941176470588235,4.031209362808843,1.6129032258064515,3.225806451612903,4.032258064516129,0.8452535760728219,73.07692307692307,7.6923076923076925,3.8461538461538463,1.0728218465539665,54.54545454545454,0.0,18.181818181818183,0.5851755526657998,38.88888888888889,22.22222222222222,5.555555555555555,0.1625487646293888,20.0,0.0,40.0,0.6501950585175552,35.0,15.0,15.0,0.1950585175552666,16.666666666666664,16.666666666666664,16.666666666666664,0.4551365409622886,0.0,0.0,0.0,0.7802340702210664,8.333333333333332,0.0,4.166666666666666,0.0325097529258777,0.0,0.0,100.0,0.0325097529258777,0.0,0.0,0.0,0.130039011703511,50.0,0.0,25.0,0.0325097529258777,0.0,0.0,0.0
Taylor Dent,0.7439024390243902,0.6885245901639344,0.4761904761904761,0.3483870967741935,0.1755485893416928,0.1473354231974921,0.0304878048780487,0.0792682926829268,0.4056603773584906,0.1981132075471698,0.3962264150943396,0.365558912,0.26446281,0.181818182,0.123966942,0.545454545,47.43202416918429,15.286624203821656,7.643312101910828,11.464968152866245,52.567975830815705,10.919540229885058,5.172413793103448,13.79310344827586,10.876132930513595,11.11111111111111,2.7777777777777777,8.333333333333332,3.927492447129909,7.6923076923076925,7.6923076923076925,15.384615384615383,15.105740181268882,2.0,2.0,6.0,30.81570996978852,3.92156862745098,1.96078431372549,10.784313725490197,14.501510574018129,27.08333333333333,16.666666666666664,22.916666666666664,13.595166163141997,28.88888888888889,11.11111111111111,20.0,3.625377643504532,50.0,16.666666666666664,8.333333333333332,0.3021148036253776,0.0,0.0,0.0,0.3021148036253776,0.0,0.0,0.0,0.3021148036253776,0.0,0.0,100.0,0.6042296072507553,0.0,0.0,0.0,1.5105740181268883,20.0,20.0,0.0,2.416918429003021,0.0,0.0,0.0,2.114803625377644,0.0,0.0,14.285714285714285,,,,,,,,
Taylor Fritz,0.6087345166645384,0.7730228655338788,0.5241514360313316,0.3467217217217217,0.1904190103014599,0.1670985274600265,0.0268164985314774,0.1706040097050185,0.3087829129073835,0.2428650340637083,0.4481679248757135,0.027781839,0.446052632,0.101315789,0.105263158,0.701315789,51.39640298289223,8.741109530583214,5.768136557610242,9.978662873399715,48.55973095481795,3.3724781692261367,3.816621499548329,7.746160794941283,44.65930691621582,7.244004256364082,5.852500613898666,10.444462634034542,44.29375639713408,2.96277956589915,3.7798134851861023,7.840224478006107,3.538529024711215,0.6198347107438017,1.3429752066115703,3.71900826446281,2.672174294487498,0.4103967168262654,1.915184678522572,4.240766073871409,0.8188331627430911,48.21428571428572,10.267857142857142,9.821428571428571,0.7566895744991957,31.40096618357488,10.628019323671497,17.874396135265698,0.7859336160257347,60.0,10.69767441860465,5.5813953488372094,0.0292440415265389,50.0,37.5,0.0,0.9394648340400644,22.56809338521401,10.894941634241246,19.06614785992218,0.1864307647316859,15.68627450980392,7.84313725490196,17.647058823529413,0.3692060242725544,12.871287128712872,2.9702970297029703,3.96039603960396,0.5190817370960668,4.225352112676056,2.112676056338028,0.0,0.1169761661061558,9.375,0.0,6.25,0.0731101038163474,5.0,10.0,10.0,0.168153238777599,58.69565217391305,13.043478260869565,4.3478260869565215,0.0292440415265389,25.0,12.5,0.0
Tennys Sandgren,0.641409691629956,0.7156593406593407,0.4815724815724815,0.3312611012433392,0.1632021229544449,0.1729323308270676,0.0255506607929515,0.13215859030837,0.2912234042553192,0.226063829787234,0.4813829787234042,0.03222426,0.479674797,0.113821138,0.138211382,0.739837398,52.39717055279015,6.4,5.0,9.6,47.57663086193345,5.011013215859031,3.7995594713656384,9.361233480176212,44.668587896253605,5.043988269794721,5.102639296187683,10.263929618768328,36.10165051087241,3.991291727140784,3.991291727140784,9.65166908563135,5.187319884726225,0.5050505050505051,1.5151515151515151,4.040404040404041,8.750327482315955,0.8982035928143712,1.1976047904191618,5.9880239520958085,0.9693476552266178,56.75675675675676,10.81081081081081,2.702702702702702,1.2575320932669636,43.75,14.583333333333334,14.583333333333334,0.7597589730154571,51.72413793103448,10.344827586206897,13.79310344827586,0.0523971705527901,0.0,50.0,0.0,0.3143830233167409,16.666666666666664,8.333333333333332,16.666666666666664,0.8121561435682474,25.806451612903224,3.225806451612903,32.25806451612903,0.3143830233167409,8.333333333333332,0.0,0.0,0.6025674613570867,17.391304347826086,4.3478260869565215,0.0,0.026198585276395,0.0,100.0,0.0,,,,,0.1571915116583704,33.33333333333333,16.666666666666664,33.33333333333333,,,,
Teymuraz Gabashvili,0.5368731563421829,0.6263736263736264,0.5095541401273885,0.3529411764705882,0.1781609195402299,0.2083333333333333,0.0560471976401179,0.0560471976401179,0.3723404255319149,0.1773049645390071,0.4468085106382978,0.041907514,0.448275862,0.051724138,0.068965517,0.706896552,49.20520231213873,11.16005873715125,5.580029368575625,9.104258443465492,50.72254335260116,4.131054131054131,1.7094017094017095,9.116809116809115,46.459537572254334,9.17573872472784,5.132192846034215,9.48678071539658,42.99132947976879,3.0252100840336134,1.680672268907563,9.411764705882351,0.4335260115606936,0.0,0.0,0.0,4.76878612716763,0.0,3.0303030303030303,7.575757575757576,1.1560693641618496,56.25,6.25,0.0,1.6618497109826589,34.78260869565217,0.0,8.695652173913043,0.7225433526011561,70.0,20.0,10.0,0.1445086705202312,50.0,0.0,0.0,0.0722543352601156,0.0,100.0,0.0,0.4335260115606936,16.666666666666664,0.0,16.666666666666664,0.0722543352601156,0.0,0.0,0.0,0.5057803468208093,14.285714285714285,0.0,0.0,0.2167630057803468,0.0,33.33333333333333,0.0,0.2167630057803468,0.0,0.0,0.0,0.0722543352601156,100.0,0.0,0.0,,,,
Thai Son Kwiatkowski,0.6555555555555556,0.8813559322033898,0.6774193548387096,0.3233082706766917,0.0896860986547085,0.1031390134529148,0.0333333333333333,0.0666666666666666,0.3181818181818182,0.2272727272727272,0.4545454545454545,0.015337423,0.6,0.0,0.2,1.0,60.42944785276073,4.060913705583756,5.076142131979696,5.076142131979696,34.04907975460122,5.405405405405405,0.0,8.108108108108109,39.87730061349693,3.8461538461538463,6.153846153846154,6.153846153846154,15.950920245398772,9.615384615384617,0.0,5.769230769230769,17.791411042944784,1.7241379310344829,1.7241379310344829,3.4482758620689653,15.030674846625766,0.0,0.0,12.244897959183673,0.6134969325153374,100.0,0.0,0.0,0.3067484662576687,100.0,0.0,0.0,,,,,,,,,,,,,,,,,1.5337423312883436,0.0,0.0,0.0,2.7607361963190185,0.0,0.0,0.0,,,,,,,,,0.6134969325153374,0.0,50.0,0.0,,,,
Thanasi Kokkinakis,0.629266378972146,0.7556109725685786,0.4984126984126984,0.3172302737520129,0.1758394595668587,0.1637194516193125,0.0325617889368379,0.1439780306002354,0.3143203883495146,0.2354368932038835,0.4496359223300971,0.027121375,0.455445545,0.133663366,0.108910891,0.732673267,54.96777658431794,10.112359550561797,6.863702979970689,11.26038104543234,44.79054779806659,3.087529976019185,3.207434052757794,8.363309352517986,47.6906552094522,9.346846846846848,7.1509009009009015,11.88063063063063,34.65359828141783,2.9445951181712515,3.409531189461449,9.453700116234018,4.363587540279269,1.2307692307692308,2.1538461538461537,2.4615384615384617,8.16326530612245,0.6578947368421052,1.8092105263157896,5.263157894736842,0.550483351235231,43.90243902439025,9.75609756097561,21.951219512195124,0.4430719656283566,51.51515151515152,9.090909090909092,3.0303030303030303,0.9532760472610096,45.07042253521127,9.859154929577464,15.492957746478872,0.0671321160042964,60.0,0.0,0.0,0.2416756176154672,33.33333333333333,5.555555555555555,22.22222222222222,0.18796992481203,14.285714285714285,7.142857142857142,14.285714285714285,0.550483351235231,2.4390243902439024,2.4390243902439024,2.4390243902439024,1.1949516648764769,0.0,3.3707865168539324,0.0,0.0671321160042964,0.0,0.0,0.0,0.0671321160042964,0.0,20.0,0.0,0.550483351235231,51.21951219512195,17.073170731707318,14.634146341463412,0.0134264232008592,100.0,0.0,0.0
Thiago Agustin Tirante,0.6340579710144928,0.6057142857142858,0.5643564356435643,0.3849206349206349,0.1231060606060606,0.1931818181818181,0.0326086956521739,0.0471014492753623,0.2708333333333333,0.2447916666666666,0.484375,0.017034068,0.529411765,0.235294118,0.058823529,0.588235294,59.318637274549104,7.263513513513513,6.25,9.797297297297296,40.6813627254509,2.2167487684729066,2.4630541871921183,8.620689655172415,54.40881763527055,5.156537753222836,6.261510128913445,9.392265193370166,34.3687374749499,1.4577259475218658,1.749271137026239,8.454810495626822,1.1022044088176353,0.0,0.0,0.0,4.909819639278557,6.122448979591836,4.081632653061225,8.16326530612245,0.6012024048096193,83.33333333333334,16.666666666666664,0.0,0.2004008016032064,0.0,0.0,50.0,0.8016032064128256,37.5,0.0,37.5,,,,,1.6032064128256511,37.5,12.5,25.0,0.501002004008016,20.0,40.0,20.0,0.7014028056112225,0.0,0.0,0.0,0.7014028056112225,0.0,0.0,0.0,,,,,,,,,0.1002004008016032,100.0,0.0,0.0,,,,
Thiago Monteiro,0.6460905349794238,0.7165605095541401,0.5581395348837209,0.3355119825708061,0.1603174603174603,0.1523809523809524,0.0195473251028806,0.1378600823045267,0.2779605263157895,0.2796052631578947,0.4424342105263157,0.022834117,0.573529412,0.102941176,0.102941176,0.764705882,54.90261920752183,7.706422018348624,6.7889908256880735,9.602446483180428,44.59368703828073,3.2379518072289155,4.442771084337349,8.433734939759036,49.79852249832102,6.136210384356035,7.0128118678354685,9.97977073499663,33.982538616521154,1.7786561264822136,5.0395256916996045,9.387351778656129,2.384150436534587,2.8169014084507045,0.0,0.0,8.562793821356616,2.3529411764705883,1.1764705882352942,4.313725490196078,0.6715916722632639,50.0,5.0,20.0,0.6380120886501007,63.1578947368421,10.526315789473683,10.526315789473683,0.7051712558764271,61.90476190476191,14.285714285714285,4.761904761904762,0.0671591672263264,100.0,0.0,0.0,0.6715916722632639,40.0,5.0,20.0,0.5708529214237743,23.52941176470588,11.76470588235294,17.647058823529413,0.5036937541974479,0.0,6.666666666666667,0.0,0.7387508394895903,4.545454545454546,4.545454545454546,4.545454545454546,0.1007387508394895,66.66666666666666,0.0,0.0,0.0335795836131632,0.0,0.0,0.0,0.0671591672263264,0.0,50.0,0.0,,,,
Thiago Seyboth Wild,0.6220522625876355,0.6813524590163934,0.475548060708263,0.3594771241830065,0.1671506937721845,0.2087770248467247,0.0388782664117272,0.0739324410452517,0.3262987012987013,0.198051948051948,0.4756493506493506,0.032997763,0.418079096,0.118644068,0.084745763,0.661016949,56.73005219985085,10.187315149523496,5.389418337167269,11.304633585277688,43.25130499627144,3.965517241379312,3.4482758620689653,10.43103448275862,48.63907531692767,8.202376389421234,5.672671521655807,11.805289382905327,35.60775540641312,3.0890052356020945,3.193717277486911,11.30890052356021,3.560775540641312,4.18848167539267,1.5706806282722512,4.712041884816754,4.511558538404175,2.066115702479339,2.8925619834710745,3.71900826446281,1.1558538404175989,50.0,6.451612903225806,6.451612903225806,0.8948545861297539,33.33333333333333,18.75,16.666666666666664,0.8762117822520507,48.93617021276596,4.25531914893617,10.638297872340424,0.0559284116331096,33.33333333333333,0.0,33.33333333333333,1.6219239373601788,36.7816091954023,6.896551724137931,17.24137931034483,0.7643549589858314,19.51219512195122,7.317073170731707,19.51219512195122,0.727069351230425,0.0,2.564102564102564,0.0,1.249067859806115,2.985074626865672,0.0,0.0,0.0745712155108128,0.0,0.0,25.0,0.1677852348993288,11.11111111111111,0.0,0.0,0.0745712155108128,50.0,0.0,50.0,,,,
Thiemo De Bakker,0.6330275229357798,0.714975845410628,0.475,0.3273809523809524,0.171945701357466,0.1990950226244343,0.0122324159021406,0.1131498470948012,0.308,0.18,0.512,0.04743833,0.3,0.12,0.14,0.7,57.1157495256167,8.305647840531561,4.152823920265781,12.624584717607974,42.69449715370019,6.0,4.444444444444445,11.555555555555555,47.34345351043643,5.61122244488978,3.607214428857716,13.026052104208416,32.82732447817837,5.491329479768786,4.335260115606936,13.294797687861273,3.415559772296015,0.0,0.0,0.0,6.261859582542694,1.5151515151515151,3.0303030303030303,6.0606060606060606,1.89753320683112,40.0,20.0,15.0,1.6129032258064515,29.411764705882355,17.647058823529413,11.76470588235294,0.5692599620493358,16.666666666666664,0.0,16.666666666666664,,,,,3.130929791271347,33.33333333333333,6.0606060606060606,21.21212121212121,0.5692599620493358,0.0,0.0,0.0,0.3795066413662239,25.0,25.0,0.0,1.1385199240986716,16.666666666666664,0.0,0.0,0.3795066413662239,25.0,0.0,0.0,0.0948766603415559,0.0,0.0,0.0,,,,,0.1897533206831119,0.0,0.0,0.0
Thijs Boogaard,0.5074626865671642,0.7941176470588235,0.3333333333333333,0.2448979591836734,0.1293103448275862,0.2155172413793103,0.0597014925373134,0.0298507462686567,0.2765957446808511,0.2765957446808511,0.4468085106382978,0.042553191,0.5,0.125,0.0,0.625,46.27659574468085,8.045977011494253,6.896551724137931,13.79310344827586,53.72340425531915,5.9405940594059405,6.930693069306932,8.91089108910891,42.02127659574468,5.063291139240507,7.59493670886076,13.924050632911392,50.0,5.319148936170213,7.446808510638298,8.51063829787234,1.5957446808510638,0.0,0.0,33.33333333333333,2.127659574468085,0.0,0.0,0.0,1.0638297872340423,0.0,0.0,0.0,1.5957446808510638,33.33333333333333,0.0,33.33333333333333,1.0638297872340423,100.0,0.0,0.0,,,,,,,,,,,,,,,,,,,,,0.5319148936170213,100.0,0.0,0.0,,,,,,,,,,,,
Thomas Enqvist,0.5051546391752577,0.7244897959183674,0.6041666666666666,0.4019138755980861,0.1687344913151365,0.1637717121588089,0.0412371134020618,0.1260199456029011,0.3117178612059158,0.267349260523322,0.4209328782707622,0.023255814,0.519480519,0.142857143,0.051948052,0.675324675,47.44268077601411,12.267657992565056,9.293680297397769,12.267657992565056,52.557319223985886,6.375838926174497,6.711409395973154,8.389261744966444,44.97354497354497,10.196078431372548,9.803921568627452,11.76470588235294,43.738977072310405,5.241935483870968,7.258064516129033,8.870967741935484,0.5291005291005291,0.0,0.0,33.33333333333333,5.996472663139329,0.0,0.0,5.88235294117647,0.7054673721340388,75.0,0.0,0.0,2.2927689594356258,46.15384615384615,15.384615384615383,7.6923076923076925,0.7054673721340388,75.0,0.0,25.0,,,,,,,,,,,,,,,,,0.1763668430335097,0.0,0.0,0.0,0.1763668430335097,0.0,0.0,0.0,0.3527336860670194,0.0,0.0,0.0,0.3527336860670194,50.0,0.0,50.0,,,,
Thomas Fabbiano,0.6852497096399536,0.7203389830508474,0.5977859778597786,0.3596698113207547,0.1299005266237566,0.1369221767115272,0.032520325203252,0.040650406504065,0.3357271095152603,0.2908438061041292,0.3698384201077199,0.025545941,0.548387097,0.016129032,0.193548387,0.870967742,60.19777503090234,10.130047912388775,7.597535934291582,7.871321013004791,39.71981870622167,4.045643153526971,5.29045643153527,9.439834024896266,55.74783683559951,8.573540280857355,7.53880266075388,8.27790096082779,31.520395550061803,3.5294117647058822,4.967320261437909,9.934640522875815,1.9365471775854963,4.25531914893617,2.127659574468085,2.127659574468085,6.427688504326329,1.282051282051282,3.8461538461538463,7.051282051282051,0.865265760197775,52.38095238095239,23.809523809523807,0.0,0.4944375772558714,50.0,41.66666666666667,0.0,0.865265760197775,71.42857142857143,9.523809523809524,4.761904761904762,,,,,0.1648125257519571,25.0,0.0,25.0,0.3708281829419036,0.0,11.11111111111111,44.44444444444444,0.4120313143798929,20.0,10.0,0.0,0.7828594973217964,15.789473684210526,5.263157894736842,0.0,,,,,0.0824062628759785,0.0,0.0,0.0,0.2060156571899464,20.0,0.0,0.0,0.0412031314379892,100.0,0.0,0.0
Thomas Johansson,0.5723140495867769,0.7870036101083032,0.5169082125603864,0.3097514340344168,0.1717974180734856,0.1688182720953326,0.03099173553719,0.1196013289036544,0.3033175355450237,0.278041074249605,0.4186413902053712,0.038892782,0.45045045,0.144144144,0.117117117,0.702702703,50.32835820895522,7.591933570581258,6.168446026097272,9.727164887307236,49.67164179104478,6.009615384615385,6.370192307692308,8.774038461538462,44.656716417910445,4.679144385026738,6.149732620320856,10.02673796791444,39.64179104477612,5.421686746987952,6.475903614457831,9.487951807228916,1.9104477611940296,6.25,0.0,0.0,6.865671641791045,1.7391304347826086,3.4782608695652173,2.608695652173913,1.3134328358208955,50.0,13.636363636363637,13.636363636363637,1.1940298507462688,35.0,15.0,15.0,1.0149253731343284,52.94117647058824,11.76470588235294,5.88235294117647,0.1194029850746268,0.0,50.0,0.0,0.3582089552238806,33.33333333333333,0.0,16.666666666666664,0.835820895522388,21.428571428571427,14.285714285714285,28.57142857142857,0.5970149253731344,10.0,0.0,10.0,0.8955223880597015,13.333333333333334,0.0,0.0,0.1194029850746268,50.0,0.0,0.0,0.1194029850746268,0.0,0.0,0.0,0.3582089552238806,50.0,16.666666666666664,16.666666666666664,,,,
Thomas Muster,0.7017543859649122,0.6,0.2941176470588235,0.3725490196078431,0.1111111111111111,0.1574074074074074,0.0701754385964912,0.0376602564102564,0.3178036605657238,0.2673322240709928,0.4137548530227399,0.029169981,0.412121212,0.081818182,0.090909091,0.663636364,60.0,3.92156862745098,7.84313725490196,6.862745098039216,39.41176470588236,2.985074626865672,2.985074626865672,8.955223880597014,53.52941176470589,3.296703296703297,8.791208791208792,7.6923076923076925,25.294117647058822,4.651162790697675,4.651162790697675,11.627906976744184,3.5294117647058822,0.0,0.0,0.0,12.941176470588236,0.0,0.0,0.0,1.1764705882352942,50.0,0.0,0.0,1.1764705882352942,0.0,0.0,50.0,0.5882352941176471,0.0,0.0,0.0,,,,,,,,,,,,,,,,,,,,,0.5882352941176471,0.0,0.0,0.0,,,,,0.5882352941176471,0.0,0.0,0.0,,,,
Thomaz Bellucci,0.6038514442916093,0.683371298405467,0.5173611111111112,0.3259587020648967,0.1402135231316726,0.2241992882562277,0.0316368638239339,0.0715268225584594,0.2631578947368421,0.2068965517241379,0.52994555353902,0.020055053,0.450980392,0.078431373,0.117647059,0.725490196,53.00825796303579,8.160237388724036,5.267062314540059,11.201780415430267,46.95241840346048,2.931323283082077,3.6013400335008376,11.809045226130651,48.171451042076285,6.204081632653061,4.979591836734694,11.428571428571429,41.40778607943374,2.184235517568851,3.798670465337132,12.155745489078823,1.533621706645694,0.0,2.564102564102564,2.564102564102564,3.853716083366103,0.0,2.0408163265306123,7.142857142857142,0.5898545025560362,53.333333333333336,13.333333333333334,6.666666666666667,0.7078254030672434,38.88888888888889,5.555555555555555,16.666666666666664,0.4718836020448289,66.66666666666666,25.0,0.0,,,,,1.533621706645694,41.02564102564102,7.6923076923076925,20.51282051282051,0.3932363350373574,40.0,0.0,30.0,0.5505308690523004,14.285714285714285,7.142857142857142,7.142857142857142,0.5112072355485646,7.6923076923076925,0.0,0.0,0.1179709005112072,0.0,0.0,0.0,0.0786472670074714,0.0,0.0,0.0,0.0393236335037357,0.0,0.0,0.0,,,,
Ti Chen,0.5777777777777777,0.8846153846153846,0.4736842105263157,0.4375,0.1505376344086021,0.043010752688172,0.0,0.1111111111111111,0.4090909090909091,0.4090909090909091,0.1818181818181818,0.031007752,0.75,0.0,0.25,1.0,48.06201550387597,11.29032258064516,8.064516129032258,3.225806451612903,51.93798449612403,2.985074626865672,5.970149253731343,2.985074626865672,44.18604651162791,8.771929824561402,7.017543859649122,3.508771929824561,47.28682170542636,1.639344262295082,6.557377049180328,1.639344262295082,1.550387596899225,0.0,0.0,0.0,3.875968992248062,0.0,0.0,20.0,2.3255813953488373,66.66666666666666,33.33333333333333,0.0,0.7751937984496124,100.0,0.0,0.0,,,,,,,,,,,,,,,,,,,,,,,,,,,,,,,,,,,,,,,,
Tim Henman,0.6251564455569462,0.7067067067067067,0.4908180300500834,0.3335496430889033,0.1487734947435489,0.1618349792927684,0.0369211514392991,0.0638801261829653,0.3471896955503513,0.2611241217798595,0.3916861826697892,0.18320996,0.295684114,0.111111111,0.140495868,0.654729109,47.88498098859316,11.3151364764268,8.138957816377172,12.109181141439205,52.11501901140685,6.383948928408572,6.657546739626083,9.347925216598266,36.71577946768061,6.084142394822006,7.313915857605179,13.074433656957927,12.333650190114067,6.9364161849710975,6.551059730250482,13.680154142581888,2.328897338403042,3.061224489795918,1.020408163265306,5.1020408163265305,29.348859315589355,0.5668016194331984,3.724696356275304,7.773279352226721,5.418250950570342,35.08771929824561,16.666666666666664,12.719298245614036,7.057984790874524,28.619528619528616,15.824915824915823,9.764309764309765,1.4020912547528517,62.71186440677966,5.084745762711865,8.47457627118644,0.4990494296577947,28.57142857142857,19.047619047619047,4.761904761904762,0.0475285171102661,0.0,0.0,50.0,0.4990494296577947,4.761904761904762,28.57142857142857,14.285714285714285,0.7842205323193916,21.21212121212121,9.090909090909092,6.0606060606060606,1.3783269961977187,5.172413793103448,5.172413793103448,8.620689655172415,1.1169201520912548,12.76595744680851,10.638297872340424,0.0,0.9743346007604564,4.878048780487805,14.634146341463412,0.0,0.0712927756653992,33.33333333333333,33.33333333333333,0.0,0.023764258555133,0.0,0.0,0.0
Tim Smyczek,0.629757785467128,0.6703296703296703,0.5327102803738317,0.318007662835249,0.1072727272727272,0.2272727272727272,0.0484429065743944,0.0449826989619377,0.2541436464088398,0.1325966850828729,0.6132596685082873,0.023668639,0.6,0.05,0.2,0.85,55.73964497041421,6.794055201698514,3.1847133757961785,13.588110403397028,44.2603550295858,3.7433155080213902,2.406417112299465,12.566844919786096,51.83431952662721,5.47945205479452,2.5114155251141552,13.926940639269406,36.33136094674556,2.280130293159609,2.6058631921824107,13.680781758957655,2.2485207100591715,0.0,0.0,5.263157894736842,6.153846153846154,1.9230769230769231,0.0,9.615384615384617,1.0650887573964496,66.66666666666666,22.22222222222222,11.11111111111111,0.8284023668639053,57.14285714285714,14.285714285714285,0.0,0.3550295857988165,66.66666666666666,33.33333333333333,0.0,,,,,0.2366863905325444,0.0,50.0,50.0,,,,,,,,,0.8284023668639053,28.57142857142857,0.0,0.0,,,,,0.1183431952662722,0.0,0.0,0.0,,,,,,,,
Tim Van Rijthoven,0.6426999266324285,0.7888127853881278,0.5564681724845996,0.3083511777301927,0.1906657018813314,0.1808972503617945,0.0359501100513573,0.1658107116654438,0.3122406639004149,0.2199170124481327,0.4678423236514523,0.037876693,0.598540146,0.04379562,0.087591241,0.861313869,51.58971523361903,12.165058949624866,7.877813504823152,13.558413719185422,48.299695880564,4.235832856325128,3.7206639954207215,11.333714939896966,44.567320984241086,9.739454094292803,7.6923076923076925,15.136476426799009,27.26016035388444,3.4482758620689653,4.563894523326572,15.517241379310343,3.372961017417749,0.0,5.737704918032787,4.098360655737705,18.191871716892454,1.3677811550151977,1.6717325227963524,5.927051671732523,0.9400055294442908,52.94117647058824,14.705882352941178,0.0,1.3270666298037046,56.25,6.25,8.333333333333332,1.050594415261266,86.8421052631579,5.263157894736842,0.0,0.0552944429084877,0.0,50.0,0.0,0.9123583079900468,42.42424242424242,21.21212121212121,6.0606060606060606,0.5529444290848771,10.0,20.0,10.0,0.3317666574509261,8.333333333333332,8.333333333333332,0.0,0.9123583079900468,6.0606060606060606,3.0303030303030303,0.0,,,,,,,,,0.4147083218136577,26.666666666666668,6.666666666666667,13.333333333333334,,,,
Timofey Skatov,0.6739130434782609,0.6516129032258065,0.44,0.310880829015544,0.0945626477541371,0.2198581560283688,0.0304347826086956,0.0130434782608695,0.2517006802721088,0.1632653061224489,0.5850340136054422,0.016901408,0.5,0.25,0.083333333,0.666666667,60.985915492957744,6.928406466512701,4.387990762124711,12.471131639722865,35.49295774647888,2.7777777777777777,1.984126984126984,12.3015873015873,57.6056338028169,5.623471882640587,4.400977995110025,11.7359413202934,29.577464788732392,2.857142857142857,2.380952380952381,12.857142857142856,1.4084507042253522,20.0,0.0,10.0,4.084507042253521,0.0,0.0,6.896551724137931,0.5633802816901409,50.0,0.0,50.0,0.2816901408450704,50.0,0.0,0.0,0.7042253521126761,60.0,20.0,20.0,,,,,0.2816901408450704,0.0,0.0,100.0,,,,,0.2816901408450704,0.0,0.0,0.0,1.5492957746478873,0.0,0.0,18.181818181818183,,,,,,,,,0.1408450704225352,0.0,0.0,0.0,,,,
Titouan Droguet,0.75,0.5757575757575758,0.6363636363636364,0.2678571428571428,0.13,0.21,0.0,0.1363636363636363,0.21875,0.125,0.65625,0.02484472,0.5,0.25,0.0,0.5,44.099378881987576,9.859154929577464,4.225352112676056,16.901408450704224,44.72049689440994,0.0,1.3888888888888888,11.11111111111111,34.78260869565217,3.571428571428571,3.571428571428571,19.642857142857142,32.298136645962735,0.0,0.0,15.384615384615383,3.1055900621118013,0.0,0.0,0.0,9.937888198757763,0.0,0.0,0.0,2.484472049689441,50.0,0.0,25.0,,,,,,,,,,,,,1.2422360248447204,100.0,0.0,0.0,1.8633540372670807,0.0,33.33333333333333,0.0,2.484472049689441,25.0,25.0,0.0,0.6211180124223602,0.0,0.0,0.0,,,,,,,,,,,,,,,,
Tobias Kamke,0.5578231292517006,0.7073170731707317,0.5384615384615384,0.4013605442176871,0.1496598639455782,0.1768707482993197,0.0544217687074829,0.0204081632653061,0.3904761904761905,0.1904761904761904,0.419047619047619,0.031561462,0.631578947,0.0,0.052631579,0.842105263,52.49169435215947,7.59493670886076,5.69620253164557,8.544303797468354,47.50830564784053,5.944055944055944,0.6993006993006993,5.944055944055944,48.17275747508305,5.172413793103448,5.862068965517241,8.96551724137931,38.87043189368771,3.8461538461538463,0.8547008547008548,5.555555555555555,1.6611295681063123,10.0,0.0,0.0,6.146179401993355,0.0,0.0,8.108108108108109,0.4983388704318937,66.66666666666666,0.0,0.0,0.8305647840531563,60.0,0.0,0.0,0.9966777408637874,33.33333333333333,16.666666666666664,0.0,0.1661129568106312,100.0,0.0,0.0,0.1661129568106312,0.0,0.0,100.0,0.8305647840531563,40.0,0.0,20.0,0.6644518272425249,50.0,0.0,0.0,0.3322259136212624,0.0,0.0,0.0,,,,,0.1661129568106312,100.0,0.0,0.0,0.3322259136212624,100.0,0.0,0.0,0.1661129568106312,100.0,0.0,0.0
Todd Martin,0.6169154228855721,0.6451612903225806,0.4545454545454545,0.3165829145728643,0.1725,0.1925,0.0597014925373134,0.1253716551040634,0.3694311172035641,0.2289239204934887,0.4009595613433859,0.159395973,0.310526316,0.130263158,0.144736842,0.644736842,47.474747474747474,11.48936170212766,8.085106382978724,12.340425531914894,52.52525252525253,7.6923076923076925,6.153846153846154,13.846153846153848,34.34343434343434,7.0588235294117645,6.470588235294119,12.941176470588236,28.88888888888889,6.993006993006993,3.4965034965034967,13.986013986013988,2.4242424242424243,0.0,8.333333333333332,8.333333333333332,13.333333333333334,0.0,4.545454545454546,9.090909090909092,8.080808080808081,27.500000000000004,15.0,12.5,7.6767676767676765,23.684210526315788,18.421052631578945,15.789473684210526,0.8080808080808081,75.0,0.0,0.0,0.202020202020202,0.0,0.0,0.0,0.404040404040404,50.0,0.0,0.0,0.404040404040404,50.0,0.0,0.0,0.202020202020202,0.0,0.0,0.0,,,,,1.2121212121212122,0.0,16.666666666666664,16.666666666666664,2.0202020202020203,0.0,10.0,40.0,,,,,,,,
Todd Reid,0.5774647887323944,0.4390243902439024,0.3333333333333333,0.2982456140350877,0.046875,0.2421875,0.0422535211267605,0.0140845070422535,0.125,0.175,0.7,0.007936508,0.5,0.0,0.0,1.0,54.36507936507936,2.9197080291970803,3.64963503649635,14.5985401459854,45.63492063492063,0.8695652173913043,1.7391304347826086,6.956521739130435,50.39682539682539,2.3622047244094486,3.937007874015748,15.748031496062993,41.66666666666667,0.9523809523809524,1.9047619047619049,7.6190476190476195,3.1746031746031744,0.0,0.0,0.0,2.7777777777777777,0.0,0.0,0.0,,,,,0.3968253968253968,0.0,0.0,0.0,0.3968253968253968,100.0,0.0,0.0,,,,,0.3968253968253968,0.0,0.0,0.0,,,,,,,,,0.7936507936507936,0.0,0.0,0.0,,,,,,,,,,,,,,,,
Tomas Barrios Vera,0.6464285714285715,0.585635359116022,0.3838383838383838,0.3767123287671233,0.1346153846153846,0.243006993006993,0.0285714285714285,0.0321428571428571,0.2741935483870967,0.1975806451612903,0.5282258064516129,0.048370137,0.326086957,0.152173913,0.065217391,0.5,47.63406940063091,8.609271523178808,5.960264900662252,15.45253863134658,51.9453207150368,5.870445344129554,4.453441295546559,12.34817813765182,39.64248159831756,6.631299734748011,5.835543766578249,15.384615384615383,47.003154574132495,4.921700223713646,4.026845637583892,13.19910514541387,1.2618296529968454,0.0,0.0,0.0,1.892744479495268,0.0,5.555555555555555,0.0,1.6824395373291272,31.25,6.25,12.5,1.2618296529968454,33.33333333333333,0.0,0.0,1.1566771819137749,36.36363636363637,9.090909090909092,27.27272727272727,0.1051524710830704,100.0,0.0,0.0,3.259726603575184,9.67741935483871,6.451612903225806,19.35483870967742,0.5257623554153523,20.0,20.0,0.0,0.3154574132492113,33.33333333333333,33.33333333333333,0.0,0.8412197686645636,12.5,12.5,12.5,0.1051524710830704,0.0,0.0,0.0,,,,,0.2103049421661409,50.0,0.0,50.0,0.3154574132492113,0.0,33.33333333333333,33.33333333333333
Tomas Behrend,0.6181818181818182,0.4705882352941176,0.3333333333333333,0.2,0.1176470588235294,0.3411764705882353,0.0181818181818181,0.0,0.238095238095238,0.0952380952380952,0.6666666666666666,0.026315789,0.666666667,0.0,0.333333333,1.0,49.122807017543856,10.714285714285714,3.571428571428571,21.428571428571427,50.877192982456144,6.896551724137931,3.4482758620689653,27.58620689655172,45.614035087719294,7.6923076923076925,1.9230769230769231,21.15384615384616,39.47368421052632,6.666666666666667,4.444444444444445,26.666666666666668,,,,,9.649122807017545,0.0,0.0,27.27272727272727,0.8771929824561403,100.0,0.0,0.0,,,,,0.8771929824561403,0.0,100.0,0.0,,,,,0.8771929824561403,0.0,0.0,100.0,1.7543859649122806,50.0,0.0,50.0,,,,,,,,,0.8771929824561403,100.0,0.0,0.0,,,,,,,,,,,,
Tomas Berdych,0.5759007678676905,0.7425641025641025,0.4930362116991643,0.318077452931272,0.1684329199549041,0.1761743705373919,0.0290903721204961,0.1004134672179562,0.3233222866611433,0.2307373653686827,0.4446975973487986,0.039495991,0.495359629,0.118329466,0.09512761,0.740139211,53.28751431844216,10.249355116079109,6.096302665520207,10.361134995700777,46.71248568155784,3.6194212849436,3.9725355566454144,9.23982344286415,48.85681557846506,7.915220857169652,6.152114789458876,10.62552752508675,37.805269186712486,3.029935765361774,4.047994182523331,9.671554963034785,1.5395189003436427,2.380952380952381,1.488095238095238,0.8928571428571428,7.074455899198168,0.3238341968911917,1.8134715025906727,6.0880829015544045,1.168384879725086,54.50980392156863,6.666666666666667,11.76470588235294,1.140893470790378,38.55421686746988,12.449799196787149,14.859437751004014,0.9942726231386024,64.97695852534562,7.373271889400922,6.451612903225806,0.0274914089347079,33.33333333333333,50.0,0.0,0.1649484536082474,30.55555555555556,8.333333333333332,16.666666666666664,0.1649484536082474,16.666666666666664,13.88888888888889,25.0,0.0733104238258877,18.75,6.25,0.0,0.3711340206185567,8.641975308641975,0.0,2.469135802469136,0.1191294387170675,26.923076923076923,11.538461538461538,23.07692307692308,0.1145475372279496,12.0,8.0,4.0,0.3711340206185567,48.14814814814815,9.876543209876544,16.049382716049383,0.0137457044673539,0.0,66.66666666666666,33.33333333333333
Tomas Machac,0.6139872842870118,0.6856508875739645,0.5105882352941177,0.3685728015377222,0.1886528134485174,0.1863180014008872,0.0331516802906448,0.1248864668483197,0.3261933904528764,0.230110159118727,0.4436964504283965,0.053498542,0.485013624,0.114441417,0.098092643,0.727520436,47.376093294460645,10.4,6.43076923076923,12.123076923076924,52.4198250728863,5.422691879866518,4.588431590656285,9.204671857619577,40.37900874635568,6.967509025270759,6.678700361010831,12.888086642599278,44.34402332361516,4.503616042077581,4.273504273504273,9.171597633136097,3.0466472303206995,0.9569377990430622,0.4784688995215311,4.30622009569378,5.029154518950437,1.1594202898550725,2.898550724637681,5.507246376811594,1.8367346938775515,55.55555555555556,11.11111111111111,11.11111111111111,1.7784256559766762,31.967213114754102,9.836065573770492,16.39344262295082,1.239067055393586,70.58823529411765,4.705882352941177,7.0588235294117645,0.1311953352769679,11.11111111111111,33.33333333333333,11.11111111111111,0.3790087463556851,19.23076923076924,7.6923076923076925,23.07692307692308,0.641399416909621,22.727272727272727,18.181818181818183,22.727272727272727,0.2186588921282798,13.333333333333334,6.666666666666667,6.666666666666667,0.4081632653061224,7.142857142857142,3.571428571428571,7.142857142857142,0.1603498542274052,18.181818181818183,9.090909090909092,0.0,0.0437317784256559,33.33333333333333,0.0,0.0,0.1166180758017492,50.0,12.5,12.5,0.0437317784256559,33.33333333333333,33.33333333333333,0.0
Tomas Martin Etcheverry,0.6313841598815693,0.716295427901524,0.4598393574297189,0.3740350877192982,0.1545389048991354,0.1548991354466858,0.0192450037009622,0.1117690599555884,0.3041575492341357,0.2538293216630197,0.4420131291028446,0.033214103,0.476923077,0.051282051,0.148717949,0.758974359,56.7194685743485,6.426426426426427,4.714714714714715,6.666666666666667,43.229432805314254,2.52167060677699,2.955082742316785,7.171000788022066,51.4392778061659,4.13907284768212,4.403973509933775,6.986754966887417,36.19485607221938,1.5058823529411764,2.494117647058824,7.294117647058823,2.0269119400442857,0.0,1.680672268907563,0.0,4.53074433656958,0.3759398496240601,2.255639097744361,6.390977443609022,0.8516436722875149,57.99999999999999,16.0,2.0,0.8686765457332651,33.33333333333333,15.68627450980392,9.803921568627452,0.9538409129620168,67.85714285714286,8.928571428571429,5.357142857142857,0.0340657468915005,0.0,50.0,0.0,0.6131834440470108,44.44444444444444,8.333333333333332,16.666666666666664,0.630216317492761,27.027027027027028,13.513513513513514,13.513513513513514,0.3917560892522568,0.0,0.0,0.0,0.8005450519502639,2.127659574468085,2.127659574468085,0.0,0.2214273547947538,7.6923076923076925,23.07692307692308,7.6923076923076925,0.1362629875660023,25.0,12.5,0.0,0.2214273547947538,38.46153846153847,23.07692307692308,0.0,0.0340657468915005,50.0,0.0,0.0
Tomas Zib,0.5319148936170213,0.52,0.4090909090909091,0.1578947368421052,0.0705882352941176,0.2235294117647059,0.0638297872340425,0.0,0.2222222222222222,0.1851851851851851,0.5925925925925926,0.042016807,0.8,0.0,0.0,0.8,45.37815126050421,11.11111111111111,3.7037037037037033,11.11111111111111,54.6218487394958,0.0,4.615384615384616,15.384615384615383,40.33613445378151,4.166666666666666,4.166666666666666,12.5,45.37815126050421,0.0,5.555555555555555,16.666666666666664,0.8403361344537815,0.0,0.0,0.0,9.243697478991598,0.0,0.0,9.090909090909092,3.361344537815126,75.0,0.0,0.0,,,,,,,,,,,,,,,,,,,,,,,,,,,,,0.8403361344537815,100.0,0.0,0.0,,,,,,,,,,,,
Tomasz Berkieta,0.6129032258064516,0.7719298245614035,0.4166666666666667,0.3333333333333333,0.1555555555555555,0.1833333333333333,0.053763440860215,0.0967741935483871,0.3220338983050847,0.2033898305084746,0.4745762711864407,0.050228311,0.636363636,0.0,0.090909091,1.0,50.68493150684932,13.513513513513514,6.306306306306306,10.81081081081081,48.85844748858448,3.738317757009345,4.672897196261682,14.95327102803738,40.18264840182648,10.227272727272728,5.681818181818182,12.5,41.0958904109589,2.2222222222222223,4.444444444444445,15.555555555555555,4.5662100456621,0.0,10.0,0.0,4.10958904109589,0.0,11.11111111111111,11.11111111111111,1.36986301369863,100.0,0.0,0.0,0.91324200913242,50.0,0.0,0.0,2.28310502283105,40.0,20.0,0.0,,,,,0.45662100456621,0.0,0.0,100.0,0.45662100456621,0.0,0.0,100.0,1.36986301369863,0.0,0.0,0.0,2.28310502283105,20.0,0.0,0.0,,,,,,,,,0.45662100456621,100.0,0.0,0.0,,,,
Tommy Haas,0.603761134938964,0.6907103825136612,0.4895920066611157,0.3340292275574112,0.1537679932260796,0.1893310753598645,0.0386011217419993,0.0899007589025102,0.3026981450252951,0.2318718381112985,0.465008431703204,0.048662015,0.388384755,0.09800363,0.096188748,0.675136116,46.15684364344862,7.766990291262135,5.698607007176023,9.983115238497255,53.823672674135416,4.778280542986425,3.819004524886878,9.55656108597285,40.37018996590356,5.622586872586872,5.670849420849421,10.81081081081081,32.17730150998539,4.72297910990009,4.420224038752649,11.262488646684831,2.484169508037019,3.1372549019607843,1.1764705882352942,0.392156862745098,16.75596687773989,0.4651162790697674,1.1046511627906976,5.930232558139535,1.5489527520701412,40.25157232704403,9.433962264150944,9.433962264150944,2.0263029712615683,35.57692307692308,11.538461538461538,12.01923076923077,0.7014125669751583,63.888888888888886,8.333333333333332,9.722222222222223,0.0487092060399415,20.0,40.0,0.0,0.0487092060399415,40.0,20.0,0.0,1.227471992206527,14.285714285714285,11.904761904761903,19.84126984126984,0.6527033609352167,13.432835820895525,10.44776119402985,0.0,1.2664393570384802,3.8461538461538463,3.076923076923077,1.5384615384615383,0.253287871407696,11.538461538461538,3.8461538461538463,0.0,0.3117389186556259,3.125,3.125,6.25,0.0974184120798831,30.0,20.0,20.0,0.0097418412079883,100.0,0.0,0.0
Tommy Paul,0.619896594758424,0.7046304285303423,0.5140712945590994,0.3762621789193976,0.1768260174160298,0.1813577394704105,0.0267427348903547,0.1189160278124442,0.3113518605746585,0.2432878002826189,0.4453603391427225,0.045124091,0.49,0.128888889,0.096666667,0.743333333,53.03083479568814,8.698118559137752,6.287227001985441,10.333743027323438,46.95913762847832,4.292120435618194,3.929105274396754,8.520179372197308,45.32464276761093,6.393805309734512,6.482300884955753,11.117256637168142,38.24517422913011,3.2249606712113263,4.037755637126376,8.50812794965915,4.251692153421911,1.2971698113207548,1.179245283018868,1.5330188679245282,6.136876410127852,0.7352941176470588,1.4705882352941175,6.290849673202614,1.459012283780396,56.3573883161512,8.934707903780069,14.7766323024055,1.474053647530709,40.47619047619048,7.82312925170068,16.3265306122449,1.0879919779393332,59.90783410138248,12.442396313364055,6.912442396313365,0.04512409125094,22.22222222222222,11.11111111111111,11.11111111111111,0.2657307595888694,26.41509433962264,7.547169811320755,18.867924528301888,0.4211581850087741,19.047619047619047,14.285714285714285,22.61904761904762,0.3008272750062672,1.6666666666666667,8.333333333333332,1.6666666666666667,0.5314615191777389,5.660377358490567,2.830188679245284,0.9433962264150944,0.2055653045876159,17.073170731707318,12.195121951219512,9.75609756097561,0.1002757583354224,20.0,15.0,10.0,0.1353722737528202,55.55555555555556,7.4074074074074066,7.4074074074074066,0.0050137879167711,0.0,0.0,100.0
Tommy Robredo,0.6634086744043983,0.6546961325966851,0.4500907441016334,0.3489278752436647,0.1290931989924433,0.1681360201511335,0.0311545510079413,0.0555894929749541,0.3000940733772342,0.2455315145813734,0.4543744120413923,0.026262964,0.47133758,0.101910828,0.114649682,0.751592357,57.8621612579458,6.967331598727957,5.464006938421509,8.355015900549292,42.00401472064236,3.106332138590203,2.867383512544803,7.726005575467941,51.65607226497156,5.4404145077720205,5.505181347150259,8.905440414507773,30.545332887253263,2.7382256297918945,3.0668127053669223,8.981380065717415,3.345600535296086,0.5,1.5,0.5,9.116761458681834,0.9174311926605504,1.2844036697247707,3.1192660550458715,0.5687520910003346,41.17647058823529,11.76470588235294,14.705882352941178,0.6189360990297759,43.24324324324324,10.81081081081081,16.216216216216218,0.9033121445299432,62.96296296296296,16.666666666666664,3.7037037037037033,0.1003680160588825,66.66666666666666,0.0,0.0,0.3345600535296085,55.00000000000001,5.0,15.0,0.2843760455001673,0.0,5.88235294117647,29.411764705882355,0.7193041150886584,16.27906976744186,4.651162790697675,0.0,1.2378721980595515,4.054054054054054,4.054054054054054,2.702702702702702,0.0669120107059217,0.0,0.0,25.0,0.0669120107059217,0.0,0.0,0.0,0.2676480428236868,37.5,0.0,12.5,0.0334560053529608,0.0,50.0,0.0
Tristan Schoolkate,0.6016713091922006,0.7314814814814815,0.4335664335664335,0.3423423423423423,0.1502890173410404,0.1748554913294797,0.0696378830083565,0.1058495821727019,0.3127962085308057,0.2322274881516587,0.4549763033175355,0.061124694,0.42,0.08,0.1,0.74,60.26894865525673,11.156186612576064,7.505070993914807,14.198782961460449,39.60880195599022,3.3950617283950617,3.7037037037037033,8.024691358024691,51.46699266503667,8.31353919239905,7.600950118764846,16.152019002375297,25.4278728606357,2.8846153846153846,3.3653846153846154,10.096153846153848,4.278728606356968,0.0,0.0,0.0,10.757946210268948,0.0,4.545454545454546,3.4090909090909087,2.078239608801956,47.05882352941176,17.647058823529413,0.0,2.3227383863080684,26.31578947368421,0.0,10.526315789473683,1.3447432762836184,72.72727272727273,9.090909090909092,9.090909090909092,0.2444987775061124,0.0,50.0,0.0,0.6112469437652812,80.0,20.0,0.0,0.2444987775061124,0.0,0.0,0.0,0.3667481662591687,0.0,0.0,0.0,0.6112469437652812,0.0,0.0,0.0,0.1222493887530562,0.0,0.0,100.0,,,,,,,,,,,,
Tsung Hua Yang,0.6328125,0.7037037037037037,0.4468085106382978,0.3448275862068966,0.1352459016393442,0.1885245901639344,0.046875,0.0859375,0.2619047619047619,0.2619047619047619,0.4761904761904761,0.029684601,0.375,0.0625,0.3125,0.875,55.10204081632652,4.713804713804714,5.387205387205387,8.080808080808081,44.89795918367347,3.3057851239669422,2.479338842975207,6.6115702479338845,49.90723562152134,2.973977695167286,4.4609665427509295,8.550185873605948,37.84786641929499,2.941176470588235,1.96078431372549,7.352941176470589,2.782931354359926,0.0,6.666666666666667,0.0,5.380333951762523,0.0,0.0,3.4482758620689653,0.5565862708719851,66.66666666666666,0.0,0.0,0.927643784786642,20.0,40.0,0.0,1.2987012987012987,42.85714285714285,42.85714285714285,14.285714285714285,,,,,0.1855287569573284,0.0,0.0,0.0,0.7421150278293136,25.0,0.0,0.0,0.1855287569573284,100.0,0.0,0.0,,,,,0.1855287569573284,0.0,0.0,0.0,,,,,,,,,,,,
Tung Lin Wu,0.6666666666666666,0.7647058823529411,0.5,0.3333333333333333,0.1666666666666666,0.1111111111111111,0.0392156862745098,0.0588235294117647,0.3698630136986301,0.3835616438356164,0.2465753424657534,0.017667845,0.6,0.0,0.0,0.6,53.35689045936396,12.582781456953644,11.920529801324504,9.271523178807946,46.28975265017668,6.106870229007633,7.633587786259542,3.0534351145038165,52.29681978798587,11.486486486486488,12.162162162162163,9.45945945945946,41.34275618374559,5.982905982905983,7.6923076923076925,3.418803418803419,,,,,4.240282685512367,0.0,8.333333333333332,0.0,0.3533568904593639,0.0,0.0,0.0,0.7067137809187279,50.0,0.0,0.0,0.3533568904593639,100.0,0.0,0.0,,,,,,,,,,,,,,,,,,,,,,,,,,,,,0.3533568904593639,100.0,0.0,0.0,,,,
Ty Trombetta,0.543859649122807,0.8064516129032258,0.4230769230769231,0.2950819672131147,0.1440677966101695,0.2796610169491525,0.0526315789473684,0.087719298245614,0.2352941176470588,0.1764705882352941,0.5882352941176471,0.013513514,1.0,0.0,0.0,1.0,48.64864864864865,5.555555555555555,4.62962962962963,10.185185185185183,51.35135135135135,5.263157894736842,3.508771929824561,16.666666666666664,44.5945945945946,5.05050505050505,5.05050505050505,11.11111111111111,47.74774774774775,3.7735849056603774,3.7735849056603774,17.92452830188679,3.603603603603604,0.0,0.0,0.0,1.351351351351351,0.0,0.0,0.0,0.4504504504504504,100.0,0.0,0.0,0.9009009009009008,100.0,0.0,0.0,,,,,,,,,,,,,0.4504504504504504,0.0,0.0,0.0,,,,,0.9009009009009008,0.0,0.0,0.0,,,,,,,,,,,,,,,,
Ugo Blanchet,0.4421052631578947,0.6904761904761905,0.4528301886792453,0.3465346534653465,0.1377551020408163,0.1224489795918367,0.0631578947368421,0.0421052631578947,0.3770491803278688,0.3278688524590163,0.2950819672131147,0.026578073,0.5,0.0,0.375,1.0,61.79401993355482,11.29032258064516,9.13978494623656,6.451612903225806,38.20598006644519,1.7391304347826086,2.608695652173913,5.217391304347826,53.82059800664452,9.25925925925926,9.25925925925926,6.790123456790123,29.56810631229236,1.1235955056179776,0.0,5.617977528089887,4.318936877076411,0.0,0.0,0.0,6.64451827242525,0.0,5.0,5.0,0.9966777408637874,66.66666666666666,33.33333333333333,0.0,0.3322259136212624,0.0,100.0,0.0,1.32890365448505,50.0,25.0,0.0,,,,,0.9966777408637874,33.33333333333333,0.0,33.33333333333333,0.9966777408637874,0.0,33.33333333333333,0.0,0.3322259136212624,100.0,0.0,0.0,0.6644518272425249,50.0,0.0,0.0,,,,,,,,,,,,,,,,
Ugo Humbert,0.6374284935984745,0.7367521367521368,0.5424492862509391,0.3430493273542601,0.2166045033844453,0.1841414560022102,0.023154453827295,0.186052846635794,0.3208711433756805,0.2254083484573502,0.4533575317604356,0.028412547,0.513761468,0.137614679,0.079510703,0.721712538,52.758710574333136,10.046113306982871,5.813570487483531,11.824769433465086,47.20653401685637,5.043254187373458,4.932817964292288,9.7736057426836,47.00669041619602,8.983364140480592,6.007393715341959,12.476894639556376,40.2728299591624,4.25026968716289,5.372168284789644,10.032362459546926,3.623251368494222,0.9592326139088728,1.9184652278177456,2.6378896882494005,5.100356242940308,1.5332197614991483,1.192504258943782,5.621805792163544,0.9383960378833957,53.70370370370371,7.4074074074074066,18.51851851851852,1.025284559909636,48.30508474576271,7.627118644067797,12.71186440677966,0.6516639151968026,60.0,6.666666666666667,8.0,0.0347554088104961,0.0,0.0,75.0,0.2780432704839691,37.5,12.5,15.625,0.3649317925102094,14.285714285714285,4.761904761904762,26.1904761904762,0.1303327830393605,0.0,0.0,6.666666666666667,0.3475540881049613,5.0,0.0,7.5,0.0695108176209922,37.5,25.0,0.0,0.0434442610131201,40.0,20.0,0.0,0.0608219654183682,28.57142857142857,14.285714285714285,0.0,0.017377704405248,50.0,0.0,50.0
Uladzimir Ignatik,0.55,0.7727272727272727,0.3888888888888889,0.3026315789473684,0.173076923076923,0.3141025641025641,0.1125,0.1625,0.2295081967213114,0.1147540983606557,0.6557377049180327,0.043103448,0.3,0.3,0.1,0.7,39.6551724137931,6.521739130434782,3.260869565217391,21.73913043478261,60.3448275862069,5.714285714285714,2.857142857142857,14.285714285714285,33.62068965517241,3.8461538461538463,3.8461538461538463,23.07692307692308,46.55172413793103,6.481481481481481,2.7777777777777777,16.666666666666664,2.155172413793104,0.0,0.0,0.0,10.344827586206897,0.0,0.0,0.0,2.155172413793104,20.0,0.0,40.0,1.293103448275862,33.33333333333333,0.0,33.33333333333333,0.4310344827586206,100.0,0.0,0.0,,,,,0.8620689655172413,50.0,0.0,0.0,1.7241379310344829,0.0,0.0,25.0,0.4310344827586206,0.0,0.0,0.0,,,,,,,,,,,,,,,,,0.4310344827586206,0.0,100.0,0.0
Ulises Blanch,0.5714285714285714,0.8571428571428571,0.6190476190476191,0.4516129032258064,0.2972972972972973,0.1621621621621621,0.0816326530612244,0.2244897959183673,0.4782608695652174,0.217391304347826,0.3043478260869565,0.030864198,0.6,0.0,0.0,0.8,61.11111111111112,14.14141414141414,7.07070707070707,11.11111111111111,38.88888888888889,12.698412698412698,4.761904761904762,4.761904761904762,56.79012345679012,11.956521739130435,7.608695652173914,11.956521739130435,33.33333333333333,12.962962962962962,5.555555555555555,3.7037037037037033,1.2345679012345678,0.0,0.0,0.0,4.320987654320987,0.0,0.0,14.285714285714285,1.851851851851852,66.66666666666666,0.0,0.0,0.6172839506172839,100.0,0.0,0.0,,,,,,,,,0.6172839506172839,100.0,0.0,0.0,,,,,,,,,0.6172839506172839,0.0,0.0,0.0,0.6172839506172839,0.0,0.0,0.0,,,,,,,,,,,,
Vaclav Safranek,0.6106194690265486,0.6956521739130435,0.3863636363636363,0.3473684210526316,0.1442307692307692,0.25,0.0442477876106194,0.0530973451327433,0.2758620689655172,0.1839080459770115,0.5402298850574713,0.026004728,0.363636364,0.181818182,0.181818182,0.727272727,55.08274231678487,7.296137339055794,4.721030042918455,10.300429184549357,44.91725768321513,3.684210526315789,2.631578947368421,12.105263157894736,52.00945626477541,6.8181818181818175,4.545454545454546,9.545454545454549,28.841607565011824,4.098360655737705,2.459016393442623,12.295081967213116,1.182033096926714,0.0,0.0,0.0,13.47517730496454,0.0,1.7543859649122806,10.526315789473683,0.7092198581560284,33.33333333333333,0.0,33.33333333333333,0.9456264775413712,50.0,25.0,0.0,0.9456264775413712,25.0,25.0,25.0,,,,,0.2364066193853428,0.0,0.0,100.0,1.4184397163120568,0.0,0.0,33.33333333333333,,,,,0.2364066193853428,0.0,0.0,0.0,,,,,,,,,,,,,,,,
Valentin Royer,0.5876777251184834,0.7419354838709677,0.5632183908045977,0.3946360153256705,0.1885593220338983,0.173728813559322,0.0331753554502369,0.1327014218009478,0.3210526315789473,0.2842105263157894,0.3947368421052631,0.045343137,0.540540541,0.108108108,0.081081081,0.702702703,57.72058823529412,9.766454352441617,8.067940552016985,9.341825902335456,41.544117647058826,4.424778761061947,4.71976401179941,9.144542772861357,52.57352941176471,6.993006993006993,8.158508158508159,9.557109557109555,37.37745098039216,3.278688524590164,4.918032786885246,9.18032786885246,1.1029411764705883,0.0,0.0,0.0,1.715686274509804,0.0,0.0,0.0,0.7352941176470588,83.33333333333334,0.0,16.666666666666664,1.3480392156862746,45.45454545454545,9.090909090909092,18.181818181818183,1.96078431372549,56.25,12.5,6.25,,,,,1.1029411764705883,11.11111111111111,11.11111111111111,11.11111111111111,0.2450980392156862,0.0,0.0,50.0,,,,,0.6127450980392157,0.0,0.0,0.0,0.2450980392156862,50.0,0.0,0.0,0.2450980392156862,0.0,0.0,0.0,,,,,,,,
Valentin Vacherot,0.7,0.6357142857142857,0.5166666666666667,0.3147208121827411,0.1460957178841309,0.1889168765743073,0.055,0.095,0.3,0.2076923076923077,0.4923076923076923,0.035493827,0.608695652,0.086956522,0.043478261,0.739130435,52.9320987654321,8.16326530612245,5.539358600583091,10.20408163265306,46.60493827160494,3.3112582781456954,2.6490066225165565,9.602649006622515,48.30246913580247,5.7507987220447285,5.7507987220447285,10.543130990415335,39.660493827160494,1.9455252918287933,2.723735408560312,10.116731517509727,2.1604938271604937,0.0,0.0,0.0,4.320987654320987,0.0,3.571428571428571,7.142857142857142,1.3888888888888888,55.55555555555556,0.0,22.22222222222222,1.0802469135802468,71.42857142857143,0.0,0.0,0.6172839506172839,75.0,25.0,0.0,0.3086419753086419,0.0,0.0,0.0,0.1543209876543209,100.0,0.0,0.0,0.7716049382716049,0.0,0.0,20.0,0.1543209876543209,0.0,0.0,0.0,0.4629629629629629,0.0,0.0,0.0,,,,,,,,,0.1543209876543209,100.0,0.0,0.0,,,,
Vasek Pospisil,0.5992700729927007,0.7710109622411693,0.4845173041894353,0.310841546626232,0.1970992934176273,0.1822238750464856,0.0386861313868613,0.1576642335766423,0.3365487674169346,0.1939978563772776,0.4683815648445874,0.077586207,0.488888889,0.137037037,0.088888889,0.733333333,52.78735632183909,12.629286880783884,6.477953184540011,14.262384322264564,47.1551724137931,4.996953077391835,3.7781840341255335,10.664229128580134,45.60344827586207,8.443604284814114,6.61625708884688,15.563957151858856,29.56896551724138,2.7210884353741496,3.69290573372206,12.050534499514091,1.9540229885057472,2.941176470588235,1.4705882352941175,0.0,13.275862068965516,0.8658008658008658,1.7316017316017316,4.761904761904762,2.8735632183908044,53.0,9.0,10.0,3.0172413793103448,39.04761904761905,11.428571428571429,22.857142857142858,1.0057471264367817,74.28571428571429,0.0,5.714285714285714,,,,,0.6609195402298851,39.130434782608695,8.695652173913043,13.043478260869565,0.3735632183908046,23.07692307692308,23.07692307692308,23.07692307692308,0.2586206896551724,0.0,0.0,0.0,0.4885057471264368,11.76470588235294,0.0,5.88235294117647,0.2011494252873563,28.57142857142857,14.285714285714285,0.0,0.4310344827586206,26.666666666666668,6.666666666666667,6.666666666666667,0.2298850574712643,75.0,12.5,0.0,,,,
Victor Estrella,0.6174142480211082,0.5982905982905983,0.5103448275862069,0.3415300546448087,0.1355704697986577,0.1986577181208053,0.0237467018469656,0.0897097625329815,0.2637795275590551,0.1889763779527559,0.547244094488189,0.021121631,0.620689655,0.068965517,0.0,0.862068966,58.922068463219226,6.798516687268233,4.8207663782447465,11.372064276885045,40.78659868900218,2.142857142857143,1.607142857142857,8.392857142857142,52.00291332847778,5.46218487394958,5.322128851540616,12.324929971988796,5.826656955571741,5.0,2.5,18.75,4.369992716678805,0.0,1.6666666666666667,1.6666666666666667,32.99344501092498,0.6622516556291391,1.3245033112582782,6.181015452538632,0.946831755280408,69.23076923076923,0.0,0.0,0.3641660597232338,60.0,0.0,20.0,0.5826656955571741,62.5,0.0,12.5,,,,,0.291332847778587,25.0,0.0,50.0,0.6554989075018208,11.11111111111111,0.0,33.33333333333333,0.5098324836125273,0.0,0.0,0.0,0.946831755280408,7.6923076923076925,7.6923076923076925,0.0,0.0728332119446467,0.0,0.0,0.0,,,,,0.1456664238892935,50.0,0.0,0.0,,,,
Victor Hanescu,0.6963350785340314,0.5789473684210527,0.4310344827586206,0.2857142857142857,0.0909090909090909,0.1306818181818181,0.0209424083769633,0.031413612565445,0.2574257425742574,0.3267326732673267,0.4158415841584158,0.052173913,0.4,0.133333333,0.066666667,0.666666667,48.17391304347826,5.054151624548736,7.9422382671480145,4.693140794223827,51.65217391304348,4.040404040404041,3.7037037037037033,9.764309764309765,41.56521739130435,2.092050209205021,7.531380753138076,5.02092050209205,37.21739130434783,3.738317757009345,5.14018691588785,9.345794392523365,2.4347826086956523,0.0,0.0,7.142857142857142,9.565217391304348,0.0,0.0,3.636363636363636,1.391304347826087,62.5,12.5,0.0,2.260869565217392,30.76923076923077,0.0,23.07692307692308,1.2173913043478262,42.85714285714285,14.285714285714285,0.0,,,,,1.391304347826087,12.5,12.5,0.0,1.0434782608695654,0.0,0.0,50.0,0.1739130434782608,0.0,100.0,0.0,1.2173913043478262,0.0,0.0,0.0,,,,,0.3478260869565217,0.0,0.0,50.0,,,,,,,,
Viktor Durasovic,0.5850340136054422,0.6511627906976745,0.5573770491803278,0.2677165354330709,0.1423357664233576,0.2080291970802919,0.0340136054421768,0.0272108843537414,0.3097345132743362,0.2300884955752212,0.4601769911504424,0.060679612,0.52,0.08,0.08,0.72,58.252427184466015,12.083333333333334,5.0,11.666666666666666,41.74757281553398,3.488372093023256,8.13953488372093,13.953488372093023,50.24271844660194,7.246376811594203,5.314009661835748,12.560386473429952,33.25242718446602,3.64963503649635,7.2992700729927,16.05839416058394,2.669902912621359,0.0,0.0,9.090909090909092,6.067961165048544,0.0,4.0,4.0,2.184466019417476,66.66666666666666,0.0,0.0,1.4563106796116505,16.666666666666664,16.666666666666664,16.666666666666664,1.9417475728155336,62.5,12.5,12.5,,,,,0.4854368932038834,100.0,0.0,0.0,0.7281553398058253,0.0,66.66666666666666,0.0,0.2427184466019417,0.0,0.0,0.0,0.2427184466019417,0.0,0.0,0.0,,,,,,,,,0.4854368932038834,50.0,0.0,0.0,,,,
Viktor Troicki,0.6006546644844517,0.6566757493188011,0.3811475409836065,0.3291814946619217,0.1543052003410059,0.2242114236999147,0.0294599018003273,0.1096563011456628,0.2550335570469799,0.1968680089485458,0.5480984340044742,0.052840159,0.35,0.1,0.158333333,0.666666667,48.656979304271246,5.610859728506788,3.2579185520361995,10.04524886877828,51.34302069572876,4.459691252144083,4.459691252144083,11.49228130360206,40.422721268163805,2.7233115468409586,2.6143790849673203,10.348583877995644,45.88287098194628,3.83877159309021,3.83877159309021,11.036468330134356,3.786878027300748,2.3255813953488373,0.0,6.976744186046512,3.126376045794804,1.4084507042253522,2.8169014084507045,18.30985915492958,2.2016732716864817,32.0,8.0,10.0,1.5411712901805372,28.57142857142857,25.71428571428571,11.428571428571429,0.9247027741083224,71.42857142857143,9.523809523809524,4.761904761904762,0.0440334654337296,100.0,0.0,0.0,0.6164685160722149,28.57142857142857,14.285714285714285,21.428571428571427,0.0440334654337296,0.0,0.0,100.0,0.2642007926023778,0.0,16.666666666666664,0.0,0.5724350506384853,0.0,0.0,0.0,0.3522677234698371,0.0,12.5,12.5,0.1321003963011889,0.0,33.33333333333333,33.33333333333333,0.0880669308674592,0.0,100.0,0.0,,,,
Vilius Gaubas,0.6203703703703703,0.6417910447761194,0.5121951219512195,0.3963963963963964,0.1050228310502283,0.1780821917808219,0.0092592592592592,0.0277777777777777,0.273972602739726,0.2054794520547945,0.5205479452054794,0.003610108,0.0,0.0,0.0,1.0,59.74729241877257,3.927492447129909,3.3232628398791544,7.552870090634441,40.25270758122744,3.1390134529147984,1.7937219730941705,5.829596412556054,55.415162454873645,3.5830618892508146,3.5830618892508146,7.81758957654723,37.18411552346571,2.912621359223301,1.9417475728155336,6.310679611650485,2.166064981949458,0.0,0.0,0.0,1.6245487364620936,11.11111111111111,0.0,0.0,0.1805054151624548,0.0,0.0,0.0,,,,,0.1805054151624548,0.0,0.0,0.0,,,,,1.083032490974729,33.33333333333333,0.0,16.666666666666664,,,,,0.7220216606498195,0.0,0.0,0.0,1.444043321299639,0.0,0.0,0.0,,,,,,,,,,,,,,,,
Vincent Millot,0.64,0.65625,0.3333333333333333,0.28,0.13,0.29,0.04,0.02,0.2790697674418604,0.0930232558139534,0.627906976744186,0.037433155,0.571428571,0.142857143,0.0,0.714285714,58.82352941176471,9.090909090909092,1.818181818181818,14.545454545454543,41.17647058823529,2.5974025974025974,2.5974025974025974,14.285714285714285,54.54545454545454,5.88235294117647,1.96078431372549,15.68627450980392,36.898395721925134,2.898550724637681,2.898550724637681,14.492753623188406,1.06951871657754,0.0,0.0,0.0,3.7433155080213902,0.0,0.0,0.0,2.13903743315508,50.0,0.0,0.0,0.53475935828877,0.0,0.0,100.0,1.06951871657754,100.0,0.0,0.0,,,,,,,,,,,,,,,,,,,,,,,,,,,,,,,,,,,,
Vincent Spadea,0.5,0.6470588235294118,0.4705882352941176,0.2950819672131147,0.1085271317829457,0.2093023255813953,0.0735294117647058,0.0147058823529411,0.2826086956521739,0.2391304347826087,0.4782608695652174,0.020408163,0.333333333,0.0,0.0,0.555555556,37.41496598639456,4.242424242424243,3.0303030303030303,5.454545454545454,62.58503401360544,2.1739130434782608,2.1739130434782608,4.710144927536232,33.78684807256236,3.355704697986577,2.684563758389262,5.369127516778524,58.27664399092971,1.556420233463035,2.3346303501945527,5.058365758754864,1.3605442176870748,16.666666666666664,0.0,0.0,2.947845804988662,0.0,0.0,0.0,0.4535147392290249,50.0,0.0,0.0,0.6802721088435374,66.66666666666666,0.0,0.0,0.4535147392290249,0.0,0.0,0.0,,,,,0.4535147392290249,0.0,0.0,50.0,,,,,0.6802721088435374,0.0,33.33333333333333,0.0,0.4535147392290249,0.0,0.0,0.0,0.2267573696145124,0.0,0.0,0.0,0.2267573696145124,0.0,0.0,0.0,,,,,,,,
Vincenzo Santopadre,0.5476190476190477,0.7391304347826086,0.5789473684210527,0.5142857142857142,0.2142857142857142,0.1517857142857142,0.0238095238095238,0.119047619047619,0.5,0.0789473684210526,0.4210526315789473,0.027906977,0.333333333,0.0,0.0,1.0,52.55813953488372,12.389380530973453,1.7699115044247788,9.734513274336283,47.44186046511628,4.901960784313726,0.9803921568627452,4.901960784313726,40.46511627906977,10.344827586206897,2.2988505747126435,11.494252873563218,8.837209302325581,0.0,0.0,5.263157894736842,4.651162790697675,0.0,0.0,10.0,33.95348837209302,0.0,1.36986301369863,5.47945205479452,0.4651162790697674,0.0,0.0,0.0,0.9302325581395348,50.0,0.0,0.0,0.9302325581395348,50.0,0.0,0.0,,,,,3.72093023255814,50.0,0.0,0.0,2.3255813953488373,80.0,0.0,0.0,1.8604651162790693,0.0,0.0,0.0,1.3953488372093024,0.0,0.0,0.0,0.4651162790697674,0.0,0.0,0.0,,,,,,,,,,,,
Vit Kopriva,0.5520833333333334,0.5471698113207547,0.3953488372093023,0.175438596491228,0.1568627450980392,0.1633986928104575,0.0520833333333333,0.0625,0.3272727272727272,0.3090909090909091,0.3636363636363636,0.007194245,0.5,0.5,0.0,0.5,46.40287769784173,6.2015503875969,6.976744186046512,10.07751937984496,53.59712230215828,6.711409395973154,5.369127516778524,4.697986577181208,44.60431654676259,5.64516129032258,6.451612903225806,9.67741935483871,40.647482014388494,6.1946902654867255,6.1946902654867255,3.5398230088495577,0.7194244604316548,0.0,0.0,0.0,11.151079136690647,0.0,3.225806451612903,6.451612903225806,0.3597122302158274,100.0,0.0,0.0,,,,,0.3597122302158274,0.0,0.0,100.0,,,,,0.3597122302158274,0.0,100.0,0.0,1.7985611510791366,60.0,0.0,20.0,,,,,,,,,,,,,,,,,,,,,,,,
Vladimir Ivanov,0.5543478260869565,0.7647058823529411,0.524390243902439,0.4712041884816754,0.184,0.184,0.0380434782608695,0.1141304347826086,0.3333333333333333,0.2361111111111111,0.4305555555555556,0.018284107,0.615384615,0.0,0.153846154,1.0,44.58509142053445,11.987381703470032,6.624605678233439,7.886435331230284,55.27426160337553,2.5445292620865136,3.307888040712468,9.4147582697201,40.22503516174402,9.44055944055944,6.293706293706294,8.041958041958042,48.10126582278481,2.046783625730994,3.508771929824561,8.771929824561402,1.2658227848101269,0.0,0.0,0.0,6.329113924050633,2.2222222222222223,0.0,15.555555555555555,0.2812939521800281,100.0,0.0,0.0,0.2812939521800281,50.0,0.0,0.0,0.8438818565400843,50.0,16.666666666666664,0.0,,,,,0.9845288326300984,57.14285714285714,0.0,28.57142857142857,0.2812939521800281,50.0,50.0,0.0,0.5625879043600562,0.0,25.0,0.0,0.2812939521800281,0.0,0.0,0.0,,,,,,,,,0.4219409282700421,66.66666666666666,33.33333333333333,0.0,,,,
Vladimir Voltchkov,0.6,0.7368421052631579,0.5,0.1578947368421052,0.1637426900584795,0.1286549707602339,0.0736842105263157,0.1052631578947368,0.4090909090909091,0.25,0.3409090909090909,0.161764706,0.318181818,0.136363636,0.181818182,0.545454545,51.47058823529412,17.142857142857142,8.571428571428571,11.428571428571429,48.52941176470589,9.090909090909092,7.575757575757576,10.606060606060606,43.38235294117647,15.254237288135592,6.779661016949152,11.864406779661016,25.0,5.88235294117647,2.941176470588235,11.76470588235294,2.2058823529411766,0.0,33.33333333333333,0.0,10.294117647058822,0.0,7.142857142857142,7.142857142857142,4.411764705882353,33.33333333333333,16.666666666666664,16.666666666666664,10.294117647058822,28.57142857142857,21.428571428571427,14.285714285714285,0.7352941176470588,100.0,0.0,0.0,0.7352941176470588,0.0,0.0,0.0,,,,,0.7352941176470588,0.0,0.0,0.0,0.7352941176470588,0.0,0.0,0.0,1.4705882352941175,0.0,0.0,0.0,,,,,,,,,,,,,,,,
Wayne Arthurs,0.4915254237288136,0.7068965517241379,0.4,0.2619047619047619,0.1435643564356435,0.1633663366336633,0.0677966101694915,0.059322033898305,0.3492063492063492,0.2539682539682539,0.3968253968253968,0.272727273,0.333333333,0.148148148,0.166666667,0.62962963,45.45454545454545,8.88888888888889,12.22222222222222,11.11111111111111,54.54545454545454,12.962962962962962,4.62962962962963,13.88888888888889,30.303030303030305,1.6666666666666667,5.0,8.333333333333332,22.727272727272727,0.0,4.444444444444445,15.555555555555555,1.0101010101010102,0.0,0.0,50.0,15.656565656565656,6.451612903225806,6.451612903225806,9.67741935483871,11.616161616161616,30.434782608695656,34.78260869565217,13.043478260869565,11.11111111111111,40.909090909090914,4.545454545454546,13.636363636363637,0.5050505050505051,0.0,0.0,100.0,2.525252525252525,40.0,0.0,20.0,,,,,1.0101010101010102,50.0,0.0,50.0,1.0101010101010102,0.0,0.0,0.0,1.0101010101010102,0.0,0.0,0.0,1.0101010101010102,0.0,0.0,0.0,0.5050505050505051,0.0,0.0,0.0,,,,,,,,
Wayne Ferreira,0.551622418879056,0.6310160427807486,0.4736842105263157,0.3833333333333333,0.1330203442879499,0.2347417840375587,0.0324483775811209,0.0876132930513595,0.3315143246930423,0.1814461118690313,0.4870395634379263,0.05135045,0.435064935,0.155844156,0.097402597,0.720779221,47.75086505190311,8.695652173913043,7.246376811594203,12.862318840579707,52.24913494809689,1.8211920529801324,3.145695364238411,11.258278145695364,43.59861591695502,6.746031746031746,7.341269841269842,13.690476190476192,40.05190311418685,1.7278617710583155,3.887688984881209,13.174946004319654,1.8166089965397925,0.0,4.761904761904762,0.0,10.121107266435986,0.0,0.0,4.273504273504273,1.124567474048443,53.84615384615385,7.6923076923076925,0.0,1.2110726643598615,21.428571428571427,0.0,14.285714285714285,0.6055363321799307,57.14285714285714,14.285714285714285,14.285714285714285,0.0865051903114186,0.0,100.0,0.0,,,,,0.1730103806228373,0.0,0.0,0.0,0.0865051903114186,0.0,0.0,0.0,0.6055363321799307,0.0,0.0,0.0,0.0865051903114186,100.0,0.0,0.0,,,,,0.4325259515570934,40.0,0.0,20.0,,,,
Wayne Odesnik,0.5068493150684932,0.5135135135135135,0.4166666666666667,0.4489795918367347,0.1557377049180328,0.2786885245901639,0.0273972602739726,0.0547945205479452,0.2884615384615384,0.0961538461538461,0.6153846153846154,0.02283105,0.6,0.2,0.0,0.8,49.77168949771689,10.091743119266056,1.834862385321101,16.51376146788991,50.2283105022831,3.636363636363636,2.727272727272727,12.727272727272728,46.118721461187214,8.91089108910891,1.98019801980198,16.831683168316832,43.37899543378995,2.1052631578947367,3.1578947368421053,13.684210526315791,1.82648401826484,0.0,0.0,0.0,5.47945205479452,0.0,0.0,8.333333333333332,,,,,0.45662100456621,100.0,0.0,0.0,1.36986301369863,33.33333333333333,0.0,33.33333333333333,,,,,0.45662100456621,100.0,0.0,0.0,0.45662100456621,0.0,0.0,0.0,,,,,,,,,,,,,0.45662100456621,100.0,0.0,0.0,,,,,,,,
Werner Eschauer,0.7419354838709677,0.4782608695652174,0.25,0.2280701754385964,0.134453781512605,0.3025210084033613,0.032258064516129,0.1129032258064516,0.1923076923076923,0.173076923076923,0.6538461538461539,0.047619048,0.375,0.25,0.375,0.75,46.42857142857143,3.8461538461538463,7.6923076923076925,26.923076923076923,53.57142857142857,7.777777777777778,3.333333333333333,14.444444444444445,41.07142857142857,2.898550724637681,4.3478260869565215,27.536231884057973,32.73809523809524,3.636363636363636,0.0,12.727272727272728,1.1904761904761905,0.0,0.0,0.0,16.071428571428573,3.7037037037037033,11.11111111111111,18.51851851851852,2.976190476190476,0.0,60.0,40.0,1.1904761904761905,100.0,0.0,0.0,,,,,,,,,,,,,2.380952380952381,50.0,0.0,25.0,0.5952380952380952,0.0,0.0,0.0,1.1904761904761905,0.0,0.0,0.0,0.5952380952380952,100.0,0.0,0.0,,,,,,,,,,,,
Wesley Moodie,0.6346153846153846,0.6363636363636364,0.4736842105263157,0.2659574468085106,0.1464646464646464,0.1616161616161616,0.0192307692307692,0.0769230769230769,0.328125,0.203125,0.46875,0.185328185,0.25,0.125,0.125,0.604166667,42.47104247104247,10.0,4.545454545454546,8.181818181818182,57.52895752895753,6.711409395973154,5.369127516778524,14.093959731543624,28.57142857142857,2.702702702702702,5.405405405405405,9.45945945945946,22.77992277992277,5.084745762711865,5.084745762711865,18.64406779661017,5.791505791505792,0.0,0.0,0.0,22.00772200772201,0.0,0.0,8.771929824561402,5.405405405405405,42.85714285714285,7.142857142857142,14.285714285714285,11.196911196911197,20.6896551724138,17.24137931034483,13.79310344827586,,,,,,,,,0.3861003861003861,100.0,0.0,0.0,0.3861003861003861,100.0,0.0,0.0,1.1583011583011582,66.66666666666666,0.0,0.0,0.3861003861003861,0.0,0.0,100.0,1.1583011583011582,0.0,0.0,0.0,0.7722007722007722,0.0,0.0,0.0,,,,,,,,
Xavier Malisse,0.4888888888888889,0.7121212121212122,0.4347826086956521,0.368,0.1884615384615384,0.2,0.0444444444444444,0.0989399293286219,0.2206572769953051,0.323943661971831,0.4553990610328638,0.02617801,0.533333333,0.033333333,0.2,0.8,46.774193548387096,8.189655172413794,6.0344827586206895,11.20689655172414,52.82258064516129,2.6717557251908395,6.106870229007633,7.633587786259542,41.12903225806452,4.901960784313726,6.372549019607843,12.745098039215684,36.49193548387097,2.209944751381215,5.524861878453039,7.734806629834254,2.620967741935484,7.6923076923076925,0.0,0.0,14.31451612903226,1.4084507042253522,5.633802816901409,7.042253521126761,1.0080645161290325,80.0,0.0,0.0,1.0080645161290325,40.0,40.0,20.0,1.411290322580645,57.14285714285714,0.0,0.0,,,,,,,,,0.4032258064516129,0.0,0.0,0.0,0.2016129032258064,0.0,0.0,0.0,0.6048387096774194,0.0,0.0,0.0,0.2016129032258064,0.0,0.0,0.0,,,,,0.2016129032258064,0.0,100.0,0.0,,,,
Yannick Hanfmann,0.6608884073672806,0.6213114754098361,0.5271565495207667,0.3508196721311475,0.1855277475516866,0.1877040261153427,0.0238353196099674,0.123510292524377,0.3270893371757925,0.207492795389049,0.4654178674351585,0.051397033,0.496644295,0.067114094,0.087248322,0.67114094,54.674025526043465,9.905362776025235,5.299684542586751,11.608832807570977,45.325974473956535,5.32724505327245,4.5662100456621,10.578386605783866,44.98102794066919,6.441717791411043,5.138036809815951,12.269938650306749,37.59917212832011,3.211009174311927,4.495412844036697,11.10091743119266,3.104518799586064,3.333333333333333,2.2222222222222223,4.444444444444445,4.622283546050363,0.0,0.7462686567164178,8.208955223880597,1.9317005864091064,50.0,7.142857142857142,8.928571428571429,1.8627112797516383,50.0,11.11111111111111,7.4074074074074066,0.758882373232149,59.09090909090909,4.545454545454546,4.545454545454546,,,,,3.2769920662297345,24.21052631578948,7.368421052631578,14.736842105263156,0.758882373232149,27.27272727272727,13.636363636363637,13.636363636363637,0.2759572266298724,25.0,12.5,0.0,0.2414625733011383,0.0,14.285714285714285,0.0,0.1724732666436702,40.0,0.0,0.0,0.2414625733011383,28.57142857142857,0.0,0.0,0.1724732666436702,40.0,40.0,0.0,,,,
Yannick Maden,0.5852272727272727,0.6116504854368932,0.5616438356164384,0.4569536423841059,0.110091743119266,0.1681957186544342,0.0113636363636363,0.0284090909090909,0.2719298245614035,0.2631578947368421,0.4649122807017544,0.01810585,0.384615385,0.0,0.076923077,0.615384615,46.239554317548745,4.518072289156627,6.325301204819277,9.036144578313252,53.760445682451255,4.145077720207254,2.33160621761658,5.958549222797927,42.33983286908078,2.960526315789473,6.578947368421052,9.210526315789473,52.22841225626741,4.0,2.4,5.866666666666666,1.949860724233984,0.0,0.0,7.142857142857142,0.8356545961002786,0.0,0.0,16.666666666666664,0.1392757660167131,0.0,0.0,0.0,0.5571030640668524,25.0,0.0,0.0,0.9749303621169916,57.14285714285714,14.285714285714285,0.0,0.1392757660167131,0.0,0.0,0.0,0.8356545961002786,33.33333333333333,0.0,16.666666666666664,,,,,,,,,,,,,,,,,,,,,,,,,,,,
Yannick Mertens,0.72,0.6388888888888888,0.5357142857142857,0.375,0.0957446808510638,0.1861702127659574,0.01,0.03,0.2459016393442623,0.1967213114754098,0.5573770491803278,0.009404389,1.0,0.0,0.0,1.0,45.14106583072101,7.638888888888889,4.861111111111112,11.805555555555555,54.858934169279,2.2857142857142856,2.857142857142857,9.714285714285714,42.63322884012539,5.88235294117647,5.147058823529411,11.76470588235294,47.96238244514107,1.30718954248366,3.2679738562091507,9.15032679738562,1.2539184952978055,0.0,0.0,25.0,6.583072100313479,4.761904761904762,0.0,14.285714285714285,0.6269592476489028,100.0,0.0,0.0,0.3134796238244514,100.0,0.0,0.0,,,,,,,,,0.3134796238244514,0.0,0.0,0.0,,,,,0.3134796238244514,100.0,0.0,0.0,,,,,,,,,,,,,,,,,,,,
Yasutaka Uchiyama,0.6388888888888888,0.7267080745341615,0.4945054945054945,0.3439716312056737,0.1722846441947565,0.1086142322097378,0.0238095238095238,0.115079365079365,0.4172185430463576,0.23841059602649,0.3443708609271523,0.035340314,0.555555556,0.037037037,0.148148148,0.925925926,51.57068062827225,11.6751269035533,4.568527918781726,7.614213197969544,48.42931937172775,4.594594594594595,4.864864864864865,5.9459459459459465,46.8586387434555,9.217877094972067,4.46927374301676,8.379888268156424,37.56544502617801,4.529616724738676,4.529616724738676,6.968641114982578,2.486910994764398,5.263157894736842,0.0,0.0,7.853403141361256,0.0,1.6666666666666667,0.0,1.0471204188481675,87.5,0.0,0.0,1.832460732984293,28.57142857142857,21.428571428571427,7.142857142857142,0.6544502617801047,80.0,20.0,0.0,,,,,0.3926701570680628,0.0,33.33333333333333,0.0,0.3926701570680628,0.0,33.33333333333333,33.33333333333333,0.1308900523560209,100.0,0.0,0.0,0.7853403141361256,0.0,0.0,0.0,,,,,,,,,,,,,,,,
Yen Hsun Lu,0.5773195876288659,0.625,0.5365853658536586,0.2195121951219512,0.0837988826815642,0.1005586592178771,0.0206185567010309,0.0103092783505154,0.35,0.25,0.4,0.003367003,0.0,0.0,0.0,0.0,44.1077441077441,5.343511450381679,5.343511450381679,3.816793893129771,55.892255892255896,4.216867469879518,1.8072289156626504,6.626506024096386,41.07744107744108,4.918032786885246,5.737704918032787,4.098360655737705,48.82154882154882,4.137931034482759,2.0689655172413794,7.586206896551724,1.3468013468013469,0.0,0.0,0.0,5.05050505050505,6.666666666666667,0.0,0.0,,,,,,,,,0.3367003367003366,0.0,0.0,0.0,,,,,,,,,0.3367003367003366,0.0,0.0,0.0,1.3468013468013469,25.0,0.0,0.0,1.6835016835016834,0.0,0.0,0.0,,,,,,,,,,,,,,,,
Yevgeny Kafelnikov,0.5352941176470588,0.6923076923076923,0.490506329113924,0.3580337490829053,0.1579140653690782,0.217040029379361,0.0639705882352941,0.0805884936319718,0.3240944881889764,0.2390551181102362,0.4365354330708661,0.059520431,0.386174017,0.113230036,0.120381406,0.722288439,45.31005148869488,9.239130434782608,6.966403162055336,12.15415019762846,54.64517573315424,4.916018025399427,4.178615321589513,10.569438754608768,41.549138124020594,6.734913793103449,6.573275862068965,12.176724137931034,42.93709424669801,3.388946819603754,4.37956204379562,12.043795620437956,0.4029550033579583,5.555555555555555,5.555555555555555,5.555555555555555,8.081486456234611,1.662049861495845,1.3850415512465373,3.32409972299169,2.0147750167897915,35.55555555555556,12.22222222222222,16.666666666666664,2.193866129393329,35.714285714285715,11.224489795918368,10.20408163265306,0.8059100067159166,61.11111111111112,13.88888888888889,2.7777777777777777,0.2462502798298634,45.45454545454545,0.0,0.0,0.0447727781508842,50.0,50.0,0.0,0.2686366689053056,41.66666666666667,8.333333333333332,33.33333333333333,0.0895455563017685,0.0,0.0,0.0,0.5372733378106112,0.0,4.166666666666666,4.166666666666666,0.1567047235280949,0.0,14.285714285714285,14.285714285714285,0.3581822252070741,18.75,0.0,0.0,0.2462502798298634,54.54545454545454,0.0,18.181818181818183,0.0223863890754421,100.0,0.0,0.0
Yibing Wu,0.6129032258064516,0.6666666666666666,0.5833333333333334,0.3633633633633634,0.1872340425531914,0.1929078014184397,0.021505376344086,0.0806451612903225,0.3300970873786408,0.255663430420712,0.4142394822006472,0.044711952,0.461538462,0.173076923,0.115384615,0.692307692,56.663800515907134,11.532625189681337,7.587253414264036,11.380880121396055,43.33619948409287,5.158730158730158,5.753968253968254,10.515873015873016,51.67669819432502,9.650582362728786,6.988352745424292,10.8153078202995,35.511607910576096,4.116222760290557,6.053268765133172,9.927360774818402,1.5477214101461736,0.0,5.555555555555555,5.555555555555555,4.729148753224419,1.818181818181818,3.636363636363636,9.090909090909092,1.3757523645743766,43.75,25.0,25.0,1.289767841788478,33.33333333333333,6.666666666666667,13.333333333333334,1.117798796216681,69.23076923076923,7.6923076923076925,0.0,0.0859845227858985,0.0,0.0,100.0,0.4299226139294927,0.0,20.0,60.0,1.0318142734307825,16.666666666666664,8.333333333333332,25.0,0.171969045571797,0.0,50.0,0.0,0.4299226139294927,0.0,0.0,20.0,0.0859845227858985,0.0,0.0,100.0,0.171969045571797,0.0,0.0,0.0,0.2579535683576956,66.66666666666666,0.0,33.33333333333333,0.0859845227858985,100.0,0.0,0.0
Yoshihito Nishioka,0.6495575221238938,0.6179836512261581,0.5131313131313131,0.3397003745318352,0.1277525022747952,0.1616014558689718,0.0254867256637168,0.0630088495575221,0.3016695451928612,0.2274035693724813,0.4697754749568221,0.027475728,0.448763251,0.176678445,0.091872792,0.671378092,53.640776699029125,5.719457013574661,3.819004524886878,8.126696832579187,46.33980582524272,4.357846218311335,3.855017808506181,7.668133249528599,47.66019417475728,4.338969240171115,3.6871053167651255,8.209411285394173,39.57281553398058,3.851815505397448,4.121687929342492,7.728164867517173,3.1067961165048543,1.25,1.25,1.25,4.524271844660195,0.0,0.4291845493562232,3.648068669527897,0.8834951456310679,47.25274725274725,8.791208791208792,17.582417582417584,0.7766990291262136,40.0,7.5,23.75,0.6407766990291262,56.060606060606055,9.090909090909092,13.636363636363637,0.1359223300970873,42.85714285714285,7.142857142857142,7.142857142857142,0.5242718446601942,22.22222222222222,5.555555555555555,27.77777777777778,0.3398058252427184,20.0,5.714285714285714,25.71428571428571,0.5922330097087379,1.639344262295082,6.557377049180328,0.0,0.912621359223301,3.191489361702128,5.319148936170213,2.127659574468085,0.174757281553398,22.22222222222222,16.666666666666664,11.11111111111111,0.0485436893203883,0.0,0.0,60.0,0.058252427184466,33.33333333333333,33.33333333333333,0.0,0.029126213592233,100.0,0.0,0.0
Yosuke Watanuki,0.4906367041198501,0.7938931297709924,0.4852941176470588,0.2955326460481099,0.1899641577060931,0.2114695340501792,0.0524344569288389,0.1535580524344569,0.3066037735849056,0.2028301886792453,0.490566037735849,0.046062407,0.677419355,0.096774194,0.064516129,0.774193548,51.2630014858841,14.782608695652174,8.115942028985506,19.420289855072465,48.736998514115896,4.2682926829268295,4.573170731707317,11.28048780487805,41.90193164933135,10.28368794326241,8.865248226950355,20.92198581560284,42.79346210995542,3.8194444444444446,4.861111111111112,11.805555555555555,4.3090638930163445,0.0,6.896551724137931,13.79310344827586,3.863298662704309,0.0,0.0,3.8461538461538463,2.823179791976226,84.21052631578947,0.0,5.263157894736842,1.040118870728083,28.57142857142857,14.285714285714285,28.57142857142857,0.4457652303120356,33.33333333333333,33.33333333333333,0.0,,,,,0.8915304606240713,33.33333333333333,0.0,50.0,0.2971768202080238,50.0,0.0,0.0,0.5943536404160475,25.0,0.0,0.0,0.7429420505200593,0.0,0.0,0.0,0.1485884101040119,100.0,0.0,0.0,,,,,0.1485884101040119,100.0,0.0,0.0,,,,
Younes El Aynaoui,0.7238605898123325,0.7555555555555555,0.5145631067961165,0.25,0.2166427546628407,0.1291248206599713,0.0294906166219839,0.1447721179624665,0.4110169491525424,0.2542372881355932,0.3347457627118644,0.052734375,0.574074074,0.074074074,0.037037037,0.833333333,55.56640625,13.708260105448156,8.611599297012303,9.84182776801406,44.43359375,4.175824175824175,2.417582417582418,5.054945054945055,47.55859375,10.677618069815194,9.44558521560575,10.472279260780288,13.76953125,5.673758865248227,2.8368794326241136,6.382978723404255,3.515625,2.7777777777777777,5.555555555555555,0.0,27.05078125,1.083032490974729,2.166064981949458,4.693140794223827,2.05078125,76.19047619047619,0.0,9.523809523809524,1.7578125,38.88888888888889,5.555555555555555,0.0,0.68359375,71.42857142857143,14.285714285714285,14.285714285714285,,,,,0.09765625,0.0,0.0,100.0,0.68359375,0.0,0.0,14.285714285714285,1.07421875,18.181818181818183,0.0,0.0,0.9765625,0.0,0.0,0.0,,,,,0.09765625,0.0,0.0,0.0,0.5859375,33.33333333333333,0.0,16.666666666666664,0.09765625,100.0,0.0,0.0
Younes Lalami Laaroussi,0.5384615384615384,0.6071428571428571,0.375,0.3181818181818182,0.1354166666666666,0.21875,0.0961538461538461,0.0576923076923076,0.3125,0.1875,0.5,0.095238095,0.6,0.0,0.1,0.8,55.23809523809524,13.79310344827586,5.172413793103448,17.24137931034483,39.04761904761905,4.878048780487805,7.317073170731707,14.634146341463412,31.428571428571427,0.0,6.0606060606060606,30.303030303030305,34.285714285714285,5.555555555555555,5.555555555555555,16.666666666666664,11.428571428571429,8.333333333333332,0.0,0.0,2.857142857142857,0.0,0.0,0.0,6.666666666666667,42.85714285714285,14.285714285714285,0.0,,,,,0.9523809523809524,100.0,0.0,0.0,,,,,1.9047619047619049,50.0,0.0,0.0,0.9523809523809524,0.0,100.0,0.0,0.9523809523809524,0.0,0.0,0.0,0.9523809523809524,0.0,0.0,0.0,1.9047619047619049,100.0,0.0,0.0,,,,,,,,,,,,
Yu Hsiou Hsu,0.7272727272727273,0.6015625,0.4166666666666667,0.256,0.1229235880398671,0.2425249169435216,0.0113636363636363,0.0454545454545454,0.2265625,0.21875,0.5546875,0.062880325,0.387096774,0.032258065,0.096774194,0.709677419,55.98377281947262,6.884057971014493,7.246376811594203,13.043478260869565,44.01622718052739,4.6082949308755765,3.686635944700461,16.129032258064516,49.89858012170386,3.252032520325204,7.317073170731707,14.227642276422763,33.062880324543606,3.6809815950920246,4.294478527607362,17.791411042944784,1.4198782961460443,0.0,0.0,0.0,7.302231237322515,0.0,0.0,13.88888888888889,2.028397565922921,30.0,10.0,10.0,2.231237322515213,27.27272727272727,9.090909090909092,0.0,1.8255578093306288,55.55555555555556,11.11111111111111,0.0,,,,,0.2028397565922921,100.0,0.0,0.0,0.6085192697768762,33.33333333333333,0.0,33.33333333333333,0.4056795131845842,50.0,0.0,0.0,0.8113590263691683,0.0,0.0,0.0,,,,,,,,,0.2028397565922921,100.0,0.0,0.0,,,,
Yuichi Ito,0.6388888888888888,0.4347826086956521,0.3076923076923077,0.3111111111111111,0.074074074074074,0.2222222222222222,0.0555555555555555,0.0277777777777777,0.1785714285714285,0.25,0.5714285714285714,0.052325581,0.333333333,0.0,0.111111111,0.666666667,55.23255813953488,3.1578947368421053,3.1578947368421053,10.526315789473683,44.76744186046512,2.5974025974025974,5.194805194805195,7.792207792207792,48.25581395348838,0.0,2.409638554216868,12.048192771084338,36.627906976744185,1.5873015873015872,6.349206349206349,7.936507936507936,4.069767441860465,14.285714285714285,0.0,0.0,5.232558139534884,0.0,0.0,11.11111111111111,1.744186046511628,33.33333333333333,33.33333333333333,0.0,2.3255813953488373,25.0,0.0,0.0,1.162790697674419,50.0,0.0,0.0,,,,,,,,,,,,,,,,,0.5813953488372093,0.0,0.0,0.0,,,,,,,,,,,,,,,,
Yuichi Sugita,0.6018808777429467,0.6041666666666666,0.5590551181102362,0.3833333333333333,0.0898379970544919,0.1752577319587628,0.0313479623824451,0.0438871473354232,0.2175925925925926,0.2731481481481481,0.5046296296296297,0.014029618,0.388888889,0.111111111,0.111111111,0.555555556,51.59781761496493,4.531722054380665,4.531722054380665,9.667673716012084,48.32424006235386,2.741935483870968,4.67741935483871,7.258064516129033,49.33749025720967,4.107424960505529,4.423380726698262,9.636650868878355,42.40062353858145,2.389705882352941,4.963235294117647,7.169117647058823,0.4676539360872954,0.0,0.0,0.0,4.286827747466875,0.0,1.818181818181818,7.272727272727272,0.1558846453624318,50.0,0.0,0.0,0.3117692907248636,75.0,0.0,0.0,0.7014809041309431,33.33333333333333,11.11111111111111,22.22222222222222,,,,,0.1558846453624318,0.0,0.0,50.0,0.3897116134060795,0.0,20.0,40.0,0.5455962587685114,0.0,0.0,0.0,0.9353078721745908,8.333333333333332,0.0,0.0,0.1558846453624318,0.0,50.0,0.0,,,,,0.0779423226812159,0.0,0.0,0.0,,,,
Yuki Bhambri,0.7215189873417721,0.7894736842105263,0.8636363636363636,0.5054945054945055,0.1529411764705882,0.088235294117647,0.0126582278481012,0.0379746835443038,0.4259259259259259,0.3148148148148148,0.2592592592592592,0.03875969,0.5,0.2,0.2,0.7,52.71317829457365,13.23529411764706,8.823529411764707,6.61764705882353,47.28682170542636,4.098360655737705,4.098360655737705,4.098360655737705,49.22480620155039,11.811023622047244,7.874015748031496,6.299212598425196,33.72093023255814,3.4482758620689653,3.4482758620689653,3.4482758620689653,1.550387596899225,0.0,25.0,0.0,9.689922480620156,0.0,4.0,4.0,0.3875968992248062,100.0,0.0,0.0,1.937984496124031,40.0,20.0,20.0,0.7751937984496124,50.0,50.0,0.0,,,,,,,,,1.162790697674419,0.0,0.0,0.0,,,,,0.7751937984496124,0.0,0.0,0.0,,,,,,,,,0.7751937984496124,50.0,0.0,50.0,,,,
Zachary Svajda,0.5688073394495413,0.6774193548387096,0.3617021276595745,0.2307692307692307,0.095,0.13,0.018348623853211,0.0458715596330275,0.2978723404255319,0.1914893617021276,0.5106382978723404,0.036789298,0.272727273,0.181818182,0.090909091,0.545454545,45.81939799331104,8.02919708029197,4.37956204379562,5.839416058394161,54.18060200668896,1.851851851851852,1.851851851851852,9.876543209876544,38.12709030100335,7.894736842105263,4.385964912280701,6.140350877192982,47.82608695652174,1.3986013986013983,2.097902097902098,9.79020979020979,5.016722408026756,0.0,0.0,0.0,5.016722408026756,0.0,0.0,0.0,2.0066889632107023,16.666666666666664,16.666666666666664,16.666666666666664,1.0033444816053512,33.33333333333333,0.0,33.33333333333333,0.6688963210702341,50.0,0.0,0.0,,,,,,,,,0.334448160535117,0.0,0.0,100.0,,,,,,,,,,,,,,,,,,,,,,,,
Zdenek Kolar,0.6859504132231405,0.6867469879518072,0.4605263157894737,0.3449781659388646,0.1528662420382165,0.1910828025477707,0.0330578512396694,0.0371900826446281,0.3368983957219251,0.2245989304812834,0.4385026737967914,0.026286966,0.625,0.041666667,0.083333333,0.791666667,52.026286966046,8.631578947368421,5.052631578947368,8.421052631578947,47.64512595837897,5.057471264367816,4.137931034482759,9.655172413793103,46.54983570646221,6.11764705882353,5.647058823529412,9.176470588235292,39.64950711938664,1.6574585635359116,2.7624309392265194,10.220994475138122,2.519167579408544,0.0,0.0,0.0,3.1763417305585984,0.0,0.0,0.0,0.547645125958379,80.0,0.0,0.0,0.6571741511500547,66.66666666666666,0.0,16.666666666666664,0.9857612267250824,66.66666666666666,0.0,0.0,0.1095290251916757,0.0,100.0,0.0,0.8762322015334063,50.0,0.0,12.5,2.9572836801752467,33.33333333333333,18.51851851851852,14.814814814814811,0.3285870755750273,0.0,0.0,0.0,0.9857612267250824,33.33333333333333,11.11111111111111,0.0,,,,,0.1095290251916757,0.0,100.0,0.0,0.2190580503833515,50.0,0.0,0.0,,,,
Ze Zhang,0.7345679012345679,0.6470588235294118,0.3953488372093023,0.3518518518518518,0.1635802469135802,0.25,0.0493827160493827,0.1049382716049382,0.28125,0.1484375,0.5703125,0.041597338,0.64,0.08,0.04,0.88,52.74542429284526,7.570977917981073,3.785488958990536,12.302839116719245,47.088186356073216,4.240282685512367,2.4734982332155475,12.014134275618376,48.75207986688852,5.119453924914676,3.754266211604096,12.627986348122866,40.26622296173045,2.066115702479339,2.8925619834710745,13.636363636363637,0.6655574043261231,0.0,0.0,0.0,4.825291181364393,0.0,0.0,3.4482758620689653,1.1647254575707155,28.57142857142857,14.285714285714285,14.285714285714285,1.3311148086522462,87.5,0.0,0.0,1.3311148086522462,87.5,0.0,12.5,,,,,,,,,0.1663893510815307,0.0,0.0,0.0,0.4991680532445923,0.0,0.0,0.0,0.4991680532445923,0.0,0.0,0.0,0.1663893510815307,0.0,0.0,0.0,,,,,0.1663893510815307,0.0,0.0,0.0,,,,
Zeljko Krajan,0.4137931034482758,0.625,0.4411764705882353,0.2727272727272727,0.1061946902654867,0.2389380530973451,0.0172413793103448,0.0172413793103448,0.2444444444444444,0.1777777777777777,0.5777777777777777,0.025380711,0.2,0.6,0.0,0.4,48.22335025380711,8.421052631578947,7.368421052631578,11.578947368421051,51.776649746192895,2.941176470588235,0.9803921568627452,14.705882352941178,45.17766497461929,6.741573033707865,7.865168539325842,10.112359550561797,35.025380710659896,4.3478260869565215,0.0,17.391304347826086,1.015228426395939,50.0,0.0,0.0,14.720812182741115,0.0,3.4482758620689653,6.896551724137931,1.015228426395939,50.0,0.0,50.0,1.015228426395939,0.0,0.0,50.0,0.5076142131979695,0.0,0.0,100.0,,,,,,,,,,,,,0.5076142131979695,0.0,0.0,0.0,1.015228426395939,0.0,0.0,0.0,,,,,,,,,,,,,,,,
Zhe Li,0.6168831168831169,0.6526315789473685,0.4067796610169492,0.3308823529411764,0.1172413793103448,0.2034482758620689,0.0454545454545454,0.0194805194805194,0.3009708737864077,0.1941747572815534,0.5048543689320388,0.030634573,0.428571429,0.071428571,0.0,0.5,50.54704595185996,9.090909090909092,5.194805194805195,10.822510822510822,49.23413566739606,4.444444444444445,3.555555555555556,12.0,47.92122538293216,8.21917808219178,5.47945205479452,10.95890410958904,43.32603938730853,2.525252525252525,3.535353535353535,13.131313131313131,0.87527352297593,0.0,0.0,0.0,4.157549234135667,10.526315789473683,0.0,5.263157894736842,1.0940919037199124,20.0,0.0,20.0,1.312910284463895,50.0,0.0,0.0,0.437636761487965,100.0,0.0,0.0,,,,,,,,,0.2188183807439825,0.0,100.0,0.0,,,,,0.2188183807439825,0.0,0.0,0.0,0.2188183807439825,0.0,0.0,0.0,,,,,,,,,,,,
Zhizhen Zhang,0.6272155517438537,0.7247037374658158,0.5015337423312883,0.3079128440366973,0.1878041797881477,0.1826510163183509,0.0274442538593482,0.1640937678673527,0.3039538714991763,0.2100494233937397,0.485996705107084,0.039207998,0.455,0.125,0.1,0.69,53.24446187022153,9.609720176730487,5.927835051546391,12.960235640648014,46.7163301313468,4.532102391942929,3.9446076374318086,9.94544691565254,46.08900215643991,7.783921735431731,5.827307528711187,13.908974904296045,38.03175847872966,3.350515463917526,3.762886597938144,10.618556701030927,3.5483238580670458,2.209944751381215,1.1049723756906076,3.867403314917127,6.13605175455793,1.2779552715654952,3.514376996805112,4.472843450479233,1.274259949029602,47.69230769230769,7.6923076923076925,9.230769230769232,1.372279945108802,38.57142857142858,8.571428571428571,18.571428571428573,1.0194079592236818,57.692307692307686,15.384615384615383,5.769230769230769,0.0588119976475201,33.33333333333333,0.0,0.0,0.8625759654969614,27.27272727272727,15.909090909090908,15.909090909090908,0.5489119780435209,35.714285714285715,14.285714285714285,3.571428571428571,0.3724759851009606,0.0,5.263157894736842,5.263157894736842,0.4508919819643208,0.0,0.0,4.3478260869565215,0.01960399921584,0.0,0.0,0.0,0.1176239952950402,16.666666666666664,0.0,33.33333333333333,0.0588119976475201,33.33333333333333,33.33333333333333,33.33333333333333,,,,
Zizou Bergs,0.6271981242672919,0.7177570093457943,0.5094339622641509,0.3444816053511705,0.2011428571428571,0.1965714285714285,0.0351699882766705,0.1688159437280187,0.3195084485407066,0.1981566820276497,0.4823348694316436,0.048309179,0.423076923,0.138461538,0.123076923,0.715384615,57.33927907840951,10.045366169799092,5.573558003888529,12.572909915748545,42.25195094760312,4.661389621811785,3.781882145998241,10.466138962181178,50.98476402824229,7.288629737609329,5.393586005830904,12.973760932944606,32.06986250464512,3.012746234067208,3.5921205098493627,11.12398609501738,1.7837235228539576,0.0,0.0,2.083333333333333,6.800445930880714,0.546448087431694,1.639344262295082,4.918032786885246,1.5235971757710889,46.34146341463415,12.195121951219512,14.634146341463412,1.89520624303233,39.21568627450981,9.803921568627452,15.68627450980392,1.0033444816053512,55.55555555555556,14.814814814814811,7.4074074074074066,,,,,1.7465626161278336,42.5531914893617,4.25531914893617,12.76595744680851,0.63173541434411,29.411764705882355,5.88235294117647,23.52941176470588,0.1114827201783723,0.0,0.0,0.0,0.63173541434411,5.88235294117647,11.76470588235294,5.88235294117647,0.1114827201783723,33.33333333333333,0.0,33.33333333333333,0.2229654403567447,0.0,16.666666666666664,16.666666666666664,0.0743218134522482,0.0,50.0,0.0,,,,
Zsombor Piros,0.5693430656934306,0.6025641025641025,0.4745762711864407,0.391025641025641,0.1604095563139931,0.1945392491467577,0.0437956204379562,0.0437956204379562,0.3203125,0.28125,0.3984375,0.015444015,0.75,0.0,0.0,0.875,51.930501930501926,8.921933085501859,9.293680297397769,12.267657992565056,47.68339768339768,6.882591093117409,4.453441295546559,7.28744939271255,43.82239382239382,7.488986784140969,11.013215859030836,13.215859030837004,38.03088803088804,6.091370558375635,3.5532994923857872,7.614213197969544,5.212355212355212,0.0,0.0,7.4074074074074066,5.791505791505792,0.0,0.0,10.0,0.193050193050193,0.0,0.0,0.0,0.9652509652509652,80.0,0.0,0.0,0.3861003861003861,100.0,0.0,0.0,,,,,1.1583011583011582,50.0,0.0,16.666666666666664,1.5444015444015444,12.5,50.0,0.0,1.1583011583011582,33.33333333333333,0.0,0.0,1.351351351351351,0.0,0.0,0.0,,,,,,,,,,,,,,,,
