player,return_points_won_percent,winners_percent,unforced_percent,aces_and_unret_percentage,net_frequency,net_points_won_ratio,forehand_side_shot_usage_pct,forehand_side_winner_pct,backhand_side_shot_usage_pct,backhand_side_winner_pct
Abedallah Shelbayh,-0.29962189947845413,0.6863567022585221,0.1294274939807639,0.023843836965452298,0.03365484431065663,0.8114283785432225,0.9448375717279343,0.954660655090992,-1.0455470572716854,-0.0873384099154491
Adam Pavlasek,0.4139665001834772,-0.017264816847203057,1.073919701271,0.7019253987772335,-0.23598476140369323,0.23897095508813143,-1.3209790288099534,-0.1414688985219977,1.3478696144533386,-0.7425021881797219
Adam Walton,0.2867818376446224,-1.4932423076621753,-1.5046357229038954,-1.2423489444986788,-0.23614428043202088,0.08799316913805802,-0.8293181437001683,-0.6588954658228163,0.8598518930872057,-0.7816257616931607
Adrian Andreev,0.8735218732921716,-0.22206857684415493,-0.434789735156599,-0.679539178880696,-0.2509418412838029,0.09871073126197093,-0.5563041002477361,0.2589158350093536,0.5738640335755659,-0.9123394181825013
Adrian Garcia,-1.12478533136739,0.2703101899867802,0.4199555062817376,0.07228283520639939,-0.412831011637575,-0.78012908336351,1.1072569318018783,1.165823049293083,-1.0623733321102862,0.9477169037112326
Adrian Mannarino,0.17869037785911213,-0.3314531856051531,-0.11667678463807891,0.017732138542974545,-0.3204922101515679,-0.22781639421958289,0.3274441398124558,-0.8880097892961619,-0.2998773867933599,-0.2510676203199487
Adrian Voinea,0.1312642404209584,-1.2970504889714904,-0.40864685441488596,0.30294473159186686,-0.2932812443630336,-4.252618087292927,0.47708440342983693,-0.6588954658228163,-0.4368703265275106,-0.7762964287626443
Adrien Bossel,-1.5209012010519423,-1.9242818229502128,0.9544454733402677,-1.005340711969454,-0.43282268536707347,-2.2269995021738382,0.35939593272940346,-1.0278276246167413,-0.3200539170027533,-1.0220727239111693
Agustin Calleri,-0.011711615091119496,1.2289191766710805,2.1328958124752035,-0.5692455641156803,0.5007799498142607,-0.13603837695419074,-2.271150714744703,1.4116875852664676,2.29100061209809,-0.14440860821103516
Agustin Velotti,2.7693993808373656,-1.0187341067265634,-1.1469610403572548,0.18665269216419275,-0.6275837074774876,-0.201380910977894,-0.9602417972100947,-1.1165540147068809,0.989805413885543,-0.5987230555178349
Aisam Ul Haq Qureshi,-0.5465472227474107,1.7883444543668034,-0.817558422107597,2.260733586850297,2.3570209021197384,-0.2955957291730544,-1.0110276148385542,0.37979045816623425,1.0402149130899032,2.9530708310203457
Akira Santillan,3.001571981267204,0.5120059956205324,0.7690929328122199,0.5936748301610498,-0.2747858116206862,0.8114283785432225,-0.7267472392378281,0.34559503680033987,0.758041029969639,0.030855267804671092
Alan Mackin,-0.8768367069184382,-2.1242686250883573,-0.03548384380007139,-1.4414358598232275,-0.8219948174654158,1.8242376741411948,-1.0897726458954466,-1.1017460535700858,1.1183764504200673,-0.6226862442948161
Albano Olivetti,-2.0523670073998685,0.8098234577098318,-0.03548384380007139,2.1617109355587716,6.086045450276959,-0.3205349446817395,-1.1379921589097026,4.5345341541224355,0.41639736043594605,1.8825562187532177
Albert Costa,1.0824508347304782,0.29557168078317725,0.07830113518157643,-0.8903815325925281,-0.48411968287062845,0.4352420689233141,0.3414335577805574,-0.03273728469466531,-0.3022246416661499,-0.0317021967544015
Albert Montanes,0.058336958414798745,-0.2774939487919853,0.7847096736593682,-0.7919324481261181,-0.7403984867414924,1.8242376741411948,1.5895013208197133,-0.5581410992983054,-1.59504272432625,-0.23367343947369287
Albert Ramos,0.22328434029980185,-0.5727798104153539,-0.1569585088127684,-0.7020573720466199,-0.5999344133485843,0.057208692917862534,0.5451327929502082,-0.4900886299357815,-0.5044144834903975,-0.8381196805647311
Alberto Martin,-0.004562822315514543,0.1300129863548931,-0.2826421019424863,-1.4414358598232275,-0.35715062195499514,1.2165520979977826,0.6208008936969439,0.21145830105566998,-0.6305946723809286,0.20157946895595558
Alejandro Davidovich Fokina,0.5369507386881134,0.3654828421862167,0.4131263217961621,-0.30382166958491147,-0.3506888957144306,0.25521344254894607,-0.43001348345506796,0.21997199664629696,0.4412749804349026,0.3320084231028927
Alejandro Falla,-0.7750372569159324,-0.5802993710317236,-0.5283571974205789,-0.5395118040347417,-0.0325947007673959,-0.506611112065349,-0.6495355926729274,-0.05311506294307953,0.6814015148877841,0.08129070226630461
Alejandro Gonzalez,1.2239252500254572,-0.16616999909020624,1.2901831771456143,0.32589710779469705,-0.5274044161252336,0.16691337391092814,-1.099479580541454,-0.8446404450769384,1.1280114575374969,-0.4972471694694631
Alejandro Lopez Escribano,0.671395250133254,-2.027260101663138,0.5871068023890663,-0.850597272408438,-0.8316841616954442,1.8242376741411948,0.6114456115022282,-1.443088542338766,-0.5702359299125505,-0.9352495761684838
Alejandro Moro Canas,-0.1930468464722907,-0.7049028347781822,-0.41208137153230506,-0.9968728450208382,-0.2638395502690545,0.5031820759431184,-0.1868742501920986,-0.011044327138439135,0.22216845210046426,-0.5109607660741643
Alejandro Tabilo,0.28903070167566636,0.6830849100260227,-0.45169466381342943,0.49429260258892993,-0.24066186511561233,0.08291643014412936,-0.16817623705237544,0.21922065349159867,0.20000240703025893,0.17303796318509387
Aleksandar Kovacevic,-0.07494605207603391,0.7729405240845033,0.04834630275989272,1.7197005418782383,-0.6697975113035924,0.5582260592013711,0.871044000654521,-0.24459009064677975,-0.846763870626911,-0.33648621639159954
Aleksandar Vukic,-0.31845981418975927,1.0895964438918264,-0.03872297823823406,1.5230028331018461,-0.5048539658100779,-0.17363271143147582,0.9522132272076076,0.11578412745927004,-0.9239439645024865,-0.7872096299278214
Aleksandr Nedovyesov,0.45468548599310843,-0.18318050838941777,0.2553597882861279,-0.22845597837564507,-0.19806040412588302,-1.214190206575866,-0.5109610816558986,0.46673576719969745,0.5074376949537549,-0.3977043409301456
Aleksandre Metreveli,-1.5016705304275104,-0.36643008584001835,0.43853403454847806,-0.5256360493303026,0.5261327065602296,0.6088665218543706,0.2464777897864458,0.4823767222639182,-0.20797248752801978,-0.4161070307001507
Alessandro Giannessi,0.6672194473690909,1.0062940083818113,0.43978726071558294,-1.104331635101906,-0.29542952096478103,-0.201380910977894,1.740118079125585,0.3898993236065169,-1.8795084776822255,-1.044894808460675
Alex Barrena,-2.0523670073998685,-1.9463856273970603,-1.4274933445629292,-1.082298679237767,-0.2317138791791861,-0.6065046304324542,0.12107290312918637,-0.41158929344447104,-0.08349684000729236,-1.8208456831438755
Alex Bogdanovic,-1.5939777494247829,-1.2305776030335278,-0.5277816669253576,-1.1720829743841334,-0.11713525347546216,0.30502373378266423,0.2142854546834476,0.17990588172847902,-0.17601869478546053,-0.8509070897898751
Alex Bogomolov Jr,-1.8773721687243314,-2.1662013416657095,-0.17863268832536947,-1.4414358598232275,-0.21209351005466312,0.8114283785432225,1.1283249527602977,-0.868154534758339,-1.0832852408937679,-1.8208456831438755
Alex Bolt,-1.2984943146998207,0.25481965317766947,1.1618346991822914,-0.42388051483108985,0.19721761383479722,0.30502373378266423,1.4392171719252853,0.4933796654163515,-1.391873776167383,-0.4161070307001507
Alex Corretja,1.0686163222013878,0.08799113715192151,-0.08536518208428182,-0.404301385048394,-0.258684487736493,0.5400719266088361,-0.7674627326573958,-0.6208863335411148,0.7984548251782568,0.2543170563060418
Alex De Minaur,0.670112755426816,-0.08353311525287403,-0.40391343765534266,-0.029619310120471042,-0.33695419678715915,0.3088894161918969,-0.6495328690290152,-0.5340398396420349,0.6715257683745552,-0.5932191607765734
Alex Kuznetsov,-0.6857406482194867,1.9424354752712287,1.8861252324331221,2.0144124816595066,0.3357960849300198,-0.9379694929092495,0.610445361204679,1.3445624025455767,-0.5692430913813824,-0.07495621510667463
Alex Marti Pujolras,1.0367779919974536,-0.47302624527206505,2.7949943901109835,-0.7231614986523061,-0.6526024695582808,-0.6065046304324542,1.05521794915804,-1.0051241071525,-1.0590968118400639,-1.2388825271314752
Alex Michelsen,0.555325529865209,0.5666752849900729,-0.9510009749194673,0.27483065159529724,0.1003687150340699,0.4443402948313433,-0.07463060859975344,0.1267961267828783,0.09456363408923729,0.6966353849996537
Alex Molcan,0.13062879217423917,-0.35979017492501414,-0.47234996787467115,-0.26368887515383516,-0.5336969785911276,-0.4731102327049459,0.00024957885278456635,-0.7042940753984552,0.03643119410525501,-0.6051331760099953
Alexander Blockx,-0.11284087874600371,1.4297521512070535,0.8756433230029792,0.28648831091813953,-0.3627418735796767,1.0646307039619294,-0.891967951384863,0.09715483259098219,0.9220374712291073,-0.7913801725082216
Alexander Bublik,-0.052978698752039234,1.7584696588489508,0.293905266028702,2.3563196193235383,0.41377969672122017,-0.44415862125837996,-0.31998078782465544,0.7076749422013912,0.29439817073519553,0.7089109046812849
Alexander Cozbinov,1.2598878078260352,-1.3983425056388636,0.8520389922567841,-1.1309952460968138,-0.21067943070365056,-0.5130145441322583,0.06662684639236807,-1.6009135640275107,-0.029454223743158193,-0.7862445168996084
Alexander Popp,-0.8981619192660031,0.9906201516104604,-1.2646192431693777,0.2680571197635649,0.13037114597839283,0.5220542984272705,-1.0693158827984897,2.351110289881189,1.0980712701312703,3.465689856205409
Alexander Ritschard,-0.9362888140692239,0.04225506474152966,0.21105027732683412,-1.1507057612540463,-0.34471727487354914,0.6088665218543706,1.195262588969959,0.5565880622494763,-1.1497268751298948,1.3617653262989386
Alexander Shevchenko,-0.10768530689950216,0.19222315106528998,0.09934459232481437,0.09264504100248294,-0.44258188149119737,0.3802323469778441,-0.2486629388936682,-0.03816329811921503,0.274925223148346,0.010291692992444708
Alexander Vasilenko,-1.2226295750403515,-1.4328248942915838,-1.0079822705432215,-1.0344137218263725,-0.4918569086858064,1.8242376741411948,-1.7512309067733494,-0.829571556619139,1.7749333639934535,-0.5863783825115112
Alexander Waske,-2.2516666847803415,-0.27817196837616776,0.3299667357527515,1.042089049988093,3.3666620829449547,-0.5130145441322583,-1.5912555812437026,-1.2113879785829496,1.616143441499718,2.0589086902721268
Alexander Zverev,0.34771822212326403,0.8924489158717303,-0.37039455078890027,1.31726974215546,-0.12302021663303804,-0.14649089701406837,-0.3871742084353816,-0.3238269188414417,0.4149738568449692,0.015229099442235996
Alexandr Dolgopolov,0.20356321435899552,0.8896733489706161,-0.00020078548297533365,0.39306033410039554,-0.3739041446167868,0.27927434578700855,-0.5108739220020926,0.6557231085468717,0.5381686356330048,0.6588234163872216
Alexandre Muller,-0.37718835817524676,0.030185294881752475,0.1653830933297891,0.19736380105884832,-0.24275948866983757,-0.2227032123216527,-1.174741645224216,-0.516260075856121,1.079752453805601,0.13171043942496194
Alexandre Penaud,1.162565493294964,-0.801942097157703,0.9132474637089831,-1.4414358598232275,-0.7353033956767919,1.8242376741411948,-0.13074010927859026,-0.9417620028568714,0.16645026021432566,-0.4063519011692914
Alexei Popyrin,-0.0537633373005531,1.324933979451394,-0.26752593553198606,1.1808108860567295,0.24738771700015225,0.08799316913805802,0.6430933293548824,1.0147104039652208,-0.6554235059907657,0.2326755349380275
Alexey Vatutin,-1.4084757420168048,-2.208678638977833,-0.6809549972959661,-1.4414358598232275,-0.4762506938666921,-2.2269995021738382,-0.17987435560206047,-1.0710724197867252,0.21522042611122832,-1.1418886677960751
Alexis Galarneau,1.5432740686505844,-0.3670981550454227,-0.900707111111779,-0.785162379991165,-0.4805890349279315,0.4949254763274806,0.21324596804825968,-0.6735248450339297,-0.17498691065445102,-0.29733238041222576
Aljaz Bedene,0.3350687899282355,-0.293917107892827,0.2662441306733469,0.18740678598169672,-0.5690465693090804,-0.1874111311107214,0.0415530044740964,-0.3585504380633793,-0.008951213625406178,-0.9531203496276286
Altug Celikbilek,0.014944900343336287,-1.3350349952217564,1.573151296552982,-0.7502661915266817,0.2851729687541121,0.30502373378266423,-0.5549562214676285,-1.4511135434415836,0.5875229684714938,-0.49605150685548427
Alvaro Guillen Meza,1.1392954519449627,-0.3740269870900702,0.2751491488198287,-1.0517338128049625,-0.4747581149824758,0.7765039227984344,1.2233126460482944,-0.35282347030506217,-1.177569083762177,-0.5424747337442515
Amir Weintraub,1.2842953332602973,-0.37917831054044887,1.776035369521458,-1.005340711969454,-0.31411944400556,1.0646307039619294,-1.5597789546927319,-1.045461424588968,1.5849000539720146,1.747395565399309
Andre Agassi,0.4454482621280948,-0.0855319446268149,-1.0150748277944617,-0.3657636263896545,-0.29198710794774274,0.009979187634324125,-1.1652065026310239,0.05622350944200491,1.1843452583978413,0.022873798188513265
Andrea Arnaboldi,-2.2252534745250974,0.6569431813909402,-2.176890686611671,0.4107435321849338,1.11204606134941,0.5220542984272705,1.2794127602049639,1.3030668350453904,-1.2332535010267403,7.14138691944709
Andrea Collarini,0.3790890566418934,-0.9826048372301728,-1.478673151127307,-0.10936340819715556,-0.6045009288035652,1.8242376741411948,1.8837639899836298,-1.0710724197867252,-1.975953455970979,-1.324047867035729
Andrea Pellegrino,-0.43094590328755056,-2.0997419418072645,0.8101747075371231,-1.4414358598232275,-0.823009890759551,1.8242376741411948,0.842053317601982,-1.6277003796352334,-1.6673721487800792,-0.09954620761424092
Andrea Vavassori,-0.4029903670097523,0.30237061953886973,-0.3032357560561219,0.6424199963882171,1.2100297407001024,0.2783708571029659,1.0466348405991754,0.1899427673141052,-1.0361788358056565,-0.4968795032156648
Andreas Haider Maurer,-0.24674599865370855,-0.17074585982039703,-0.36581186564707513,-0.020804574848054827,-0.14997365681668595,0.7080804958259529,0.13501410796837127,-0.13447749117036406,-0.09733474174966569,-0.24245852569326937
Andreas Seppi,0.04479936019767248,-0.2160035550323091,0.086396995494069,-0.31502985644518283,-0.5409925221597834,0.03106712288193131,-0.1972599971979159,-0.29401840891294523,0.23060050573195728,-0.37948442151167383
Andreas Vinciguerra,-0.6538913051029943,-0.6943629898006325,-0.3239287655185486,0.3601375378677719,0.18288106098066775,-0.045564100477567766,0.23874253509543786,-1.185765137411465,-0.20029455039122676,-0.5863783825115112
Andrei Pavel,0.5515976298499096,0.7898967410808113,-0.627910925802758,0.05636756855305087,0.41048991362797893,0.6728334258856467,-0.5107912298569961,-0.30615468703865595,0.5436852355488081,1.893812759488468
Andrei Stoliarov,-0.26425775239749977,-1.8416785785888077,-0.25414889036480304,-1.4414358598232275,0.17873070182700074,0.37736725533086635,-0.9333487309587131,-1.0222218178354472,0.9631116228803521,-0.49963203165626396
Andrej Martin,1.3855524274132798,-0.4007868583472782,0.3409654490217968,-0.6273915838295174,0.0024225450446241237,0.30502373378266423,1.226651938557619,-0.25373428979871865,-1.2332535010267403,-0.36593779311287483
Andres Artunedo,-2.367050708526931,-1.7528645639746618,2.7380250188776056,-1.4414358598232275,-0.6717707683918183,1.8242376741411948,-2.021907222871697,-0.9816509789267583,2.043603992490977,-1.3579204454067388
Andrew Harris,-0.3172874631463443,-1.6909638871223804,0.9013458164821662,-0.7987693261439823,-0.22872817753408,-0.78012908336351,-0.11158042355191401,-0.6406729057528329,0.14743254606702985,-1.8208456831438755
Andrey Golubev,-0.5359564186354049,0.5430293985845628,0.7030948484894589,-0.046508996158507517,-0.17888980288109446,0.26161762206911454,0.4309966107079893,1.1384060799331843,-0.4488041403311974,-0.5478012793667498
Andrey Kuznetsov,0.1382958398723729,0.7420018465499396,-0.7300669328880455,0.014647520876820372,-0.2808548045153407,-0.025240165766854825,-0.17925454286174042,0.8345385243902959,0.21460520612858405,1.754852704894697
Andrey Rublev,0.44963814544695124,1.280931635930853,-0.7246015209295211,1.8066355401232292,-0.4379751010331574,0.2282957547257316,-0.094584731754843,0.6093717418327704,0.12895697865669808,-0.4403339908179396
Andy Murray,0.5689807068449895,0.21817185440143463,-0.54583910645426,0.2798785419533195,-0.3634806212652461,0.25735085502591526,-0.5266152971257508,-0.5110826257780512,0.5569101641157607,-0.177998394300495
Andy Roddick,-0.18494967686839858,0.6532314751862197,-1.02950942018375,1.679109689241295,0.04688163494180029,-0.1705401934576262,-0.27692198061019785,-0.16920865546315855,0.30833929116573905,-0.4796189051091197
Ante Pavic,-1.484362926865522,1.743574281295059,0.18775809655778827,3.634081162185753,1.0644568524210998,0.08799316913805802,0.8292970005260596,-0.6274201347928452,-0.7864730593805968,1.159941213505004
Antoine Bellier,-1.6683951518962061,2.146878077719132,-2.2139489868487168,2.762235401455771,6.150829700950582,0.354030634300442,-0.6438685119208557,3.3654504301520762,0.6757764267036641,3.6439302940457377
Antoine Escoffier,-0.29013828108832346,1.746262461236947,-0.7235633459115661,1.839041073285757,0.2443804234511097,1.2717962407311059,1.4829187865590043,0.7754803339715869,-1.579535897601998,1.626166856314188
Antoine Hoang,0.23789030215878007,-0.4461975489655728,0.6503292567893175,-0.7231614986523061,-0.8051192126196534,1.8242376741411948,-0.4864259893045776,-1.338204825393714,0.519500539277364,2.7055344191747936
Antonio Veic,-1.3121110628438295,-1.0119708956705387,-0.1269810433935614,-0.10936340819715556,-0.6630856924393457,-4.252618087292927,0.3196859833381388,-0.5914483279014496,-0.28063821482997886,-1.1941161305151369
Aristotelis Thanos,-1.6747465660473957,-1.8104962286302348,2.1986253642051197,-0.6938441777881876,0.5128275433004396,-1.551793307134142,-0.23676664081870785,-0.9573684324863365,0.27169114451816595,-1.0933917381283753
Arklon Huertas Del Pino,1.2329308323666544,-2.0177182796868873,-1.0394031173725793,-1.2332995392566548,-0.5902961210089719,0.30502373378266423,-1.7737915296044533,-1.6373677130588784,0.7896215372374598,-1.115435797068239
Arnaud Clement,0.7549822420432974,0.6109087881025194,0.14404219624830586,-0.5361439024074504,0.05088830187833752,-0.05104203348886631,-0.026247906416667948,-0.15038697707227586,0.06273233534866186,0.044680809996919986
Arnaud Di Pasquale,0.9584816901694103,-0.7559378736168498,-0.8062273593231306,-0.8098497836212114,-0.4063019172063905,0.6088665218543706,0.8850479746714276,-0.7607274191550762,-0.84181092373051,0.8949823782473261
Arthur Cazaux,-0.4053243905574738,0.835386430494715,-0.2545979604325617,1.3059635716555469,-0.20225178970995192,-0.012951274587573275,0.13275554633230277,-0.3294391462184462,-0.10267054957872451,-0.22329976467846316
Arthur Fery,-0.21056309229757209,-0.43714592194423185,-1.503673216213275,-0.897396368441292,2.0775039702677875,-0.980464987786949,-0.38255312168636924,0.1920054323603042,0.41639736043594605,1.6314781237093463
Arthur Fils,0.28317608690254215,1.7171401073784731,0.4305481286647276,1.9868199752680873,-0.2945405726712226,0.3568993295228863,0.19775391781908228,0.4089099547538239,-0.16653281639449788,0.3573112158042704
Arthur Rinderknech,-0.916083316823277,1.0799415341357095,-0.1892841387487357,1.3519916383874264,0.5354715041449866,-0.13523826774036116,0.08801986942197805,0.9564091619420639,-0.06148840466862961,-0.12227358081442373
Aslan Karatsev,0.23740352180547128,1.0111830338240302,0.9729774376380168,0.47205815522217814,-0.13279406116890063,0.4204070724096841,-0.4167405712590105,0.8214679758305404,0.4435446593080692,0.5289618111981564
Attila Balazs,-0.4121535705674754,-1.3343032446635184,-0.3541216395823041,-0.73242955492548,-0.6666320946763507,0.30502373378266423,-1.3058675005148879,-0.5146335319354483,1.1992177923800442,-0.7012125500121963
Axel Michon,-0.9693800812569242,-0.9729160356359036,-1.4555203814910416,-1.0892051634797955,-0.21574381086552272,0.6088665218543706,1.3567134988975829,-0.25940087967318143,-1.3099814480715164,1.3742461537869493
Baptiste Crepatte,0.48870387920115427,-0.2704779200513073,-0.2631527452233507,-1.261867269530498,-0.17578401326648704,0.036927156429797575,0.598607459189238,0.11713424750233621,-0.7164953998456596,0.22740453075451675
Beibit Zhukayev,0.24653159680278916,1.9157137243288667,0.9772496828208226,3.464634553531726,0.3136562252448864,0.08799316913805802,0.2225315440507664,0.11659402493823948,-0.18420368135871992,-0.7544210517075399
Ben Shelton,-0.23815078007304144,0.8498987653189393,0.1507025305582208,1.2987995574926292,0.27237437222798844,-0.44840757096048595,0.2839727660100916,0.4416830212989282,-0.2733797540173712,-0.6813374056370778
Benjamin Balleret,-2.351316523470577,-1.4743115181393909,1.6563565624333119,-0.7369744671363634,-0.48933283143191614,0.30502373378266423,-0.8250884156811017,-1.0051241071525,0.8556535069792637,-0.9053980220007739
Benjamin Becker,-0.21056309229757209,-0.09882089645669481,-0.5033253387757771,0.6223383610058977,-0.6347144564140831,-0.6065046304324542,0.6187878243670938,-0.6879090391185999,-0.6033398700456831,-0.511428582115975
Benjamin Bonzi,0.11165998600086346,0.42637385947893597,-0.5967820698468397,0.7278579525775951,0.004383274840137841,0.14951364650004076,-0.4591567595290557,-0.14907659266745726,0.47259789078637776,0.6765917459220779
Benjamin Hassan,0.9067265076051114,0.190212780144546,-1.91876400811584,-0.8690609782651495,-0.44446025022912583,0.30502373378266423,-0.219615290128396,2.2263432119245454,0.25466688382195657,0.3518167659690859
Benoit Paire,0.31139528289875656,1.6485694627420533,0.8731147324270003,1.4384713622052818,0.22807791958540108,-0.08030193598192163,-0.363875532086038,0.20191152317116792,0.3725774560652571,2.2043596297027794
Bernabe Zapata Miralles,0.39380245564313654,-0.3481892811474044,-0.45743949974286513,-0.6838399095371097,-0.42372897674060295,-0.03456526500788109,-0.08644042041841032,-0.26072179584974564,0.11188716931522585,-0.5172482136760987
Bernard Tomic,-0.11044890207569424,1.0728497622091138,-0.4118859048349115,1.6317178666630967,-0.5561507276337411,0.31579830289047534,-0.4437933610984651,0.267478711578421,0.46783205282848894,-0.31757747451466106
Billy Harris,-1.502745536859932,-0.8165236026729671,0.17570381899659057,-0.2632138814112785,-0.592100848845313,0.4738252840618024,-0.31607448641071617,-0.5215031478348466,0.35041132597743885,-0.34247153682205184
Bjorn Fratangelo,-1.3010248608150794,0.6274978277085633,-2.2946328810357053,0.42120782253526384,-0.7013104146746887,-1.214190206575866,0.16480091127185428,3.5230796963053828,-0.12690082747092674,2.8796259615716653
Bjorn Phau,-1.1555184591877428,-0.47947921158485096,-0.3524562852489479,-0.7087960114288876,-0.46951276892211885,-0.045564100477567766,-1.2214501858791356,-0.5121884144119335,1.2490782714599669,0.2935533265897587
Blaz Kavcic,-0.7973710191426369,-1.3843174571772272,1.002235164512561,-1.0517338128049625,-0.8003211688647777,1.8242376741411948,-0.6261637558398204,-1.2746712373152065,0.6044683055538423,-1.431634655237493
Blaz Rola,0.5454012012145643,-0.20580787074828552,1.6108875137923881,-0.4837367115953323,-0.4183103697013021,-1.9737971767551314,1.0501760868406407,-0.5163307311576525,-1.0057154511698179,-0.802410160122175
Bob Bryan,-2.1563494477722895,0.22511761470882388,-2.7306219973305237,1.1751350272994139,3.7904620995447824,-0.9103474185041598,-0.9221524339887508,0.6875492504592862,0.9519982894822734,2.1535368457212973
Bobby Reynolds,-1.3402625421527885,-0.2101092331946997,-0.2061613122725426,1.3158108814457927,-0.09060848454214875,-0.6065046304324542,0.8696129537112115,-0.6314170022252225,-0.826490274912653,-0.5067353308578104
Bohdan Ulihrach,-1.106437195355238,-1.382706825213697,-0.4583974099748146,-0.32460682263673496,-0.5576462978396615,1.8242376741411948,-0.25852581706761324,-0.7607274191550762,0.29328908719246216,-0.9978674827222993
Borna Coric,0.03898413179068072,0.08259340863401478,0.03953566958018286,0.20357278104166096,-0.2649424052582873,0.11088483063591902,-0.05142370528263467,-0.28666681120807413,0.061186291706867034,-0.07157684470195716
Borna Gojo,-1.3285944948076278,0.8860590281489584,0.6324938696532475,0.8078970080541309,-0.3251068405629282,0.4738252840618024,1.339847883182831,0.1128189756951526,-1.2932408050799293,0.4215811565369337
Botic Van De Zandschulp,0.4618609759991273,0.3539883313696325,0.31051787146906434,0.10471966438560643,-0.21555292828235842,0.4017889536491963,-0.07320461360498,0.19168409318454568,0.07624216366564242,-0.504027569668296
Bradley Klahn,-0.029338775359730968,-0.48889267857160384,0.08857848812185598,-0.20200754487039746,0.03839322479445303,-2.333611002815776,0.30993266243501794,0.7348967569659103,-0.2709571651735073,-0.833271842637984
Brandon Holt,0.48870387920115427,-0.6981491477051889,-0.26813546101885777,-0.041487104929585995,-0.4177651877238194,0.8647341319026193,-0.5516484875764763,-0.9927954908440245,0.5602622611449013,-1.0060972647265152
Brandon Nakashima,-0.08895302908101749,0.8002291472823945,-0.7083038434464073,1.3803803716627219,-0.17931050961724326,-0.012951274587573275,-0.06177547280445692,-0.1649281554228763,0.09576225462544151,-0.40858447309123547
Brayden Schnur,-0.812376405958756,0.9584623774854069,-0.4242945763494317,1.1908031164438617,0.30220939793221857,0.235968556885224,0.04342895209603014,0.6337922561722903,-0.006428223795116946,0.347436398128132
Brian Battistone,-2.142051862221081,-0.1687455033114671,-0.9924649887657238,-0.4645827286307749,6.489212435644716,-1.0542729525745316,-0.4719061260891293,2.4270554677678406,0.5050882669661982,1.6461688633129774
Bruno Kuzuhara,0.5018576579082654,-1.9359418308487264,0.36593991243765844,-1.2095878065338808,-0.6180933495930581,0.16691337391092814,1.7950226572977552,-1.3984530648444553,-1.7450427743118513,-1.6545704957117613
Bu Yunchaokete,1.1566692041716435,0.21358093042481419,-1.1172055345795395,0.42472224457744967,-0.5189371627804842,-1.069503163479462,-1.0365271045921929,0.19681769099428328,1.0655254538761427,-0.7905218077133614
Cameron Norrie,0.0064285684868118555,0.23489971367074441,-0.2572526237530699,0.3385266242525725,-0.21244195371013058,0.3519353283570438,0.8787945853637085,-0.32579081410987015,-0.8371297718289659,-0.2834168394898249
Camilo Ugo Carabelli,0.9989797773218456,-0.7188846980952592,-0.5359531103798,-0.5993210915538727,-0.5808995093338255,0.691264565871211,0.23366963351158396,-0.7300940700915525,-0.533622463536728,-0.8619762891434157
Carlos Alcaraz,0.9977228295654124,1.0461136121403012,-0.23693768143752614,0.23601600235454645,-0.07529848308862666,0.20151402439646818,0.15453563605139256,0.805090875200929,-0.13197113100480903,0.18544996686345513
Carlos Berlocq,0.7928076972730822,-0.19296750729714268,-0.5088293563637284,-0.4107929862781354,-0.3053317385248042,0.30502373378266423,-0.09310015274012844,-0.9960723779674101,0.039828428583625015,-0.03082435281516022
Carlos Eduardo Severino,-0.4172961848090549,-1.3535230292373708,2.5171260829121267,-1.1552484190441885,-0.7983657690606639,-4.252618087292927,-0.9328729501272066,-1.8007133255270917,0.9626393675427943,-0.30268092832891824
Carlos Gimeno Valero,-2.367050708526931,-1.3509019408706002,1.6047482329632323,-1.4414358598232275,-0.8316841616954442,-4.252618087292927,1.7247241926734558,-1.1214146431716303,-1.6752652151028664,-1.29857105595326
Carlos Moya,0.0869669350607935,0.1375578775653609,-0.12316084344781279,-0.37741055951915825,-0.022987826370287415,-0.08927606641844665,1.1882158442822959,-0.24914582800909138,-1.1510625138203852,0.0077667272691529735
Carlos Taberner,0.21589568852676358,-1.0540806300258359,-0.8139790900827014,-0.1494361271776079,-0.49989072858024797,-0.09476941033595618,1.7883014628010958,-1.0558242550158057,-1.7584157436795032,-1.148611014482687
Casper Ruud,0.39704909880654604,0.6229655950942238,-0.7642791417935993,0.5400382203991984,-0.24470575134583716,0.08916235618655852,0.5440885161649549,0.227878900118844,-0.5236063962083325,-0.509184951917825
Cedric Pioline,0.07349621799183673,0.4353562703189112,-0.991629579552045,-0.05386038937940294,1.2244268270279886,0.129332323440337,0.12621194419873275,-0.25940087967318143,-0.0885978012363049,3.492730958708475
Cedrik Marcel Stebe,0.43566444893054473,-1.6980672434824786,1.1503048633906476,-1.4414358598232275,-0.3501126765081154,-1.214190206575866,1.4148707944656989,-1.2478410928269172,-1.626273768961424,-1.4813671754699753
Cem Ilkel,0.6151825206156843,0.6100336869038459,-1.1862031071013743,-0.25681918953387356,-0.22482863617299317,0.9860506754977292,1.9415680324096893,0.06568612376404726,-1.890502261134564,1.0143594358908954
Charles Broom,-0.014629489693406234,-1.0965877544151224,-0.6581438439656138,-0.25975868499364835,-0.16304257817874482,-1.4904109202424827,-0.6973193871960909,0.009025928868305602,0.7288312357129695,-1.2261388083866782
Chase Buchanan,0.17139781389803352,-0.8680490066155646,0.7998317666063821,-0.5551779787010431,1.1255541087376255,-0.28945128662184105,-1.1972422794762378,-0.2825599861166383,1.225049743505891,-0.729664765620625
Chieh Fu Wang,-2.122708070004741,-0.28536559079372176,3.4604902543263267,0.08489715766498,0.03574275060164922,-0.6065046304324542,1.454356537246157,0.9528585541601935,-1.4069009601280758,-1.8208456831438755
Chris Guccione,0.328646837411084,1.6204383764157764,-1.191706254075976,0.8262589090163958,3.989921581591161,-0.43007978613771236,-2.668663395903705,3.950534036216946,2.68556775939117,2.3645057813288655
Christian Harrison,0.7679114460973816,-0.5813797917702509,-1.3211477651908439,0.25448971516366875,-0.5484427261251508,1.8242376741411948,0.5784475583188221,-0.3633344305413793,-0.5374823893894167,-0.5673865778863979
Christoph Negritu,0.2290898257713276,-0.33688658097870083,-2.1618406385196214,0.7133872236895366,-0.6723288039880173,1.8242376741411948,-0.3449520836345293,-0.3937654251649505,0.3790749427557949,-0.7098251125747478
Christophe Rochus,0.6329339088843898,-1.7528645639746618,0.40827757422835614,-1.4414358598232275,0.008635665257747047,0.4738252840618024,-1.799001316480119,-0.8723240803411144,1.8223497991825537,-0.634318860205972
Christopher Eubanks,-0.8817215754945874,1.5510042941024456,0.4414453090809978,1.7989678504297486,0.4632922348591318,-0.054596957648170734,0.6760628487377865,1.8614952641702096,-0.6343743591260734,-0.1019671632760265
Christopher Heyman,1.2222799994054316,0.010452882138521236,-1.0207156159365816,-1.0251632186900803,-0.45117884942256853,-0.6065046304324542,1.5878188001435618,-0.31266682449313277,-1.5393742794424965,1.4821884455751535
Christopher Oconnell,0.04187258653063713,0.15234081657795048,-0.0303087835315176,0.05257481141228921,0.10840677716656444,0.21565821002399388,0.1869925398851485,0.003488505006133067,-0.156779759443997,-0.3830543565250042
Chun Hsin Tseng,0.9827079001520788,0.024569157069449513,-1.3033736095955795,0.4909857586480817,-0.5377607707076012,1.0646307039619294,0.4898699134271926,-0.21891370071264857,-0.4495610970247817,-0.7456644858189131
Clement Chidekh,1.4926980504297718,1.037848276626147,1.1822800475337558,0.3542500431040759,-0.15908768830152165,0.6848272188722968,-1.6442549691954969,0.5165721436298125,1.6255655311415798,0.7833730058613863
Coleman Wong,-0.5604665652946188,0.8395357825989282,-0.686333923575099,0.23753045941380027,0.298299486655891,0.001180945710957904,2.4617509043692687,1.2799849256234113,-2.406830623946503,-0.36593779311287483
Colton Smith,-1.6452868153035842,0.6808094154282324,-0.15226316433386825,-0.3479435487869,0.008635665257747047,1.1490314791014982,-0.1936933623805365,0.37979045816623425,0.22893703526973222,1.4949909034384055
Conner Huertas Del Pino,1.5350271854486333,0.92307125339368,2.3215440158919076,-1.4414358598232275,-0.15348075489942176,0.6088665218543706,2.878266013670045,-0.5434859187129217,-2.8550621538571455,1.597679149376518
Constant Lestienne,0.022584773925796938,0.0017592948381672199,-0.5373075034396957,-0.1861339388983467,-0.37585981635923726,-0.48077658124362,0.31207658127130933,0.6699630337568261,-0.2730851977605322,-0.5363324108642533
Cooper Kose,-0.9693800812569242,-1.8790017922774254,0.6343447117145373,-1.0958510256749556,-0.5271486671841473,1.8242376741411948,-1.6379949749136349,-0.0427258498971087,1.6625365003897734,-1.3116279216330253
Cooper Williams,0.38803720542224246,-0.6335413155723805,0.17621885103918014,-0.22036944583266233,-0.529387753061141,-0.6065046304324542,-0.9888496880415775,-0.8512447110059739,1.0182013227721187,-0.8431475810430431
Corentin Denolly,0.8920036980512613,-0.909395527987487,0.8561862952290142,-1.2718433023245388,-0.4941259077798409,1.2717962407311059,-1.4433824079999853,-0.7686752789273499,1.3991680864137166,-0.2718943173314032
Corentin Moutet,0.027124011823390488,-0.0290441441982718,-0.267819664757364,-0.6174861778163192,-0.08135009005895262,0.14972630606741172,1.08228239292953,-0.08990143209538777,-1.0578955806003758,-0.029294937998255322
Cristian Garin,0.4359784465443811,0.20900978559322106,0.2546424919094517,-0.002386928367413444,-0.2656878063684953,0.023687820702005025,-0.08225124544116975,-0.20126764774613048,0.11172121119927168,0.006753926155659079
Dalibor Svrcina,0.3553885544669185,-0.6903426365617735,0.06516307575276917,-1.185268080664369,-0.2482804895575297,0.8647341319026193,-0.9645645200140738,-0.5357597565633055,0.9620017309586247,0.5579818158849141
Damir Dzumhur,0.4946973992681852,-0.22742985755987463,0.24576153309081164,-1.1031456923588232,-0.037109203483171045,-0.28478874003975607,-1.8819818770101195,-0.3411769289431694,1.8858461546756555,0.07759723355677003
Daniel Altmaier,0.1948090650929941,0.9269101617219462,-0.020441083866903662,1.0658995436622554,-0.09167094762376529,0.44148007682268603,0.11213360995250383,-0.0770885736914928,-0.07912856736551639,0.09648789883771072
Daniel Dutra Da Silva,0.7235927846852815,-0.4520926039771605,0.5035889180543238,-0.9156177868129369,-0.5697879638611274,-0.4545832363966009,0.29661562812499254,-0.35883064333709064,-0.25773880891178724,-0.11456627284573849
Daniel Elahi Galan,0.19366308087889017,-0.08576678965751013,-0.4243353893956878,0.04755199306976652,-0.30548059757033186,-0.5412498036679552,0.42259712969506813,-0.2355997955169766,-0.3827867986797412,-0.8382345252535919
Daniel Evans,0.5820934440321927,0.49450258639472,-0.9916092897823362,0.19188607510816072,0.23365265548843175,-0.06318790586780205,-0.6641297713850148,0.08278941298215035,0.6883591966953387,-0.021092163335259637
Daniel Gimeno Traver,-0.077563565140251,0.40633360196738005,0.9728261237911511,-0.20200754487039746,-0.6594379659780738,-0.3460679540742982,0.4314709837297942,0.23563578222227669,-0.39159489823965454,-0.5305201336141192
Daniel Kosakowski,-1.8601851756401275,-1.064674686028699,1.2696967974600128,-0.27851546554649914,-0.5946907351766927,-1.214190206575866,-0.8277225543358339,-0.8222108626764404,0.8582681268991659,-1.1303809217732312
Daniel Masur,0.7031676624692714,3.047730481271501,-1.9993641618833264,0.46648041203703144,0.19477102087765352,0.9561154216396267,2.9705359382698275,2.8033909474740186,-2.9118456056729825,5.3681109499504815
Daniel Michalski,1.3526173112359983,-0.24997371202622312,-1.1294073394050326,-1.0489502267548316,-0.4047655562499602,0.39438925754133464,0.08833721151617434,-0.5551360938154978,-0.1334862600516176,-0.22044700410977455
Daniel Nestor,-1.1555184591877428,0.12103774437170764,-1.552341054515426,0.46152478535687624,3.9777865146066658,-0.6393524969495887,0.16334808039472676,2.542533751951654,-0.12545876194230976,0.7252431244103759
Daniel Nguyen,-0.0065438130846584,0.37806623666516304,1.073919701271,0.22365470470936294,0.9198509406090757,0.3574104234767017,1.1864356479313227,-0.5977962938234601,-1.1409653409449114,0.9886316217435741
Daniel Rincon,-1.2870562462588546,-0.644168282531305,1.0277860885056678,-0.3640243180668455,0.29468096637198443,0.4738252840618024,-0.9694927454026396,-1.0605206897652493,0.9989878133688641,-0.9721494139591252
Daniel Smethurst,0.5670001810291959,-0.699705103008432,1.3930631868393903,-0.850597272408438,-0.6936844297684572,-0.201380910977894,-0.45122939779758225,0.6106095523860234,0.4845647514054782,-1.1530191106706293
Daniil Medvedev,0.7217090790373898,0.5201863723443645,-0.6740993197534054,1.1699902698203228,-0.42341260367964756,0.01681698727420458,-1.0445450570654575,-0.6590746546445374,1.0646442635328126,-0.42842086507538857
Danilo Petrovic,1.2642804539128982,2.957214211058105,0.4192799234356734,0.44403433825044075,-0.5697879638611274,1.8242376741411948,-0.38255312168636924,2.9365558095238997,0.31065051034218505,3.9987858769801274
Darian King,0.014944900343336287,-0.7559378736168498,0.17471893316076242,-0.10936340819715556,-0.47444589351346117,-0.201380910977894,-0.1451294242733225,-1.0710724197867252,0.18073295165556194,-0.7938518784161103
Dario Acosta,-0.7901357173235433,-1.7725271319159754,1.2383724620697698,-1.4414358598232275,-0.32596859502281333,-1.8218757827192782,-0.8713666163602913,-0.0818477302733441,0.9015887902779132,-1.8208456831438755
David Ferrer,0.41026662993507695,-0.6703328854944212,-0.06962534726458103,-0.7883073128050189,-0.5081484443719332,0.27544611503983363,0.6046676597142753,-0.8073924987287882,-0.5648297201024222,-0.5910926602553337
David Goffin,0.5619719781595053,0.2556930068850087,-0.19349977900307172,-0.02246269625257247,-0.33241215578248406,0.3218106285205782,0.22589942905516744,-0.09701929899234145,-0.19049267878418674,-0.06962739584680186
David Guez,2.9699848625880345,-0.41887658300208014,-1.191706254075976,-1.1022507448258483,-0.6692279273926935,0.30502373378266423,-1.267792680769381,-0.8985922175125971,1.2950773725552467,-0.30268092832891824
David Nalbandian,0.5732740590316601,-0.12195577727491624,-0.32481484169961744,-0.6025352700587171,-0.34119768575654597,0.12772416863905453,-1.0527885429081205,-0.16416552421763364,1.0684451508501591,0.18714332916089535
David Prinosil,-1.4373851457686972,0.0075906857042510375,-1.100511247068298,-0.7545860019535339,5.781503175436466,0.036927156429797575,-0.7438500525323107,6.42305401592071,0.7750171129278339,2.4226356627798773
Davide Sanguinetti,1.0367779919974536,-0.9082198443451297,-0.22873478390922472,-0.5692455641156803,-0.3804677208290691,-0.6065046304324542,-1.4921742594476444,-0.587752594316717,1.5177963035490158,-0.4344936622766392
Denis Gremelmayr,-0.24206160452724473,-0.8243544111904242,-0.05288625235020473,-0.5369422198302156,-0.5801950983955743,-0.6065046304324542,0.05154244447927748,-0.8185044139535214,-0.014481595916248164,-0.2170102138183628
Denis Istomin,-0.3953754685757914,0.07558619843121966,-0.6840582239954666,0.36406020361887925,-0.44685747731354125,-0.4545832363966009,-0.6887679337400477,-0.08357930637401734,0.7143834264516045,-0.3720252738243014
Denis Kudla,-0.07016972350246194,0.10002902980366113,-0.03055316137753263,0.34936079930897584,-0.4253866221952163,0.4282032408179897,-1.0025073187167628,-0.27801646007094016,1.0317577516100098,0.10178225361391763
Denis Shapovalov,0.13893118376309194,1.7276606420907288,0.3323881289119487,1.4848515812853604,0.10413585868361241,0.1571356522222229,0.7970992113721693,1.0023300765654763,-0.7586309810371766,0.5788207878641827
Dennis Novak,-0.1680791485299477,-0.1521032609951888,-0.04485083943127889,-0.2821955933764876,-0.008532164524668848,-0.12494247586742667,-0.31959986858442424,0.8379576827829579,0.3539105853805418,-0.3437254589139286
Dennis Novikov,1.1585722392855191,0.1593644533809823,-1.2348390276606873,0.1652304743748857,-0.5629519054354384,-1.214190206575866,-1.3601801110342122,1.9185844196314943,1.3867802201198791,1.752612292370863
Devin Britton,-0.8219081296595607,0.4524844024607973,1.7080521418264156,-0.1593161251331326,1.0629089250207473,-1.214190206575866,-1.1545044875921797,1.2808192115061339,1.1826286348858288,2.252896408942927
Diego Hartfield,0.08678286315053424,-1.3369966363896086,0.3520261268726416,-1.4414358598232275,0.39036727439550994,-0.4264496426577924,-0.7824914355104868,-1.1451716474656302,0.8133721666702822,0.46543814404769723
Diego Schwartzman,0.47974702599592295,-0.653515376639507,-0.07549177293234904,-0.9388925434632316,-0.4916652828045217,0.16972478261410964,-0.4019651221037884,-0.7437065162926234,0.4168914158002648,-0.3471153144205712
Dimitar Kuzmanov,0.11959274201181,-0.7455717315602483,-1.0126554511758015,-0.22036944583266233,-0.6134492773244407,1.8242376741411948,0.19214536083680167,-0.8404839140726503,-0.1540426570791893,-0.5120128824734174
Dino Prizmic,0.6416547944001216,-1.1715364683184442,-0.9230066798569275,-0.7087960114288876,-0.6252318759660841,0.5582260592013711,0.23340458386634774,-0.9999111288639725,-0.19499615290938838,-1.2278701238881546
Dmitry Popko,1.0367779919974536,-1.441262851684358,-0.13941563970195275,-0.7892342143683264,-0.6348032170871927,-0.12035616951772396,0.439069560850648,-1.3805337501432273,-0.3991371705750193,-1.1984684190750585
Dmitry Tursunov,-0.1254032592332541,2.254705063203754,-0.35041130175572954,1.371993025076667,-0.5213105499373792,0.23897095508813143,-0.5566638331226024,1.8132039771342623,0.5735069662895347,0.5396403889064212
Dominic Stricker,-0.07131735322013259,1.1138945679916368,-0.5604285748928464,0.4410415284122278,0.6244856963014281,0.30502373378266423,0.8550810456795196,1.4569462311919164,-0.82961552428587,1.1400194965683363
Dominic Thiem,0.33989511841686226,0.5392407086284137,-0.20463881767198375,0.2004591824619204,-0.2903294987515744,0.23687046558676883,0.15122863718899682,0.13739072613610545,-0.12056920398397494,0.08057686741347463
Dominik Hrbaty,0.05024458896411516,-1.1261202108453015,0.07545651070703627,-0.2772835583491705,-0.5519621883375967,-0.6779970518701328,-0.5956256706467958,-1.078014347432433,0.6278910606234691,-0.802410160122175
Dominik Koepfer,-0.059370233595144976,0.24063554718378527,-0.23597846037918,0.08939961494370592,-0.12537250137500264,0.24425517616832298,-0.6806309920168354,-0.11117139015607584,0.683401218153004,0.2965795850594341
Donald Young,-0.18287989281684575,-0.7996412132075746,0.48926825128297513,-0.9116343165628585,0.290187983043256,-0.44170854239877344,0.0024220260963691708,-0.1167447855549535,-0.0030054009528722595,-0.46293165244827494
Dragos Dima,3.340926302936996,-0.044405882851665926,-0.4792452618284994,-0.9947042449486304,-0.1502394674762314,0.001180945710957904,-0.593819971079334,-0.7040557233875575,-0.28260724187875114,0.06514602615557
Duck Hee Lee,-0.6074443463914435,-2.488244604979777,1.44667929241488,-1.0892051634797955,-0.824977255850481,-4.252618087292927,0.1314569448779611,-1.8522077733183275,-0.09380393692364818,-1.3731817169804907
Dudi Sela,0.371901199424894,-0.7482088087026803,-1.1940910607445867,-0.8152479552126822,0.02380415000083318,0.4738252840618024,-1.366296160534464,-0.45478687813937857,1.3452190678042513,0.8573930625187282
Duje Ajdukovic,-0.010105144804467026,0.6333528575737294,0.07738033188345989,0.30294473159186686,-0.5191047674420242,1.8242376741411948,0.3861976166334107,0.7371877653452621,-0.3466570027956933,1.3432258446905336
Dusan Lajovic,-0.10348082617432378,0.035203866386060524,-0.012586846640437663,-0.057337477480750465,-0.35605875327456643,-0.5035070723729758,0.5419263226043938,-0.3561747385436457,-0.50817036738699,-0.23843520682403768
Dustin Brown,0.2918503864913717,1.9617270917633463,-0.701784370572726,0.8977523038732232,2.921753269928329,-0.08904786225403703,0.48967982504326124,2.5303025129547216,-0.48062764380768974,2.717081307190912
Dylan Dietrich,1.2560076371159723,3.5086929684693486,2.1093630100039995,2.7559799382693435,-0.43368828322211767,0.6088665218543706,-0.249240350411663,1.4002538220853018,0.2840724250245014,1.7215387447576915
Dzmitry Zhyrmont,-0.4632143167082072,-1.3895345041895255,2.4341449174016154,-0.3640243180668455,-0.5116814853719934,-1.6482513297882224,-0.7554300823671172,-0.9028820922631972,0.7865113357641141,-1.5709228554084889
Edouard Roger Vasselin,0.3890540405109174,-0.2126300752384565,-0.5888804356943449,-0.7713384375113319,0.679807236154855,-0.17114780003464486,0.47029779138944583,-0.1424446285172023,-0.43013400268306345,1.4046979088310116
Eduardo Russi,-0.9362888140692239,-1.4020940618117281,1.4765920991116104,-0.42388051483108985,1.0011378780226863,-2.902205697213535,-2.2400444014472702,-1.550696511672001,2.2601247938354194,1.3128020799998186
Eduardo Struvay,-0.520906328581502,0.1593644533809823,0.10843877826320385,0.9328599451584288,2.3936426385061513,-1.6939419746567261,-3.0992281209318175,1.5668600855822916,3.1129420378268744,1.1311413401074306
Egor Gerasimov,0.3170333334296915,0.4173546886523753,-0.3920825713620199,0.31581838909308596,0.22638539350679607,0.2487565523819034,-0.3242482711689664,-0.01905023284128435,0.35852454371239695,0.043316243248469805
Elias Ymer,0.5560112263866637,-0.44003194795103695,1.6546683396473343,-0.704585437587542,-0.6594379659780738,-0.045564100477567766,-0.10860270159438988,-0.6220626316388075,0.07196476298769292,-1.1668045215703062
Eliot Spizzirri,0.07035144990693756,-1.3862528133269514,-0.8199395117987115,-0.6620317657866958,-0.11346138467541908,-0.28945128662184105,0.2912168304317391,-0.8072791692498235,-0.25238001583270975,-0.9650175125374044
Elliot Benchetrit,-0.3886479614411426,1.0241927979267862,0.914469305819721,-0.03251307444949739,-0.12082728775639902,0.0176048820079537,-0.27386331966018185,0.4708177065909397,0.3085129402451636,1.6148404186160783
Elmer Moller,0.5642589538317159,-0.2453280352893408,0.5654224861805186,-0.3615812079948361,-0.5792349566454592,-0.061683081921886616,-0.5219438085546741,-0.9360601262048464,0.5547551746231398,1.0741994584406547
Emil Ruusuvuori,0.3601388200793567,-0.2568073644630191,0.42474028140995596,-0.14953632491560898,-0.3807795797136348,0.25768279111817227,-0.04256430185898184,-0.6105519993578967,0.07615600406436798,-0.3358503183453217
Emilio Gomez,-0.45085174273535933,-0.5839078513942753,-0.9999595269138805,-0.412447308707583,-0.6116718158386626,-0.6065046304324542,-0.031037495228811416,0.12798780992646464,0.06748643373064007,-1.245051747866589
Emilio Nava,0.11042037993628258,1.3631525589283717,0.6339189732258632,0.7829874524851685,-0.3085753283592455,0.30502373378266423,-0.28090383227405485,0.9571868630423229,0.29027726399384435,0.8359426377822997
Enzo Couacaud,-0.20692864857876414,-0.9326805956819203,-0.5655322042229154,-0.7055252978199849,-0.13916824139425954,-0.14180389716439876,0.09019317847235334,-0.998497721672506,-0.05284593138340166,-0.07339599216830346
Ergi Kirkin,2.4563797923550803,0.06812400432158724,0.7261962020696188,0.0639884861925393,-0.7446643290421588,1.8242376741411948,-1.5772570303941962,-1.1498166736783377,1.286021616478576,0.06296568891938539
Ernesto Escobedo,-1.4737550408114006,-0.8243544111904242,-1.3667680978853554,-1.1552484190441885,-0.2615709681471364,0.6088665218543706,-1.346011603942214,2.150664820377074,1.3727167004143157,-0.23367343947369287
Ernests Gulbis,0.2220105520999933,0.7469907536208528,0.24659461439271488,1.1526751913584472,-0.479816639405497,0.1818442267473388,-1.6721343203640393,-0.14616264816740296,1.6820405671379186,0.44234436801545896
Ethan Quinn,0.28641785018800825,0.9630276329192322,-0.03271033493739269,0.25974025873948003,0.1271104602871822,-0.010284817124869726,0.16902423846254827,1.3407515851220904,-0.14904335921666056,0.4634956769047985
Evan Furness,1.5022655946463643,0.06812400432158724,-1.9165023918608706,0.05987530491927037,-0.6195935246214803,1.8242376741411948,2.35695107923341,-0.1009236884733261,-2.3028073562607903,1.5182871792223556
Evan King,0.12641760125105855,-2.0662367405393436,-1.0062119457372574,-1.0958510256749556,-0.25918240683105154,0.001180945710957904,2.2463747278508297,-1.1658048025762204,-2.193050365877758,-0.5207152282225556
Evan Zhu,0.214666822803005,-2.3508591761347852,2.5700877849907005,-1.4414358598232275,-0.6488473455832218,0.30502373378266423,-0.5370109174011772,-1.9703675920716173,0.5697106375235563,-0.9287853710080795
Evgeny Donskoy,-0.0070168855071402435,0.40653780904921,-1.0015485237557644,-0.10645071333208334,-0.384200709023518,0.6480720434839636,0.4389509263967986,0.9165047533762625,-0.39901941519199713,-0.359798941256204
Evgeny Korolev,-0.8565689431170345,-1.0365853032553929,0.21809410935903117,-0.16357565913542566,-0.6283592937430731,-4.252618087292927,1.41237003075627,-0.20333146407323283,-1.3652255699437545,-0.9894697459833036
Fabian Marozsan,0.254501281695065,2.0126643507165376,-0.22462805476300712,1.4264132335784157,-0.08608388384946947,0.11693057897271038,0.08980272581226215,0.9562174555641024,-0.05967153705656539,0.7122468474344609
Fabio Fognini,0.20467097697430367,0.3894539058489395,0.7495692227137295,-0.3764820002477098,-0.2629715049689797,0.4997947514657138,-0.414137714788038,0.27514215860929997,0.4431600285323556,0.24199913894406344
Fabrice Santoro,0.3375110204987271,-0.5603940840289547,-1.8099123233991394,-0.412447308707583,0.61750668895673,-0.27691245436509204,0.37622751001441335,-1.203198164844293,-0.357609441861711,-0.20157581390435153
Facundo Arguello,-0.8331219222487437,-1.3162138434761301,1.9554457614085534,-1.4414358598232275,-0.604047281270227,1.8242376741411948,2.355367550793572,-0.22234630936364985,-2.301235561626861,-1.118476356922013
Facundo Bagnis,-0.14308561120603505,-0.10084557620335355,0.9555491613581049,-0.21217436922869826,-0.18345836693821227,0.23897095508813143,0.5255715963858637,-0.5121884144119335,-0.49469065940831064,-0.26023114324272284
Facundo Diaz Acosta,-0.3334072899932942,0.2194791414330541,-0.8230979178242608,-0.37873300805669463,-0.3975873087505486,0.4218863431771228,1.7201550935242118,-0.1429109827124414,-1.7071863452038647,0.6040008002411255
Facundo Mena,0.6837811057896677,-1.1464570482624787,3.341815443849913,-1.4414358598232275,-0.11860821654098874,1.3178330293806364,-0.01594300068092737,-1.2196883355821628,0.05250378805447155,-0.25402180157202847
Farrukh Dustov,-1.321123586795258,-1.0680883262962872,-0.22038443464524962,-0.21217436922869826,-0.1510523636816167,-0.8343867214862335,-0.7782592840414495,-0.8512447110059739,0.7655298178883659,0.040254765017607684
Federico Agustin Gomez,0.9722986846096531,1.748107401576008,-0.8389255690725939,-0.19261793642378613,-0.060963634381407374,1.8242376741411948,0.40351182245142286,1.0295034641182332,-0.36384291187748724,3.0433239790493207
Federico Arnaboldi,-0.3334072899932942,0.4046553910403472,0.6503292567893175,-0.24691436787593476,-0.6306614149265216,1.8242376741411948,-0.7782592840414495,0.6106095523860234,0.41639736043594605,-1.1742199542412086
Federico Cina,0.018926068232898188,0.37156666559567303,-0.5206629941778191,-0.6309935496524989,0.11354427248257307,-0.3108738074708179,0.9981569955771996,0.7525115285158672,-0.9540818167792097,1.1856060453334691
Federico Coria,0.5110911727646946,-0.7664517736003178,-0.2509403897470576,0.08044720717667578,-0.5078801137504674,-0.6836710546325738,0.6091303304845914,-1.1803509339783127,-0.6035161843936077,-0.8851214946415747
Federico Delbonis,-0.10622847835330153,-0.15456810436843965,0.1350007687758221,-0.420097781206583,-0.4354302114318958,0.12837095270516694,0.8668388258734098,-0.15229520965819854,-0.8271436648302265,-0.4140573147675965
Federico Gaio,0.402165861391212,0.46148130941619253,0.04782154875400185,0.17037180664432014,-0.18543941959209118,0.2037428023998105,-0.31535773562607294,1.4610606535487753,0.30523490346406684,0.1826340342758633
Federico Luzzi,1.2897352748265143,-1.0704920138219864,-1.1593293285111188,-0.8376118089487729,-0.5606132538687553,-1.214190206575866,-1.4212817978684524,-0.7239760375013283,1.447429148850125,-0.39146249293798013
Feliciano Lopez,-0.6336971586048429,0.503359260166675,-0.05851712747140601,1.085875228832078,0.7284112101805188,0.27401936653674114,0.017982453124456652,0.0062615481392211455,0.0124584425588637,0.09161608523345685
Felix Auger Aliassime,0.11393883380957034,1.0749942356505047,-0.004490571179149401,1.5326091138616116,-0.09663866277154007,0.21749700580884618,0.5448088042022566,0.394199705195897,-0.5148633623176712,-0.3774106237040137
Felix Mantilla,0.9061489288439313,-1.228840781785744,-1.5712567323212578,-1.280769226403416,-0.542524731524273,-0.6065046304324542,0.15896419765026248,-1.0343937142059545,-0.13088017654219486,-0.2182314083381538
Fernando Gonzalez,0.1110430937844336,1.1502075370150888,-0.4673215599278006,0.366376753097871,-0.18512756070752553,-0.028620264862758312,0.12556840063400831,1.0542384486888163,-0.1548271508855448,0.6478601436025744
Fernando Romboli,-1.2773127064758096,-2.0202754879765217,0.1420207234113013,-0.6450881985250323,2.916600981166802,-0.3855280594991607,-0.7021619451270097,-0.728141194088753,0.7336379107172325,-1.0664489994240973
Fernando Verdasco,0.09456367549526923,0.5996105132156161,0.2875207166206762,0.20129849412218961,-0.42832924880778384,-0.18928767024670784,0.4261665577684997,0.2131688793413002,-0.3969795572155232,0.11208476341476817
Filip Bergevi,-0.7781559552952093,-0.28110668000919947,0.44801740270851387,-0.9396277444846386,0.3694414018332207,1.356787230486504,1.7516653605238135,0.018508397648303487,-1.702006751278432,1.7736326334033032
Filip Cristian Jianu,-1.2984943146998207,-0.4461975489655728,-0.19685163217404442,-0.2966860967070714,-0.6973387733959228,-1.214190206575866,-1.4972863351500676,-0.829571556619139,1.1205166305724592,0.9254973002854292
Filip Horansky,0.5670001810291959,1.2040831533536014,1.1251229418127404,-0.32004833677066774,-0.753615741401628,1.8242376741411948,-0.6091848328533686,-0.3191383878824729,0.6413497506354038,0.7027113650514887
Filip Krajinovic,-0.11035387199480151,0.911305694126813,-0.47049503668427556,0.5380707129483636,-0.021984790879858215,0.29906603300900036,-0.9610345562403622,-0.1386144103857556,0.9841945834524797,1.4162715816130536
Filip Misolic,0.7108960870915456,0.3417955432298834,-0.8316784724526598,-0.7333432228441635,-0.4629823329284731,0.30502373378266423,0.5162769958752387,-0.08766181325117221,-0.6139149361510075,0.8430048076943844
Filippo Volandri,0.8689637685353937,-0.5890938632763824,-0.18385806025742954,-1.0167171071308574,-0.5346583893868142,0.6088665218543706,0.6658504193881802,-0.4740666422558424,-0.6242376029761633,0.15286657077414906
Fitriadi M Rifqi,3.112462929821735,-0.18822617885739412,-2.9907460532234333,-1.4414358598232275,-0.22647179637886994,1.2165520979977826,2.091365557464851,-0.9236585444866919,-2.039189799756602,-0.049653469193092055
Flavio Cobolli,-0.23009774483788625,0.38302353663341615,0.12622582548147457,0.4944011379666948,-0.3827045405532568,0.2646906211822579,0.08248440279682359,0.0656295513232526,-0.04519427705492029,-0.12815506316320968
Flavio Saretta,0.817548346878934,-0.4050272454168984,-0.8800620264993373,-0.7528645737383219,-0.11430811000989405,-0.6617487731657773,-0.9521785247539636,-0.11182423601617329,0.9818018895663025,-0.5910367496837088
Florent Serra,1.1296719094205545,-0.34993316524227425,1.1759524360731561,-1.4414358598232275,-0.6453963937024101,1.8242376741411948,-0.03213862851650876,0.011547278948536133,0.06857940771790985,-1.0522150997312714
Florian Mayer,-0.510518056347082,-0.5526383759813552,-1.0178725411931702,-0.06987920136268477,0.0752120258288856,-0.8702172364250509,-0.6317620698500129,-0.5297056742818895,0.6552299567180319,-0.019391893678354755
Frances Tiafoe,0.09384602395980549,0.4935893513446024,-0.35076903971530826,0.7511292106613441,-0.10621317650657723,-0.45849202194374955,-0.8225340994098491,0.15414063285302296,0.8341027003667494,-0.03903046147337526
Francesco Maestrelli,1.1210970862738068,1.9410681839809711,0.33196191635085615,0.18150051320220795,-0.3124361275719591,1.3178330293806364,-0.9612320499215123,0.2636898359239454,0.5312755541311195,1.088970096918126
Francesco Passaro,0.15084997405275088,0.5157633350961033,2.242796426077839,-0.6835325683808084,-0.08808078144376866,1.0646307039619294,0.2200680950299535,0.36993341499670584,-0.1817584862776231,0.6938099292553851
Francisco Cerundolo,0.6593143575074236,0.6966898836090638,0.5989985652305055,-0.24550140183388813,-0.4836848534701921,0.1872986666342642,-0.08621994302863702,0.5303040712118109,0.10912233491794308,-0.35310037055377785
Francisco Comesana,0.7870762726539647,0.4385603469039617,-0.7916465637042992,1.0189218400085105,-0.14697058737647392,0.13622218350352608,-0.4414880820371261,0.18194552026355815,0.31890026460481785,-0.6513503457026883
Francisco Llanes,-0.16898505615440437,-1.8642857823087713,1.5916413556374998,-1.4414358598232275,-0.474083164030704,-0.6065046304324542,0.7580116992194471,-1.673703552478785,-0.7157159758619754,-0.4320699699324658
Franco Skugor,0.1876490848482573,-0.18439664434836645,-0.7181937176899603,0.7316484362616777,0.3247198370534297,-0.7077855618153078,-2.0445190035777023,-0.8072791692498235,2.0660482218986322,0.8949823782473261
Franco Squillari,1.6457492284377848,0.12439814302891854,0.5660126754232951,-0.7911638050353529,-0.47157982660729525,-0.201380910977894,-0.1579631376470006,0.00492636529800543,0.16162502661931488,-1.3339442378745368
Frank Dancevic,-0.1613375103944566,0.91221052320604,-1.4267358570783857,0.10837920408787594,0.7631242113814015,-0.26468149385178463,-0.21394788729159647,0.7574944305258888,0.24904147593973164,2.27700139173634
Gabriel Decamps,-0.059370233595144976,-0.4243808069141376,-0.8376679456206906,1.141589246695278,-0.5313260207500407,0.8114283785432225,-0.8852830147851711,-1.760532051871809,0.9154020694193198,-0.18041262592771376
Gabriel Diallo,0.2207954470675001,0.9700697043027067,0.06423782317261006,1.2468797129140663,0.2746842708478677,-0.6477036524408739,0.2801940091291932,0.6430386813259935,-0.24143887266267017,0.006165921792023466
Gabriele Felline,1.8893377230139172,-1.9617793483511146,0.5746881059890181,-1.4414358598232275,-0.6405843723170264,-1.214190206575866,0.859145525703707,-1.2821070202162466,-0.8161004096223836,-1.4538418910639836
Gael Monfils,0.41911036837497734,0.5194250257367153,-0.1684566627183764,0.8111129482415977,-0.42381648649736375,0.05381512750959137,-0.31372603480054795,-0.36259876149849307,0.3378425575091517,-0.27561962450096367
Gastao Elias,1.913696572471531,1.002552051585048,0.27634850400369,-0.7231614986523061,-0.5110285976839419,0.30502373378266423,-0.38255312168636924,1.9669959150483787,0.41639736043594605,0.46777346971387834
Gaston Gaudio,0.9874405963249869,-0.39184618928688464,0.20026440952753224,-0.7113354909727166,-0.27415848613628757,-0.7141957452689681,0.5183325677778944,-0.7263426037441831,-0.4926545087911307,-0.008462952589585515
Gavin Van Peperzeel,-1.8703977367481326,0.35738578326224096,-0.008589212404408096,-0.40468135737840805,1.9352470436792422,-0.6779970518701328,2.2335042849944338,2.29136267508505,-2.333020742001865,-0.6892506575642083
Genaro Alberto Olivieri,0.028321624452263425,-0.6589107839670529,0.8197654345819901,-0.5256360493303026,-0.7234889802497507,1.8242376741411948,0.8386046051513476,-1.1782384278173414,-0.7957116954774974,-0.7938518784161103
George Bastl,-1.3938115517078726,-0.10413167105778824,0.5701905240495395,-0.05034754008713907,1.4286599871542713,0.7765039227984344,-0.9761123652189879,0.5395882926260881,1.005558382386905,-0.46293165244827494
Gerald Melzer,2.2728600336231484,1.056372536576795,-1.0079822705432215,-0.27232971876843065,-0.5989691954161833,0.30502373378266423,-0.5655890117625065,-0.14423126925166493,0.5980769707291927,0.2862622955217119
Germain Gigounon,-0.002427468629296199,-0.4993758577159411,1.3327805284542498,-1.1680627820641465,-0.8634898157506451,-4.252618087292927,-3.1021336556903694,-1.1423678929048067,3.1158260428294344,0.4113417645749201
Gianluca Mager,0.3822434400248947,-0.8623081108662763,-0.11646220475416401,-0.356043491831614,-0.49756989803923213,0.4218863431771228,-0.9167564408657265,-0.8042586358467292,0.5636876159236852,-0.8202774499997486
Gianluigi Quinzi,-0.5908360399430718,-0.8975890147903075,-0.5229963875496106,-1.280769226403416,-0.8658783770667299,-4.252618087292927,0.6049918226258715,-0.38083619428861476,-0.5638299630418826,0.32322910216496753
Gijs Brouwer,0.21245088973239917,-0.06827015085614621,-0.18862657499964242,-0.2659079157386418,-0.0780671960702421,0.7496717181052164,1.021991249951587,0.2217441151221234,-1.0150407810819864,-0.26045199534044916
Gilles Arnaud Bailly,0.5544727727367101,-1.4579260448549636,-1.1579391952837421,-1.1759866393904959,-0.3653319230740584,-0.201380910977894,-1.1149448662486527,-1.3603624157286804,1.1433621468432313,-0.805582856455576
Gilles Muller,-0.961388451435208,1.9021351243854965,-0.611013141940258,1.719994998252111,1.444846790322311,-0.040441353608669045,0.05668071852776928,1.8379908688681847,-0.03725662646629268,1.1967410517352368
Gilles Simon,0.5625578376630668,-0.4955769585786213,-0.5397653276949331,-0.568628302759908,-0.5366949355906091,0.010870692758804793,-0.41802603729103194,-0.9597608169590153,0.44844247525643577,-0.5673865778863979
Giorgio Galimberti,1.2897352748265143,0.1398203699789029,0.8579166269326581,-0.6887236868153441,-0.5774383507007752,0.8114283785432225,-1.4505876225883234,-0.7958924102338419,1.4765178199966056,0.8949823782473261
Giovanni Lapentti,2.5572416597549275,-1.2613003654418313,-0.45314164900329684,-0.15610279246473704,0.12248544183135861,-0.201380910977894,0.372885915536963,-1.1752013344723444,-0.33344394022891155,-0.9632157690203383
Giovanni Mpetshi Perricard,-0.9042181017920597,3.3942351131575808,-0.09828027087956495,5.103947866381245,0.9051983772784398,-0.26082344397338836,0.2891769577338336,0.8685838341610813,-0.2653384633292879,0.65970024421591
Giulio Zeppieri,-1.2245068090502145,-0.3816591680672913,0.5113181511699431,-0.42388051483108985,0.0527815003202291,0.023687820702005025,0.3758836894941982,0.43015098781418815,-0.3691506688319993,-1.1061540880409277
Goncalo Oliveira,-0.3334072899932942,1.4612090418169288,0.10105813097790754,0.006805700956280281,-0.1421756074601921,0.4520444353359969,0.30610677412495535,1.6375189919761048,-0.2899448592511151,0.6406299011986033
Gonzalo Escobar,0.2637050328953045,0.37658156307060847,-1.504176455752025,-0.7231614986523061,-0.4171580219347839,1.8242376741411948,2.4895077341166245,2.3528194279353896,-2.434381778036438,-0.09954620761424092
Gonzalo Lama,0.817548346878934,-1.4243148176048557,-0.08099783539273,-0.7987693261439823,-0.7135768822634929,1.8242376741411948,3.326353789879035,-0.6588954658228163,-3.2650268784214607,-1.8208456831438755
Goran Ivanisevic,0.0872716694941652,1.797450588268972,-1.1278196420238946,2.391969596927584,2.540017309777178,-0.3818141647931372,-0.7804886145335906,2.0351321279554906,0.7804048275192624,2.7218163619888895
Govind Nanda,-0.4172961848090549,-1.1261202108453015,-0.5901856163356055,-0.8599756626848634,-0.4234310229696556,1.0646307039619294,-0.2974695441151415,-0.8928337369915214,0.3319442446614055,-1.5398979526551306
Greg Rusedski,-0.9761487495453179,0.6280637048966496,-1.0866282082919891,1.268753997790765,3.9164148181207095,-0.3960133034273138,-1.1458104154398279,1.082111804681148,1.152658094206486,0.8885314802392709
Grega Zemlja,2.86369170131845,1.9974105897099637,-2.2218205862815954,2.1421286160186526,-0.339834640166727,-0.201380910977894,-0.20574824063409994,1.6492954763750738,0.24090258793991573,0.8359426377822997
Gregoire Barrere,-0.05447671473089269,-0.1871415612404575,-0.11379468227567659,0.1758276353025755,-0.20522947823873555,-0.7258714391639308,-0.06440369926600574,-0.19741344727107313,0.08901670124156016,-0.21161325466774286
Grigor Dimitrov,0.2522303199541768,0.7237621886024893,-0.25995939842126664,0.8179878467485121,-0.25961955677196136,0.308720121067239,0.11265687141476263,0.15582813944229362,-0.08425927811141627,-0.2869850563874196
Guido Andreozzi,1.206603773427292,-0.4404871265494251,0.6673865901241505,-0.619564235021886,-0.509057316680963,-0.3460679540742982,1.735113082659039,-0.752350497544196,-1.6855771243310251,-0.41002591099260205
Guido Pella,0.497403468293158,-0.2477795582518255,-0.31641345118097053,-0.05272303243641597,-0.44018389297943916,0.18385943365494614,0.441840053260536,-0.7914329315850626,-0.41790575367166033,-0.3978965188211537
Guillermo Canas,-0.1503712183613229,-0.17307893282776846,-0.7690853766462544,0.004563840955074313,-0.3736900747581104,0.11845360310163135,0.32270915291696367,-0.29045973962650584,-0.2836389829891788,-0.7413978937660362
Guillermo Coria,0.9363455629510103,-0.27103815687818666,-0.3796253516588526,-0.8305110343500783,-0.4151074981004809,-0.201380910977894,-0.19977253918222604,-0.6888837733395606,0.23054613677330424,-0.3675348379976508
Guillermo Garcia Lopez,0.33171782679216394,-0.025942609947932183,-1.1291300256589996,-0.056393121659221356,-0.5171123658948922,0.6667413415236739,-0.23656174063477567,-0.07547151220097424,0.2656913787141271,-0.42113472809615526
Gustavo Kuerten,0.29139719859448643,1.0585218705699904,-0.3434585786001565,0.7059255558267655,-0.2347555457339917,0.10225390885908878,-1.1068877920682685,0.347892234013019,1.1281389717109125,0.7580958832175276
Guy Den Ouden,-0.14619385542426197,0.530485755407419,0.2645238754304156,0.19392094462842255,-0.6049532710328873,0.8114283785432225,1.748786409845746,-0.10302379396323237,-2.1270124691967256,0.8949823782473261
Hady Habib,-1.9885911106381182,-1.856823076082073e-05,-0.6307735509113771,1.43973208330058,-0.3373620317753691,-1.8218757827192782,0.043591976234486234,-0.025550390219736572,-0.006590039939102558,-0.16932861878436098
Hamad Medjedovic,-0.6060775780303567,1.3129278546049472,-0.08666614232114145,2.451819373190172,-0.13398933893417783,-0.7415458682250223,-0.046963857073696685,0.6818605481987862,0.08329478264059638,-0.43299767581971454
Harel Levy,0.47687494151490256,-0.6510325160040337,-0.7553634774906324,-0.8821687999802212,0.44292501428660486,0.4902937272503945,-0.9913318330018761,-0.9668063128551434,1.020665075257443,0.26468781109851497
Harold Mayot,1.3740543691028677,-0.8243544111904242,-0.7616388914829529,-1.0517338128049625,-0.38744544099897366,-0.78012908336351,-0.6954755680675828,-0.7040557233875575,0.7270010791213892,-0.8352629189293268
Henri Laaksonen,0.35668602721372383,0.8029104624117303,0.22364691125302602,0.6976585880434579,-0.5586407400786498,0.13622218350352608,1.7155184712194484,0.3407787802699317,-1.6661277072319438,-0.4989824674224943
Henrique Rocha,-0.3489188214875293,-1.3716867117790277,1.8913749450075774,-0.8409113939262284,-0.5954117524827071,1.0646307039619294,1.7828144527154794,-0.921931359412505,-1.7329250314475098,-1.5754395330181645
Hernan Casanova,-1.023980672116631,-1.8511774036812279,-0.7663850029057176,-1.1759866393904959,-0.40412267589270046,-1.214190206575866,2.1516501733961615,-0.5836283698815808,-2.0990277120071563,-0.9894697459833036
Hiroki Moriya,-0.36175595099999924,-0.6714233272024325,2.0528051822160616,-1.4414358598232275,-0.49285825815854784,-0.6065046304324542,0.7488321030753361,-1.474392678872071,-0.7066043997147087,2.6071348517330835
Ho Gi Kang,-1.3285944948076278,-2.014637305843954,3.15104392903057,-1.4414358598232275,-0.7181039485304251,-1.214190206575866,1.0406773296570362,-1.8674294025396359,-0.9962870789381774,-0.19134884630915466
Holger Rune,0.20960717494812464,0.9631705993373211,-0.12910366392963807,0.4847070389793033,0.0985444438959289,-0.0907378783792827,0.27210729434353925,0.45422545555937566,-0.24702065438244075,0.4345132605720013
Horacio Zeballos,0.09666510100878306,0.7786486090567655,-0.3665804458523695,0.3409933015388402,-0.2732587872138171,0.6088665218543706,0.987632273229974,0.1485012639582174,-0.9632038938122077,1.6609851647935623
Hubert Hurkacz,0.0946119886192167,0.8147871227704376,-0.3004401042946535,1.2924028637015543,0.019019902584241105,0.2553762172073722,0.11695139814626747,0.043984785908779266,-0.09374235410965558,-0.1153291415800788
Hugo Dellien,-0.017383707854252212,-0.2952308172750247,-0.1449044674235189,-0.6649472424476806,-0.5415332262193213,-0.23571343235667225,1.9071884562541224,-0.32414401702339835,-1.868002881124434,-0.39146249293798013
Hugo Gaston,0.4660561885897362,-0.4210865836805651,-0.8224979166795894,-0.6396412240975485,-0.23570205430882538,0.3599350835870687,0.5675725639683865,-0.02169943210532089,-0.5715968034164787,0.27902137463282645
Hugo Grenier,1.4964530543427355,0.4977174313534937,-0.6204420766557254,0.43429869178878594,-0.07520720245359655,0.4949254763274806,-1.0589345852467953,-0.1987181577264014,1.0877668970777368,0.0408106492613837
Hunter Reese,-0.982442423567859,-1.4020940618117281,-0.36419600530260965,-1.4414358598232275,-0.2419633257367726,-1.8218757827192782,-1.1267169493989067,-1.0278276246167413,1.1550469998968504,0.4113417645749201
Hyeon Chung,0.45352080491323193,-0.8676221780784903,0.4063509689402463,-0.8228339320306509,-0.5329916068040866,-0.5630985187189037,-1.1334033113031827,-0.3785600884523713,1.1428950822646156,-0.6552949101113642
Hyung Taik Lee,0.5197269421896237,-0.7559378736168498,1.4826473231392894,-1.141173626874728,-0.5125487329862805,-0.201380910977894,0.23758340140741213,-0.4665462206396587,-0.1991440057814746,-1.163790507000843
Ignacio Buse,0.2637050328953045,-0.6022585153485684,0.34806873861645954,0.6719483182373667,-0.37563575729899157,-0.6065046304324542,1.5580657224382406,-1.314376874165421,-1.509841669415693,-0.5478012793667498
Igor Andreev,-0.03287722512160857,-0.46687800236849486,-0.013295772898650065,-0.5468242197530196,-0.449441308484623,0.6848272188722968,1.5857411523401475,-0.61589975219364,-1.5373120268258433,0.1642405057967272
Igor Sijsling,1.0280088061927122,1.6277564922988565,-2.032410224927997,1.0621895213804522,0.3634373659426006,0.37736725533086635,-1.0260752645062452,2.057862121253167,1.0551510610023054,2.252896408942927
Illya Marchenko,-1.2226295750403515,-0.9651094534596287,1.1035980126678058,-0.34466961971194177,-0.4050329441518587,-0.07477975130696835,0.5440296266247284,-0.9786607715094665,-0.5617142122897172,-0.6756169825572244
Ilya Ivashka,0.5065543026577283,-0.6973469011803857,0.11130480654247046,-0.4519510071067345,-0.24221356339423447,0.36780117229776466,0.3551875903739031,-0.6490928429086122,-0.3209619950267218,-0.7175979940208417
Inaki Montes De La Torre,3.49794098908272,-0.8482060481426809,-0.1657624252396085,-1.4414358598232275,-0.755589524237305,1.8242376741411948,0.11504145373019814,-1.1381385004317002,-0.07751008311575702,-0.7829496087268557
Inigo Cervantes Huegun,0.17551867188898232,-0.2731013921162293,-0.11431825044122533,0.17765772778857303,-0.5785039320086529,-0.201380910977894,-0.20943167565602364,-0.3550621683294203,0.21019100275311026,0.44234436801545896
Irakli Labadze,0.20798299215914648,-0.6533130672564869,0.8286831281500248,-0.5190475614850303,-0.17745045139398813,-2.2269995021738382,0.4105011373074211,0.12798780992646464,-0.370780436527576,-1.0733700699169393
Ivan Dodig,-0.5836150371394311,0.4755598027075063,0.13519362467240137,0.25448971516366875,0.49273057504695794,0.036927156429797575,0.39363973524090073,-0.48781096131317386,-0.3842573617025361,0.24494645280277882
Ivan Gakhov,1.9295172685110125,0.7629092605165237,-0.15226316433386825,0.9219184898359328,-0.12560372147811572,1.4191139546866345,0.07775812840015235,-0.09460016641808383,-0.7619246834659744,0.11903150356412551
Ivan Ljubicic,-0.3841548930299895,1.1436809600329325,-0.33204372219087896,1.4067453689825193,0.030030649580123504,0.31258201151847653,-1.139565170960141,0.3068167239111809,1.1678000172708496,0.45314203047328044
Ivo Heuberger,-1.079043001588259,-1.0580468541383685,1.230981326752971,-0.24691436787593476,2.270973394054054,0.2250651037435692,-1.3058675005148879,0.49520000527612906,1.3328700612485498,-1.1418886677960751
Ivo Karlovic,-1.1288830817434372,2.3152638417610336,-0.5577239691968702,3.3678230064810806,3.7366254699144763,-0.285218264358686,-0.9038759814500205,2.6349622375367554,0.9197190151160263,1.2591402604694093
Ivo Minar,-1.886283942916142,-1.0134328423028514,0.7068079827202093,-0.850597272408438,-0.29685351700047313,-0.201380910977894,-0.6199768190994172,1.194446084824313,0.652061769216329,-0.46293165244827494
Izak Van Der Merwe,0.6381786372365077,-1.7180454332452537,4.568540868244871,-1.4414358598232275,1.0571935426099583,-0.6779970518701328,-0.7021619451270097,-0.912796469464584,0.7336379107172325,-0.31205231570431935
J J Wolf,-0.06761194957704475,0.446072145681467,0.3604620717186769,0.5781987032410159,-0.11845544158341206,0.16691337391092814,0.6603423744001704,0.45876725618848374,-0.6187703721151377,-0.9665878394559482
Jack Brasington,-0.7559877975231513,-0.31108356278437577,1.9338264834162155,-0.27851546554649914,-0.19566714734118404,-1.7205948513364244,2.1297208858237857,-0.27027148065684503,-2.0772609185192765,1.2829578155889263
Jack Draper,0.5240980978357487,0.9103510063268836,-0.8682025253148222,1.283034857696225,-0.33711360704015214,0.14972630606741172,-0.267681602131389,-0.04615740083255536,0.28827142064726646,-0.02811610005993276
Jack Sock,-0.042388851324152266,0.6772440846111336,-0.0021973576471293367,0.6084220090739789,-0.07769561952692983,0.16691337391092814,1.154228146279479,0.5138144483583699,-1.1599975043681945,0.5571552601173574
Jacob Fearnley,0.3892857843218257,1.0800199121700462,-0.46371361219750307,0.736682608376161,-0.03738052542634095,1.5905124553522776,0.440663623549525,1.1900125848152898,-0.4007194214100577,1.0527483237223334
Jaime Faria,0.18975436313044597,2.1654482807748194,0.3491093851579008,2.7393893619922975,-0.479816639405497,-1.214190206575866,0.2875944113343294,1.537330990372937,-0.24878443854094343,-0.7488082904894541
Jakub Mensik,0.09029969759936739,1.028338856772841,0.06447018433837162,1.7825018668845385,-0.29955781685472777,-0.17159240710957452,0.1597550225050796,-0.32767767981939633,-0.13293416806317523,0.04878137955641386
James Blake,0.273183487121396,0.2141708329049661,-0.4390435803420525,-0.10604089440760459,0.12603565120507793,-0.0868097258928223,-0.3348950802348455,0.69712184119935,0.34759023378473775,0.1603380367195798
James Duckworth,-1.111279293132436,0.8873338704639937,-0.7300669328880455,1.0946251538494867,0.21644523148418757,-0.32958462258909066,-0.26402940586210605,0.8991334201607595,0.29875189487996984,0.14398169246069137
James Mccabe,-0.09652780056438524,0.4249137943738223,-0.5195872089219915,0.8278026086548161,-0.5125487329862805,0.4738252840618024,-1.2507442540176628,-0.5434859187129217,1.2781552731403345,0.38117706933547696
James Trotter,-0.45085174273535933,-0.2622293457210493,1.4517165841870945,1.2227090434289165,1.6038997525992904,-1.5939936916654986,1.5684503048817175,-0.43945477765611535,-1.5201493030202509,0.030855267804671092
James Ward,0.7378284759267445,-0.1968096182741818,-0.2803177296088585,0.14360227372221857,-0.5935303924230746,0.6088665218543706,0.3024865787347908,-0.1888499593818553,-0.32269352731615336,0.4245239739118422
Jan Choinski,-1.0521082492261769,-1.00590667570131,-0.09746169548001828,-0.7971545861096124,-0.10396926825641199,0.023687820702005025,-0.4516864778382552,-1.0887766647892019,0.4850184445234124,0.3303052565719276
Jan Hernych,0.13992944378532793,-1.5062766217598333,-0.22462805476300712,-1.1143644989328982,1.3836966329346794,-1.02428846403105,-0.9761123652189879,-0.49613841220629823,1.005558382386905,-1.5190870096559643
Jan Kroslak,-0.1007343175797713,-0.7627471024748844,0.6543443320924613,0.26679176596668386,0.4792909836027093,-1.214190206575866,-1.9848969091600766,0.9953080427523375,2.0068679219358447,-0.2893636936375589
Jan Kumstat,-0.8695667481635869,0.7426654630974936,-0.09627307914643037,2.45251609030417,-0.6405843723170264,-1.214190206575866,-2.770435135898054,-0.30522104726023624,2.7865853797788867,-0.608422441451375
Jan Lennard Struff,-0.06462124305906103,1.424619977766591,-0.36605915115728144,1.9532681538393406,0.8616103240030424,-0.12412251356582464,-0.626645243602533,1.1164968799393538,0.6567502360966893,0.4027115197236082
Jan Michael Gambill,-0.6622517576710739,0.09323209273752768,0.7998317666063821,0.7455487622494276,-0.2116345506591473,-0.6065046304324542,-1.5453620151598266,-0.8512447110059739,1.5705899426879963,-0.11328911759850945
Janko Tipsarevic,0.03310877303053341,0.030433711810059993,-0.40010706711891564,0.03554552523353476,-0.39223340490616776,0.6043484160568785,-0.8003757916051016,-0.25649612467277516,0.683388760111607,-0.23699110720711708
Jannik Sinner,0.8458868288332129,0.4449009188721616,-0.3566022573988707,0.31744597252990764,-0.3638097572988055,0.2664650022960392,-0.10910753555951683,0.08937357815502292,0.14113532912269836,-0.3260625744579748
Jared Donaldson,1.319290421273896,1.1714060507119206,-0.6188107912469392,1.3692029447586391,-0.608410404978554,1.0316043115762352,0.40209248054485586,-0.20729289017540287,-0.3624340871691138,0.5203854042623325
Jarkko Nieminen,-0.3434857106314046,-0.549630273201687,-0.2871011426821689,-0.761921666540114,-0.29500105492142414,-0.201380910977894,-0.9654985135464664,-0.25940087967318143,0.9950231784180434,-0.3198096080819004
Jarmere Jenkins,0.8801853883413672,-0.22517520322184612,0.34587362481811024,-0.45518991006161696,-0.2672827609718805,-1.3741074605772008,0.3243321777948207,-0.3633344305413793,-0.31643430769965203,-0.6376010920813189
Jason Jung,0.8637019563775683,-0.7545603594375156,-0.5209409655358671,-0.576113204239363,-0.5855456483338021,-0.5130145441322583,-0.10086398916241465,-1.0278276246167413,0.13679551951006716,-0.6296930246389628
Jason Kubler,0.3250145825116205,0.25470999587537047,0.05313617112661983,0.25601072464796276,-0.4144640376081028,-0.201380910977894,-0.8383925407373655,-0.2610719681381213,0.8627447024921956,-0.359798941256204
Jaume Munar,0.5178567575413833,-0.4980902282736259,-0.8656590504501761,-0.3316174321116632,-0.32209709956885496,0.13735129368827925,-0.02968247789645892,-0.7239320827040782,0.028030710982685263,-0.45697451400837247
Javier Barranco Cosano,1.8339767015193429,0.10765955349111185,0.6343447117145373,-0.4095487494086658,-0.6895225223000903,1.8242376741411948,-0.5504284632915545,-0.6767423030047587,-0.4584174903397212,0.020393680511176356
Jay Clarke,-2.2516666847803415,-1.0396268287786168,-0.7364572939341488,-1.0104712431206762,0.1427959179376206,0.30502373378266423,-0.585231887770678,-0.728141194088753,0.6175742947606637,1.2829578155889263
Jean Rene Lisnard,-1.2094273883152475,-2.228641299196949,0.903865143267405,-1.4414358598232275,-0.47893055552908553,1.8242376741411948,0.9772371453156302,-0.9474193335975524,-0.933316980760798,-0.6400508738433531
Jean Yves Aubone,0.402165861391212,-1.0446788542239718,-0.26864662276416057,-0.5406491609777286,-0.32263080574852754,0.08799316913805802,1.9192306114495143,-0.964391325819596,-1.868330358491248,-0.7627308540304204
Jelle Sels,0.1851551398062806,-0.2675987007096118,0.3530167183984024,-0.38996200333135095,-0.3415493926720543,0.30502373378266423,1.6433809552097096,-0.45178352462108695,-2.104009781667784,-0.8326063616133841
Jenson Brooksby,0.5474261055721861,-0.4584242492825325,-0.6463507036947678,-0.6838399095371097,-0.5038211258779427,0.5056746320244969,-1.3650313344980753,-0.6686376468242632,1.3844772618768326,-0.42858395250212233
Jeremy Chardy,-0.36848810055261183,0.5299963646794734,0.18962589840146002,0.798348819553753,-0.040126486233783065,0.025706369880280383,1.3559577888734327,0.6256215020999223,-1.3128151980166856,-0.6562794995896494
Jeremy Jahn,-0.8291842546220073,0.4626038470872621,2.4826042026868236,-0.3640243180668455,-0.2983720206727914,0.37736725533086635,0.7272286561238044,-0.0022549391630714887,-0.7120283102714285,-0.28358451631866716
Jerome Kym,-1.7566320022546515,-0.18083252312214135,-0.7252911965769346,0.23893076493443186,0.3446747084613567,-0.6779970518701328,-0.041986342610277394,0.881413056628138,0.07835415111982162,-0.7762964287626443
Jerzy Janowicz,-0.5296211340004282,0.9402959724430371,0.44276680360880566,0.6852400426276853,-0.18689682778475664,-0.025240165766854825,0.006210827294059958,1.540333389997575,0.030514117988533634,0.42845976647460426
Jesper De Jong,0.5329388247674267,0.4611696084577139,-0.3796099278346046,0.14677552323882664,-0.28665934644213326,0.5660340592478437,0.3394860931973383,-0.034901473821861234,-0.35853841421493265,-0.040050258273670536
Jimmy Wang,-1.3010248608150794,-0.365020766703524,-0.2267873526321138,-0.14854200971556966,0.615162961207761,-0.78012908336351,-0.7591314937161275,-0.11106533713660836,0.7403469253757494,1.0212999624980794
Jiri Lehecka,-0.05316854632163667,1.7349350423517496,0.19249699139549406,1.9976640641147163,0.14799798954399196,-0.16438331158266953,0.054179787558062485,0.5503719731867796,-0.021530368477732216,0.3285000878323308
Jiri Novak,0.5225665818224352,-0.49438187880654505,-0.6153792426579364,-0.715433745049675,-0.24878890547188606,0.3420777324762104,-0.1479813605785842,-0.3353172963558223,0.1786098488737571,-0.3596394905586279
Jiri Vanek,-0.3099183994448815,-1.7301769855808395,0.20948852271335966,-0.6519532645707073,0.22357141185672585,-0.07477975130696835,0.14090069938176858,-1.1590035032990258,-0.10317771404049082,-0.10918934193093335
Jiri Vesely,0.28583273286644867,0.8262811480891418,-0.6661060852627438,1.1245732710265133,0.08875218007005813,0.26161762206911454,-0.7452837705118577,0.04649151713516981,0.7437090392975907,0.7602275507737167
Jo Wilfred Tsonga,0.4733373152909767,0.7834342217885951,0.17471893316076242,0.07228283520639939,0.5367615796144489,-1.214190206575866,1.3683473893362736,1.2826629372138068,-1.3215291324093588,0.5957809816533801
Jo Wilfried Tsonga,-0.016986541933758516,0.9419460331106072,0.036349968734126964,0.8030847707246489,0.1222788774707761,0.15082285038213944,0.0843669175844135,0.5995591131635651,-0.05458519032365568,0.06607838100379974
Joachim Johansson,-1.428218749457121,1.7475788618007624,0.8539435476989667,2.4884330587671,-0.32351281054988795,-1.3741074605772008,0.5503292817932224,1.3088014709266267,-0.509572466809948,-1.1868002213404822
Joao Fonseca,0.42084708428351675,1.3071916672614847,0.04845656900771588,1.1570530333640148,-0.18939430946931435,-0.0352418499746474,-0.03363094300691117,0.9348353509138934,0.05750465113637695,-0.037908162734532236
Joao Menezes,0.5822775082151569,-1.7465577025595247,-0.13930726990483627,-0.7965064158141256,-0.8078828131605382,1.8242376741411948,-1.345277260586836,-0.6708343844893571,1.3719877984783564,-0.7078013956884651
Joao Sousa,0.130804880242607,-0.6843168143770636,-0.4137722657259444,-0.45401313324771275,-0.3397893896274946,0.036927156429797575,1.827030713308796,-0.4695416482620885,-1.7806851645114246,-0.7261741036963661
Joao Souza,0.6151825206156843,0.16106442837736304,1.2242259880225632,-0.8205546323703983,-0.11068922714153842,1.8242376741411948,1.0984065750484815,1.1013425846348182,-1.0535885557189235,-0.8392210826410313
Johan Sebastien Tatlot,-1.023980672116631,-0.9493461625267653,2.149187752647576,-0.763065629828469,-0.8286782278380852,1.8242376741411948,-0.21800204427138622,-0.5076305254360615,0.2530655919742944,-0.9978674827222993
Johannes Haerteis,-0.25866991097561715,2.709392966396187,-1.05225757831181,3.709938074199475,0.08021676084890089,0.8893367868318134,-0.030441706031424823,2.1137485318173317,-0.0030054009528722595,0.7252431244103759
John Isner,-0.9500735075954178,1.9493583098359406,-0.37289650533257845,2.8828421693520356,0.6596427909354189,-0.0190191305256249,0.6238033364243326,1.3689938717426435,-0.5834965097194152,0.4035326302743539
John Millman,0.4263864144808747,-0.48758907080236025,-0.5114352092502501,-0.45222628623792055,-0.6220296207588263,0.11669142431421868,-0.7901288649146858,-0.8787934520040731,0.8142661332654142,-0.256041425033709
Jonas Bjorkman,-1.1016095300602378,-0.2864588744050738,-1.3004589204788082,-0.36988778223966945,2.3955170369443635,-0.07595561074309441,-0.42923755657095697,0.11376167160783339,0.4627358677804032,-0.00017882634530446066
Jordan Thompson,0.34151882545356066,0.32514115795646065,-0.39936820658338196,0.6235603969016991,0.08276839452091347,0.14530197223117503,0.3355525793738884,-0.44847313719963067,-0.29861469266899926,0.02209500310473671
Joris De Loore,0.31041470997826176,-1.3895345041895255,-1.1545343762195854,0.22365470470936294,-0.7778902445132274,1.8242376741411948,0.1327851362644326,-1.3791521284429609,-0.09512228652922773,-1.1474998827989495
Jose Acasuso,-0.9518094969094727,1.378120326767644,-1.1439184774780666,0.7691154068838326,-0.04208980850810699,1.444434189051562,2.8560208777695517,0.2593631046602573,-2.84801748626514,2.660270618151607
Jose Hernandez,1.4752372822344926,-0.011908027504217742,0.1031915993338124,-0.13315041626190685,-0.34592509806076077,0.8114283785432225,-0.12013745612457945,-0.6942249190197228,0.15592617178394375,-0.049653469193092055
Jose Rubin Statham,0.02335793437410695,-0.6714233272024325,1.7395618283136418,-0.6088905775569332,-0.4168278162771,0.08799316913805802,-1.0723018078468043,-1.434925179147969,1.1010350697386422,0.26062837850631554
Joshua Sheehy,1.0160959500051396,1.6528406001999747,-0.2448052673983855,2.0144124816595066,-0.4077445319535377,-1.214190206575866,1.0219250883626445,0.6133905053284303,-0.9776737900959014,0.9410133623387021
Jozef Kovalik,-0.26466889792017967,0.21983897374398037,-0.16351992506729043,-0.5580276824988644,-0.1497628139596055,0.4902937272503945,0.3822605468158462,0.5476588903260806,-0.7862953565559805,0.5464620701269055
Juan Carlos Ferrero,0.2774434873002485,-0.12862567699153146,-0.3451229583883677,-0.35648645746687196,-0.5251208411363503,0.2037428023998105,-0.6820154566782387,-0.25673691644137614,0.7076759565601876,-0.16099733363237315
Juan Carlos Prado Angelo,0.8903868608922523,-0.47267637489936737,1.0236512916769076,-0.6976390594228836,-0.6328250651089057,0.30502373378266423,0.39993350011352463,-0.7404676588062497,-0.3602911045921359,-0.6293163755769848
Juan Carlos Saez,-3.432134004649292,-1.1957584723041197,4.697971281836496,-0.4513820106416881,0.07301499974797315,-1.6482513297882224,1.1755398925867555,-0.9322338668725666,-1.1301503221853224,-1.8208456831438755
Juan Ignacio Chela,-0.059370233595144976,-0.304388725631252,-0.13855101185828742,-0.27851546554649914,-0.4374901624618723,-1.0820846491868006,1.007210735719879,-0.6931077821597414,-0.963068469506901,-0.12815506316320968
Juan Ignacio Londero,0.6735572781916218,0.5614572177227888,0.45128528875093565,-0.5603456631390737,-0.3599996111336142,0.11244731786615454,1.4164077786688913,0.6326707211630935,-1.3692333985008878,0.2543717724042186
Juan Manuel Cerundolo,0.12937052048040193,-1.4122137053735657,0.005500490985995091,-0.935779522741246,-0.670293780638908,-0.07477975130696835,0.761914401771734,-0.8905823009983188,-0.790147965954641,-1.0861026204428492
Juan Martin Del Potro,0.282581085837023,0.4340622334836086,-0.7016137922942428,0.6738735852014235,-0.5384810447154952,0.14370696774575947,-0.5292736742058773,0.14741992866042755,0.5535589795539438,-0.6488559924540321
Juan Monaco,0.1810751836316181,-1.5141048104015737,-0.03548384380007139,-0.980241710654129,-0.49839254776629494,-1.1161764055403105,0.16398274380853642,-1.4576978711346387,-0.13841795171518168,-0.7110121003638172
Juan Pablo Varillas,0.3037542712983231,-0.039412214803077335,-0.028025668707155255,-0.11635795432588136,-0.4966944378871757,0.6088665218543706,0.765213371332507,-0.5076305254360615,-0.7228642842206051,-0.5563913225771216
Julian Reister,2.837592934042436,0.09816535351133285,-0.5794494529962089,-0.4513820106416881,-0.8219948174654158,1.8242376741411948,0.589873724101112,-0.27969266817601995,-0.5488238882922206,0.14240351786181246
Julien Benneteau,-0.32113697403516867,0.9906201516104604,-1.0140614991221941,0.8172632243521474,-0.029296233776601687,0.27927434578700855,-0.7901008649598052,0.8543416029258,0.7934995939373913,0.6402385696271657
Julien Boutter,0.7031676624692714,0.6013579524395641,2.1260637085319507,-0.4671807422775633,0.6853120476469005,0.5031820759431184,-0.3186313569982407,1.4158334154275773,0.3529492503796885,1.0212999624980794
Juncheng Shang,0.4296178224312929,0.6389369989897605,-0.2359443750770294,-0.43841701975954905,-0.434230220068782,-0.012951274587573275,1.0110207544336922,0.3650573244926314,-0.9873428136037314,-0.23525744370889234
Jurgen Melzer,-0.5166590639037135,-0.6335413155723805,0.21421677062571176,-0.287379188063851,-0.05322901917426209,-0.045564100477567766,-0.8706488285560703,-0.44554084285054657,0.9008763212179387,0.49570668544917434
Jurgen Zopp,-0.8565689431170345,-1.0843372539700102,2.005818679130699,-1.4414358598232275,0.33805391642302585,-0.3460679540742982,0.2756511879735664,-0.6112493225205661,-0.23692971341066177,-0.9447721149531653
Jurij Rodionov,1.0517937211151602,1.1859218452465263,0.9180258202164036,0.4944011379666948,0.654770145430166,0.5220542984272705,-0.21086243140833916,0.9741262635256914,0.24597888301211498,-0.1019671632760265
Kamil Majchrzak,1.0547476350399552,0.04225506474152966,-0.44089550965320284,-0.3818327733024896,-0.3167933592829902,-0.201380910977894,-1.338551195340676,-0.728141194088753,1.2558214713572253,0.9604240182808491
Karen Khachanov,0.22992249398393214,0.6976562665201687,-0.3833625452124971,1.0477364447803346,-0.3755769461013674,0.05515302022774072,-0.27328326439383466,-0.1657737863089272,0.30225013264204936,-0.0671672555675555
Karim Mohamed Maamoun,0.564431469549665,-0.3092748558009538,0.9622669654741832,-0.8261551162261156,-0.5827274244456787,-0.4381415252965037,-0.5777258685377364,-0.061763323782375444,0.607479163627415,-0.35271550266759144
Karlis Ozolins,0.19854699595605435,1.1255169096564726,-0.9969669161949976,2.735896609091866,0.6355065050157699,-0.7077855618153078,0.4484298192592985,-0.2317302589874925,-0.40842807029539707,-0.5275942253385416
Karol Beck,-2.367050708526931,-1.7528645639746618,2.1199287580522936,-1.1361692563255872,-0.3272565493732491,-0.201380910977894,-0.4728773543978555,-1.4769081898434968,0.5060522985589189,-0.5067353308578104
Karue Sell,1.114646445181627,-0.224580039010542,-0.603498458876458,-0.5709037205713988,-0.31245926045980377,0.5755686823986689,0.5686636147441103,-0.3872041326512075,-0.5428776368431799,-0.38553758852261916
Kasidit Samrej,-1.534954383431335,-0.6235954592370776,1.5236778952187302,-0.9687649898913958,-0.5105193478253529,1.1490314791014982,0.4899789663065806,-0.38473251454365487,-0.4496693418319642,0.6825712449541592
Kaylan Bigun,0.364945208569732,-0.174397304241458,-0.789878254448398,-0.8098497836212114,0.16267357698713786,-0.045564100477567766,2.438214659505343,1.4042478078540643,-2.4591408384439655,-0.6733126994574523
Kei Nishikori,0.5071388333421931,0.029003212869171076,-0.31464954383289123,-0.527100287790853,-0.2705775658597399,0.18573730362234445,-0.5316892416400874,0.08264975897655417,0.5574416794185406,0.5200929331708389
Kevin Anderson,-0.5329285521484916,1.14183942242876,-0.4357643159698062,1.8594044663427014,0.07160115607685232,-0.07069584293048681,0.1029595185020852,0.2530160319373347,-0.06793935755075044,0.13597366240000366
Kevin King,0.38726692001790836,0.4148848818324964,-0.435308487766278,0.2701007455610387,0.696321706889436,-0.21289011117870446,0.3575936273340629,0.4158291271522236,-0.32661340206495987,0.7167467212705951
Kevin Krawietz,-0.6074443463914435,2.599182033332841,-1.7402306774142295,-0.059096523230134194,4.914453405353976,1.003040950444267,-0.16577496317880341,3.7129746662214917,0.20122550894081356,4.7262398219956285
Kilian Feldbausch,2.132926217590051,0.5451980641663244,-0.9230066798569275,0.31971762189393477,-0.7315276587758086,-1.214190206575866,0.1314569448779611,0.29911582329329806,-0.09380393692364818,-0.03018981849033595
Kimmer Coppejans,-0.5990124369638081,-0.1310668304448615,0.28007983124236746,-0.39480750497417133,-0.5373320871135749,0.9561154216396267,0.9400323398788059,-0.8113795824706044,-0.8963878596469725,-0.6569193711190748
Kiranpal Pannu,-2.122708070004741,0.5809582524830138,1.4517165841870945,-0.830902652827945,1.8423684445948196,-0.40394277374360155,-1.0996449996597872,0.07203166587318233,1.0444370285054958,1.6379919422128435
Konstantin Kravchuk,1.1285736562096411,-0.30846156389933954,-0.2764822118155094,0.3901637611626223,0.03229187123772737,-1.3189635798870853,-1.4795107109998162,-0.31266682449313277,1.5052265908769586,0.13142688494884103
Kris Van Wyk,-0.6857406482194867,0.25647313744381,0.8121503254677122,-0.27232971876843065,-0.40533564777908765,-0.201380910977894,0.40139304901708905,1.9079720474834576,-0.3617398383672072,-0.12345314477437486
Kristian Pless,-2.6353185637377496,-0.22687831287709004,0.46615949831902076,1.2720450601558084,0.09816505365774111,0.30502373378266423,0.6270523205840651,-1.2359432013722889,-0.5857269946582088,0.3460384083916575
Kristof Vliegen,-2.027962965271647,1.2151661657873651,-0.8541471494732055,1.0189218400085105,0.0527815003202291,0.4738252840618024,0.804565365378868,0.7837238730508647,-0.7619246834659744,-0.12345314477437486
Kyle Edmund,0.3781059640628877,0.13017900820771952,0.07097909729643634,-0.045149153242087264,-0.3407800609882136,0.28832907356149706,0.4728704939929936,0.3358249164100841,-0.4442398186884942,-0.29199798634820295
Kyrian Jacquet,0.1953364080363299,0.02879316996976993,-0.0027402828581679054,-0.6392754418732204,-0.020693700173938793,-0.03257936677561143,-0.3025410090781204,0.40243211318506916,0.3369781305168343,1.234460885921226
Laslo Djere,0.005683073561685576,0.5608968629922997,0.5737261954008064,0.460184672226467,-0.5023069732190123,-0.33772062700214234,-0.4320709751525656,0.10674335914246953,0.4600870764755657,-0.3898934663845158
Laurent Lokoli,-0.6976337573579231,1.3214194742861622,1.244549091583339,-0.13979145912262433,0.15482311604854435,-0.8035918416889746,0.5348520451176472,1.4414252546353505,-0.4942099150914573,-0.3554708298752417
Laurynas Grigelis,-0.4406391816273532,1.230348701099855,0.7232050321840158,0.31222335175896854,-0.4762506938666921,-1.214190206575866,-0.7372409623339097,-0.2729718210285831,0.7684569955042021,1.9908428240718457
Leandro Riedi,-1.1213823552765554,-0.2247234723248227,0.22185391426583878,-0.5198763020944986,-0.04189604337857333,0.6385097220245786,0.1858078520736387,0.9117443971628342,-0.1866589686364976,-0.4732974084077834
Learner Tien,0.49506861083362674,0.11433600413851534,-0.26197832937223625,0.11497268510317049,-0.46283980098158,0.0780147532109757,-0.2721394438021966,-0.3529351499385464,0.30203681544719807,-0.8185189821031861
Leo Borg,-1.4503445336574763,0.12103774437170764,0.36793562713486405,-0.838935984498936,-0.5613962187278775,-0.8765871060175905,-1.2008076587225822,1.240319896810885,1.2285887036068537,0.2890605796899264
Leonardo Mayer,-0.4316469894567819,0.046823036376713645,0.21780768847820298,-0.2900690460532223,0.0485238886865546,-0.11813631233863944,0.8115041972565027,0.2759808485000943,-0.7808650767678541,0.03613076908942502
Li Tu,-0.47930307494892965,-0.3023280954374897,-0.3602445116834915,-0.07457047102781891,-0.03327494545212274,-0.8765871060175905,-0.14212406101492908,0.2873005574946841,0.16283438896338065,-0.6048032675955763
Liam Broady,0.5213705481757672,-0.5707126133566817,0.05110374996157447,-0.3640243180668455,-0.22214092455727946,0.023687820702005025,-0.016116831937923966,-0.880595004548908,0.052676331237203576,-0.9721494139591252
Liam Draxl,0.42113309817147326,0.0855855385381281,-1.8651463058249738,-0.638102692724171,-0.045538367331555356,0.4218863431771228,0.04832692176693858,-0.6345131671376274,-0.011289899943268176,0.7252431244103759
Liang Chi Huang,-2.7997407975766397,-2.327380221009908,-0.09095402105362367,-0.8690609782651495,-0.6003703123731451,-1.214190206575866,2.3873900147991844,-2.025587471071567,-2.333020742001865,-0.7488082904894541
Lleyton Hewitt,0.5612342849412396,0.19650360422587554,-0.7472778982283285,0.32243905111513155,-0.4404650409611764,0.30100110441968114,-0.13911983102730716,-0.4011702029747141,0.17282396723136195,-0.3467877596873368
Lloyd Harris,0.2524230394623047,0.3293925372767053,0.34041600805309574,1.087783647152679,-0.11214067082001819,-0.44691044031396415,0.40139304901708905,-0.3206261036041598,-0.3691506688319993,-0.5263099637121208
Lorenzo Giustino,0.6151825206156843,0.7917551520340296,0.052468869683039904,-0.22845597837564507,-0.43472295420572016,0.6088665218543706,0.052005726833777424,-0.31126224582648093,-0.3142377596355749,-0.6760001303325962
Lorenzo Musetti,0.5066663401321281,0.020563588153810687,-0.6410202155950186,-0.28610385311111053,-0.23549675899381425,-0.09324493383850815,-0.08205402967204595,-0.15336373160157948,0.09620621215405463,-0.12231165685348024
Lorenzo Sonego,-0.283073953103838,0.7714023479394508,-0.26112052719885187,0.8734711827297874,0.09280206707291351,0.24043607893535757,0.764664280031589,0.591078384239504,-0.7359260323271949,-0.4538181354637407
Luca Nardi,-0.27251016634926145,0.06851595795158877,0.1796732073652277,-0.3640243180668455,-0.12971680695042784,-0.48667930470320997,-1.0444880623906383,0.15481099482550745,0.9319132546430355,-0.08233983069622051
Luca Van Assche,0.8511682285584512,0.359987412818189,-1.060531386883518,0.24165568378539123,-0.575935238738316,0.8789489974395063,0.23143931159002637,-0.26773019082563654,-0.20689641593534572,-0.26682962621703005
Luca Vanni,0.18154146433729473,2.1966752702706906,0.37109086322038903,4.802653757173987,-0.5558424039475529,-0.201380910977894,0.7808229956375627,-0.7702555551393814,-0.7383582425879344,-0.8734638012632239
Lucas Catarina,-0.08729757692234565,-0.7603586345062192,0.9448875351058095,-0.8963169250060115,-0.7632868113754281,0.08799316913805802,-0.5857274348760185,-0.9322338668725666,0.49706488422385375,-0.7358296295614342
Lucas Pouille,-0.18242112809006367,0.8552222473916391,0.15919514367634272,0.38374710231136666,0.09258477021264114,0.07982260564629087,-0.18083176743502405,0.867331481160838,0.17937233835201422,0.3475606722765514
Luciano Darderi,0.06457585551779839,0.904327318286407,-1.0159410082398443,0.8006947106939319,-0.5038472138290466,0.1784225741117386,0.6507320025957596,-0.25398400392877946,-0.68782344011435,0.419936545726753
Lukas Klein,0.918086782856853,1.7249919112113439,-0.20781837507324744,-0.4774360593043597,1.3134644602690568,0.8647341319026193,1.466069835492976,1.5249141623520428,-1.4185274638692011,2.7055344191747936
Lukas Lacko,-0.3862421980392107,0.30722558795813487,-0.30046368334222684,0.5753817003634385,-0.588573953651663,-0.5130145441322583,-0.3767379856405644,0.12798780992646464,0.3990812212323485,-0.7352762616901696
Lukas Neumayer,1.0866029113425708,-1.2913477212770812,-0.18776658242644845,-0.6976390594228836,-0.6966626621739144,1.0646307039619294,1.0405369300860257,-1.088291300370074,-0.9961477197155902,-0.6182649917529376
Lukas Rosol,-0.468742543890169,0.9361228802725311,0.40748749455234307,-0.0955991693169779,-0.0051340049396282625,-0.18543115781281888,0.3986565451288749,1.265573378116288,-0.3590236117311638,0.6048501335102625
Lukasz Kubot,-0.059370233595144976,-0.5443728881970251,0.28538979692817806,-0.8409113939262284,0.07690301092358238,-0.78012908336351,-0.480315820621152,-0.19176158466371968,0.513435646404339,-0.55766984063634
Mackenzie Mcdonald,-0.059370233595144976,-0.2460345550450239,-0.3146869855473077,-0.036695922896920814,0.044842460000750296,-0.30525878667039696,0.3545888755799952,-0.2179257279780025,-0.31528247972234463,-0.41330688720690734
Magnus Norman,0.6170632439080944,0.5491398525507848,0.5506161422752118,0.2786750885808735,-0.45272206322508457,0.30502373378266423,-0.054734163331657516,-0.16537449870239337,0.09100751161532283,-0.10886237796890617
Makoto Ochi,-3.670211447311938,-0.6981491477051889,0.39535248438286896,-0.910537418957764,-0.6860009208393953,1.8242376741411948,0.8958821720761937,1.3030668350453904,-0.8525648406891974,3.117023519385581
Maks Kasnikowski,0.2845194058064539,-0.33382074556856306,-0.2448052673983855,-0.7753996340101924,-0.5223262033666329,0.4218863431771228,-0.228926023360279,-0.01328760327736687,0.18073295165556194,-0.4112463433214524
Malek Jaziri,0.050893197381625066,-0.38542233896515,-0.4104266461984211,-0.34189738277011217,-0.3318666474789972,0.047925991899484245,-0.9988620226366134,0.17130869564513418,0.9049699152245474,-0.05964139521161145
Marat Safin,0.3878084175272892,0.9458917246265648,-0.3296549238563555,1.1190482328876512,0.02557668033810513,-0.061215340257073717,-0.9510669323995244,-0.0037243445374153072,0.9702678284016464,0.3676079608907477
Marc Andrea Huesler,-0.5246739701732269,0.541389354390386,-0.5149019861670433,0.7682687767548746,0.36863762462672733,-0.17244350722009794,0.43494530906139733,0.3209667554841824,-0.41177421808741005,0.7051499771128789
Marc Gicquel,-1.3489563813511427,-0.9283475483022601,-0.4792452618284994,-0.5479726300740334,-0.2651215401053046,-1.9737971767551314,1.8633467187073234,-0.4256208493240932,-1.8128605604595776,-0.8149834381841712
Marc Lopez,-1.268913103214563,-0.6643649694799104,-1.3872493941020518,-1.4414358598232275,-0.26672278554887946,1.2717962407311059,1.735638688567289,0.06241420361402467,-1.6860988355459074,0.32322910216496753
Marc Polmans,0.8374783146169805,-0.24130465348620686,-0.33078096388516504,-0.19856468843997346,-0.4144255673980663,-0.05243836732887279,-0.7426683781877623,-1.0406347370324671,0.7131456756622677,-0.11675467382579735
Marc Rosset,0.28317608690254215,0.21983897374398037,-0.22462805476300712,1.1777154719612712,0.9128717519721529,-0.3205349446817395,-0.7394169613562867,0.8059180167258446,0.77061687056597,1.0547369700938671
Marc Sieber,0.10926795495756181,1.0427950960447867,2.5141272125087153,-0.8098497836212114,0.1929431057658002,0.6848272188722968,0.09502328115596818,-0.18220385819499146,-0.0576402434326423,0.8287426694329068
Marcel Granollers,0.4367234724966793,-0.22456177893886195,-0.7085716322190292,-0.38772372592273896,0.31067297104481073,0.34722411831402117,-1.6032060292901726,-0.43342648305845294,1.620238619977926,0.35494097244891126
Marcelo Arevalo,1.1710886441451627,-0.6743643095868169,-0.16064732067988452,-0.16357565913542566,-0.07635915137722084,-0.14180389716439876,1.5473252930781551,-0.48616499065833996,-1.5893256815063914,-0.4972471694694631
Marcelo Rios,0.9946184448592753,0.0317634245970736,1.062637631321123,-0.38282321083467896,-0.28757976706586286,0.2070099327471087,-0.17723874095857228,0.28137013372733893,0.212604341139514,-0.5172482136760987
Marco Cecchinato,-0.004676767037510147,0.7394124848248134,0.13445456120946175,-0.18243810316408546,-0.20812641921073183,0.34438160826305253,0.0729186486248993,0.8083783375027477,-0.3337483824947102,0.38068532687177026
Marco Trungelliti,0.15985941152337457,-0.5749243775273529,0.4033650862059028,-0.8349459190994372,0.3113453476469949,-1.1161764055403105,-0.6553046340317732,-0.25940087967318143,0.6871278081595807,0.07793241062539669
Marcos Baghdatis,0.33853348529361643,0.5138266796554382,-0.6371942411267526,0.40798954822817696,-0.35974962728526655,0.424333729989627,-0.9778361577945914,0.24789383289778336,1.0019462302678117,-0.2743211166993528
Marcos Daniel,-0.9206295537036154,0.23680004913441843,-0.4158507735387239,-0.636337125323954,1.9169491650739205,-0.3855280594991607,-2.1547916213335254,-0.0540382008492728,2.175503729294261,1.9982875281875017
Marcos Giron,-0.12050997526166433,0.018295484069010597,-0.4386045592640594,0.45023090487581313,-0.40514761148384787,-0.0637175160011231,-0.11987297267935441,-0.32355277697831897,0.1533963984655348,-0.6063569844808596
Marcus Willis,-1.0203768971283815,0.8026349920108562,-0.45920442359495767,1.4623196368616551,0.6544280651317783,-1.3741074605772008,-1.5588303440295503,-0.3273999581667364,1.5839584724300848,0.786349255791678
Mardy Fish,-0.002055293694879106,1.095833829181639,0.04418356038141163,0.9338909029547728,0.7554551877010763,-0.11153492669530152,0.1433854485324057,0.44185945829256335,-0.11178571508822116,1.2255485623307418
Mariano Navone,1.0199141731421828,-0.7715937223128319,0.1185439122125963,-0.517940252603473,-0.5130003137882596,-0.35254647784785165,-0.2216819248410795,-0.8482215401583012,0.2071626049767274,-0.6768496161879927
Mariano Puerta,-0.16898505615440437,-0.3949184655277148,0.15866177658736624,-1.0892051634797955,0.015631442133210723,0.16691337391092814,0.22073660124842498,-0.21288040384789633,-0.18242203892404546,0.030855267804671092
Mariano Zabaleta,0.2235067278481066,-0.030513669878710153,0.9672137114397361,-0.6694973222429843,0.013619859868727869,0.15608119013364302,0.8434872829875645,-0.01589941763911842,-0.8681668349653255,-1.0298278011852733
Marin Cilic,0.07662830556026476,1.0122713710963196,0.19873499546516563,1.060811007000518,-0.2912865041462058,0.07146961494456569,0.4373186211024074,0.6336361299211343,-0.39990576539926653,-0.06677798076136263
Marinko Matosevic,-0.4119003161977894,-0.26594055874131367,0.30827500115152834,-0.06975332428316564,0.3015123111998368,-0.8680401967716616,-1.0762186090175043,-0.2792023461490002,1.1049228477585318,0.7412562615648053
Mario Ancic,-0.7471495123983442,-0.04145153236553521,-0.491011663064101,0.16876160917532157,1.3163500160893553,-0.42155684401090676,-0.5569890226441472,-0.03972745760549925,0.5895407067707965,0.46016476211907603
Mario Vilella Martinez,1.9799753023910838,-0.2556419426100804,-1.6441189841531232,-0.059096523230134194,-0.6648712939460032,1.8242376741411948,0.4891073058790144,0.41485158640215125,-0.9102449407403398,-1.1418886677960751
Marius Copil,0.16160394450840224,1.0544278510839307,0.24880081462439035,1.556578865064097,0.6274758396060343,-0.17836252272998432,-1.461542599270859,0.6944035665459914,1.471406632301618,0.489008080410497
Mark Lajal,-0.22894012484703888,-0.396889359719945,-0.9732438215205229,0.3901637611626223,-0.35070590092508763,0.2037428023998105,1.0226581145683071,-0.11482188659045671,-1.01284085982922,-0.5863783825115112
Mark Philippoussis,-0.35583736934260896,1.080408238987112,-1.2909778255244355,1.9031433056595795,1.9379319090070317,-0.49601634496580704,-1.5709577609586123,1.5668600855822916,1.5959960262705868,0.380133456656577
Markus Hipfl,0.41281669435243545,0.6451138306072366,-0.4792452618284994,-0.18691557147675517,0.6580272777937767,0.08799316913805802,0.9077930599062807,2.0774276672666177,-0.8643874698922266,0.5754731945542433
Marsel Ilhan,-0.9989258555316571,-2.29654641247242,2.2528280467561617,-0.10124101519943639,-0.46519629170315274,1.8242376741411948,2.6643843284477406,-2.390038672471234,-2.6079625522456458,-0.7488082904894541
Martin Borisiouk,-0.5465472227474107,-1.407074576041222,-0.05078596166311958,-0.25975868499364835,-0.49017750816425437,-1.214190206575866,-1.2985973085556086,-1.6546858059303131,1.3256537407697109,-0.9540920465296623
Martin Cuevas,0.10926795495756181,-1.4186009089723361,0.9940426460258825,-1.063786453434393,-0.6932191251450842,0.30502373378266423,-0.5890085107411935,-0.9786607715094665,0.6213229332884539,-0.5863783825115112
Martin Klizan,0.47091976344670106,0.08327799851345642,0.3662646589120565,0.007901130076554547,-0.2928994791967051,-0.6495266180164682,-0.06538406025672563,0.2820317829672646,0.09150429001047124,-0.26697075927096947
Martin Landaluce,-0.2008087143167704,-0.19094166696379739,1.7686080302209577,-0.9562439072441956,-0.4466626969475505,0.5220542984272705,0.11171182460101586,-0.4462989316730107,-0.0742051262444054,0.4333989527934854
Martin Redlicki,0.48870387920115427,0.4755598027075063,2.161135175440648,-0.13315041626190685,1.2533029256400077,0.5031820759431184,0.8292970005260596,0.6315931064060039,-0.8723923750817776,0.19087880677553287
Martin Verkerk,-0.2865512129925742,1.3411777346166571,1.0206074027664407,1.4110553531875223,-0.4335755557169305,-0.025240165766854825,-0.40187830635952343,-0.7759191324727095,0.4355793471971392,0.6366321450291373
Marton Fucsovics,0.5103125359780687,-0.24170901069273223,0.04593409642955644,-0.414792401186257,-0.40413219373448606,0.22172479589919153,-0.15174162412720715,-0.3340254088818765,0.18240866332454178,-0.57866178557205
Masamichi Imamura,-1.2132104710610385,-0.6077020422074372,-1.5146885705614972,-0.004887137481384612,0.17205269396262107,-1.9737971767551314,0.3047260024040314,-0.0818477302733441,-0.2657890860335868,0.1826340342758633
Mate Delic,-1.5999028749685258,-0.4050272454168984,3.8295349583830127,-1.4414358598232275,-0.6275837074774876,-0.201380910977894,0.72838663893618,0.22300767718675507,-0.6863104346594318,-0.8149834381841712
Mate Valkusz,2.132926217590051,-0.4404871265494251,0.7924737012462586,-0.9891890398267225,-0.5688275139142306,1.8242376741411948,0.2355333633145394,-0.9696134772725323,-0.19710915828984601,-0.12345314477437486
Mateus Alves,0.10926795495756181,-0.2068951595889062,-0.9646093127970914,0.568856407112461,-0.5770102291126448,-1.214190206575866,1.1980358996980434,-0.5493294400855749,-1.152479635870375,-0.8734638012632239
Mathias Bourgue,-0.982442423567859,-0.22439400477599497,2.9456826055191128,-0.22036944583266233,-0.43368828322211767,-0.6065046304324542,-1.8489936057081344,0.48770587884042127,1.8719716499618464,-0.3394849223850386
Matt Reid,0.4733373152909767,-0.6303373643399882,0.8652856017501713,0.7019253987772335,-0.283326705867023,-3.700176653882838,1.3640989197917828,-0.9322338668725666,-1.317312143649042,-0.8352629189293268
Matteo Arnaldi,0.2875490186535756,1.0138484102813492,0.3672018989642777,0.8378881129591624,-0.11979752979208026,-0.25266239683774366,-0.21573870231437703,0.5574471370992493,0.2385539590143176,-0.3504600496019065
Matteo Berrettini,-0.08017988192153472,1.315261703904957,-0.05575560022677907,1.6607486127434552,-0.2683941004372193,0.21565821002399388,-0.04034501365654173,0.9260132189634743,0.07498530500536149,-0.44948695907505093
Matteo Martineau,0.3942083425121371,1.4297521512070535,0.7765051338689675,1.097415099959138,0.2146495501298484,0.08799316913805802,1.4475878792058732,0.17712003397324858,-1.4001824572461783,0.044990389567636783
Matthew Ebden,-0.5752046926975444,-0.028234701243366873,0.15985611054737073,0.4010016287424191,1.0461060908738946,-0.8839263070263471,0.5472864470985339,0.1920054323603042,-0.5065521792516589,-0.4161070307001507
Matthias Bachinger,-1.4084757420168048,-0.06655688739342414,-0.4931749924392575,0.3624122517537441,0.6208467443838216,-0.4264496426577924,-0.5393423558270626,0.09570541912649394,0.5720248001965772,-0.563517876944245
Mattia Bellucci,0.220923376602049,0.08909882019731058,-0.11544085605744624,0.5936748301610498,-0.2584765636842268,-0.24904252932091708,-0.47864108487923007,-0.3738718876051393,0.483513776641067,-0.43639637402346687
Matwe Middelkoop,0.46083570397422385,2.007601554801498,-1.2558277433782474,0.6320731450664132,-0.1932579549699523,0.8114283785432225,0.28223323107016396,3.423182959730859,-0.24346298414912845,-0.049653469193092055
Mauricio Echazu,0.018926068232898188,-0.9826048372301728,3.869616634850097,-1.4414358598232275,-0.37725603842613775,-0.201380910977894,2.0566505358158382,-0.6855284382327919,-2.004732013352573,0.474220284228971
Max Hans Rehberg,-1.8132073945433014,0.438769777785868,-1.2118702444226017,-0.7567257211369296,-0.6145851274985302,1.8242376741411948,0.313801298100503,1.0365540664617159,-0.27479713459031885,-0.0820533267653623
Max Houkes,2.341716355798166,1.66669458448009,0.31358371515116024,1.3140679947572547,-0.02473278216021454,0.9561154216396267,-0.38255312168636924,0.9909734118749713,-0.396810810707631,0.088720922521813
Max Mirnyi,-0.9063938624621525,1.2677481510201967,-1.3431678829771296,0.7481985820661563,5.733049728344795,-0.3724093979730789,-1.774228327723158,3.5361073744740463,1.733882317557647,2.531733513743526
Max Purcell,-0.21523675099007353,0.7755400059147228,-0.03988842363161799,1.2961863494794659,0.278953303891685,0.1587290584945732,-0.6020887323080225,0.08749693181755697,0.6343062315684923,-0.11212640714941126
Maxime Cressy,-0.6088839406839672,2.5585490731182357,-0.333842584431951,3.4717967001205654,4.03867535738192,-0.11178893926612934,-0.7531350832569991,2.1131249853293963,0.7779988342259523,1.6452274219987693
Maximilian Marterer,-0.5454450123647138,0.33080952998088053,-0.10621437549455932,0.22014185541709907,-0.5279148806417268,-0.017233768533482935,0.5395558858904148,0.4416315315882226,-0.5850225489376168,-0.7918172200610281
Maximilian Neuchrist,-0.24206160452724473,0.5491398525507848,1.337664695004877,-0.8098497836212114,0.024464144344084716,0.9955755270644892,0.7372111249780047,-0.19725727738323845,-0.6950695320389141,-0.7078013956884651
Maximo Gonzalez,2.8325952977555398,0.2933288381423769,-0.798587590690078,-1.1361692563255872,0.20296834822936155,0.30502373378266423,-1.0678998771054755,0.41091213379137403,1.0966657569154041,0.8949823782473261
Mees Rottgering,-0.44398364608377655,-1.2740544635659248,-0.2609626183658659,-1.1653153139459638,-0.4802583397812415,-0.8343867214862335,0.39570884717513083,-0.7832317182340286,-0.35609775595896714,-0.46293165244827494
Michael Berrer,-0.4696930987902358,0.708696591069637,-1.205181059798916,0.6836244739172608,0.8515859880006035,-0.07861614934828641,-0.7759178274594649,0.6493183445843728,0.8068472684744519,0.8642950555197416
Michael Geerts,-1.6252962701560003,-0.6386523806335778,0.40827757422835614,-1.005340711969454,-0.4381825537256399,0.30502373378266423,1.763694209232901,-0.6406729057528329,-1.7139464672807685,0.3615161519026255
Michael Llodra,-0.1255527679705471,1.2087114193459416,-1.1626378455922775,1.4423592881119403,3.338517008969742,-0.045564100477567766,-2.497534334273863,1.392547364963194,2.4615310228404264,1.502470234084832
Michael Mmoh,-0.5863645728223551,-0.5567250142114389,-1.0274211311577333,0.1612138085393909,-0.3847902350791107,-0.3108738074708179,-0.2172820514903334,-0.44554084285054657,0.25235093427617294,-0.4982021467520568
Michael Redlicki,0.817548346878934,0.766585372983164,-0.6646977947359024,2.805751667100482,-0.7248764277729859,1.8242376741411948,2.071951650501899,-1.4769081898434968,-2.137332620831913,-0.9808988600331946
Michael Russell,0.4114585344446292,0.15721346461005453,-0.4158507735387239,-1.1888014293424218,-0.6391852677037565,-0.980464987786949,-0.5794685105360534,-0.7093171126184011,0.5141254920391852,-0.198981149994563
Michael Zheng,-0.11284087874600371,-1.1381268076485467,-0.05078596166311958,-0.24691436787593476,-0.5110285976839419,-1.214190206575866,-0.7249056441733475,-0.6588954658228163,0.7562130809619682,-0.9416207711826953
Michal Przysiezny,-1.8392544810920368,-0.05235295664842275,0.6466297769248488,1.4204385479671626,0.02669848036479683,0.16691337391092814,-0.5007023549961795,0.006928844426574917,0.4554886130772415,-0.28358451631866716
Michel Kratochvil,-0.4129664353992085,-0.1968096182741818,0.9132474637089831,-0.763065629828469,0.14799798954399196,-0.3205349446817395,0.0487529030259149,-0.7500082661727331,-0.011712724718730801,-0.3340784962508822
Mikael Ymer,0.7735867293881485,-0.474118457186837,-0.4631502881176241,-0.7889576233397205,-0.5884175165911515,0.38670190131229365,-0.8981561600104562,-0.7484871843638862,0.9281798257752208,-0.1991569771159557
Mike Bryan,-0.6538913051029943,-1.572506476743191,-1.0379376945981018,-0.5256360493303026,3.6138787592948542,-1.5716523076874032,0.7172772413299541,-0.5914483279014496,-1.0391769290899542,-0.36593779311287483
Mikhail Kukushkin,0.1733223389339889,-0.08400591850683443,-0.3215287313592337,-0.5642580570637442,-0.44487733112078476,-0.3306757159642001,-0.3517645725590747,-0.02816887115246285,0.3858369517389698,-0.4573767791356485
Mikhail Youzhny,0.18699846328958283,0.05457918139990346,-0.19210552075128126,-0.3175173450413913,-0.22921674194985484,0.1685146557883445,-1.2222350576061227,-0.24425292772634552,1.2425861389866801,0.047918217272546165
Mili Poljicak,0.22601747010943601,0.1475440664902724,0.07234603347786449,-0.4774360593043597,-0.17917700602312966,0.08799316913805802,-1.4959089066426985,1.2119812732008102,1.4574391662133694,-0.13515930021140554
Miljan Zekic,0.2290898257713276,0.6748167260057305,0.6317778504616534,-0.8409113939262284,-0.31228264557470675,0.16691337391092814,0.6530183244769239,0.15520971784427745,-0.61150059275509,-0.4063519011692914
Milos Raonic,-0.3210186346407555,2.0450333078912313,-0.23062585891307177,2.7144351923679033,0.6309379590878744,-0.1004604161408179,1.0014075184044064,1.1686530461077218,-0.9623254398376129,0.3451521572294754
Milos Sekulic,0.018926068232898188,-1.1302165791664085,0.7998317666063821,-1.4414358598232275,-0.6076401849628135,-0.201380910977894,-2.0445190035777023,0.37979045816623425,2.0660482218986322,-0.6569193711190748
Miloslav Mecir Jr,-1.0910391517999432,-0.27439070531053,-0.5389823757938645,-0.7502661915266817,-0.08352844304074261,0.08799316913805802,-1.3666118675430805,0.09040532511455825,1.3931643178809585,1.0547369700938671
Minhtuan Pham,0.0339189770935869,1.056372536576795,2.759268916549179,-1.0517338128049625,-0.07671296128253313,-0.5130145441322583,2.6445990203299887,-0.7948491207952051,-2.588323851513947,0.9254973002854292
Miomir Kecmanovic,0.2503733780322773,-0.03482971231041099,-0.9685652580400965,-0.0034820624399717016,-0.5056819092700957,-0.3500501662696115,-0.10079534668077178,-0.3532350289317623,0.13328175969059233,-0.28181117971670594
Mirza Basic,0.3203976555865423,0.07932926692043736,-0.6204420766557254,0.15559923204454304,-0.05371065822706158,-0.3760032079324007,0.06847380349795645,0.28904722611726885,-0.044853702801976904,-0.4723944679931919
Mischa Zverev,-0.06542630113985508,-0.09494362984489238,-0.8340765359634548,-0.25670130549861575,3.374588178999605,-0.7111392326655055,-0.9255372702394723,0.9250812042425142,0.9553580443952674,0.41791346461727163
Mitchell Krueger,0.2614536373100052,-1.2808128374446597,-0.5266701461979497,-0.12373829076866069,-0.30560806413337005,-0.201380910977894,0.06219831149581832,-1.3532042385427698,-0.11799658060126249,-0.10300263226389869
Moez Echargui,0.3790890566418934,-0.0033559603075205783,-0.8607243755722354,-0.763065629828469,-0.6187702766300768,0.8114283785432225,-0.9548554226131367,0.23228476481867685,0.8026792425966296,-0.5344008119585696
Mohamed Safwat,0.7004889579163516,-0.06217991265930752,1.468060056912704,-0.265179222492866,-0.48058009722126427,0.0176048820079537,0.7673710524682087,0.43696583012893425,-0.7250059771296203,-1.388782127922548
Murphy Cassone,-0.6439826205778647,0.45535388228422274,0.7600677139089247,0.5146414053072902,-0.5255334803685092,0.08799316913805802,0.5693468416260037,-0.389606522566396,-0.5284491082036725,0.45817087186972
N Sriram Balaji,1.9061369295364106,0.5120059956205324,-0.798587590690078,2.670318391369495,-0.17845858119592545,-2.2269995021738382,-2.7002606440518333,-0.2996015927448428,2.7169308747206453,-0.5207152282225556
Naoki Nakagawa,0.7721904892682049,0.04225506474152966,-0.1340974922508337,-0.7087960114288876,0.020911106811663353,1.2165520979977826,0.6938496515593142,0.40520173459410114,-0.6520293633093185,-0.36593779311287483
Nattan Benjasupawan,-1.4373851457686972,-2.475596791006717,1.1998519955763634,-1.4414358598232275,-0.7424149820252589,1.8242376741411948,-0.7859428988444601,-0.6942249190197228,0.8167980549657246,-1.8208456831438755
Nicholas Alan Van Aken,-0.962080537024343,-2.142075669114355,1.0100910041573217,-0.9717949313653181,-0.3518886513976526,-4.252618087292927,0.4830541084653671,-1.3448201326080382,-0.6146344279782329,-0.8509070897898751
Nick Hardt,2.247306901999713,-0.4103302119161412,-0.4865200391732278,-0.6046644593728404,-0.4352386218090561,0.12271806093964044,-0.25852581706761324,-0.6443480439182078,0.29328908719246216,-0.41002591099260205
Nick Kyrgios,-0.33279488409945984,2.0814810895407216,-0.510804017198105,3.154734439088139,-0.09375035130942944,-0.3108738074708179,-0.13373609990807162,0.5259077438409868,0.08764480922238208,0.48777643595694736
Nicola Kuhn,-0.3099183994448815,-0.26404656037235064,-0.31857302426648104,-0.5944533761303505,0.03574275060164922,0.4949254763274806,-0.19120836554756435,-0.4306740141424782,0.2264704520438615,0.5109258847172571
Nicolai Budkov Kjaer,1.0213392845947407,-0.9783512170180556,1.3499176563862407,-0.3045809226595981,-0.5540203627037732,-1.214190206575866,-0.7862131767521018,-1.0246299461006512,0.7894339873998705,-0.906865085560298
Nicolas Almagro,-0.09544392239549959,0.8889353252729644,0.5465244838333323,0.42056375487193093,-0.45156590832185217,0.16691337391092814,-0.3301771034383978,0.03876639913284511,0.3347020629567037,-0.027747126787007366
Nicolas Alvarez Varona,0.018926068232898188,-1.152488096252038,2.2048650627512165,-1.0517338128049625,-0.7000024819211144,1.8242376741411948,1.0524776598663879,-0.8723240803411144,-1.6705103558722723,-1.3828088990485206
Nicolas Devilder,-0.1778727444700207,-1.2970504889714904,1.2368391029947228,-1.1759866393904959,-0.4332165245955529,-0.3855280594991607,0.5677193411955368,-1.4224127753053064,-0.5268336674076827,-0.9255177508171057
Nicolas Escude,0.549601002845187,-0.5911859423298085,-0.3260182251101625,-0.4924205121621668,-0.02768470906389828,-0.3205349446817395,-2.3182545605950984,-1.2005414998048365,2.3377554226101336,0.044990389567636783
Nicolas Jarry,-0.12178890071198073,2.630104441466196,0.8370872036579878,2.778092813130186,0.16509810668056132,0.1345753434384661,0.3103364442333414,1.3964876955692231,-0.29700850287882113,0.1466850719703884
Nicolas Kiefer,-0.2126776777339705,0.07102218427454007,0.25029114407549674,0.23222659950747024,0.3506925044318156,-0.36625684281942417,-0.5610846129051648,-0.23388425940015076,0.593605949069633,-0.2240634099549759
Nicolas Lapentti,-0.5333802770946463,-1.1957584723041197,1.2958004102852143,0.03038526418325771,-0.5096778074484982,-0.6779970518701328,-0.7782592840414495,-1.0051241071525,0.8091713750699199,-1.3579204454067388
Nicolas Mahut,-0.7136051337634794,1.3765897639522378,-1.5889509594765296,1.2310048683055914,1.6403958353449106,0.49869123092057216,-0.2729072318374809,1.5449987664770228,0.2877760417693228,1.7531928704334976
Nicolas Massu,-0.029461687194255706,-0.6352759800779976,-0.3349107400051106,-0.17490420701386455,-0.47257008099589803,-0.8869748954098969,1.1423304438022739,-0.5836283698815808,-1.097186952483848,-0.9524854596221288
Nicolas Mejia,0.20490659887649448,-0.6486418691738763,-0.5777909008665371,-0.1694916785830548,-0.5831604046654254,0.4738252840618024,0.16384662030530173,-0.859156248082916,-0.19374747873518472,-0.736121457440289
Nicolas Moreno De Alboran,-0.059370233595144976,0.3676617849531329,0.09781998137842991,-0.5332046428054514,-0.19478142604922155,-0.09476941033595618,2.3059210990201984,0.3358249164100841,-2.3214685651008655,-0.7960049052604031
Nicolas Thomann,-0.9499906668891306,-0.12641389366133401,0.29212525675782985,-0.14854200971556966,-0.0253617030161887,0.6088665218543706,1.2139165678151587,-0.1009236884733261,-1.168242629639048,0.6631433973968576
Niels Visker,-0.3966466107005593,0.5451980641663244,1.7395618283136418,-0.22036944583266233,0.4690136361717739,-0.201380910977894,2.076478030091624,0.22712271080826332,-2.0244125876465993,-0.049653469193092055
Nikola Cacic,0.3790890566418934,-0.5813797917702509,1.814213281813751,-1.0517338128049625,-0.21094500568330418,0.30502373378266423,-0.585231887770678,0.10280754510248742,0.5371035210307772,-0.6457277719649903
Nikola Milojevic,1.9252349748461905,0.21117047106725073,0.600072763376238,-0.21292391891808485,-0.5763660434513688,0.5669571700991403,-0.8096686215868748,-0.37630830314632563,0.8296150453176198,-0.05404304097487845
Nikolas Sanchez Izquierdo,-0.8768367069184382,-1.4904261571546549,0.8813785901429632,-0.25975868499364835,-0.24945185487839674,0.001180945710957904,-0.29056239021636926,-1.7835067460542702,0.3250882721631036,-0.9088138714826515
Nikolay Davydenko,0.7081672446236384,0.294477919184352,-0.11581298842548597,-0.37448462429749013,-0.33338779801779295,0.46575968002274687,-0.15237281478859377,-0.05092672847560087,0.18247198082988728,0.14629797048226098
Nikoloz Basilashvili,0.14988553828426196,0.6572379539456804,1.0103122954149206,0.6502771502364646,-0.5800598181376607,-0.3460679540742982,0.18576343437965756,0.05006535327128225,-0.14770802013354975,0.2894786404614801
Nino Serdarusic,-0.3029587281712775,0.010452882138521236,-0.5077437015183971,0.8896909305223981,-0.46801139736501485,1.8242376741411948,2.662663866872285,-0.6274201347928452,-2.6062548391385416,-0.22329976467846316
Nishesh Basavareddy,0.7506647263343005,0.4537922396581217,-0.9287227994536862,0.0729415465619394,-0.09242592096342646,0.24992270707937833,-0.6611168082167863,0.059101887594138536,0.6890025547286462,0.22719650209171954
Noah Rubin,0.11959274201181,-0.8758361622358871,0.10511383319903542,-0.7369744671363634,-0.4317363098410467,0.30502373378266423,0.5655482203321763,-0.3877525539381246,-0.5246786343582037,0.030855267804671092
Norbert Gombos,-0.7029802009155698,0.29170096848373084,0.16051995870380095,1.7267364575577004,-0.5230855458489042,0.08799316913805802,-0.4084404407189448,-0.31266682449313277,0.4420928567204095,-0.8087358466005707
Novak Djokovic,0.8768150355037488,0.2816544583335361,-0.644538996343083,0.10290506675545916,-0.31416779464183114,0.20082524925704376,-0.4078187568426264,-0.2750592512257152,0.4385531065721575,-0.22890889514616028
Nuno Borges,0.10755589212961664,-0.13346801539076955,-0.2053874597706524,0.29858378011332976,-0.2732898244426496,0.30502373378266423,0.6544272734826645,-0.4005932088239715,-0.6168655619276737,-0.6338839960597605
Oleksandr Ovcharenko,-0.1278794976946821,-1.9515527505145058,0.8458325388577859,-0.7458916999551833,-0.6162731394007457,-3.0372469350061024,-1.8229235526588576,-1.4965454045236635,1.846094773703606,-1.3579204454067388
Oleksii Krutykh,1.0541771701814617,0.42300262424802154,0.43339614506015595,-0.23378775807431634,-0.6248362056861373,0.8114283785432225,-0.5507682919182846,0.3568993083262553,0.5611035763537261,-0.4161070307001507
Olivier Rochus,-0.8439815950719515,-0.7431097728218041,-0.9646093127970914,-1.063786453434393,0.33667315858287417,-0.8765871060175905,-0.06294429824572764,-0.1331408623221856,0.03570870009840324,1.1359026094997715
Omar Jasika,-1.0125426036756648,-1.2074870216024474,-0.5446416813274243,-0.8807420982969485,-0.009440764895361723,-0.201380910977894,0.2887144350663966,-0.5339676055492191,-0.24989616299605835,-1.3270587628909298
Oscar Otte,-0.22877495936854722,0.741256554119612,-0.2061613122725426,0.5850147846717548,-0.0263956488308932,-0.05243836732887279,-0.7313013892323059,0.5806239902970474,0.6909412809398652,0.40430756043294924
Otto Virtanen,0.1513008968490777,1.1940831187998502,0.14745717831373875,1.3630928604008516,0.025861000933770837,-0.5567525919380651,-0.4205206639166004,0.796790437442132,0.4540835665308898,-0.4374038568439306
Ozan Baris,-0.7609050979744071,-1.849286772148409,1.073919701271,-0.42388051483108985,-0.08966239293943144,-2.7334041469343964,-0.8099157770298546,-1.0551812601158275,0.8405932962406365,-1.8208456831438755
Pablo Andujar,0.4789977260819754,-0.06153050123834442,-0.37136074942158687,-1.3079049032507488,0.005567910751837366,0.17689725900819558,-0.1350697158781727,0.2856459975542273,0.054254171628510275,0.06296568891938539
Pablo Carreno Busta,0.22243724973300805,0.29308686215401925,-0.6275398615300628,-0.01195138405381463,-0.4697603053254359,0.33645574759908686,-0.06059864550499623,0.06303050500756231,0.09260516199216844,-0.22869208524176754
Pablo Cuevas,0.3008530600527439,-0.13744322123767233,-0.6309255859840361,0.6050441636246476,-0.5567281977564053,-0.5320941514729806,0.6121903011068955,-0.5972038170040727,-0.6717273934604503,-0.29223701819573206
Pablo Llamas Ruiz,-0.5333802770946463,0.528259027595261,-0.43726783039337724,-1.1939223975278426,0.42947072004295034,0.9127093099260762,-0.10452908939971475,1.1967904175628974,0.14043346167824733,0.05934297474234107
Paolo Lorenzi,-0.14731335771145687,0.36662844400097644,-0.7091830915611053,0.3552286185280143,0.1526808946070948,0.5103229162261104,-0.34606285282248767,-0.27633758708811057,0.34066488575801873,0.2800366205914617
Paradorn Srichaphan,0.4172159514451149,1.3027779388243728,-0.2386877254561861,0.9808652630582904,-0.12798254740174544,-0.13603837695419074,-1.3175550242975271,0.9460471267117706,1.3444709815120013,0.5997090365537187
Patrick Brady,-1.8132073945433014,-2.2180768673284135,1.2180277906307457,-1.0892051634797955,0.1550139442440412,-0.8765871060175905,0.1641461815673601,-1.3641760314943938,-0.12625094925572725,-1.247079191300664
Patrick Kaukovalta,-3.604360239766952,0.2933288381423769,-2.017894664525199,2.221763382148472,4.919797319996789,0.2250651037435692,0.8850479746714276,1.6832394608191605,-0.84181092373051,-1.8208456831438755
Patrick Kypson,0.18041219075323608,-0.3286672790425765,-1.2648929085325245,0.9723000748092874,-0.6929390105290266,0.6088665218543706,0.11355609678865491,-0.43945477765611535,-0.07603573253798952,-1.389761863875431
Patrick Rafter,-0.09454076489758069,1.7366365093360805,-1.1452773373931346,0.3907345307547025,4.230161770558283,-0.273141959824507,-1.9816715542624823,3.6050129318221407,1.9967351604926373,2.431014892517949
Paul Capdeville,-1.1555184591877428,-0.5743709085177472,-0.24029680596703695,-0.3511979901887936,0.7167579091533808,-0.28945128662184105,-1.2624174120994271,-0.20333146407323283,1.2897419341514862,-0.3762562887868534
Paul Henri Mathieu,-0.018959239103252624,-0.3126860504008133,-0.42731573418687413,-0.5325217621911525,-0.5479496294037637,-0.025240165766854825,-0.8218555204981606,-0.4672679814095767,0.8524445672641546,0.5168291038763992
Paul Jubb,0.39161646493438135,-0.06626915665031477,-0.5701068318818522,-0.3147928592168187,-0.17275190081191186,0.020171119965439802,0.3757989195365406,0.31780370494819904,-0.35753909770528847,0.4327137720530787
Pavel Kotov,-0.9428329825802243,-0.4222226759558132,-0.658026840314772,-0.466278654205762,-0.4596161532918324,-0.8035918416889746,-0.2234045420250931,0.06376968487202661,0.2584280576967006,-0.7981489236241763
Pavel Tsoy,-2.6664254728424055,-2.9155207552870976,1.4790931699056515,-1.4414358598232275,-0.7933977275868851,-4.252618087292927,1.7378861069336067,-1.781285017386076,-1.688329600740584,-1.8208456831438755
Pedja Krstin,1.584852104793752,-1.0843372539700102,-0.7051601655520622,-0.25975868499364835,-0.8360212880987795,1.8242376741411948,-1.4401677737990364,-1.524467069147025,1.4661751813667456,-0.5067353308578104
Pedro Araujo,4.067305439224048,-0.2622293457210493,-0.7311098504392289,-1.4414358598232275,-0.531522722813611,0.9561154216396267,-2.4600104740505357,-0.5885237907558072,2.478460937264304,-0.4298117980410649
Pedro Cachin,0.227472292728151,0.12304069385383005,0.20520031513060294,-0.19024826294484815,-0.2688177441074048,0.6248582478621896,-0.9663176582300009,-0.14271280582825763,0.8013936718098399,-0.16932861878436098
Pedro Martinez,0.20116354756019744,-0.08075941595220182,-0.6679065426569685,-0.7350338021427356,-0.13210971927990037,0.3983832466831138,0.16311292385827705,-0.11018841032761545,-0.14121421013358407,-0.11639537954206883
Pedro Sousa,1.6270116519319286,-0.15683089594554106,0.9479874069656345,-0.9181216823987004,-0.6777734627199773,1.8242376741411948,-0.38255312168636924,-0.06142126175831815,0.3799006599611078,-0.19134884630915466
Pete Sampras,-0.12759522688928984,1.8457757266160062,-0.5839769057547699,1.4456959247384409,2.316958964481426,0.02727106300915767,-2.296755768633761,3.471852185684793,2.3164159347988273,1.5432768187084513
Peter Bertran,-1.6747465660473957,-0.7585359699804043,2.548443400416093,-0.10124101519943639,0.12082794141052489,-0.8765871060175905,0.6230950234071129,-1.1310254312723846,-0.5817990207038962,-0.6400508738433531
Peter Fajta,-1.8773721687243314,0.29829877353960793,-0.19685163217404442,0.507074375268101,-0.472626299714712,-0.201380910977894,0.02612701320494239,0.20667613750139247,0.010745509256596732,0.2862622955217119
Peter Gojowczyk,0.19194179861388966,0.009815137834986474,1.1209853062134083,0.5748093776467114,-0.4413420602263634,-0.6933168538595542,0.27973403425529075,-0.30688027338455864,-0.25338569609777595,-0.35403183656597614
Peter Polansky,0.9327639267952352,-1.0970308104890873,0.05439188643353394,-0.5880023446685314,-0.5323253034914229,0.719354807321017,0.09206443412964667,-0.8174250635012428,-0.05470332120151031,-0.9006985986889511
Petros Tsitsipas,-2.0523670073998685,0.7192937178133689,-0.4792452618284994,-0.03251307444949739,0.8550840396013375,-0.201380910977894,1.423931532543342,3.050697119852364,-1.3767014020234956,0.44234436801545896
Philipp Kohlschreiber,0.17609322780633402,0.38829554667756183,-0.4220924983927139,-0.17410169044257448,-0.2985620511825005,0.054800258750789275,0.128872421212613,0.4123272914552686,-0.10285115086516021,0.2601816143806124
Philipp Petzschner,-0.6048219822153845,0.8846237161718908,0.23760010575588492,1.7222362127886943,1.4661926263226281,-1.1362817982872753,-0.34051351253228984,0.4913272016818372,0.37466926107348386,-0.43991616040258674
Pierre Hugues Herbert,-0.34073448401463574,1.2038561106264816,-0.5409604259251686,0.7699442600022071,1.2101586938593814,0.46964443768221426,-0.06538406025672563,1.4698772728849012,0.06559919469415341,1.643536354166085
Pol Martin Tiffon,-0.29013828108832346,-0.5756751702708199,-1.640742538581167,-0.8098497836212114,-0.7013104146746887,1.8242376741411948,0.9609522319383621,-0.10564351318260062,-0.9171527371536516,0.5070069409057258
Potito Starace,-0.5258162870388037,0.11720507347077953,-0.9661834664759094,-0.8376118089487729,-0.3880506669612071,0.16691337391092814,0.6340749443641811,-0.15842278522777611,-0.6365712745402358,0.16634558128871088
Prajnesh Gunneswaran,-0.8098861358026902,-0.14912681019212087,-0.4840762570480931,-0.31884254373512716,-0.4986763970021771,-0.49075499717070165,1.7704897793305185,0.5204647922966834,-1.7570676665187506,-0.47919409592965906
Preston Stearns,1.920768496507613,1.1158160573139506,1.978000799194587,-0.6782693510791247,-0.01196573048115195,1.2717962407311059,3.7723615830419637,0.7994615385658507,-3.7077297932207696,1.1418758383737984
Quentin Halys,-0.9246739984338047,2.0662111323188745,-0.019420082061485815,2.9294268720748224,-0.11073739648558514,0.5063653396040534,-0.9668728493507927,1.8318717806944216,0.8547103912593655,-0.0767359189476913
Radek Stepanek,-0.11081401313559205,0.45453693132371253,-0.8392781104176015,0.04940104097920816,1.98329818519555,-0.13178461438232086,-1.2267644451941235,0.7153109971867525,1.2543531525826943,0.405476847476342
Radu Albot,0.23911144285729874,-0.5074015922784247,-0.45854451359432336,-0.7508091370634424,-0.2598601678123029,0.33368814694908927,0.7660524969385529,-0.1550500925509967,-0.7387728224251754,-0.3056387413475089
Rafael Arevalo,-1.6452868153035842,-1.2167813436879138,0.6343447117145373,-1.4414358598232275,-0.2870608905901535,-2.516373582289791,1.4778564475949738,-1.2640918713990923,-1.4302267382163147,0.7905274528092026
Rafael Nadal,0.8348783547834785,0.08513914728742823,-0.9994741532285595,-0.5440565198505755,-0.46080039036063813,0.5339221668088321,0.5429441456360631,-0.09758456403178842,-0.5057545521145257,-0.2475458241492702
Rainer Schuettler,0.004705236794401191,-0.008349868159605808,-0.3205276743584769,-0.5256360493303026,-0.16686151701682383,0.3420777324762104,-0.4833801721550041,-0.5189156159505289,0.516477291363916,0.21399052668969257
Ramkumar Ramanathan,-1.3654191832373899,-0.14402547681393796,0.943279657645807,-0.22036944583266233,0.576766754657274,0.30502373378266423,2.273165555562667,-0.4425025649917641,-2.2196426759219547,-0.5863783825115112
Raphael Collignon,0.3870610437371123,-0.9795680486707743,-1.0471936438574208,-0.31861616879742044,-0.2709546174282318,-0.05669387395834545,1.3698598830289828,-1.0673674584027801,-1.3370580620371473,-1.2929309411887824
Raul Brancaccio,3.8636865737888897,1.7277707427009281,-1.191706254075976,-0.3847437707929313,-0.3023853047755224,1.8242376741411948,0.90829416521952,0.4030663332136078,-0.8648848620593449,2.3933702741872995
Rei Sakamoto,0.008085041825938466,1.0879160852875254,-0.5562617062797129,0.30294473159186686,0.05859711920193803,0.9239627474215998,0.761914401771734,1.4002538220853018,-0.7195897597329692,1.0081418808052929
Reilly Opelka,-0.7991056775573477,2.411231217423286,0.06724973093705859,3.593401517524068,0.22368363174368447,-0.3205349446817395,0.3947728634991901,1.0630035996522886,-0.4107436947500043,0.680753305007281
Renzo Olivo,0.7498035638380175,-0.8984839386632184,0.5899395803866351,-1.2284591597085954,-0.42128182177756335,0.2037428023998105,1.2581444582429178,-0.698539966738429,-1.3026172484008565,-0.8800276480199029
Ricardas Berankis,0.2894943011323362,0.20661203431483105,0.1259534996550985,-0.23445093660355748,-0.03752282169334229,-0.8015641954576239,-0.40747762501407414,0.8097639333193432,0.4312412494113154,0.32579685639887046
Ricardo Hocevar,-0.1883288483707443,-1.1957584723041197,0.8520389922567841,-0.4513820106416881,-0.44753795767815996,0.30502373378266423,-0.8142325715282742,-0.4928954323085843,0.8448781036730076,-0.31205231570431935
Riccardo Bonadio,0.3524423594451678,-1.142996335488526,0.15240399893062812,-1.02984043937697,-0.5986874854285503,1.8242376741411948,-2.0093451224794734,-0.4462989316730107,2.031134976153391,-0.018304934432901196
Richard Gasquet,-0.077332261306509,0.3285676359101396,-0.8876506280159456,0.1295703191524398,-0.06286444709672763,0.16082715371476536,-1.1070543259983006,-0.09883756896460073,1.1315715460964622,0.4040303895253479
Richard Krajicek,-0.7653640060107166,1.38371904803346,-1.9685815278143186,1.8229314129363172,4.52751977899751,-0.40701391333888254,-1.83532050096201,3.7129746662214917,1.8583998617145177,3.513816580303128
Rinky Hijikata,0.010895678301816912,0.7005846560397584,-0.48746741621229744,0.36517866664759985,-0.017557326561060117,-0.48077658124362,-0.01234139336924619,0.3906952972632316,0.0489288683349369,0.6923667983443954
Rio Noguchi,-1.079043001588259,-1.624301619742998,-0.5133807555229932,0.08489715766498,-0.4762506938666921,-2.2269995021738382,-0.17987435560206047,-1.950383254909731,0.21522042611122832,-0.46293165244827494
Robby Ginepri,-0.6507804390311515,0.3125480524116236,0.09008208798932256,0.08793161694428091,-0.033210913038433286,-0.4444551414352591,-0.6530553811087876,0.3313277681281625,0.6848952220021369,-0.07422233975230834
Robert Kendrick,-1.2944668258121574,0.5551463872318696,1.1056169454158868,0.24556379108479137,1.5718509494126054,0.12271806093964044,-0.10860270159438988,0.5565880622494763,0.14447688876627227,1.8825562187532177
Roberto Bautista Agut,0.2191262184714252,-0.11951407226434692,-0.7234957350252679,-0.12665768453207507,-0.4292522619103237,0.04194612275600216,0.00992156249490615,-0.2880057925598505,0.019886734953881262,-0.9057218736541366
Roberto Carballes Baena,0.2565009531965475,-0.6299475979512259,-1.0270132622073394,-0.6129739059168231,-0.4040401335428907,0.4218863431771228,0.4485365059894226,-0.8771067943919445,-0.4445386713840326,-0.5244426664534083
Roberto Cid,1.1657366067730528,-0.6809156013809978,0.013482933361686338,-0.965695698528203,-0.26027026895331895,1.2717962407311059,1.290382832032632,-0.5637777072157603,-1.2441422855908506,-0.8108269826264864
Roberto Marcora,-1.5565482978191814,-2.1242686250883573,1.5916413556374998,-0.6938441777881876,-0.5285511075743478,-4.252618087292927,0.6003299267439879,-1.8573792242717206,-0.7365844244573297,0.2160253628995256
Roberto Quiroz,-0.3029587281712775,-0.7169234844220018,1.651543034655111,-0.8946897043050638,0.4157583563177357,0.39438925754133464,1.3081913901944249,-0.7958924102338419,-1.2618188839092104,-0.049653469193092055
Robin Bertrand,-1.5844460257239779,-2.2055132634569774,-0.09095402105362367,-1.4414358598232275,-0.4381825537256399,-1.214190206575866,-0.6577130359067879,-0.8723240803411144,0.6895183639893702,-1.29857105595326
Robin Haase,0.14654587032184455,0.3548409860736478,-0.4675390386880455,0.1762722617991737,-0.15781994803411628,0.5952106662789775,0.2755477617778298,0.11845538585215759,-0.2666368978849492,-0.09001128390192421
Robin Soderling,-0.2176878475730233,0.7263658655146159,0.15540126512152128,0.7127567897856405,-0.30005579033695357,0.30502373378266423,0.6434428704210006,0.0013697799766747836,-0.601996091968182,0.1441940775303421
Robin Vik,-0.3782497174039006,-1.9768556729968398,-0.7034134008325504,-0.5692455641156803,0.01727494679431398,-0.4545832363966009,-0.8650593454612728,-1.631181376406174,0.895328255699307,-0.8272500509275823
Rodrigo Pacheco Mendez,0.5914677753504604,0.1364517469080456,-1.478673151127307,0.7133872236895366,-0.4137589921470659,0.4218863431771228,1.5925883439446582,-0.3773600654336272,-1.5794329109268335,-1.3605358422301126
Roger Federer,0.6697489184323726,1.1356275900494894,-0.47636290776783763,0.6073769724938836,0.30029063728667404,0.28463924928114454,-0.49424740241342435,1.029116200003104,0.5230750806889849,0.296498040766472
Rogerio Dutra Silva,4.443725179650122,1.0326658943780485,-2.9938932973229244,-0.03251307444949739,-0.33829173456099254,0.30502373378266423,1.1464554896536576,0.604371198488191,-1.1012814321097257,-0.22329976467846316
Roman Andres Burruchaga,1.2152207263962473,-0.023244488671931636,-0.009683761356558306,-1.2284591597085954,-0.4882419054710548,0.08799316913805802,0.039980577099563826,-0.06695617580755055,-0.4503683464342787,1.5739393935951258
Roman Safiullin,-0.25717141716072656,0.6566018074034548,0.5380095822592527,0.644808264582764,-0.26374803395413254,0.0344787851666596,-0.1297435700259258,0.309314728966145,0.16546110522952628,-0.19966260568076047
Roy Smith,-1.9593604912889824,1.927033521364839,1.6798629828389653,0.6242779984314893,0.7878529059030127,0.6848272188722968,1.5727008570093168,1.0392735845084882,-1.5728875019161173,1.3370939231249632
Ruben Bemelmans,-0.6742826528300171,-0.6163681369667551,0.46152894439176867,0.626499196128538,-0.0028095485541226525,-1.0926530913471837,-0.43291572416792506,-0.47592911064859317,0.46638678048027127,-1.1664292828086464
Ruben Gonzales,-2.6664254728424055,0.22232976103907878,-0.19685163217404442,1.3059635716555469,3.781741925417649,-1.069503163479462,0.335580284069145,-0.5015188106729603,-0.29641474019607883,1.4821884455751535
Ruben Ramirez Hidalgo,0.3310387234652327,-1.1773112507256256,1.0430621192226643,-0.619564235021886,-0.7379082748751368,0.08799316913805802,-0.2525273414530505,-1.1486586699446375,0.1465398226433293,-1.1019500198344399
Rudolf Molleker,-0.9863984472391714,-0.4243808069141376,-0.0013483501055760099,0.26237774109384043,-0.5063990650517286,0.30502373378266423,0.05811965002724132,-0.6962582688440051,-0.021010064951886974,0.2975002047412617
Rudy Coco,-0.47301107344140825,0.9343530546714819,4.088886982581791,-0.6938441777881876,-0.20043785222860674,-0.4545832363966009,-0.4648286603938596,1.7647050234849682,0.4980632446667719,-1.0220727239111693
Ryan Harrison,-0.8976012296365433,-0.27326858484965705,-0.9362863232891989,1.0688783415279355,-0.2485248714761407,-1.9737971767551314,0.02046400902631,-0.5597551059707043,0.01636655107432433,0.5522079627319316
Ryan Seggerman,2.0214535166823295,1.575487214467295,1.3526928997760372,-0.49405674552020334,0.8944953919628497,0.001180945710957904,2.1103957011506305,1.8712369131248705,-2.058078931758083,-0.6569193711190748
Saidalo Saidkarimov,0.817548346878934,0.8005383561819894,-0.7381060890117477,0.2756887848510066,-0.6260200439120491,-1.214190206575866,0.9577419443550292,1.4569462311919164,-0.9139662375178329,-1.8208456831438755
Salvatore Caruso,0.7416611620302151,-0.713026745516546,-0.11149335620796354,-0.5692455641156803,-0.4207619300653968,0.30502373378266423,0.8394806149984343,-1.2536985163122727,-0.7965812141689701,-0.6034055176926474
Sam Querrey,-0.21538642275924488,1.430669185332777,-0.15790078670446417,1.9558022346882455,0.13348362527608387,-0.45145728356235165,-0.18810152614512118,0.9963133211219375,0.22338663404704565,0.4700117280540817
Samuel Groth,-1.4831494786453092,0.9758782787068857,-1.587478961333589,2.2463486119603617,4.085566681892059,-0.21798434544037068,-1.5481853012934121,1.4002538220853018,1.573392308520635,1.5739393935951258
Sanam Singh,-2.367050708526931,-1.221975229559204,0.1420207234113013,-1.0517338128049625,-0.14697058737647392,-1.214190206575866,-0.9129677648431761,0.12798780992646464,0.942881677924037,0.6233995721082058
Sandro Ehrat,0.9560091753748408,0.016766550743530003,0.9094669404722296,0.2680571197635649,-0.4955878482781186,-0.4545832363966009,-0.7459567401757277,-0.19444241038055796,0.7771081902018394,-0.6829288976447688
Sanjar Fayziev,0.08438691074486804,-1.4579260448549636,0.956453443557592,-1.1256428217222194,0.43702902856178033,-0.07477975130696835,-0.07190529329546629,-0.14423126925166493,0.10805140502236023,-1.8208456831438755
Santiago Giraldo,0.7627409355993036,-0.7476067085248638,0.4033650862059028,-1.008774532031296,-0.6460345242033882,0.4738252840618024,-0.4519173070741546,-0.8978748310503758,0.48524756333505664,-0.20214021608951746
Sargis Sargsian,1.7571039688154462,-0.19150143863485233,-0.642736310575815,0.12212479223786206,0.48211393921789175,-0.201380910977894,-1.9874557973325069,-0.9167253051108785,2.009407848972874,0.8168290527396653
Sascha Gueymard Wayenburg,0.27154243828186564,-1.2613003654418313,2.0528051822160616,-1.4414358598232275,-0.45751441440411134,-1.214190206575866,-0.45297540481735793,-0.25940087967318143,0.4862978206674157,-1.1361831466586987
Scott Griekspoor,0.2445124428067634,-0.3722103367911448,0.6012173211972397,-0.4910775659154769,-0.30904123124695937,0.6088665218543706,0.7487009659875629,0.23228476481867685,-0.9282760308403611,-0.02120058222199509
Scoville Jenkins,-1.648785160704412,1.4455465511491115,2.0909668090874223,-0.345607026754771,1.1757077505689972,-1.3010024300029663,1.0709813954793166,1.9669959150483787,-1.026366594308647,0.13455052105778947
Sebastian Baez,0.8121495517484865,-0.05028784762043548,0.1560765149325626,-0.627770914806216,-0.5004472050633164,0.15497791266273178,0.43879129229892283,-0.40620819812526837,-0.42116464742972437,-0.14308084243015984
Sebastian Fanselow,3.2290744431826495,1.2010933174412357,-1.6350889552978938,1.4505635417333762,-0.6003703123731451,1.8242376741411948,-1.2572720068923342,0.8685838341610813,1.2846346559426243,1.4122829613694594
Sebastian Korda,0.07924418428345371,0.5966232418589904,0.039614242327817725,0.7520966203993458,-0.006876241346188105,0.06194950332529917,-0.39160598201679186,0.21248534289283005,0.4212358570546662,-0.11492353402879939
Sebastian Ofner,0.15451234700828848,0.6442833618991565,0.583246361908138,0.029849081624422017,-0.3049021665988779,-0.31550026968339123,0.14819861371267326,0.41453741858641757,-0.11042155147063179,0.2948452200783945
Sebastien Grosjean,-0.151831127207839,0.28099563620217655,-0.17939345767263082,0.32532837634896317,-0.24421878230163774,-0.6065046304324542,0.03578502850671263,0.07657036615657388,-0.003755003743559,-0.5166344672215472
Seong Chan Hong,0.15985941152337457,-0.525259105337803,-0.2868177442763496,0.28648831091813953,0.2615817016489437,-0.9379694929092495,1.9284645247305736,-0.8512447110059739,-1.8774958492902738,0.1826340342758633
Sergey Fomin,0.6284090452080535,-0.7243610101213546,0.41681144765198075,-0.9806560809588631,-0.7918261415512365,-0.6065046304324542,-0.7075185175869092,-0.29656316675686867,0.43943717693682205,-1.1399974226279754
Sergiy Stakhovsky,-0.42655289044389655,0.3073853844733571,-0.6207867393444831,0.8480636664090846,1.2492582961116625,0.007445746467381916,-1.3991948090682782,0.0996953775399736,1.4102548131815706,0.599199124036403
Shintaro Mochizuki,-0.1546874706031974,0.09376681680741498,0.45482597472084857,-0.9464089352324578,-0.016711598333819824,-0.41460392441548155,-0.46956704220424,0.24789383289778336,0.5027665154863483,2.61172343259824
Sho Katayama,1.2642804539128982,-0.115310294518825,-2.644263089179314,0.151259462773163,-0.5827005025503422,1.8242376741411948,0.3868755273373955,-0.0427258498971087,-0.3473298902412241,2.336034002658983
Sho Shimabukuro,-0.8945307864276005,-1.559088532089256,1.0063907898318916,-0.4645827286307749,0.030195244790736923,-2.902205697213535,0.003950571776732149,-1.1590035032990258,0.03275762521206601,-0.33045223481943603
Simone Bolelli,-1.2050930020537405,0.068951565184931,0.3451835337503826,-0.12728366539391855,-0.4310821712366462,0.6088665218543706,1.4045069663688283,0.5513727936924487,-1.3574207701690937,0.2253261439316872
Sjeng Schalken,-0.5465472227474107,-0.48278905063879474,-0.5555822921509704,-0.7356818774250106,-0.07657311246056249,-0.08361238823394372,-1.16328223466988,-0.37621773124494595,1.1913413396327812,0.2301004836520468
Somdev Devvarman,-0.5604665652946188,-1.227144730989785,-0.4354941361073867,0.08489715766498,-0.42173583189535063,-0.201380910977894,0.9834462332928088,-1.5210726707026165,-0.9394800599443441,-1.1530191106706293
Soon Woo Kwon,0.4246432686145733,0.39845771093624527,-0.09459046347503303,0.026780269223544737,-0.34221848788497505,0.023687820702005025,-0.40700818174951386,0.029882882040839824,0.4309616705724614,0.23756688982595395
Stan Wawrinka,0.14677280301920534,0.7617841605179496,0.04018189278298234,0.5444425967982943,-0.27836667750956656,0.06308292200078745,-0.358560604396377,0.2330380586491525,0.38422657826275547,0.16786136409910965
Stefan Edberg,-1.4737550408114006,-0.5784246950475727,-1.066929301920201,-0.6657254024650948,3.8882149395060335,0.009778961313840269,-2.5229637271524794,-0.6942249190197228,2.29100061209809,0.6938099292553851
Stefan Koubek,-0.14885172139862318,-1.7000860921321908,0.9267777573984155,-1.04326202917413,-0.22872817753408,0.08799316913805802,0.7916619035629404,-2.126245421934332,-0.7491168351626903,0.757472096657898
Stefan Kozlov,1.3793243124951398,0.464933800959023,-1.2494796576980054,0.023843836965452298,-0.28893996636775754,0.30502373378266423,1.694904230677797,0.07203166587318233,-1.6743059882928049,1.0212999624980794
Stefano Napolitano,0.9891193734934265,1.2555083310462671,-1.1626378455922775,-0.08469539983371055,0.6656799670446757,-2.2269995021738382,-0.3018751662547513,4.0018747059229245,0.33631722152999055,1.3742461537869493
Stefano Travaglia,2.0317433044584265,-1.12269537831454,1.4558455118692366,-0.4774360593043597,-0.6283592937430731,-1.214190206575866,0.08279732524320353,-0.9211898910725765,-0.04550488077360564,-1.1303809217732312
Stefanos Sakellaridis,1.2842953332602973,0.9944096820744938,-0.22593938801828004,1.7512607272163272,-0.39039124022546967,-0.201380910977894,0.4726332058887822,-0.9271007513598951,-0.43245211196718325,-0.05732096795478368
Stefanos Tsitsipas,-0.02238318319722998,0.8198651551828583,-0.5456592401045254,0.8367392276787904,0.020729723941062303,0.29418081220124875,0.31556540359252744,0.49347238292010437,-0.2792589575705639,-0.34772615053946854
Stephane Robert,0.14941990461296892,-0.3189672027964635,-0.032166001422288364,-0.4706233398660651,-0.5425771249771503,-1.03545915298167,-0.8892500368971424,0.12798780992646464,0.858986615950326,0.1594456116205424
Steve Darcis,0.3144314654548655,0.08169012413465877,-0.23446232646764667,-0.06871665779957223,-0.1932579549699523,0.2206229586430955,-0.5764491412403577,-0.18425893248690203,0.6088566276065935,-0.4938938616172298
Steve Johnson,-0.5192925660116201,0.44288354249106154,-0.46219230932986244,0.6578187201032477,-0.2302706480384756,0.24494182440823034,0.43542065033606486,0.822141147127861,-0.4061285355324745,-0.3652446497636462
Steven Diez,0.7694247662431606,-1.2180427159709428,-0.12423612740575617,-1.1460165661158326,-0.689666939686118,1.0646307039619294,-0.8281906609947713,-0.45115828102500594,0.8066933055769592,-0.7165180075781762
Strong Kirchheimer,0.09182262510728288,-2.024275224019285,-0.7181937176899603,-1.1309952460968138,-0.40917902480902774,-1.8218757827192782,1.9516686225430306,-1.4181688020721221,-1.9005280067869275,-0.5478012793667498
Sumit Nagal,1.4640900121437206,-0.43135709070965517,0.24315704658987314,-1.4414358598232275,-0.39952245821318694,1.0646307039619294,1.921603512420576,-0.21762366804969058,-2.0772609185192765,-0.7762964287626443
Takao Suzuki,-1.3084693743867102,-0.1073914169271325,-1.1837736986983756,-0.1694916785830548,4.971269772115204,-1.214190206575866,-1.2683725003594144,1.7017543614250255,1.2956528957333164,0.7953189631504014
Tallon Griekspoor,-0.11635925588428071,0.76517108034185,-0.3452967434503082,0.7712761893094255,0.07588048651902071,0.3993503843544023,0.1770728242812058,0.778807206285242,-0.19063133082381004,0.07121408458715112
Taro Daniel,-0.07643090636701415,-0.4655847629387506,-0.2479652416493691,-0.09159115820722757,-0.3938817319404424,0.048976443263260984,-0.4960163320885751,-0.8745751402173785,0.5182938700841615,-0.35565906042800577
Taylor Dent,0.13864363941513033,0.6833830782836662,-0.8395405824221134,0.010441888519213852,5.708871980893406,-0.9379694929092495,-0.8093419433200956,1.8440950304140677,0.8400237145879945,2.6274933829279203
Taylor Fritz,0.11673766451057295,1.0313279665841124,-0.47119624919030384,1.6833465353205534,-0.41476371365518283,0.009176805676439954,-0.15047571019255135,0.031099308718985322,0.17880325332368527,-0.44698505588184045
Tennys Sandgren,-0.08662791593670226,0.3944948296161275,-0.3624659412947026,0.9791803793651191,-0.3342260751346068,0.24326706726780253,0.015848445494812447,-0.6173480288632541,0.016626061810589263,0.22051186300094294
Teymuraz Gabashvili,0.19854699595605435,0.7445075711001835,0.29733721972125005,-0.4148756002736379,-0.15867620933959936,0.043090297466188254,-0.5146457857095239,0.7011069065074387,0.5355917868422096,-0.13796077330744735
Thai Son Kwiatkowski,-0.1912376893055327,-1.325666619240748,-1.6632723637429139,-0.22036944583266233,-0.6403712995655846,1.8242376741411948,1.3507855281389467,-1.2652349645981504,-2.2149475719585237,0.38117706933547696
Thanasi Kokkinakis,-0.27118631583526,0.6901889924053377,-0.5341753956317395,1.1956652029535748,-0.42673741243065993,0.19973167652478363,0.4430743975131385,0.41091213379137403,-0.4429803708308676,-0.5630656007549647
Thiago Agustin Tirante,0.6191977155812249,-0.5436911150079163,0.014943590066795022,-0.5787258934168494,-0.6096124449438046,-0.6779970518701328,1.1661725999157757,-0.3781695404203703,-1.1208524403258757,-0.9177994065729095
Thiago Monteiro,-0.030712763645011312,0.32699817826202954,-0.7455021126455548,1.083608885157264,-0.5044620664084004,0.39438925754133464,0.4322454637942715,-0.25549145253043276,-0.4754555230277625,-0.5017876262181791
Thiago Seyboth Wild,0.2845194058064539,0.4868852895662489,0.30560673307753955,-0.08728954985281046,-0.32020306718273067,-0.23571343235667225,0.7359585922636136,0.43167355394222334,-0.696901692229028,-0.2053962328335913
Thiemo De Bakker,-0.1376665354231874,0.5990810628516539,0.12515377358578436,0.6310163107112199,-0.0584068157517745,0.001180945710957904,0.80006017187957,-0.089516138719184,-0.7887555459457126,0.6233995721082058
Thijs Boogaard,-1.2226295750403515,-0.39852044456868824,0.431230751022931,-0.8946897043050638,-0.14697058737647392,-0.4545832363966009,-1.001370205369313,-0.16144052138361575,1.0306290641720532,0.599199124036403
Thomas Enqvist,0.8427230429690984,0.5239437064506073,-0.5332013647649579,0.8667449862060833,-0.4968170276893751,-0.148767445180551,-0.8075708516233067,1.0078929747791916,0.8382657465242864,0.7765066574483811
Thomas Fabbiano,0.2870539697761007,-0.3847111018674253,-1.0336224575515491,-0.6968831683655659,-0.4552988058701888,1.0401272537030408,1.3122822955699336,0.41581150777753617,-1.2794736322914548,-0.17275500273531455
Thomas Johansson,-0.36956131846647305,0.5956114629781215,-0.4391436838338751,0.7491816270701459,-0.21333095639135635,0.0176048820079537,-0.32798110765411675,-0.2872027963051844,0.3622297202088133,0.6273166318121356
Thomas Muster,0.4564642255072537,-0.8243544111904242,-0.6518191466173313,-0.7516507461506721,-0.3895977785465496,-0.21979562522233487,1.2794127602049639,-1.3038311702604621,-1.330291786995132,-0.6048032675955763
Thomaz Bellucci,-0.15637450134670297,-0.14340290839406977,0.5930465632295173,-0.131350848939264,-0.5548443358640748,0.15608119013364302,0.11740908816297069,-0.12979234925074778,-0.08634720017497921,-0.6267001787633223
Ti Chen,1.3108150483956027,0.09816535351133285,-2.7839416586858188,0.5936748301610498,-0.3562804192774489,1.8242376741411948,-0.7046395329056199,0.7371877653452621,0.7360971397891798,-0.6048032675955763
Tim Henman,-0.05652494293818834,0.056887209445064486,-0.5692981523299662,-0.27140771077075243,2.403027266765259,-0.2739237290876478,-0.7340620653373391,0.7440607904833206,0.7653016538536731,0.7798104631951682
Tim Smyczek,-0.26096071186504827,-0.9141666659688283,0.6503292567893175,-0.6175329161271709,-0.48933283143191614,0.9127093099260762,0.5713562898133917,-0.5082014711888775,-0.5304436665574295,-0.29591548824507263
Tim Van Rijthoven,-0.38797998002547396,1.037100168624342,-0.21401593383176784,1.5955525065949814,-0.23175185990021638,0.9814620599428371,-0.1183478736665952,0.9794747929880655,0.1359065448983312,-0.09527662295828117
Timofey Skatov,-0.35470550681180407,-1.2115629004366169,0.5121366295116072,-1.20253156143377,-0.612017467593873,-0.201380910977894,1.4432685513773484,-0.4709884664868451,-1.9767581146437245,-0.6892506575642083
Titouan Droguet,-0.9206295537036154,-0.38238357846512716,0.32840051898324074,1.0561999869756573,-0.46801139736501485,-1.214190206575866,-1.3632162196967834,0.3407787802699317,-0.45453632418721085,-1.8208456831438755
Tobias Kamke,0.8354446444396292,0.07762688008569125,-0.2890617969591724,-1.0676400188057076,-0.3462420875152795,0.8647341319026193,0.03155797845266754,-0.2863709783161947,0.005354786981788025,0.6006094065580699
Todd Martin,-0.2797015352217978,0.6120507951667903,0.0022358767323463103,0.8548708998864843,1.9712981990475218,-0.3346452943763858,-0.8022414756993322,0.7923182010271338,0.8329758608053125,1.3128020799998186
Todd Reid,-0.520906328581502,-2.327380221009908,0.9283104859804221,-1.183464082219587,-0.7745441339258375,1.8242376741411948,0.34290817596460865,-1.5813294372486153,-0.30368833305967136,-1.466607240353719
Tomas Barrios Vera,0.5112274728777145,-0.27439070531053,0.9435841798920209,-0.8527074102206338,-0.04151387936935095,-1.214190206575866,-0.7757627151937827,-0.005417566624406899,0.7373073597741127,0.5706223466236803
Tomas Behrend,-1.8132073945433014,-0.6714233272024325,2.7732648961916277,-1.4414358598232275,-0.4413420602263634,1.8242376741411948,-0.5283396025540307,0.5776353960689103,0.5611035763537261,0.9886316217435741
Tomas Berdych,-0.26004270838601395,0.5168874022925359,-0.30204087145006714,0.39773682515960873,-0.20239524624718988,0.24510114133572816,0.1638205416616422,0.44885756460517445,-0.12592772231295699,-0.3463867993969113
Tomas Machac,0.4041619329216669,0.9900016874978403,-0.11298408678052003,0.8459841936332149,0.0514601156835977,0.16841866577473746,-0.8186374638735989,0.49058362339173306,0.8155840120435348,0.38821913319907875
Tomas Martin Etcheverry,0.4760116365890291,0.19178890442863564,-0.6985682681451437,0.6057258187027769,-0.31628099119813996,0.35955961897699235,0.7341996298144505,-0.6100283602897978,-0.7005098400944884,-0.7935821138233264
Tomas Zib,-2.367050708526931,-1.7725271319159754,0.580561418874689,-1.4414358598232275,-0.15669481223049386,0.6088665218543706,-1.1506886133168157,0.6875492504592862,1.1788410359018944,-1.8208456831438755
Tomasz Berkieta,-0.059370233595144976,0.21557695992792017,-0.16861226920859934,0.33107990242114316,-0.007826629574625793,1.8242376741411948,-0.2687198421047708,1.3529736662280474,0.2280810520497957,-0.29795144311142646
Tommy Haas,-0.05021659496806748,0.17375076168226394,-0.05682647592878775,0.2051860994985519,-0.0362223581794167,-0.14991329102607145,-1.0212725960225895,-0.23871507585960836,1.0471698525198283,0.1257025744324426
Tommy Paul,0.5053063013956912,0.7132729226827991,-0.2054333472390721,0.7366296548809281,-0.10036216938264822,0.26451136001415176,0.1211612807219091,0.019191544212580795,-0.08523876264107516,-0.07234651485549781
Tommy Robredo,0.14575691973212482,-0.40360132180532615,-0.4518594816227138,-0.42325891718601266,-0.4422997364022255,0.31470025759237447,0.9241112551770072,-0.46020686997447213,-0.9026610399975828,-0.5554060846461831
Tristan Schoolkate,0.05913227727973,0.09234809803239317,-0.3266221151655431,0.49730468606708617,0.189716321720569,0.24425517616832298,1.3241111091066875,0.7000343941628582,-1.2977875200570659,-0.4377850963242822
Tsung Hua Yang,0.09182262510728288,-0.2596375805626357,-0.07185773052371204,0.13259506446148708,-0.3802681180899069,1.0646307039619294,0.4653886547887992,-1.084395311227983,-0.4252612423511385,-0.4741540824540235
Tung Lin Wu,-0.059370233595144976,0.4755598027075063,-1.5146885705614972,-0.3640243180668455,-0.5981225607278208,-0.6065046304324542,0.17535061958457338,1.0951767899202827,-0.19566391325162272,0.6669357471381409
Ty Trombetta,-0.5625202387851905,-0.05321886057300676,1.6267411288148887,0.1652304743748857,-0.6734373515530989,1.8242376741411948,-0.6071431057257379,-0.8512447110059739,0.6393231525254975,0.32322910216496753
Ugo Blanchet,0.11427701006308828,-0.20092616574957953,-1.3033736095955795,-0.6702360194081336,-0.43658705524558133,1.8242376741411948,1.5775727523050709,0.7371877653452621,-1.529204153913732,-1.1123687975635623
Ugo Humbert,0.068431801675741,1.644028070401089,-0.15355049542636626,1.9663073739913595,-0.4033294680228946,0.13312490735161556,0.07593516356908245,0.3925630562653527,-0.04442699612001443,0.2336460032757522
Uladzimir Ignatik,-0.4632143167082072,0.6255499043111132,2.2686619805783064,1.5349135242787784,-0.13699485581942045,0.001180945710957904,-2.101828171918783,-0.5836283698815808,2.122932734362863,0.5070069409057258
Ulises Blanch,1.4964530543427355,3.53211484619724,-0.5632001246987428,2.670318391369495,-0.3588829416768754,0.6088665218543706,1.4640756359706693,1.5268914112585186,-1.4165480411892601,3.3521601480774605
Vaclav Safranek,0.1252442043993984,-0.04940555290511949,1.073919701271,-0.4689050876183527,-0.4469813542905344,0.16691337391092814,0.4621813100078077,-0.3691332981863859,-0.4220776637117556,-0.3199933334276855
Valentin Royer,0.7469916794844675,0.9878141327605063,-0.34762111241328736,0.989122878925766,-0.09639103572211083,0.0176048820079537,0.9005823018326756,0.3151023043721541,-0.9785280003597073,-0.018304934432901196
Valentin Vacherot,-0.30419521799146104,-0.005768634176615157,-0.06454630442661703,0.29858378011332976,-0.27495136768008943,0.23897095508813143,0.10475168936201591,-0.12895366786921902,-0.14366929006064527,-0.4719244605985768
Vasek Pospisil,-0.3552222186679007,1.1876362761443429,-0.18929033007842608,1.4463416447967978,0.48815075274269953,0.2037428023998105,0.08069598907069953,1.1080579976860467,-0.05289986739395612,0.2147841252115042
Victor Estrella,0.04844762465986405,-0.25204318681657006,0.11700330118687821,0.20168781071816755,-0.5355081060429933,0.9860506754977292,1.1002642164905299,-0.5069657159191849,-1.1034921805329532,-0.9479009491252751
Victor Hanescu,-0.6857406482194867,-1.2970504889714904,-1.1499301322578286,-0.8660642511365737,0.027445621880360177,-0.201380910977894,-0.6860425435969609,-0.9901250324378565,0.6889483723297809,-0.174889282300723
Viktor Durasovic,-0.9224790726444342,-0.09374569243027406,0.2916687344544633,-0.9430414051332021,0.1816473311345766,0.12271806093964044,0.9889721206511379,0.9568381937157069,-0.9449650009653003,-0.39977286032289805
Viktor Troicki,-0.11398260070651979,0.18632057864326035,0.5932727433808731,0.5670285363478343,0.03952414382003662,-0.201380910977894,-0.6057585791838843,-0.8359264000773602,0.6379488852030627,-0.004082485986810893
Vilius Gaubas,0.7701473425289835,-0.9668107633984168,-0.26648293811623835,-0.9326581873271595,-0.8529784019286721,1.8242376741411948,1.2374136223954362,-1.302190373429328,-1.1915655731197403,-0.5420925600673008
Vincent Millot,-0.7609050979744071,-0.38238357846512716,1.8194388835587587,-1.0751159356260576,-0.23979285896674774,0.08799316913805802,1.083887362335396,0.12798780992646464,-1.0391769290899542,-0.7627308540304204
Vincent Spadea,-0.5625202387851905,-0.8848155374182359,0.31539727743170937,-1.1720829743841334,-0.5484427261251508,-0.8765871060175905,-2.4741428369917875,-1.2149596473523079,2.4924885806440877,-0.9352495761684838
Vincenzo Santopadre,2.320837341977353,1.5897719860485902,-0.7565961480962675,0.7390398794456403,-0.41249505901637484,1.8242376741411948,0.0426009411230417,1.0416080380530632,-0.005606348310322699,0.1760867149378904
Vit Kopriva,-2.136282661033752,0.24616317672551977,-0.5401536917539692,-0.2966860967070714,-0.7880007849684106,-1.214190206575866,-0.9803825756041142,-0.6723151806030365,1.0097969508901512,0.9132094122163941
Vladimir Ivanov,1.7541524851863262,0.8811330374436624,-0.15618694950380266,0.6489767510845341,-0.586950209843029,1.8242376741411948,-1.2824924529496107,0.930261231762955,1.286466380194747,-0.7842700871930355
Vladimir Voltchkov,-2.367050708526931,0.40714326513393156,-1.187706473066866,0.4865637412145082,2.014241486526525,-0.9379694929092495,-0.1381463743494076,2.358239837192997,0.17380164551496421,1.8825562187532177
Wayne Arthurs,-0.9989258555316571,-0.06499858326985158,-0.5407567455156085,-0.3548937117807758,4.02590654716828,-0.4264496426577924,-1.1379921589097026,0.07203166587318233,1.1662386611008024,3.4599311028945716
Wayne Ferreira,0.5983187017604137,-0.31171218599124023,0.789537384083768,0.16328888363869482,0.012516877974938017,0.12745327456292121,-0.7563516764370154,0.018508397648303487,0.7874261009033325,-1.0789390107439614
Wayne Odesnik,1.461815059063971,0.21983897374398037,1.6086158361085319,-0.43781962914604966,-0.5045176687336511,0.6088665218543706,-0.42049754821356916,0.40520173459410114,0.45406062211317566,-0.3394849223850386
Werner Eschauer,-1.443978518554217,-0.27817196837616776,2.0528051822160616,0.626499196128538,-0.05513053892925786,0.30502373378266423,-0.9761123652189879,-1.3247197760722076,1.005558382386905,1.3476203884791929
Wesley Moodie,-0.9456177351380971,0.0028637249264403457,-0.5733764717133165,-0.03251307444949739,2.441429038987038,-0.5811843960675266,-1.633840175619998,0.37979045816623425,1.658412487792022,0.9132094122163941
Xavier Malisse,0.3966274282513759,0.985526148159772,0.1420207234113013,0.37074751076347884,-0.4438398863661476,0.6088665218543706,-0.9186711481029284,-0.12164412582847968,0.8820246197197684,-0.7324413073954934
Yannick Hanfmann,0.1706411973488754,0.9168799710819958,-0.08715138648673265,0.8207781899317758,0.013361391544274246,-0.17419139931961472,0.3942539738509737,0.3535775641854377,-0.3546536631176727,0.34933655769384236
Yannick Maden,1.5667039553634106,-0.8482060481426809,-0.45074682213860023,-0.9210950584067932,-0.5901818706490991,-0.5130145441322583,-1.007526364180325,-1.1386098483880402,1.0367396063898813,-0.13224792476592623
Yannick Mertens,0.48870387920115427,-1.1839051512047463,-0.11573856833712698,-0.8919559735274726,-0.7479325927483531,1.8242376741411948,-1.1900914028561378,-0.2741969754565012,1.2179518542501049,-0.8897046335240351
Yasutaka Uchiyama,0.08056358243795211,0.6070118018657245,-1.5612253484820817,0.6663573548033442,-0.27773443900588435,1.3741002107813973,-0.12151136013275701,0.8437719876638814,0.15728989528473905,0.05087365646357419
Yen Hsun Lu,-1.5565482978191814,-1.463418382268738,-1.7113649532258655,-1.2526111566288112,-0.8573857065521071,-4.252618087292927,-1.361825947716618,-0.9099773049550296,1.3884138612977988,-0.10300263226389869
Yevgeny Kafelnikov,0.2655335691483686,0.2707624476718068,0.45961244263781637,0.03462268409817371,0.16063228092706133,0.13662457466148084,-1.1620065630479848,0.1690425895307744,1.1826891754202917,0.1818132724088336
Yibing Wu,0.3356381359877738,0.9568046393420592,0.009836471232619867,0.0356606087137465,-0.10783392899350716,-0.045564100477567766,0.7249477884303828,0.8043014478390483,-0.6828970657322224,0.28068793578979206
Yoshihito Nishioka,0.024380417349008927,-0.43497155476167293,-0.5736505571288136,-0.28736601014010843,-0.4203132680682319,-0.1727502608220793,0.2225315440507664,-0.8058468077084466,-0.18740688691495916,-0.04557152610625794
Yosuke Watanuki,-0.5565921091216847,1.0206851182130898,0.3557896645690814,1.3711328465595372,-0.08335122989130488,0.4520444353359969,-0.17264658385462658,1.7044913467319798,0.2080462115142096,-0.0820533267653623
Younes El Aynaoui,-1.1555184591877428,1.6449230912498356,-1.1789494202406108,1.2102097040704962,0.03760636215250433,0.8114283785432225,0.5425646055382985,1.4069151445713415,-0.501865326120432,-0.11972261172301332
Younes Lalami Laaroussi,-0.25866991097561715,-0.2556419426100804,0.4914828401086882,-0.3847437707929313,0.8081657569374154,0.6088665218543706,0.48800043549480565,1.4304153008218248,-1.3903631068803288,0.16634558128871088
Yu Hsiou Hsu,-1.0765957869450755,-0.5479606912918609,0.9345992560760286,-0.6088905775569332,0.2215445466577187,0.059989225116920404,0.6119295054088508,-0.48327224195993324,-0.5707162382080542,0.056454820121932134
Yuichi Ito,-0.35167642708650415,-1.6909638871223804,0.5561980469045004,-0.9326581873271595,0.030195244790736923,-0.201380910977894,0.48708018860560687,-1.5153557891120333,-0.4467920438177846,-0.7627308540304204
Yuichi Sugita,0.5983187017604137,-1.322112431239706,-0.3191251625398919,-0.6375990355661147,-0.6640807873303421,-0.8765871060175905,-0.11700128553069937,-1.13482909665365,0.1399554779616846,-0.70385188370072
Yuki Bhambri,2.2051997269697825,0.1544045263327236,-1.941047580039792,-0.7458916999551833,-0.21574381086552272,0.001180945710957904,0.06836785402058297,1.275911647490121,-0.031182330658580275,-0.15127925196076
Zachary Svajda,-1.4084757420168048,-1.2013295332208243,-1.1626378455922775,-0.6012525474443978,-0.25146548574501637,-0.9379694929092495,-1.0773549117747183,-0.16608827560903333,1.1060507306126535,-1.0664489994240973
Zdenek Kolar,0.0938033175793664,0.15265117632521755,-0.0241778204108106,-0.760262447059895,-0.4418645988050075,0.5582260592013711,-0.045791141237413645,0.0007612087105807578,0.027925361296320932,0.23943767377358768
Ze Zhang,0.18421826098098754,0.40334234637984373,1.073919701271,0.48061312516192206,-0.16429945904190324,1.0950149827691,0.07372702891607649,-0.29300715400753563,-0.06395022817631629,-0.09346387731201597
Zeljko Krajan,-0.8565689431170345,-0.9393910672875869,0.8677473610365525,-1.1256428217222194,-0.4582942972954172,-1.8218757827192782,-0.6778262479107169,-0.05755098351336612,0.7094825388684033,-0.6226862442948161
Zhe Li,-0.09160988728904554,-0.6809156013809978,0.2062896184361067,-1.0846307388519596,-0.3630458643816995,-1.214190206575866,-0.29163595090456756,0.12798780992646464,0.29005648483158264,-0.010293642216407802
Zhizhen Zhang,-0.39374572442958367,0.9701449702627181,-0.18132927978536678,1.5641049704966044,-0.2076163354079102,-0.05958761190338337,0.15666537165418332,0.2716896158070404,-0.12529352232233548,0.02541594482664321
Zizou Bergs,0.0872716694941652,1.2822494234464519,0.07811907921520625,1.6505963256628482,-0.042619000511389775,0.09467103201115365,0.8372100209131781,0.3923561120317312,-0.8617602189582202,0.07808422785524934
Zsombor Piros,0.6995016148920384,0.3291530823708787,0.04024336064164126,-0.6392754418732204,-0.6384388694863137,1.0646307039619294,-0.06171028734441385,0.08118434371089389,0.034238859710998715,0.9829444207215348
