,player,forehand_side_shot_usage_pct,forehand_side_winner_pct,forehand_side_induced_forced_pct,forehand_side_unforced_pct,backhand_side_shot_usage_pct,backhand_side_winner_pct,backhand_side_induced_forced_pct,backhand_side_unforced_pct,forehand_groundstroke_shot_usage_pct,forehand_groundstroke_winner_pct,forehand_groundstroke_induced_forced_pct,forehand_groundstroke_unforced_pct,backhand_groundstroke_shot_usage_pct,backhand_groundstroke_winner_pct,backhand_groundstroke_induced_forced_pct,backhand_groundstroke_unforced_pct,forehand_slice_shot_usage_pct,forehand_slice_winner_pct,forehand_slice_induced_forced_pct,forehand_slice_unforced_pct,backhand_slice_shot_usage_pct,backhand_slice_winner_pct,backhand_slice_induced_forced_pct,backhand_slice_unforced_pct,forehand_volley_shot_usage_pct,forehand_volley_winner_pct,forehand_volley_induced_forced_pct,forehand_volley_unforced_pct,backhand_volley_shot_usage_pct,backhand_volley_winner_pct,backhand_volley_induced_forced_pct,backhand_volley_unforced_pct,overhead_smash_shot_usage_pct,overhead_smash_winner_pct,overhead_smash_induced_forced_pct,overhead_smash_unforced_pct,backhand_overhead_smash_shot_usage_pct,backhand_overhead_smash_winner_pct,backhand_overhead_smash_induced_forced_pct,backhand_overhead_smash_unforced_pct,forehand_drop_shot_shot_usage_pct,forehand_drop_shot_winner_pct,forehand_drop_shot_induced_forced_pct,forehand_drop_shot_unforced_pct,backhand_drop_shot_shot_usage_pct,backhand_drop_shot_winner_pct,backhand_drop_shot_induced_forced_pct,backhand_drop_shot_unforced_pct,forehand_lob_shot_usage_pct,forehand_lob_winner_pct,forehand_lob_induced_forced_pct,forehand_lob_unforced_pct,backhand_lob_shot_usage_pct,backhand_lob_winner_pct,backhand_lob_induced_forced_pct,backhand_lob_unforced_pct,forehand_half_volley_shot_usage_pct,forehand_half_volley_winner_pct,forehand_half_volley_induced_forced_pct,forehand_half_volley_unforced_pct,backhand_half_volley_shot_usage_pct,backhand_half_volley_winner_pct,backhand_half_volley_induced_forced_pct,backhand_half_volley_unforced_pct,forehand_swinging_volley_shot_usage_pct,forehand_swinging_volley_winner_pct,forehand_swinging_volley_induced_forced_pct,forehand_swinging_volley_unforced_pct,backhand_swinging_volley_shot_usage_pct,backhand_swinging_volley_winner_pct,backhand_swinging_volley_induced_forced_pct,backhand_swinging_volley_unforced_pct
0,Abedallah Shelbayh,57.98687089715536,12.075471698113208,1.8867924528301887,13.584905660377359,41.13785557986871,4.25531914893617,5.851063829787234,10.638297872340425,49.23413566739606,7.555555555555555,2.2222222222222223,13.777777777777779,30.63457330415755,2.142857142857143,5.714285714285714,12.142857142857142,2.62582056892779,8.333333333333332,0.0,0.0,5.908096280087528,3.7037037037037033,3.7037037037037033,7.4074074074074066,0.87527352297593,75.0,0.0,25.0,2.1881838074398248,20.0,10.0,0.0,1.312910284463895,100.0,0.0,0.0,0.2188183807439825,100.0,0.0,0.0,2.8446389496717726,23.076923076923077,0.0,30.76923076923077,1.5317286652078774,14.285714285714285,0.0,14.285714285714285,0.6564551422319475,33.33333333333333,0.0,0.0,0.437636761487965,0.0,0.0,0.0,,,,,0.2188183807439825,0.0,100.0,0.0,0.437636761487965,50.0,0.0,0.0,,,,
1,Adam Pavlasek,44.35351882160393,8.118081180811808,5.904059040590406,14.391143911439114,55.646481178396066,2.6470588235294117,3.5294117647058822,13.823529411764707,38.62520458265139,6.779661016949152,5.508474576271186,15.677966101694915,42.716857610474634,1.532567049808429,3.065134099616858,14.942528735632186,2.9459901800327333,0.0,0.0,5.555555555555555,9.983633387888707,1.639344262295082,1.639344262295082,9.836065573770492,1.309328968903437,62.5,12.5,0.0,1.309328968903437,25.0,37.5,12.5,0.8183306055646482,20.0,0.0,20.0,0.16366612111292964,0.0,0.0,0.0,0.32733224222585927,0.0,50.0,0.0,0.9819967266775778,33.33333333333333,0.0,16.666666666666664,0.16366612111292964,0.0,0.0,0.0,0.4909983633387889,0.0,0.0,0.0,,,,,,,,,0.16366612111292964,0.0,100.0,0.0,,,,
2,Adam Walton,47.31182795698925,6.25,7.386363636363637,7.386363636363637,52.68817204301075,2.5510204081632653,4.081632653061225,5.1020408163265305,41.935483870967744,3.8461538461538463,8.333333333333332,7.051282051282051,44.623655913978496,0.6024096385542169,4.216867469879518,6.024096385542169,2.1505376344086025,0.0,0.0,0.0,5.10752688172043,5.263157894736842,0.0,0.0,1.6129032258064515,50.0,0.0,33.33333333333333,0.8064516129032258,33.33333333333333,0.0,0.0,0.8064516129032258,66.66666666666666,0.0,0.0,0.2688172043010753,100.0,0.0,0.0,,,,,,,,,0.8064516129032258,0.0,0.0,0.0,1.6129032258064515,16.666666666666664,0.0,0.0,,,,,0.2688172043010753,0.0,100.0,0.0,,,,,,,,
3,Adrian Andreev,48.95454545454545,9.563602599814299,7.242339832869081,8.72794800371402,50.95454545454545,2.230151650312221,3.300624442462088,6.779661016949152,43.54545454545454,7.411273486430063,6.993736951983298,9.08141962421712,41.0,2.549889135254989,2.9933481152993346,7.206208425720622,1.8181818181818181,5.0,0.0,2.5,7.727272727272727,0.0,1.7647058823529411,4.117647058823529,0.8181818181818182,44.44444444444444,11.11111111111111,5.555555555555555,0.3181818181818182,0.0,28.57142857142857,28.57142857142857,1.8636363636363635,41.46341463414634,14.634146341463413,12.195121951219512,,,,,0.18181818181818182,50.0,25.0,0.0,1.2727272727272727,7.142857142857142,14.285714285714285,3.571428571428571,0.27272727272727276,0.0,33.33333333333333,0.0,0.4090909090909091,0.0,0.0,0.0,0.045454545454545456,0.0,0.0,0.0,0.09090909090909091,0.0,0.0,0.0,0.4090909090909091,33.33333333333333,0.0,0.0,0.13636363636363638,0.0,33.33333333333333,33.33333333333333
4,Adrian Garcia,58.964143426294825,12.837837837837837,7.4324324324324325,18.243243243243242,41.03585657370518,6.796116504854369,6.796116504854369,10.679611650485436,55.77689243027888,10.0,7.857142857142857,18.571428571428573,36.65338645418327,4.3478260869565215,5.434782608695652,11.956521739130435,,,,,2.3904382470119523,0.0,16.666666666666664,0.0,1.1952191235059761,33.33333333333333,0.0,33.33333333333333,0.796812749003984,50.0,50.0,0.0,,,,,,,,,1.1952191235059761,100.0,0.0,0.0,1.1952191235059761,66.66666666666666,0.0,0.0,,,,,,,,,0.398406374501992,0.0,0.0,0.0,,,,,0.398406374501992,100.0,0.0,0.0,,,,
5,Adrian Mannarino,54.27203271279457,5.422821453355804,4.441360166551006,9.348666600574997,45.65802216722264,3.853405609238746,4.371906669809097,7.918925288710818,49.951576455396534,3.6514433433864713,4.243860404997846,9.295562257647566,40.08393414397934,2.926174496644295,4.25503355704698,8.04026845637584,1.4042827935004842,2.2988505747126435,1.532567049808429,5.747126436781609,3.46497363607016,0.7763975155279503,2.7950310559006213,5.900621118012422,0.9469493166899817,41.47727272727273,7.954545454545454,17.613636363636363,0.9092865597761756,39.64497041420118,11.834319526627219,12.42603550295858,0.8931453782416874,54.81927710843374,6.626506024096386,7.228915662650602,0.04842354460346497,22.22222222222222,22.22222222222222,0.0,0.511137415258797,23.157894736842106,12.631578947368421,15.789473684210526,0.4035295383622082,25.333333333333336,6.666666666666667,12.0,0.2205961476380071,12.195121951219512,2.4390243902439024,0.0,0.5918433229312385,6.363636363636363,4.545454545454546,2.727272727272727,0.2851608737759604,15.09433962264151,16.9811320754717,5.660377358490567,0.11298827074141828,23.809523809523807,14.285714285714285,4.761904761904762,0.05918433229312386,27.27272727272727,27.27272727272727,36.36363636363637,0.04304315075863553,50.0,12.5,12.5
6,Adrian Voinea,55.172413793103445,6.25,6.25,20.833333333333336,44.827586206896555,2.564102564102564,5.128205128205128,7.6923076923076925,51.724137931034484,6.666666666666667,6.666666666666667,22.22222222222222,13.793103448275861,0.0,16.666666666666664,0.0,1.1494252873563218,0.0,0.0,0.0,29.88505747126437,3.8461538461538463,0.0,11.538461538461538,2.2988505747126435,0.0,0.0,0.0,1.1494252873563218,0.0,0.0,0.0,,,,,,,,,,,,,,,,,,,,,,,,,,,,,,,,,,,,,,,,
7,Adrien Bossel,54.46428571428571,4.918032786885246,3.278688524590164,13.114754098360656,45.535714285714285,1.9607843137254901,11.76470588235294,19.607843137254903,50.0,5.357142857142857,3.571428571428571,12.5,36.607142857142854,2.4390243902439024,12.195121951219512,17.073170731707318,3.571428571428571,0.0,0.0,0.0,2.6785714285714284,0.0,0.0,0.0,,,,,1.7857142857142856,0.0,50.0,50.0,,,,,,,,,0.8928571428571428,0.0,0.0,100.0,2.6785714285714284,0.0,0.0,66.66666666666666,,,,,0.8928571428571428,0.0,0.0,0.0,,,,,,,,,,,,,0.8928571428571428,0.0,0.0,0.0
8,Agustin Calleri,38.63636363636363,13.725490196078432,5.88235294117647,13.725490196078432,61.36363636363637,4.11522633744856,5.349794238683128,11.11111111111111,33.33333333333333,8.333333333333332,5.303030303030303,14.393939393939394,51.76767676767676,3.414634146341464,3.902439024390244,11.707317073170733,,,,,5.05050505050505,0.0,0.0,0.0,2.525252525252525,50.0,10.0,0.0,2.7777777777777777,27.27272727272727,18.181818181818183,9.090909090909092,1.0101010101010102,75.0,0.0,25.0,0.25252525252525254,0.0,100.0,0.0,0.5050505050505051,0.0,50.0,0.0,0.7575757575757576,0.0,33.33333333333333,66.66666666666666,0.5050505050505051,0.0,0.0,0.0,0.25252525252525254,0.0,0.0,0.0,,,,,0.5050505050505051,0.0,50.0,0.0,0.7575757575757576,66.66666666666666,0.0,33.33333333333333,,,,
9,Agustin Velotti,46.524064171122994,4.597701149425287,6.896551724137931,6.896551724137931,53.475935828877006,3.0,1.0,3.0,35.82887700534759,4.477611940298507,8.955223880597014,8.955223880597014,37.967914438502675,2.8169014084507045,1.4084507042253522,2.8169014084507045,9.62566844919786,0.0,0.0,0.0,14.43850267379679,0.0,0.0,3.7037037037037033,0.53475935828877,100.0,0.0,0.0,0.53475935828877,100.0,0.0,0.0,0.53475935828877,0.0,0.0,0.0,,,,,,,,,,,,,,,,,0.53475935828877,0.0,0.0,0.0,,,,,,,,,,,,,,,,
10,Aisam Ul Haq Qureshi,46.21848739495798,10.0,4.545454545454546,11.818181818181818,53.78151260504202,11.71875,3.125,12.5,37.81512605042017,3.3333333333333335,3.3333333333333335,12.222222222222221,18.067226890756302,13.953488372093023,0.0,11.627906976744185,0.8403361344537815,0.0,0.0,0.0,24.789915966386555,3.389830508474576,3.389830508474576,10.16949152542373,4.621848739495799,36.36363636363637,18.181818181818183,9.090909090909092,7.9831932773109235,21.052631578947366,10.526315789473683,26.31578947368421,2.100840336134454,80.0,0.0,20.0,0.42016806722689076,100.0,0.0,0.0,,,,,,,,,0.42016806722689076,0.0,0.0,0.0,,,,,0.42016806722689076,0.0,0.0,0.0,2.5210084033613445,33.33333333333333,0.0,0.0,,,,,,,,
11,Akira Santillan,47.928994082840234,9.876543209876543,4.938271604938271,13.580246913580247,52.071005917159766,4.545454545454546,0.0,9.090909090909092,42.60355029585799,6.944444444444445,5.555555555555555,12.5,21.893491124260358,8.108108108108109,0.0,10.81081081081081,1.183431952662722,0.0,0.0,0.0,27.810650887573964,0.0,0.0,6.382978723404255,1.183431952662722,0.0,0.0,50.0,0.591715976331361,100.0,0.0,0.0,1.7751479289940828,100.0,0.0,0.0,,,,,1.183431952662722,0.0,0.0,50.0,1.183431952662722,0.0,0.0,50.0,,,,,0.591715976331361,0.0,0.0,0.0,,,,,,,,,,,,,,,,
12,Alan Mackin,45.744680851063826,4.651162790697675,3.488372093023256,10.465116279069768,54.25531914893617,2.941176470588235,3.9215686274509802,10.784313725490197,44.148936170212764,3.614457831325301,3.614457831325301,10.843373493975903,48.93617021276596,3.260869565217391,4.3478260869565215,11.956521739130435,1.0638297872340425,0.0,0.0,0.0,5.319148936170213,0.0,0.0,0.0,0.5319148936170213,100.0,0.0,0.0,,,,,,,,,,,,,,,,,,,,,,,,,,,,,,,,,,,,,,,,,,,,
13,Albano Olivetti,45.45454545454545,25.0,15.0,25.0,50.0,9.090909090909092,9.090909090909092,13.636363636363635,22.727272727272727,20.0,10.0,20.0,11.363636363636363,20.0,0.0,0.0,2.272727272727273,0.0,0.0,0.0,18.181818181818183,12.5,0.0,0.0,18.181818181818183,37.5,25.0,37.5,13.636363636363635,0.0,16.666666666666664,33.33333333333333,2.272727272727273,0.0,0.0,0.0,,,,,,,,,,,,,,,,,2.272727272727273,0.0,0.0,0.0,,,,,2.272727272727273,0.0,0.0,100.0,,,,,2.272727272727273,0.0,100.0,0.0
14,Albert Costa,54.3562066306862,8.51063829787234,4.539007092198582,7.5177304964539005,45.6437933693138,4.391891891891892,2.871621621621622,9.45945945945946,50.65535851966075,6.69710806697108,4.71841704718417,7.76255707762557,36.08326908249807,2.9914529914529915,2.564102564102564,10.47008547008547,1.233616037008481,12.5,0.0,0.0,6.6306861989205865,2.3255813953488373,0.0,2.3255813953488373,0.2313030069390902,66.66666666666666,0.0,33.33333333333333,0.3855050115651504,60.0,20.0,0.0,0.7710100231303008,90.0,0.0,0.0,0.07710100231303006,0.0,100.0,0.0,0.8481110254433308,27.27272727272727,9.090909090909092,9.090909090909092,1.6962220508866617,31.818181818181817,13.636363636363635,22.727272727272727,0.3855050115651504,0.0,0.0,0.0,0.6168080185042405,0.0,0.0,0.0,0.15420200462606012,0.0,0.0,0.0,0.15420200462606012,0.0,0.0,0.0,0.07710100231303006,0.0,0.0,0.0,,,,
15,Albert Montanes,61.8657937806874,6.613756613756613,3.439153439153439,10.052910052910052,37.80687397708674,3.896103896103896,1.2987012987012987,8.225108225108226,56.79214402618658,5.187319884726225,3.45821325648415,10.951008645533141,22.913256955810148,3.571428571428571,2.142857142857143,6.428571428571428,3.109656301145663,0.0,0.0,0.0,13.911620294599016,2.3529411764705883,0.0,10.588235294117647,0.4909983633387889,66.66666666666666,0.0,0.0,0.32733224222585927,50.0,0.0,0.0,0.16366612111292964,100.0,0.0,0.0,,,,,0.9819967266775778,66.66666666666666,16.666666666666664,0.0,0.6546644844517185,25.0,0.0,25.0,0.32733224222585927,0.0,0.0,0.0,,,,,,,,,,,,,,,,,,,,
16,Albert Ramos,55.58185895838525,6.859448554135844,4.886796682358216,8.271687962340282,44.41814104161475,2.41234221598878,2.608695652173913,7.994389901823282,52.00598056316969,5.462386200287494,4.863440344992813,8.481073310972688,36.53127336157488,1.534788540245566,2.557980900409277,8.628922237380628,1.3830052329927736,2.7027027027027026,0.0,0.9009009009009009,6.591078993271866,1.5122873345935728,2.2684310018903595,4.3478260869565215,0.3862447047096935,54.83870967741935,6.451612903225806,9.67741935483871,0.5482182905556939,52.27272727272727,2.272727272727273,9.090909090909092,0.5855968103663095,59.57446808510638,10.638297872340425,4.25531914893617,0.0373785198106155,33.33333333333333,0.0,0.0,0.7351108896087715,35.59322033898305,8.47457627118644,15.254237288135593,0.2118116122601545,29.411764705882355,11.76470588235294,23.52941176470588,0.3364066782955395,11.11111111111111,7.4074074074074066,0.0,0.448542237727386,5.555555555555555,5.555555555555555,0.0,0.0373785198106155,0.0,0.0,0.0,0.0373785198106155,33.33333333333333,33.33333333333333,33.33333333333333,0.1121355594318465,66.66666666666666,11.11111111111111,0.0,0.0124595066035385,100.0,0.0,0.0
17,Alberto Martin,56.03715170278638,9.392265193370166,2.209944751381215,7.18232044198895,43.653250773993804,4.964539007092199,4.25531914893617,7.092198581560284,49.22600619195047,5.031446540880504,2.515723270440252,7.547169811320755,26.93498452012384,2.2988505747126435,4.597701149425287,8.045977011494253,2.1671826625387,0.0,0.0,0.0,12.38390092879257,2.5,2.5,5.0,1.238390092879257,100.0,0.0,0.0,0.9287925696594427,33.33333333333333,33.33333333333333,33.33333333333333,0.30959752321981426,100.0,0.0,0.0,,,,,2.1671826625387,42.857142857142854,0.0,14.285714285714285,2.476780185758514,37.5,0.0,0.0,0.30959752321981426,0.0,0.0,0.0,0.9287925696594427,0.0,0.0,0.0,,,,,,,,,0.6191950464396285,50.0,0.0,0.0,,,,
18,Alejandro Davidovich Fokina,49.71443239427582,9.423002452562281,5.447269910933264,12.559700529237125,50.15080536482064,5.284708893154191,4.00511836212412,10.019193857965451,41.943143168837835,7.114443084455324,5.523255813953488,13.693390452876377,41.61586344092922,4.286815728604472,4.1788743253662295,10.547417116422514,3.343387024321376,0.5758157389635317,1.5355086372360844,3.262955854126679,5.660014117949047,1.3605442176870748,1.7006802721088436,6.802721088435375,0.7123147019187576,61.261261261261254,2.7027027027027026,12.612612612612612,1.1166014246294038,46.55172413793103,6.896551724137931,9.770114942528735,0.9690046845921838,58.27814569536424,11.258278145695364,7.9470198675496695,0.07700699480202786,41.66666666666667,25.0,16.666666666666664,2.0856061092215876,27.076923076923077,8.615384615384615,10.153846153846153,0.7315664506192645,14.035087719298245,5.263157894736842,13.157894736842104,0.5262144644805237,14.634146341463413,4.878048780487805,1.2195121951219512,0.8278251941217994,13.178294573643413,3.10077519379845,1.550387596899225,0.09625874350253481,20.0,6.666666666666667,6.666666666666667,0.10267599306937047,18.75,12.5,12.5,0.03850349740101393,50.0,0.0,0.0,0.019251748700506964,33.33333333333333,0.0,33.33333333333333
19,Alejandro Falla,48.393574297188756,8.437067773167358,4.702627939142462,11.756569847856154,51.606425702811244,4.669260700389105,5.447470817120623,9.208819714656292,43.373493975903614,5.864197530864197,4.62962962962963,11.882716049382717,41.298527443105755,4.376012965964344,5.186385737439222,9.40032414910859,1.3386880856760375,10.0,0.0,5.0,6.827309236947792,1.9607843137254901,1.9607843137254901,7.8431372549019605,1.7402945113788488,38.46153846153847,11.538461538461538,15.384615384615385,1.0040160642570282,13.333333333333334,26.666666666666668,20.0,1.0040160642570282,53.333333333333336,6.666666666666667,6.666666666666667,0.2008032128514056,33.33333333333333,0.0,0.0,0.2677376171352075,50.0,0.0,0.0,0.33467202141900937,0.0,0.0,40.0,0.4016064257028112,0.0,0.0,16.666666666666664,1.2717536813922357,10.526315789473683,10.526315789473683,0.0,0.13386880856760375,0.0,0.0,0.0,0.4685408299866131,0.0,14.285714285714285,0.0,0.13386880856760375,50.0,0.0,50.0,0.2008032128514056,66.66666666666666,33.33333333333333,0.0
20,Alejandro Gonzalez,45.68627450980392,5.579399141630901,6.437768240343347,12.446351931330472,54.31372549019608,3.2490974729241873,1.444043321299639,9.747292418772563,42.745098039215684,3.211009174311927,6.422018348623854,13.302752293577983,48.627450980392155,2.82258064516129,1.6129032258064515,10.080645161290322,0.9803921568627451,0.0,0.0,0.0,4.117647058823529,0.0,0.0,9.523809523809524,0.19607843137254902,100.0,0.0,0.0,0.9803921568627451,40.0,0.0,0.0,0.5882352941176471,100.0,0.0,0.0,,,,,0.5882352941176471,33.33333333333333,33.33333333333333,0.0,,,,,0.19607843137254902,100.0,0.0,0.0,0.5882352941176471,0.0,0.0,0.0,0.39215686274509803,0.0,0.0,0.0,,,,,,,,,,,,
21,Alejandro Lopez Escribano,55.980861244019145,3.418803418803419,5.128205128205128,9.401709401709402,44.01913875598086,2.1739130434782608,2.1739130434782608,14.130434782608695,47.84688995215311,3.0,4.0,11.0,43.0622009569378,2.2222222222222223,2.2222222222222223,14.444444444444443,4.784688995215311,0.0,10.0,0.0,,,,,0.4784688995215311,100.0,0.0,0.0,,,,,,,,,,,,,1.4354066985645932,0.0,33.33333333333333,0.0,0.4784688995215311,0.0,0.0,0.0,1.4354066985645932,0.0,0.0,0.0,0.4784688995215311,0.0,0.0,0.0,,,,,,,,,,,,,,,,
22,Alejandro Moro Canas,51.177394034536896,8.588957055214724,6.134969325153374,8.588957055214724,48.822605965463104,3.215434083601286,4.180064308681672,10.610932475884244,39.56043956043956,5.555555555555555,7.5396825396825395,9.920634920634921,40.816326530612244,1.5384615384615385,3.8461538461538463,11.153846153846155,7.535321821036106,0.0,0.0,2.083333333333333,5.337519623233909,0.0,2.941176470588235,2.941176470588235,1.2558869701726845,87.5,0.0,0.0,1.726844583987441,27.27272727272727,18.181818181818183,27.27272727272727,0.6279434850863422,100.0,0.0,0.0,,,,,1.8838304552590266,25.0,8.333333333333332,16.666666666666664,0.47095761381475665,66.66666666666666,0.0,0.0,0.3139717425431711,0.0,0.0,0.0,0.47095761381475665,33.33333333333333,0.0,0.0,,,,,,,,,,,,,,,,
23,Alejandro Tabilo,51.289899431569744,9.420289855072465,5.072463768115942,9.207161125319693,48.68823786620026,4.894476874719354,4.535249214189493,8.801077682981589,42.10756449497158,7.943925233644859,5.29595015576324,9.865005192107997,40.68648885002186,3.6539494895217626,4.45996775926921,8.866200967221923,5.574989068648885,0.7843137254901961,1.5686274509803921,3.5294117647058822,3.4105815478793176,1.282051282051282,0.641025641025641,1.9230769230769231,1.1805859204197637,53.70370370370371,9.25925925925926,7.4074074074074066,1.114997813729777,33.33333333333333,7.8431372549019605,19.607843137254903,0.8963707914298208,60.97560975609756,9.75609756097561,9.75609756097561,,,,,0.9182334936598164,14.285714285714285,2.380952380952381,19.047619047619047,2.4923480542195016,9.649122807017543,10.526315789473683,13.157894736842104,0.3279405334499344,26.666666666666668,13.333333333333334,6.666666666666667,0.7214691735898557,15.151515151515152,3.0303030303030303,6.0606060606060606,0.28421512898994317,15.384615384615385,7.6923076923076925,0.0,0.06558810668998688,0.0,0.0,0.0,,,,,0.19676432006996064,66.66666666666666,0.0,11.11111111111111
24,Aleksandar Kovacevic,57.54285714285714,7.745779543197617,4.766633565044687,11.817279046673287,42.34285714285714,3.643724696356275,3.913630229419703,11.06612685560054,53.142857142857146,6.129032258064516,4.946236559139785,12.043010752688172,27.257142857142856,4.821802935010482,5.2410901467505235,14.046121593291405,2.457142857142857,2.3255813953488373,2.3255813953488373,2.3255813953488373,13.885714285714284,0.411522633744856,0.411522633744856,4.11522633744856,0.5142857142857142,66.66666666666666,0.0,22.22222222222222,0.2857142857142857,40.0,40.0,0.0,0.4571428571428572,75.0,0.0,12.5,,,,,0.6857142857142857,50.0,0.0,16.666666666666664,0.6857142857142857,8.333333333333332,8.333333333333332,41.66666666666667,0.17142857142857143,33.33333333333333,33.33333333333333,0.0,0.2285714285714286,0.0,0.0,0.0,,,,,,,,,0.1142857142857143,50.0,0.0,50.0,,,,
25,Aleksandar Vukic,58.03125,9.046849757673666,7.162089391491653,11.577813677975229,41.875,2.5373134328358207,3.0597014925373136,9.701492537313433,53.28125,7.859237536656892,7.155425219941349,11.20234604105572,35.625,2.368421052631579,2.982456140350877,9.736842105263158,1.5625,0.0,4.0,6.0,4.875,0.0,1.282051282051282,8.974358974358974,0.53125,47.05882352941176,0.0,17.647058823529413,0.5625,33.33333333333333,11.11111111111111,11.11111111111111,0.625,50.0,20.0,10.0,0.03125,100.0,0.0,0.0,1.53125,24.489795918367346,8.16326530612245,28.57142857142857,0.25,0.0,25.0,37.5,0.15625,0.0,20.0,0.0,0.34375,0.0,0.0,0.0,0.03125,0.0,0.0,0.0,0.1875,0.0,16.666666666666664,0.0,0.3125,40.0,0.0,20.0,,,,
26,Aleksandr Nedovyesov,49.22737306843267,10.31390134529148,7.623318385650224,13.452914798206278,50.55187637969095,3.4934497816593884,1.7467248908296942,10.91703056768559,44.150110375275936,8.5,8.5,14.499999999999998,31.346578366445915,2.8169014084507045,2.112676056338028,13.380281690140844,1.7660044150110374,0.0,0.0,0.0,17.218543046357617,1.282051282051282,0.0,7.6923076923076925,0.8830022075055187,75.0,0.0,0.0,1.1037527593818985,40.0,0.0,0.0,0.6622516556291391,100.0,0.0,0.0,,,,,0.44150110375275936,0.0,0.0,50.0,0.44150110375275936,0.0,50.0,0.0,,,,,0.44150110375275936,50.0,0.0,0.0,0.8830022075055187,0.0,0.0,0.0,,,,,0.44150110375275936,0.0,0.0,0.0,,,,
27,Aleksandre Metreveli,53.78486055776892,10.37037037037037,7.4074074074074066,11.11111111111111,46.21513944223107,3.4482758620689653,5.172413793103448,15.517241379310345,42.23107569721115,6.60377358490566,8.49056603773585,9.433962264150944,32.27091633466135,4.938271604938271,4.938271604938271,13.580246913580247,3.187250996015936,0.0,0.0,12.5,8.366533864541832,0.0,0.0,14.285714285714285,3.187250996015936,37.5,12.5,12.5,2.3904382470119523,0.0,33.33333333333333,50.0,2.3904382470119523,66.66666666666666,0.0,0.0,,,,,2.3904382470119523,0.0,0.0,33.33333333333333,0.796812749003984,0.0,0.0,50.0,0.398406374501992,0.0,0.0,100.0,2.3904382470119523,0.0,0.0,0.0,,,,,,,,,,,,,,,,
28,Alessandro Giannessi,62.77205040091638,10.036496350364963,3.4671532846715327,7.116788321167883,36.08247422680412,1.9047619047619049,2.5396825396825395,7.301587301587302,53.72279495990836,6.823027718550106,3.411513859275053,6.823027718550106,21.993127147766323,1.5625,2.604166666666667,8.333333333333332,3.2073310423825885,0.0,3.571428571428571,0.0,11.34020618556701,1.0101010101010102,2.0202020202020203,7.07070707070707,1.3745704467353952,75.0,0.0,8.333333333333332,0.3436426116838488,33.33333333333333,33.33333333333333,0.0,1.3745704467353952,58.333333333333336,0.0,33.33333333333333,,,,,1.9473081328751431,35.294117647058826,11.76470588235294,11.76470588235294,0.22909507445589922,0.0,0.0,0.0,1.0309278350515463,0.0,0.0,0.0,1.9473081328751431,5.88235294117647,0.0,0.0,,,,,0.22909507445589922,0.0,0.0,0.0,0.11454753722794961,100.0,0.0,0.0,,,,
29,Alex Barrena,53.03030303030303,7.142857142857142,7.142857142857142,11.428571428571429,46.96969696969697,0.0,3.225806451612903,3.225806451612903,41.66666666666667,5.454545454545454,5.454545454545454,12.727272727272727,43.93939393939394,0.0,1.7241379310344827,3.4482758620689653,5.303030303030303,0.0,0.0,0.0,2.272727272727273,0.0,0.0,0.0,0.7575757575757576,0.0,100.0,0.0,0.7575757575757576,0.0,100.0,0.0,2.272727272727273,0.0,33.33333333333333,33.33333333333333,,,,,3.0303030303030303,50.0,0.0,0.0,,,,,,,,,,,,,,,,,,,,,,,,,,,,
30,Alex Bogdanovic,53.591160220994475,9.278350515463918,2.0618556701030926,10.309278350515463,46.408839779005525,2.380952380952381,5.952380952380952,10.714285714285714,49.72375690607735,6.666666666666667,2.2222222222222223,8.88888888888889,34.25414364640884,0.0,8.064516129032258,14.516129032258066,0.5524861878453038,0.0,0.0,0.0,8.83977900552486,0.0,0.0,0.0,2.209944751381215,50.0,0.0,50.0,1.1049723756906076,100.0,0.0,0.0,0.5524861878453038,100.0,0.0,0.0,,,,,,,,,,,,,,,,,2.209944751381215,0.0,0.0,0.0,0.5524861878453038,0.0,0.0,0.0,,,,,,,,,,,,
31,Alex Bogomolov Jr,59.09090909090909,5.4945054945054945,3.296703296703297,10.989010989010989,40.909090909090914,0.0,1.5873015873015872,9.523809523809524,52.5974025974026,2.4691358024691357,3.7037037037037033,12.345679012345679,33.116883116883116,0.0,1.9607843137254901,9.803921568627452,2.5974025974025974,0.0,0.0,0.0,4.545454545454546,0.0,0.0,14.285714285714285,1.2987012987012987,50.0,0.0,0.0,,,,,2.5974025974025974,50.0,0.0,0.0,,,,,,,,,0.6493506493506493,0.0,0.0,0.0,,,,,2.5974025974025974,0.0,0.0,0.0,,,,,,,,,,,,,,,,
32,Alex Bolt,60.96153846153847,10.410094637223976,4.73186119873817,16.40378548895899,39.03846153846154,3.4482758620689653,3.4482758620689653,12.807881773399016,54.807692307692314,7.719298245614035,3.8596491228070176,16.140350877192983,18.653846153846153,0.0,2.0618556701030926,13.402061855670103,1.9230769230769231,0.0,0.0,20.0,17.115384615384617,1.1235955056179776,2.247191011235955,11.235955056179774,1.9230769230769231,60.0,30.0,10.0,2.5,38.46153846153847,15.384615384615385,15.384615384615385,1.5384615384615385,50.0,12.5,37.5,,,,,0.576923076923077,33.33333333333333,0.0,0.0,0.38461538461538464,50.0,0.0,50.0,,,,,0.38461538461538464,0.0,50.0,0.0,0.19230769230769232,0.0,0.0,0.0,,,,,,,,,,,,
33,Alex Corretja,47.68401015228426,6.387225548902195,4.8569527611443775,7.917498336660013,52.31598984771574,5.09399636143117,3.0321406913280775,8.126137052759248,43.496192893401016,3.50109409190372,4.522246535375638,8.315098468271334,40.736040609137056,4.361370716510903,2.959501557632399,9.423676012461058,1.300761421319797,2.4390243902439024,0.0,0.0,9.168781725888325,0.6920415224913495,1.384083044982699,2.768166089965398,1.1104060913705585,54.285714285714285,17.142857142857142,5.714285714285714,1.4276649746192893,42.22222222222222,11.11111111111111,11.11111111111111,0.7931472081218274,64.0,8.0,12.0,0.031725888324873094,100.0,0.0,0.0,0.28553299492385786,66.66666666666666,11.11111111111111,0.0,0.25380710659898476,50.0,12.5,0.0,0.25380710659898476,12.5,0.0,0.0,0.4124365482233503,0.0,7.6923076923076925,0.0,0.2220812182741117,0.0,14.285714285714285,0.0,0.1903553299492386,33.33333333333333,0.0,0.0,0.2220812182741117,71.42857142857143,14.285714285714285,0.0,0.0951776649746193,0.0,33.33333333333333,0.0
34,Alex De Minaur,48.393590685274354,6.700770138849851,5.227949856652988,7.768845916015516,51.54656002611605,3.0135106607557525,2.997677855182605,6.40173105340933,43.08060611006828,4.843394796665825,5.146501641828745,8.108108108108109,42.91466035528714,2.0729001584786055,2.8462757527733755,6.706814580031696,2.5136701216028725,0.6493506493506493,1.83982683982684,0.974025974025974,6.376669659131097,0.6399317406143344,1.4078498293515358,4.223549488054608,1.0881688838107675,48.5,8.5,8.75,1.139856905791779,42.959427207637226,13.842482100238662,6.443914081145586,0.6882668190103104,53.75494071146245,13.438735177865613,7.5098814229249005,0.06529013302864606,33.33333333333333,8.333333333333332,4.166666666666666,0.4379879757338339,27.95031055900621,12.422360248447205,19.25465838509317,0.29924644304796105,17.272727272727273,11.818181818181818,22.727272727272727,0.4379879757338339,14.285714285714285,2.484472049689441,0.6211180124223602,0.6719442857531488,6.477732793522267,3.643724696356275,1.214574898785425,0.07889224407628063,24.137931034482758,13.793103448275861,3.4482758620689653,0.06529013302864606,16.666666666666664,12.5,0.0,0.06801055523817297,56.00000000000001,8.0,8.0,0.013602111047634593,40.0,20.0,0.0
35,Alex Kuznetsov,55.9748427672956,13.48314606741573,2.247191011235955,23.595505617977526,44.0251572327044,4.285714285714286,1.4285714285714286,12.857142857142856,45.911949685534594,6.8493150684931505,0.0,27.397260273972602,33.9622641509434,5.555555555555555,1.8518518518518516,11.11111111111111,3.1446540880503147,0.0,0.0,0.0,8.176100628930817,0.0,0.0,15.384615384615385,1.257861635220126,0.0,0.0,50.0,1.8867924528301887,0.0,0.0,33.33333333333333,3.7735849056603774,66.66666666666666,33.33333333333333,0.0,,,,,1.8867924528301887,100.0,0.0,0.0,,,,,,,,,,,,,,,,,,,,,,,,,,,,
36,Alex Marti Pujolras,58.65102639296188,5.0,4.0,11.5,41.05571847507331,1.4285714285714286,2.857142857142857,9.285714285714286,54.252199413489734,3.783783783783784,3.783783783783784,11.351351351351353,34.89736070381232,0.0,3.361344537815126,9.243697478991598,0.8797653958944283,0.0,0.0,33.33333333333333,3.519061583577713,0.0,0.0,0.0,,,,,1.1730205278592376,50.0,0.0,25.0,,,,,,,,,2.6392961876832843,22.22222222222222,0.0,11.11111111111111,0.2932551319648094,0.0,0.0,0.0,0.5865102639296188,50.0,0.0,0.0,1.1730205278592376,0.0,0.0,25.0,,,,,,,,,0.2932551319648094,0.0,100.0,0.0,,,,
37,Alex Michelsen,51.85276073619632,9.086606720302887,6.862281116895409,9.13393279697113,48.04907975460122,6.179775280898876,5.107252298263535,6.384065372829417,44.09815950920245,6.3995548135781855,6.789092932665554,9.515859766277128,40.68711656441718,4.463208685162847,4.463208685162847,6.332931242460796,3.3128834355828225,2.2222222222222223,2.2222222222222223,5.9259259259259265,3.7791411042944785,0.6493506493506493,2.5974025974025974,5.194805194805195,1.7914110429447854,63.013698630136986,10.95890410958904,8.21917808219178,2.085889570552147,37.64705882352941,16.470588235294116,9.411764705882353,0.8588957055214724,45.714285714285715,17.142857142857142,2.857142857142857,0.049079754601226995,50.0,0.0,0.0,0.8834355828220859,16.666666666666664,11.11111111111111,13.88888888888889,0.7852760736196319,34.375,6.25,12.5,0.34355828220858897,0.0,0.0,0.0,0.39263803680981596,0.0,18.75,0.0,0.36809815950920244,13.333333333333334,6.666666666666667,6.666666666666667,0.245398773006135,10.0,30.0,0.0,0.19631901840490798,50.0,12.5,12.5,0.024539877300613498,100.0,0.0,0.0
38,Alex Molcan,52.30331262939959,6.086095992083127,3.908955962394854,6.976744186046512,47.696687370600415,2.984264785675529,3.2555615843733046,6.94519804666305,46.68737060041408,4.2682926829268295,3.8802660753880267,7.095343680709535,36.33540372670808,2.564102564102564,3.276353276353276,7.122507122507122,2.536231884057971,0.0,0.0,0.0,8.178053830227745,0.949367088607595,1.5822784810126582,4.746835443037975,0.5952380952380952,52.17391304347826,13.043478260869565,13.043478260869565,0.7246376811594203,25.0,10.714285714285714,14.285714285714285,0.4917184265010352,57.89473684210527,10.526315789473683,15.789473684210526,0.025879917184265012,0.0,100.0,0.0,1.1645962732919255,42.22222222222222,8.88888888888889,13.333333333333334,1.0093167701863355,17.94871794871795,10.256410256410255,20.51282051282051,0.6987577639751553,11.11111111111111,0.0,0.0,1.2681159420289856,4.081632653061225,2.0408163265306123,0.0,0.07763975155279502,0.0,0.0,33.33333333333333,0.15527950310559005,0.0,0.0,16.666666666666664,0.051759834368530024,50.0,0.0,0.0,,,,
39,Alexander Blockx,46.934865900383144,8.979591836734693,4.081632653061225,10.612244897959183,53.06513409961686,2.527075812274368,2.166064981949458,5.776173285198556,37.547892720306514,8.16326530612245,4.591836734693878,12.755102040816327,47.89272030651341,1.6,2.4,5.6000000000000005,4.980842911877394,0.0,0.0,0.0,2.681992337164751,0.0,0.0,7.142857142857142,0.9578544061302682,80.0,20.0,0.0,0.38314176245210724,50.0,0.0,0.0,1.3409961685823755,28.57142857142857,0.0,0.0,,,,,0.5747126436781609,0.0,0.0,33.33333333333333,0.19157088122605362,0.0,0.0,100.0,1.532567049808429,0.0,0.0,0.0,1.532567049808429,0.0,0.0,0.0,,,,,0.19157088122605362,100.0,0.0,0.0,,,,,0.19157088122605362,100.0,0.0,0.0
40,Alexander Bublik,50.37649589888395,11.183771520085413,5.338315761377285,12.8786867743227,49.26045448433508,6.209908557390474,4.4765934215913745,11.901187389108776,31.10797364528708,10.136157337367626,5.835314458612492,15.625675383617896,34.227511093182734,5.205264191710862,4.262423885287762,11.883716362207817,10.757025682398817,1.375,1.6875,3.375,7.583703106091166,1.0638297872340425,1.773049645390071,7.890070921985816,2.810272959526691,38.75598086124402,6.698564593301436,14.354066985645932,2.568239881672717,29.05759162303665,11.518324607329843,14.136125654450263,1.1899959661153692,57.06214689265536,11.864406779661017,7.344632768361582,0.06050826946349334,44.44444444444444,22.22222222222222,11.11111111111111,3.247277127874143,14.078674948240167,7.246376811594203,22.77432712215321,2.8573349468871854,9.88235294117647,7.0588235294117645,26.35294117647059,0.8941777598494016,7.518796992481203,9.774436090225564,3.007518796992481,1.6135538523598225,4.166666666666666,5.416666666666667,3.3333333333333335,0.32943391152346374,10.204081632653061,12.244897959183673,2.0408163265306123,0.28237192416296897,11.904761904761903,2.380952380952381,4.761904761904762,0.04033884630899556,16.666666666666664,0.0,0.0,0.0672314105149926,60.0,10.0,10.0
41,Alexander Cozbinov,52.702702702702695,2.849002849002849,3.418803418803419,6.267806267806268,47.2972972972973,2.5396825396825395,2.857142857142857,9.841269841269842,48.7987987987988,1.2307692307692308,3.3846153846153846,6.153846153846154,41.74174174174174,1.4388489208633095,1.7985611510791366,9.352517985611511,1.3513513513513513,0.0,11.11111111111111,0.0,2.8528528528528527,0.0,5.263157894736842,15.789473684210526,1.951951951951952,46.15384615384615,0.0,15.384615384615385,1.5015015015015014,30.0,10.0,0.0,0.3003003003003003,0.0,0.0,0.0,,,,,,,,,0.6006006006006006,25.0,25.0,50.0,0.3003003003003003,0.0,0.0,0.0,0.45045045045045046,0.0,0.0,0.0,,,,,0.15015015015015015,0.0,100.0,0.0,,,,,,,,
42,Alexander Popp,45.867768595041326,17.117117117117118,10.81081081081081,16.216216216216218,54.132231404958674,12.977099236641221,6.106870229007633,6.106870229007633,41.32231404958678,12.0,12.0,18.0,47.107438016528924,11.403508771929824,7.017543859649122,5.263157894736842,0.8264462809917356,0.0,0.0,0.0,3.71900826446281,0.0,0.0,0.0,2.066115702479339,80.0,0.0,0.0,2.066115702479339,60.0,0.0,40.0,1.2396694214876034,100.0,0.0,0.0,0.4132231404958678,0.0,0.0,0.0,,,,,,,,,0.4132231404958678,0.0,0.0,0.0,0.8264462809917356,50.0,0.0,0.0,,,,,,,,,,,,,,,,
43,Alexander Ritschard,59.49367088607595,10.638297872340425,2.127659574468085,19.148936170212767,40.50632911392405,7.8125,1.5625,6.25,53.16455696202531,8.333333333333332,2.380952380952381,17.857142857142858,32.278481012658226,5.88235294117647,1.9607843137254901,5.88235294117647,2.5316455696202533,0.0,0.0,0.0,6.962025316455696,9.090909090909092,0.0,9.090909090909092,1.89873417721519,66.66666666666666,0.0,33.33333333333333,0.6329113924050633,100.0,0.0,0.0,0.6329113924050633,100.0,0.0,0.0,,,,,1.2658227848101267,0.0,0.0,100.0,,,,,,,,,0.6329113924050633,0.0,0.0,0.0,,,,,,,,,,,,,,,,
44,Alexander Shevchenko,50.805613305613306,8.491048593350383,5.115089514066496,11.76470588235294,49.142411642411645,4.49497620306716,3.278688524590164,10.206240084611316,44.75051975051975,6.329849012775841,5.2264808362369335,12.659698025551682,42.9054054054054,3.8764385221078133,3.210175651120533,10.599636583888552,2.988565488565489,1.7391304347826086,2.608695652173913,0.8695652173913043,4.054054054054054,0.641025641025641,2.564102564102564,5.128205128205128,0.8575883575883576,69.6969696969697,3.0303030303030303,6.0606060606060606,0.8056133056133057,38.70967741935484,6.451612903225806,22.58064516129032,0.6237006237006237,50.0,12.5,16.666666666666664,0.07796257796257797,33.33333333333333,0.0,0.0,1.1434511434511436,34.090909090909086,4.545454545454546,11.363636363636363,0.4677754677754678,22.22222222222222,11.11111111111111,11.11111111111111,0.2338877338877339,0.0,0.0,0.0,0.7796257796257797,10.0,3.3333333333333335,0.0,0.07796257796257797,33.33333333333333,0.0,0.0,0.05197505197505198,0.0,0.0,50.0,0.12993762993762994,80.0,20.0,0.0,,,,
45,Alexander Vasilenko,41.76470588235294,5.633802816901409,4.225352112676056,8.450704225352112,58.235294117647065,3.0303030303030303,3.0303030303030303,7.07070707070707,38.23529411764706,4.615384615384616,1.5384615384615385,9.230769230769232,46.470588235294116,2.5316455696202533,2.5316455696202533,7.59493670886076,1.7647058823529411,0.0,0.0,0.0,9.411764705882353,0.0,0.0,6.25,1.1764705882352942,50.0,50.0,0.0,0.5882352941176471,0.0,0.0,0.0,,,,,,,,,,,,,1.7647058823529411,33.33333333333333,33.33333333333333,0.0,,,,,,,,,,,,,,,,,0.5882352941176471,0.0,100.0,0.0,,,,
46,Alexander Waske,42.72727272727273,4.25531914893617,12.76595744680851,27.659574468085108,57.27272727272727,9.523809523809524,6.349206349206349,14.285714285714285,30.0,3.0303030303030303,6.0606060606060606,30.303030303030305,30.0,3.0303030303030303,3.0303030303030303,12.121212121212121,1.8181818181818181,0.0,0.0,0.0,10.909090909090908,8.333333333333332,0.0,8.333333333333332,9.090909090909092,10.0,40.0,10.0,12.727272727272727,28.57142857142857,21.428571428571427,14.285714285714285,1.8181818181818181,0.0,0.0,100.0,,,,,,,,,1.8181818181818181,0.0,0.0,100.0,,,,,1.8181818181818181,0.0,0.0,0.0,,,,,,,,,,,,,,,,
47,Alexander Zverev,49.9721950564728,7.459708365310822,4.911742133537989,8.937068303914044,49.991370879595,4.507096279248178,3.7897967011891063,7.28807057920982,44.79664039578899,5.0896793801635205,4.849963614571294,9.040708873763965,42.70264051084393,3.5385513494094933,3.623871749966321,7.319592258296287,2.086329555696178,1.6544117647058825,1.0110294117647058,1.6544117647058825,4.416192065044392,1.0855405992184108,2.0408163265306123,4.429005644811116,1.3403900362423056,43.63376251788269,7.0100143061516444,16.165951359084406,1.267521908377917,34.039334341906205,11.195158850226928,15.279878971255673,1.1102801587758155,61.4853195164076,9.844559585492227,7.4265975820379975,0.07862087480105084,39.02439024390244,17.073170731707318,7.317073170731707,0.1649120788509847,19.767441860465116,6.976744186046512,15.11627906976744,0.703752708585016,20.708446866485016,7.084468664850137,12.26158038147139,0.1514890026654394,10.126582278481013,1.2658227848101267,8.860759493670885,0.5541812882317974,5.536332179930796,3.4602076124567476,3.1141868512110724,0.1610769142265432,19.047619047619047,8.333333333333332,7.142857142857142,0.15340658497766016,8.75,12.5,6.25,0.1610769142265432,41.66666666666667,19.047619047619047,20.238095238095237,0.11505493873324513,36.666666666666664,11.666666666666666,8.333333333333332
48,Alexandr Dolgopolov,49.22789750551502,10.996208204067564,5.584281282316442,11.306446053085143,50.73816392329883,6.086956521739131,4.816053511705685,11.036789297658862,40.403868997115225,9.99580008399832,6.005879882402352,12.767744645107099,41.74444255896827,5.772357723577236,5.0,11.341463414634147,6.058034956728322,1.9607843137254901,1.680672268907563,1.9607843137254901,6.516205667741389,1.3020833333333335,1.3020833333333335,6.25,1.0690649923638214,53.96825396825397,3.1746031746031744,11.11111111111111,0.763617851688444,44.44444444444444,8.88888888888889,17.77777777777778,0.763617851688444,60.0,13.333333333333334,8.88888888888889,0.08484642796538266,20.0,0.0,20.0,0.509078567792296,20.0,13.333333333333334,10.0,1.1369421347361277,13.432835820895523,8.955223880597014,25.37313432835821,0.2036314271169184,0.0,0.0,8.333333333333332,0.39029356864076026,17.391304347826086,13.043478260869565,4.3478260869565215,0.0509078567792296,66.66666666666666,0.0,0.0,0.033938571186153066,0.0,50.0,0.0,0.16969285593076533,50.0,10.0,20.0,0.06787714237230613,25.0,50.0,0.0
49,Alexandre Muller,45.233424872499015,6.764960971379011,4.163052905464007,10.75455333911535,54.02118477834444,4.793028322440087,3.2679738562091507,10.312273057371096,35.97489211455473,4.252998909487459,4.362050163576881,12.213740458015266,45.625735582581406,4.041272570937231,3.095442820292347,10.662080825451419,6.2769713613181635,0.625,0.0,4.375,5.256963515103962,0.0,2.9850746268656714,5.223880597014925,0.7846214201647704,65.0,10.0,10.0,1.2946253432718713,30.303030303030305,6.0606060606060606,21.21212121212121,0.745390349156532,63.1578947368421,10.526315789473683,5.263157894736842,0.07846214201647705,0.0,0.0,0.0,0.6669282071400549,29.411764705882355,5.88235294117647,11.76470588235294,0.8630835621812475,22.727272727272727,4.545454545454546,18.181818181818183,0.1961553550411926,0.0,0.0,0.0,0.6669282071400549,11.76470588235294,0.0,0.0,0.23538642604943116,16.666666666666664,16.666666666666664,0.0,0.11769321302471558,0.0,33.33333333333333,0.0,0.3530796390741467,77.77777777777779,22.22222222222222,0.0,0.11769321302471558,66.66666666666666,33.33333333333333,0.0
50,Alexandre Penaud,51.515151515151516,5.228758169934641,1.9607843137254901,10.457516339869281,48.484848484848484,3.4722222222222223,0.0,7.638888888888889,46.12794612794613,4.37956204379562,2.18978102189781,11.678832116788321,35.01683501683502,4.807692307692308,0.0,6.730769230769231,3.3670033670033668,0.0,0.0,0.0,11.447811447811448,0.0,0.0,2.941176470588235,,,,,,,,,0.6734006734006733,50.0,0.0,0.0,,,,,0.33670033670033667,0.0,0.0,0.0,1.3468013468013467,0.0,0.0,75.0,0.6734006734006733,0.0,0.0,0.0,0.6734006734006733,0.0,0.0,0.0,0.33670033670033667,100.0,0.0,0.0,,,,,,,,,,,,
51,Alexei Popyrin,56.17128463476071,12.292271168557109,5.987865998417305,10.920601424426273,43.50274114683657,5.040871934604905,3.610354223433242,10.45640326975477,48.09601422432953,9.33456561922366,6.1922365988909425,11.583487369069625,28.878352348496072,4.3099025141098,4.053360697793741,12.16008209338122,3.05230404504371,2.912621359223301,1.9417475728155338,1.9417475728155338,10.949770336346125,0.6765899864682002,1.0825439783491204,6.2246278755074425,2.3707215883834643,53.75,2.5,15.0,2.1632834493999114,34.93150684931507,11.643835616438356,13.013698630136986,1.274262853756112,61.627906976744185,12.790697674418606,2.3255813953488373,0.01481700992739665,0.0,0.0,0.0,0.5778633871684694,17.94871794871795,12.82051282051282,17.94871794871795,0.42969328789450284,0.0,3.4482758620689653,6.896551724137931,0.35560823825751964,4.166666666666666,4.166666666666666,0.0,0.9038376055711956,9.836065573770492,1.639344262295082,3.278688524590164,0.2370721588383464,12.5,0.0,0.0,0.16298710920136317,18.181818181818183,0.0,9.090909090909092,0.20743813898355312,57.14285714285714,7.142857142857142,7.142857142857142,,,,
52,Alexey Vatutin,51.21951219512195,4.761904761904762,6.349206349206349,6.349206349206349,48.78048780487805,1.6666666666666667,8.333333333333332,10.0,45.52845528455284,5.357142857142857,5.357142857142857,7.142857142857142,44.71544715447154,1.8181818181818181,7.2727272727272725,10.909090909090908,3.2520325203252036,0.0,0.0,0.0,3.2520325203252036,0.0,25.0,0.0,,,,,,,,,2.4390243902439024,0.0,33.33333333333333,0.0,,,,,,,,,,,,,,,,,0.8130081300813009,0.0,0.0,0.0,,,,,,,,,,,,,,,,
53,Alexis Galarneau,53.58490566037736,6.197183098591549,3.6619718309859155,5.070422535211268,46.41509433962264,3.7398373983739837,3.414634146341464,6.178861788617886,49.13207547169811,4.147465437788019,3.686635944700461,5.22273425499232,36.528301886792455,3.0991735537190084,3.3057851239669422,7.024793388429752,1.8867924528301887,0.0,0.0,0.0,7.09433962264151,1.0638297872340425,1.0638297872340425,3.1914893617021276,0.6792452830188679,55.55555555555556,11.11111111111111,11.11111111111111,0.5283018867924528,42.857142857142854,14.285714285714285,14.285714285714285,0.7547169811320755,70.0,0.0,0.0,,,,,0.4528301886792453,0.0,16.666666666666664,16.666666666666664,0.9811320754716981,15.384615384615385,0.0,0.0,0.4528301886792453,50.0,0.0,0.0,1.0566037735849056,7.142857142857142,14.285714285714285,0.0,,,,,0.1509433962264151,0.0,50.0,0.0,0.22641509433962265,66.66666666666666,0.0,0.0,0.07547169811320754,100.0,0.0,0.0
54,Aljaz Bedene,52.551834130781494,7.334344967121901,6.29742033383915,11.026808295397066,47.421584263689525,2.130044843049327,3.223094170403588,9.445067264573991,49.62785752259437,6.052490626673808,6.079271558650241,11.060524906266737,38.822434875066456,1.7117425539198903,2.978432043820609,9.140705237932215,0.5449229133439659,4.878048780487805,4.878048780487805,0.0,6.578947368421052,0.6060606060606061,3.2323232323232323,7.6767676767676765,0.518341307814992,43.58974358974359,7.6923076923076925,15.384615384615385,0.531632110579479,27.500000000000004,5.0,27.500000000000004,0.5449229133439659,51.21951219512195,17.073170731707318,7.317073170731707,0.053163211057947905,50.0,0.0,0.0,0.8240297713981924,30.64516129032258,8.064516129032258,16.129032258064516,0.8506113769271665,12.5,14.0625,31.25,0.23923444976076555,5.555555555555555,22.22222222222222,0.0,0.5582137161084529,2.380952380952381,2.380952380952381,2.380952380952381,0.10632642211589581,12.5,12.5,25.0,0.026581605528973953,50.0,0.0,0.0,0.14619883040935672,27.27272727272727,0.0,18.181818181818183,,,,
55,Altug Celikbilek,48.96265560165975,3.389830508474576,3.389830508474576,13.559322033898304,51.037344398340245,3.2520325203252036,0.8130081300813009,8.130081300813007,41.49377593360996,1.0,3.0,15.0,40.24896265560166,2.0618556701030926,1.0309278350515463,9.278350515463918,1.6597510373443984,0.0,0.0,0.0,7.883817427385892,0.0,0.0,5.263157894736842,2.4896265560165975,16.666666666666664,0.0,0.0,2.4896265560165975,33.33333333333333,0.0,0.0,1.6597510373443984,25.0,25.0,25.0,,,,,1.2448132780082988,33.33333333333333,0.0,0.0,,,,,0.4149377593360996,0.0,0.0,0.0,0.4149377593360996,0.0,0.0,0.0,,,,,,,,,,,,,,,,
56,Alvaro Guillen Meza,59.66244725738397,7.355021216407355,6.9306930693069315,8.628005657708627,40.33755274261603,3.1380753138075312,3.765690376569038,8.99581589958159,53.502109704641356,5.205047318611988,6.940063091482649,9.305993690851736,33.586497890295355,2.0100502512562812,3.2663316582914574,9.045226130653267,2.70042194092827,9.375,3.125,0.0,4.050632911392405,0.0,8.333333333333332,8.333333333333332,0.6751054852320675,62.5,0.0,12.5,0.8438818565400843,50.0,10.0,10.0,0.8438818565400843,70.0,20.0,0.0,,,,,1.0126582278481013,33.33333333333333,8.333333333333332,8.333333333333332,1.0126582278481013,8.333333333333332,0.0,16.666666666666664,0.8438818565400843,0.0,10.0,0.0,0.8438818565400843,10.0,0.0,0.0,0.08438818565400844,0.0,0.0,0.0,,,,,,,,,,,,
57,Amir Weintraub,42.916666666666664,4.854368932038835,4.854368932038835,18.446601941747574,57.08333333333333,8.75912408759124,4.37956204379562,13.138686131386862,41.25,4.040404040404041,4.040404040404041,19.19191919191919,46.666666666666664,8.928571428571429,3.571428571428571,14.285714285714285,0.8333333333333334,0.0,0.0,0.0,7.916666666666666,0.0,10.526315789473683,10.526315789473683,,,,,0.8333333333333334,50.0,0.0,0.0,,,,,,,,,,,,,,,,,,,,,,,,,,,,,0.8333333333333334,0.0,0.0,0.0,0.8333333333333334,50.0,50.0,0.0,0.8333333333333334,50.0,0.0,0.0
58,Andre Agassi,45.29079754601227,8.831816211530127,7.943216298222801,7.899869960988297,54.655214723926385,4.525862068965517,5.091594827586207,7.498204022988506,42.99386503067485,7.237442922374429,7.842465753424658,7.9452054794520555,47.65153374233129,3.8726954372231948,5.06746317849418,7.930785868781543,0.24049079754601227,6.122448979591836,6.122448979591836,2.0408163265306123,4.903067484662577,1.8018018018018018,2.3023023023023024,2.6026026026026026,0.6429447852760737,48.854961832061065,9.16030534351145,11.450381679389313,0.6576687116564417,41.04477611940299,11.194029850746269,13.432835820895523,0.5987730061349693,60.65573770491803,13.114754098360656,8.19672131147541,0.0834355828220859,35.294117647058826,17.647058823529413,11.76470588235294,0.0392638036809816,62.5,12.5,0.0,0.5840490797546012,28.57142857142857,17.647058823529413,15.126050420168067,0.40736196319018403,16.867469879518072,4.819277108433735,1.2048192771084338,0.5349693251533743,6.422018348623854,5.5045871559633035,0.0,0.147239263803681,3.3333333333333335,6.666666666666667,6.666666666666667,0.17668711656441716,8.333333333333332,5.555555555555555,0.0,0.22085889570552147,44.44444444444444,17.77777777777778,8.88888888888889,0.06380368098159508,38.46153846153847,38.46153846153847,7.6923076923076925
59,Andrea Arnaboldi,60.0,13.333333333333334,10.666666666666668,6.666666666666667,40.0,22.0,8.0,8.0,54.400000000000006,11.76470588235294,11.76470588235294,5.88235294117647,19.2,12.5,8.333333333333332,12.5,2.4,0.0,0.0,0.0,11.200000000000001,0.0,7.142857142857142,7.142857142857142,3.2,50.0,0.0,25.0,8.0,70.0,10.0,0.0,,,,,,,,,,,,,0.8,100.0,0.0,0.0,,,,,0.8,0.0,0.0,0.0,,,,,,,,,,,,,,,,
60,Andrea Collarini,63.63636363636363,4.761904761904762,4.081632653061225,5.442176870748299,35.4978354978355,1.2195121951219512,2.4390243902439024,3.6585365853658534,60.17316017316018,3.597122302158273,4.316546762589928,5.755395683453238,29.43722943722944,0.0,2.941176470588235,4.411764705882353,2.1645021645021645,0.0,0.0,0.0,3.896103896103896,0.0,0.0,0.0,0.4329004329004329,100.0,0.0,0.0,,,,,0.8658008658008658,50.0,0.0,0.0,0.4329004329004329,100.0,0.0,0.0,,,,,0.8658008658008658,0.0,0.0,0.0,,,,,0.8658008658008658,0.0,0.0,0.0,,,,,,,,,,,,,,,,
61,Andrea Pellegrino,57.36842105263158,2.7522935779816518,10.091743119266056,19.26605504587156,37.368421052631575,4.225352112676056,0.0,4.225352112676056,51.578947368421055,1.0204081632653061,8.16326530612245,21.428571428571427,30.526315789473685,1.7241379310344827,0.0,5.172413793103448,3.1578947368421053,0.0,16.666666666666664,0.0,4.2105263157894735,0.0,0.0,0.0,,,,,,,,,0.5263157894736842,100.0,0.0,0.0,,,,,1.5789473684210527,33.33333333333333,33.33333333333333,0.0,0.5263157894736842,100.0,0.0,0.0,0.5263157894736842,0.0,100.0,0.0,2.1052631578947367,25.0,0.0,0.0,,,,,,,,,,,,,,,,
62,Andrea Vavassori,58.599382080329555,9.314586994727591,7.205623901581721,11.599297012302284,41.1946446961895,3.25,4.0,9.5,42.224510813594236,4.878048780487805,6.585365853658537,13.170731707317074,15.139031925849638,3.4013605442176873,2.7210884353741496,12.925170068027212,7.518022657054583,0.0,2.73972602739726,4.10958904109589,19.87641606591143,0.0,1.0362694300518136,8.290155440414509,5.046343975283213,51.02040816326531,10.204081632653061,10.204081632653061,4.531410916580844,15.909090909090908,20.454545454545457,6.8181818181818175,1.235839340885685,58.333333333333336,16.666666666666664,16.666666666666664,,,,,1.235839340885685,0.0,16.666666666666664,16.666666666666664,0.10298661174047373,100.0,0.0,0.0,0.7209062821833162,14.285714285714285,14.285714285714285,0.0,1.235839340885685,0.0,0.0,0.0,0.6179196704428425,0.0,33.33333333333333,0.0,0.30895983522142123,0.0,33.33333333333333,0.0,,,,,,,,
63,Andreas Haider Maurer,53.11418685121107,8.143322475570033,3.908794788273615,9.93485342019544,46.88581314878893,3.8745387453874542,4.428044280442804,8.118081180811808,43.0795847750865,6.2248995983935735,4.016064257028113,11.04417670682731,35.034602076124564,1.2345679012345678,3.7037037037037033,8.641975308641975,6.055363321799308,1.4285714285714286,2.857142857142857,4.285714285714286,8.217993079584774,1.0526315789473684,2.1052631578947367,6.315789473684211,1.5570934256055362,72.22222222222221,5.555555555555555,0.0,1.8166089965397925,57.14285714285714,9.523809523809524,9.523809523809524,0.43252595155709345,20.0,20.0,20.0,0.17301038062283738,50.0,0.0,0.0,1.2110726643598615,14.285714285714285,0.0,14.285714285714285,0.7785467128027681,22.22222222222222,33.33333333333333,11.11111111111111,0.6055363321799307,14.285714285714285,0.0,0.0,0.7785467128027681,0.0,11.11111111111111,0.0,0.08650519031141869,0.0,0.0,0.0,0.08650519031141869,0.0,100.0,0.0,0.08650519031141869,100.0,0.0,0.0,,,,
64,Andreas Seppi,51.11490329920364,7.567326953038059,4.740707767638549,9.770754507010906,48.87372013651877,3.5381750465549344,2.467411545623836,9.497206703910614,46.91695108077361,5.819592628516004,4.582929194956353,9.917555771096023,38.70307167235495,3.409758965314521,2.410346854791299,9.553203997648442,1.6382252559726962,2.7777777777777777,4.166666666666666,2.083333333333333,8.70307167235495,0.9150326797385622,1.5686274509803921,8.104575163398692,0.6257110352673493,54.54545454545454,7.2727272727272725,14.545454545454545,0.5460750853242321,47.91666666666667,8.333333333333332,18.75,0.5233219567690558,45.65217391304348,10.869565217391305,0.0,0.034129692832764506,33.33333333333333,0.0,33.33333333333333,0.8532423208191127,37.333333333333336,6.666666666666667,17.333333333333336,0.3071672354948805,14.814814814814813,22.22222222222222,25.925925925925924,0.3071672354948805,33.33333333333333,0.0,7.4074074074074066,0.477815699658703,0.0,2.380952380952381,7.142857142857142,0.034129692832764506,0.0,0.0,33.33333333333333,0.09101251422070535,12.5,12.5,0.0,0.2161547212741752,42.10526315789473,21.052631578947366,15.789473684210526,0.011376564277588168,0.0,0.0,100.0
65,Andreas Vinciguerra,53.73831775700935,4.3478260869565215,1.7391304347826086,8.695652173913043,46.26168224299065,3.0303030303030303,5.05050505050505,9.090909090909092,49.06542056074766,2.857142857142857,1.9047619047619049,9.523809523809524,31.308411214953267,1.4925373134328357,2.9850746268656714,8.955223880597014,0.9345794392523363,0.0,0.0,0.0,11.214953271028037,0.0,8.333333333333332,8.333333333333332,1.4018691588785046,66.66666666666666,0.0,0.0,3.2710280373831773,28.57142857142857,14.285714285714285,14.285714285714285,0.46728971962616817,0.0,0.0,0.0,,,,,,,,,,,,,0.9345794392523363,0.0,0.0,0.0,0.46728971962616817,0.0,0.0,0.0,0.9345794392523363,0.0,0.0,0.0,,,,,,,,,,,,
66,Andrei Pavel,49.2283950617284,7.523510971786834,4.545454545454546,9.090909090909092,50.77160493827161,9.118541033434651,5.775075987841945,8.662613981762918,43.67283950617284,4.240282685512367,4.063604240282685,9.717314487632509,37.73148148148148,7.157464212678937,5.725971370143149,9.611451942740286,0.6172839506172839,0.0,12.5,0.0,8.641975308641975,0.8928571428571428,1.7857142857142856,5.357142857142857,2.7777777777777777,44.44444444444444,2.7777777777777777,8.333333333333332,3.0864197530864197,50.0,15.0,7.5,0.6944444444444444,44.44444444444444,11.11111111111111,0.0,0.07716049382716049,100.0,0.0,0.0,0.30864197530864196,25.0,50.0,0.0,0.6944444444444444,33.33333333333333,11.11111111111111,11.11111111111111,0.6944444444444444,11.11111111111111,0.0,0.0,0.30864197530864196,0.0,25.0,0.0,0.30864197530864196,25.0,25.0,0.0,0.23148148148148145,0.0,0.0,0.0,0.15432098765432098,50.0,0.0,0.0,,,,
67,Andrei Stoliarov,46.68587896253602,4.938271604938271,3.7037037037037033,8.641975308641975,53.31412103746398,3.2432432432432434,3.783783783783784,11.351351351351353,42.363112391930834,3.4013605442176873,3.4013605442176873,8.843537414965986,42.65129682997118,2.027027027027027,2.7027027027027026,10.81081081081081,1.440922190201729,0.0,0.0,0.0,4.899135446685879,0.0,0.0,11.76470588235294,0.5763688760806917,50.0,0.0,50.0,3.170028818443804,18.181818181818183,27.27272727272727,27.27272727272727,1.1527377521613833,25.0,25.0,0.0,0.2881844380403458,100.0,0.0,0.0,0.2881844380403458,0.0,0.0,0.0,,,,,0.2881844380403458,0.0,0.0,0.0,2.0172910662824206,0.0,0.0,0.0,0.2881844380403458,0.0,0.0,0.0,0.2881844380403458,0.0,0.0,0.0,0.2881844380403458,100.0,0.0,0.0,,,,
68,Andrej Martin,59.682539682539684,7.712765957446808,5.851063829787234,12.23404255319149,40.0,3.571428571428571,3.968253968253968,9.126984126984127,53.96825396825397,5.294117647058823,5.588235294117648,13.529411764705882,24.761904761904763,2.564102564102564,4.487179487179487,10.256410256410255,2.380952380952381,0.0,0.0,0.0,12.063492063492063,1.3157894736842104,1.3157894736842104,7.894736842105263,1.2698412698412698,75.0,12.5,0.0,1.746031746031746,36.36363636363637,9.090909090909092,9.090909090909092,1.2698412698412698,37.5,12.5,0.0,,,,,0.15873015873015872,100.0,0.0,0.0,0.7936507936507936,0.0,20.0,0.0,,,,,0.4761904761904762,0.0,0.0,0.0,0.15873015873015872,0.0,0.0,0.0,0.15873015873015872,0.0,0.0,0.0,0.4761904761904762,33.33333333333333,33.33333333333333,0.0,,,,
69,Andres Artunedo,40.136054421768705,5.084745762711865,1.694915254237288,16.94915254237288,59.863945578231295,1.1363636363636365,1.1363636363636365,10.227272727272728,36.054421768707485,1.8867924528301887,1.8867924528301887,15.09433962264151,53.06122448979592,1.282051282051282,1.282051282051282,11.538461538461538,1.3605442176870748,0.0,0.0,50.0,4.761904761904762,0.0,0.0,0.0,0.6802721088435374,100.0,0.0,0.0,,,,,0.6802721088435374,100.0,0.0,0.0,,,,,0.6802721088435374,0.0,0.0,100.0,0.6802721088435374,0.0,0.0,0.0,0.6802721088435374,0.0,0.0,0.0,1.3605442176870748,0.0,0.0,0.0,,,,,,,,,,,,,,,,
70,Andrew Harris,51.63043478260869,6.315789473684211,8.421052631578947,11.578947368421053,48.369565217391305,0.0,1.1235955056179776,14.606741573033707,46.19565217391305,2.3529411764705883,8.235294117647058,12.941176470588237,34.23913043478261,0.0,1.5873015873015872,17.46031746031746,2.1739130434782608,0.0,0.0,0.0,12.5,0.0,0.0,4.3478260869565215,1.6304347826086956,66.66666666666666,0.0,0.0,0.5434782608695652,0.0,0.0,100.0,0.5434782608695652,100.0,0.0,0.0,0.5434782608695652,0.0,0.0,0.0,0.5434782608695652,100.0,0.0,0.0,,,,,,,,,0.5434782608695652,0.0,0.0,0.0,,,,,,,,,0.5434782608695652,0.0,100.0,0.0,,,,
71,Andrey Golubev,54.89510489510489,12.738853503184714,4.45859872611465,11.67728237791932,44.75524475524475,3.125,3.6458333333333335,16.666666666666664,49.3006993006993,9.929078014184398,4.25531914893617,12.056737588652481,33.91608391608392,2.7491408934707904,3.7800687285223367,18.556701030927837,1.6317016317016315,0.0,0.0,0.0,9.090909090909092,1.282051282051282,1.282051282051282,11.538461538461538,1.1655011655011656,80.0,0.0,10.0,1.048951048951049,33.33333333333333,22.22222222222222,0.0,1.6317016317016315,57.14285714285714,0.0,7.142857142857142,,,,,0.9324009324009324,25.0,37.5,12.5,0.11655011655011654,0.0,0.0,100.0,,,,,0.5827505827505828,0.0,0.0,0.0,0.2331002331002331,0.0,0.0,50.0,,,,,,,,,,,,
72,Andrey Kuznetsov,51.223241590214066,11.641791044776118,6.865671641791045,11.641791044776118,48.776758409785934,8.77742946708464,3.761755485893417,8.77742946708464,48.47094801223242,10.410094637223976,6.940063091482649,11.987381703470032,39.60244648318042,8.108108108108109,3.088803088803089,8.880308880308881,0.6116207951070336,0.0,0.0,0.0,6.422018348623854,0.0,4.761904761904762,9.523809523809524,0.764525993883792,40.0,0.0,0.0,1.2232415902140672,37.5,25.0,0.0,0.6116207951070336,75.0,0.0,0.0,0.3058103975535168,50.0,0.0,50.0,0.3058103975535168,50.0,0.0,50.0,0.6116207951070336,50.0,0.0,0.0,0.1529051987767584,0.0,0.0,0.0,0.3058103975535168,0.0,0.0,0.0,0.1529051987767584,0.0,0.0,0.0,0.3058103975535168,50.0,0.0,0.0,0.1529051987767584,0.0,100.0,0.0,,,,
73,Andrey Rublev,51.732697362016935,10.828864427509643,7.644181014206416,9.64342835638348,48.25756838314027,3.388804841149773,3.212304589006556,7.927382753403933,46.40075927187774,9.734095557769969,8.008601248229926,10.122200660827609,42.79421785262338,3.0651123116292296,3.3266988911003694,8.080750639749787,3.1684999513287257,1.0752688172043012,0.7680491551459293,2.227342549923195,4.404750316363282,1.1602209944751383,0.9392265193370166,4.530386740331491,0.5816217268568091,46.44351464435147,7.949790794979079,14.225941422594143,0.6375936922028619,33.587786259541986,10.687022900763358,18.702290076335878,0.9661247931470847,59.44584382871536,9.82367758186398,6.54911838790932,0.038937019371167135,43.75,0.0,12.5,0.16061520490606446,31.818181818181817,6.0606060606060606,25.757575757575758,0.08030760245303223,18.181818181818183,9.090909090909092,30.303030303030305,0.08030760245303223,6.0606060606060606,0.0,3.0303030303030303,0.25065706220188844,6.796116504854369,0.9708737864077669,2.912621359223301,0.03650345566046919,6.666666666666667,0.0,13.333333333333334,0.02433563710697946,0.0,10.0,20.0,0.3382653557870145,43.884892086330936,18.705035971223023,7.913669064748201,0.02676920081767741,36.36363636363637,18.181818181818183,27.27272727272727
74,Andy Murray,49.13318211276734,6.783653279943469,5.031209515958073,7.473795783771052,50.85177298398297,4.032771961766045,3.7983614019116976,7.150659990896677,43.23210813813535,4.9844737123889065,4.997858443088125,7.832744405182568,36.25127303027497,3.5563784957221305,4.105478227557144,8.105605925169199,2.878205721692436,1.4475271411338964,1.2464817048652996,1.0454362685967027,11.151745208776966,0.45662100456621,1.0689082606890827,3.7359900373599,0.9605592074807888,55.78313253012048,9.036144578313253,9.759036144578314,1.0114804184797705,41.53318077803203,12.356979405034325,9.496567505720824,0.5751782242384964,60.7645875251509,8.651911468812877,5.432595573440644,0.07406721599851866,32.8125,12.5,1.5625,0.475650402740487,20.194647201946474,14.111922141119221,17.51824817518248,1.0531432274789372,16.483516483516482,12.527472527472527,13.956043956043956,0.7094250532358115,7.830342577487764,3.7520391517128875,2.1207177814029365,1.1723451532265532,5.528134254689043,3.948667324777887,2.566633761105627,0.11688732524766225,23.762376237623762,11.881188118811881,5.9405940594059405,0.12151652624756966,16.19047619047619,7.6190476190476195,4.761904761904762,0.18516803999629664,38.75,16.875,13.750000000000002,0.016202203499675955,50.0,14.285714285714285,7.142857142857142
75,Andy Roddick,50.6355794798625,8.017931476144732,6.628242074927954,8.178033941722703,49.34496400544782,3.2923703752382205,3.627521850561872,7.517907603338371,44.740255528892924,5.827353772559252,6.501413350728419,8.574327752409944,35.90051235488683,2.4749345135940746,3.025923584138741,7.813205672477644,2.565017186587976,1.5170670037926675,2.1491782553729455,1.7699115044247788,10.26655425124846,0.5369551484523057,3.1901452937460517,6.127605811749842,1.647318243725274,44.48818897637795,12.007874015748031,7.677165354330709,2.1272456060704323,28.65853658536585,14.634146341463413,10.213414634146341,0.9825539918282639,53.79537953795379,13.2013201320132,5.6105610561056105,0.035670276931059085,9.090909090909092,18.181818181818183,0.0,0.1848368895518516,15.789473684210526,14.035087719298245,26.31578947368421,0.1783513846552954,7.2727272727272725,20.0,21.818181818181817,0.2042934042415202,4.761904761904762,4.761904761904762,3.1746031746031744,0.6161229651728387,5.7894736842105265,2.1052631578947367,1.5789473684210527,0.15240936506907063,8.51063829787234,10.638297872340425,4.25531914893617,0.21726441403463256,7.462686567164178,4.477611940298507,4.477611940298507,0.15889486996562682,63.26530612244898,8.16326530612245,10.204081632653061,0.0032427524482780985,100.0,0.0,0.0
76,Ante Pavic,57.291666666666664,6.363636363636363,5.454545454545454,13.636363636363635,42.70833333333333,7.317073170731707,2.4390243902439024,15.853658536585366,46.875,2.2222222222222223,1.1111111111111112,14.444444444444443,32.29166666666667,6.451612903225806,1.6129032258064515,20.967741935483872,2.604166666666667,0.0,0.0,0.0,6.770833333333333,0.0,0.0,0.0,4.166666666666666,12.5,25.0,25.0,3.125,33.33333333333333,0.0,0.0,3.125,66.66666666666666,33.33333333333333,0.0,,,,,,,,,0.5208333333333333,0.0,100.0,0.0,,,,,,,,,0.5208333333333333,0.0,100.0,0.0,,,,,,,,,,,,
77,Antoine Bellier,48.42767295597484,20.77922077922078,11.688311688311687,7.792207792207792,51.57232704402516,13.414634146341465,8.536585365853659,8.536585365853659,20.125786163522015,6.25,9.375,12.5,10.69182389937107,5.88235294117647,5.88235294117647,23.52941176470588,8.80503144654088,0.0,7.142857142857142,0.0,20.125786163522015,3.125,0.0,9.375,14.465408805031446,43.47826086956522,17.391304347826086,8.695652173913043,15.09433962264151,33.33333333333333,20.833333333333336,0.0,3.1446540880503147,80.0,20.0,0.0,,,,,,,,,0.628930817610063,100.0,0.0,0.0,0.628930817610063,0.0,0.0,0.0,,,,,1.257861635220126,0.0,0.0,0.0,5.031446540880504,0.0,12.5,0.0,,,,,,,,
78,Antoine Escoffier,61.224489795918366,11.428571428571429,5.714285714285714,10.0,37.90087463556851,8.461538461538462,6.153846153846154,10.0,55.39358600583091,7.894736842105263,5.7894736842105265,10.0,29.154518950437318,7.000000000000001,5.0,8.0,1.749271137026239,0.0,0.0,16.666666666666664,5.247813411078718,0.0,0.0,16.666666666666664,2.9154518950437316,70.0,10.0,10.0,2.0408163265306123,57.14285714285714,14.285714285714285,14.285714285714285,0.8746355685131195,66.66666666666666,0.0,0.0,,,,,,,,,0.5830903790087464,0.0,50.0,50.0,0.2915451895043732,0.0,0.0,0.0,0.2915451895043732,0.0,0.0,0.0,,,,,,,,,,,,,0.5830903790087464,0.0,50.0,0.0
79,Antoine Hoang,49.375,3.79746835443038,5.063291139240507,13.924050632911392,50.625,11.11111111111111,8.641975308641975,12.345679012345679,44.375,4.225352112676056,5.633802816901409,15.492957746478872,45.625,10.95890410958904,6.8493150684931505,13.698630136986301,5.0,0.0,0.0,0.0,3.125,0.0,0.0,0.0,,,,,0.625,100.0,0.0,0.0,,,,,,,,,,,,,0.625,0.0,100.0,0.0,,,,,0.625,0.0,100.0,0.0,,,,,,,,,,,,,,,,
80,Antonio Veic,54.22535211267606,6.493506493506493,3.896103896103896,10.38961038961039,45.774647887323944,1.5384615384615385,3.076923076923077,13.846153846153847,47.88732394366197,7.352941176470589,4.411764705882353,10.294117647058822,37.32394366197183,1.8867924528301887,3.7735849056603774,15.09433962264151,5.633802816901409,0.0,0.0,0.0,7.042253521126761,0.0,0.0,10.0,,,,,,,,,0.7042253521126761,0.0,0.0,100.0,,,,,,,,,,,,,,,,,0.7042253521126761,0.0,0.0,0.0,,,,,0.7042253521126761,0.0,0.0,0.0,,,,,,,,
81,Aristotelis Thanos,50.877192982456144,5.172413793103448,6.896551724137931,22.413793103448278,49.122807017543856,1.7857142857142856,3.571428571428571,21.428571428571427,38.59649122807017,2.272727272727273,6.8181818181818175,18.181818181818183,25.438596491228072,0.0,3.4482758620689653,20.689655172413794,0.8771929824561403,100.0,0.0,0.0,16.666666666666664,0.0,0.0,26.31578947368421,1.7543859649122806,50.0,0.0,50.0,2.631578947368421,33.33333333333333,0.0,33.33333333333333,1.7543859649122806,0.0,0.0,0.0,,,,,5.263157894736842,0.0,0.0,50.0,0.8771929824561403,0.0,0.0,0.0,1.7543859649122806,0.0,50.0,0.0,2.631578947368421,0.0,0.0,0.0,,,,,0.8771929824561403,0.0,100.0,0.0,0.8771929824561403,0.0,0.0,100.0,,,,
82,Arklon Huertas Del Pino,41.6289592760181,2.717391304347826,2.717391304347826,5.434782608695652,52.26244343891403,1.7316017316017316,3.463203463203463,6.0606060606060606,34.38914027149321,1.3157894736842104,1.3157894736842104,5.921052631578947,22.850678733031675,0.9900990099009901,3.9603960396039604,9.900990099009901,3.8461538461538463,0.0,0.0,0.0,26.018099547511316,0.8695652173913043,2.608695652173913,1.7391304347826086,1.1312217194570136,60.0,0.0,0.0,0.4524886877828055,50.0,0.0,0.0,0.22624434389140274,0.0,100.0,0.0,,,,,2.0361990950226243,0.0,22.22222222222222,11.11111111111111,1.1312217194570136,0.0,20.0,40.0,,,,,1.809954751131222,12.5,0.0,0.0,,,,,,,,,,,,,,,,
83,Arnaud Clement,52.143878037160555,8.085883965280951,4.705344906349931,8.085883965280951,47.856121962839445,4.579392732702837,3.3847685415629667,7.267297162767545,46.498332539304435,5.07172131147541,4.559426229508197,8.504098360655737,42.949023344449735,3.050471436494731,2.939545202440377,7.76483638380477,1.500714626012387,1.5873015873015872,3.1746031746031744,0.0,2.2391615054787994,3.1914893617021276,2.127659574468085,0.0,1.7627441638875654,41.891891891891895,5.405405405405405,8.108108108108109,1.7389232968080037,36.986301369863014,10.95890410958904,8.21917808219178,1.40543115769414,64.40677966101694,5.084745762711865,6.779661016949152,0.19056693663649357,37.5,12.5,0.0,0.26202953787517863,27.27272727272727,27.27272727272727,0.0,0.07146260123868509,33.33333333333333,33.33333333333333,0.0,0.4287756074321105,0.0,5.555555555555555,0.0,0.3334921391138637,7.142857142857142,14.285714285714285,0.0,0.14292520247737017,16.666666666666664,16.666666666666664,0.0,0.28585040495474034,8.333333333333332,8.333333333333332,0.0,0.14292520247737017,66.66666666666666,0.0,16.666666666666664,0.04764173415912339,50.0,0.0,0.0
84,Arnaud Di Pasquale,57.6271186440678,5.88235294117647,3.9215686274509802,10.784313725490197,42.3728813559322,6.666666666666667,8.0,6.666666666666667,53.672316384180796,5.263157894736842,4.2105263157894735,11.578947368421053,28.24858757062147,6.0,12.0,6.0,1.694915254237288,0.0,0.0,0.0,11.299435028248588,0.0,0.0,5.0,0.5649717514124294,100.0,0.0,0.0,2.2598870056497176,50.0,0.0,25.0,,,,,,,,,,,,,,,,,1.694915254237288,0.0,0.0,0.0,0.5649717514124294,0.0,0.0,0.0,,,,,,,,,,,,,,,,
85,Arthur Cazaux,53.100597152044095,7.439446366782007,5.27681660899654,10.207612456747404,46.853468075333026,3.9215686274509802,3.9215686274509802,8.137254901960784,45.613229214515385,5.0352467270896275,4.733131923464249,10.976837865055387,38.76894809370693,2.7251184834123223,4.028436018957346,8.412322274881516,3.261368856224162,0.0,2.8169014084507045,1.4084507042253522,4.960955443270556,0.9259259259259258,0.0,5.555555555555555,1.148369315571888,68.0,16.0,0.0,1.3780431786862657,40.0,13.333333333333334,16.666666666666664,0.8268259072117593,44.44444444444444,11.11111111111111,27.77777777777778,,,,,1.2861736334405145,21.428571428571427,21.428571428571427,10.714285714285714,0.5971520440973818,23.076923076923077,7.6923076923076925,7.6923076923076925,0.6430868167202572,7.142857142857142,0.0,0.0,0.8727606798346348,0.0,0.0,0.0,0.22967386311437757,40.0,0.0,0.0,0.2756086357372531,16.666666666666664,16.666666666666664,0.0,0.09186954524575103,100.0,0.0,0.0,,,,
86,Arthur Fery,50.0,9.322033898305085,7.627118644067797,9.322033898305085,50.0,8.47457627118644,9.322033898305085,8.47457627118644,25.0,1.694915254237288,10.16949152542373,13.559322033898304,27.966101694915253,9.090909090909092,7.575757575757576,7.575757575757576,11.440677966101696,3.7037037037037033,0.0,0.0,13.983050847457626,0.0,6.0606060606060606,12.121212121212121,8.050847457627118,31.57894736842105,10.526315789473683,0.0,5.084745762711865,33.33333333333333,25.0,8.333333333333332,0.847457627118644,50.0,0.0,0.0,,,,,2.11864406779661,0.0,20.0,60.0,2.11864406779661,0.0,20.0,0.0,0.423728813559322,0.0,0.0,0.0,0.423728813559322,0.0,0.0,0.0,1.2711864406779663,66.66666666666666,0.0,0.0,0.423728813559322,0.0,0.0,0.0,0.847457627118644,0.0,0.0,0.0,,,,
87,Arthur Fils,53.49169044821219,10.105131021496941,6.496155656676604,12.53726659344108,46.46634211851603,5.346820809248555,3.3598265895953756,12.030346820809248,44.97230149404062,8.52930197835013,7.222844344904815,13.5498320268757,38.668793016619105,3.972216192750163,3.733449099196874,12.37247666594313,5.732751384925297,0.8784773060029283,1.610541727672035,2.781844802342606,5.50612724525768,1.3719512195121952,0.3048780487804878,8.231707317073171,1.1247272116837335,55.223880597014926,5.223880597014925,19.402985074626866,0.9484639919422527,57.52212389380531,7.079646017699115,13.274336283185843,1.141514184992446,63.970588235294116,4.411764705882353,12.5,0.02518045996306866,66.66666666666666,0.0,0.0,0.3105590062111801,29.72972972972973,5.405405405405405,24.324324324324326,0.9400705052878966,27.67857142857143,0.8928571428571428,21.428571428571427,0.11750881316098707,21.428571428571427,0.0,7.142857142857142,0.268591572939399,15.625,0.0,9.375,0.041967433271781096,20.0,20.0,0.0,0.10911532650663086,7.6923076923076925,23.076923076923077,0.0,0.05036091992613732,83.33333333333334,0.0,16.666666666666664,,,,
88,Arthur Rinderknech,52.83142389525368,12.0817843866171,6.257744733581165,12.887236679058239,47.10310965630114,4.169562195969423,3.127171646977067,12.161223071577485,44.38625204582651,7.964601769911504,6.047197640117994,13.569321533923304,36.00654664484452,1.7272727272727273,2.6363636363636362,12.636363636363637,2.454991816693944,2.666666666666667,2.666666666666667,1.3333333333333335,6.219312602291326,1.0526315789473684,2.631578947368421,6.315789473684211,2.520458265139116,57.14285714285714,11.688311688311687,14.285714285714285,3.3060556464811786,33.663366336633665,9.900990099009901,15.841584158415841,1.1456628477905073,65.71428571428571,2.857142857142857,8.571428571428571,0.09819967266775777,100.0,0.0,0.0,1.276595744680851,30.76923076923077,15.384615384615385,17.94871794871795,0.6219312602291326,5.263157894736842,5.263157894736842,31.57894736842105,0.39279869067103107,0.0,8.333333333333332,0.0,0.5564648117839607,0.0,0.0,0.0,0.425531914893617,15.384615384615385,0.0,7.6923076923076925,0.2945990180032733,11.11111111111111,0.0,22.22222222222222,0.22913256955810146,57.14285714285714,0.0,14.285714285714285,,,,
89,Aslan Karatsev,49.794295117937466,11.594602038006059,6.857614982098595,14.62407050399339,50.16456390565003,5.768179332968836,4.674685620557682,13.067249863313284,44.76138233680746,9.099264705882353,6.893382352941177,15.012254901960784,43.650575973669774,5.026704366949419,4.86961985548225,13.540684888469997,1.4125068568294021,1.9417475728155338,1.9417475728155338,4.854368932038835,4.539221064179923,2.1148036253776437,0.3021148036253776,6.646525679758309,1.0148107515085025,56.75675675675676,4.054054054054054,14.864864864864865,0.8365331870543061,49.18032786885246,9.836065573770492,14.754098360655737,1.5222161272627537,53.153153153153156,11.711711711711711,10.81081081081081,0.09599561162918266,14.285714285714285,0.0,14.285714285714285,0.24684585847504115,16.666666666666664,0.0,33.33333333333333,0.575973669775096,11.904761904761903,14.285714285714285,26.190476190476193,0.19199122325836532,14.285714285714285,0.0,0.0,0.24684585847504115,11.11111111111111,5.555555555555555,11.11111111111111,0.06856829402084476,40.0,0.0,0.0,0.013713658804168954,0.0,0.0,0.0,0.575973669775096,33.33333333333333,14.285714285714285,16.666666666666664,0.2057048820625343,40.0,13.333333333333334,13.333333333333334
90,Attila Balazs,44.44444444444444,6.770833333333333,5.208333333333334,10.15625,54.745370370370374,2.748414376321353,2.9598308668076108,9.513742071881607,33.91203703703704,5.460750853242321,5.1194539249146755,11.262798634812286,36.342592592592595,2.547770700636943,3.5031847133757963,12.420382165605096,6.944444444444445,3.3333333333333335,0.0,3.3333333333333335,14.120370370370368,0.819672131147541,0.0,3.278688524590164,0.5787037037037037,60.0,20.0,0.0,0.4629629629629629,75.0,0.0,25.0,0.23148148148148145,100.0,0.0,0.0,,,,,1.3888888888888888,16.666666666666664,16.666666666666664,33.33333333333333,2.083333333333333,5.555555555555555,16.666666666666664,5.555555555555555,1.2731481481481481,9.090909090909092,18.181818181818183,0.0,1.7361111111111112,0.0,0.0,0.0,0.11574074074074073,0.0,0.0,0.0,,,,,,,,,,,,
91,Axel Michon,60.46511627906976,7.6923076923076925,7.6923076923076925,5.128205128205128,39.53488372093023,7.8431372549019605,5.88235294117647,9.803921568627452,57.36434108527132,5.405405405405405,8.108108108108109,5.405405405405405,30.23255813953488,7.6923076923076925,7.6923076923076925,12.82051282051282,1.550387596899225,0.0,0.0,0.0,6.2015503875969,0.0,0.0,0.0,0.7751937984496124,100.0,0.0,0.0,1.550387596899225,0.0,0.0,0.0,,,,,,,,,,,,,,,,,,,,,0.7751937984496124,100.0,0.0,0.0,,,,,0.7751937984496124,0.0,0.0,0.0,0.7751937984496124,100.0,0.0,0.0,,,,
92,Baptiste Crepatte,55.90361445783133,9.051724137931034,3.8793103448275863,9.051724137931034,43.132530120481924,5.027932960893855,3.35195530726257,8.938547486033519,50.36144578313253,6.220095693779904,3.349282296650718,9.569377990430622,34.4578313253012,3.4965034965034967,2.797202797202797,5.594405594405594,1.4457831325301205,0.0,33.33333333333333,0.0,3.8554216867469884,0.0,6.25,12.5,1.9277108433734942,62.5,0.0,0.0,0.9638554216867471,50.0,0.0,25.0,0.24096385542168677,0.0,0.0,0.0,,,,,1.4457831325301205,33.33333333333333,0.0,16.666666666666664,2.1686746987951806,11.11111111111111,11.11111111111111,44.44444444444444,,,,,1.2048192771084338,0.0,0.0,0.0,0.24096385542168677,100.0,0.0,0.0,0.48192771084337355,50.0,0.0,50.0,0.24096385542168677,0.0,0.0,0.0,,,,
93,Beibit Zhukayev,53.640776699029125,9.049773755656108,6.787330316742081,14.027149321266968,46.359223300970875,2.6178010471204187,3.1413612565445024,13.089005235602095,44.66019417475729,5.978260869565218,7.065217391304348,13.586956521739129,35.92233009708738,2.7027027027027026,4.054054054054054,14.864864864864865,3.3980582524271843,0.0,0.0,14.285714285714285,7.766990291262135,0.0,0.0,3.125,2.4271844660194173,10.0,10.0,20.0,0.9708737864077669,0.0,0.0,0.0,2.669902912621359,72.72727272727273,9.090909090909092,9.090909090909092,,,,,0.24271844660194172,0.0,0.0,100.0,0.48543689320388345,0.0,0.0,100.0,,,,,0.7281553398058253,0.0,0.0,0.0,0.24271844660194172,0.0,0.0,0.0,,,,,,,,,0.48543689320388345,50.0,0.0,0.0
94,Ben Shelton,54.010466730748696,10.223452639905082,7.197943444730077,12.497528178762112,45.818647869272674,2.797202797202797,3.9160839160839163,10.256410256410255,45.25258998184343,7.694123200377626,7.127684682558414,12.886476280387066,30.01174837124853,1.9572953736654803,4.092526690391459,11.103202846975089,2.787568087151554,1.1494252873563218,1.1494252873563218,3.4482758620689653,11.417280786072839,0.5612722170252572,1.4967259120673526,7.5771749298409725,2.4030759371996155,38.22222222222222,12.444444444444445,14.222222222222221,1.837018049770373,26.744186046511626,11.627906976744185,17.441860465116278,1.238919149845135,55.172413793103445,10.344827586206897,11.206896551724139,0.08544269998931966,37.5,0.0,12.5,1.2602798248424651,16.101694915254235,5.932203389830509,19.491525423728813,0.5874185624265726,7.2727272727272725,18.181818181818183,18.181818181818183,0.4165331624479333,7.6923076923076925,7.6923076923076925,2.564102564102564,1.5272882623090889,1.3986013986013985,1.3986013986013985,1.3986013986013985,0.36313147495460857,8.823529411764707,14.705882352941178,14.705882352941178,0.3524511374559436,12.121212121212121,15.151515151515152,12.121212121212121,0.28836911246395386,48.148148148148145,14.814814814814813,11.11111111111111,,,,
95,Benjamin Balleret,47.337278106508876,5.0,3.75,12.5,52.662721893491124,2.247191011235955,2.247191011235955,16.853932584269664,43.19526627218935,2.73972602739726,4.10958904109589,13.698630136986301,44.37869822485207,2.666666666666667,2.666666666666667,16.0,2.366863905325444,0.0,0.0,0.0,3.5502958579881656,0.0,0.0,16.666666666666664,0.591715976331361,100.0,0.0,0.0,1.183431952662722,0.0,0.0,50.0,0.591715976331361,100.0,0.0,0.0,,,,,0.591715976331361,0.0,0.0,0.0,1.183431952662722,0.0,0.0,0.0,,,,,2.366863905325444,0.0,0.0,25.0,,,,,,,,,,,,,,,,
96,Benjamin Becker,56.02503912363067,6.145251396648044,5.027932960893855,10.05586592178771,43.81846635367762,3.214285714285714,3.571428571428571,7.857142857142857,52.26917057902973,5.389221556886228,5.389221556886228,10.479041916167663,35.0547730829421,3.125,4.464285714285714,8.482142857142858,2.660406885758998,0.0,0.0,0.0,7.511737089201878,2.083333333333333,0.0,4.166666666666666,0.1564945226917058,0.0,0.0,0.0,0.4694835680751174,33.33333333333333,0.0,33.33333333333333,0.7824726134585289,80.0,0.0,20.0,,,,,,,,,0.1564945226917058,0.0,0.0,0.0,,,,,0.6259780907668232,0.0,0.0,0.0,0.1564945226917058,0.0,0.0,0.0,,,,,,,,,,,,
97,Benjamin Bonzi,49.53907815631263,8.090614886731391,7.119741100323624,10.517799352750808,50.34068136272545,6.130573248407643,6.210191082802548,8.9171974522293,36.47294589178357,6.7032967032967035,8.35164835164835,12.967032967032969,41.60320641282565,5.105973025048169,6.358381502890173,9.53757225433526,8.977955911823647,0.4464285714285714,2.6785714285714284,2.6785714285714284,5.490981963927856,0.0,2.18978102189781,6.569343065693431,1.5230460921843687,44.73684210526316,2.631578947368421,5.263157894736842,1.8837675350701404,38.297872340425535,12.76595744680851,0.0,1.282565130260521,56.25,12.5,6.25,0.08016032064128256,50.0,0.0,0.0,0.561122244488978,7.142857142857142,7.142857142857142,14.285714285714285,0.4008016032064128,20.0,10.0,40.0,0.4408817635270541,0.0,0.0,0.0,0.8416833667334669,14.285714285714285,9.523809523809524,0.0,0.12024048096192384,0.0,0.0,0.0,0.04008016032064128,0.0,0.0,0.0,0.16032064128256512,50.0,0.0,0.0,,,,
98,Benjamin Hassan,50.98039215686274,16.666666666666664,8.974358974358974,11.538461538461538,49.01960784313725,5.333333333333334,12.0,1.3333333333333335,43.790849673202615,16.417910447761194,10.44776119402985,11.940298507462686,41.830065359477125,3.125,9.375,1.5625,3.9215686274509802,0.0,0.0,0.0,2.6143790849673203,0.0,0.0,0.0,1.3071895424836601,50.0,0.0,50.0,1.3071895424836601,50.0,50.0,0.0,,,,,,,,,1.9607843137254901,33.33333333333333,0.0,0.0,3.2679738562091507,20.0,40.0,0.0,,,,,,,,,,,,,,,,,,,,,,,,
99,Benoit Paire,50.11238250919493,9.357798165137615,4.057084607543323,14.230377166156982,49.73436861463016,9.880854560394413,4.622021364009861,14.009860312243221,38.93543114017164,5.930202046706901,3.8310154815009185,15.271582261873522,41.05026563138537,8.23792931806869,4.629168740666999,13.763066202090593,5.3330608908868005,1.1494252873563218,1.3409961685823755,3.6398467432950192,3.1058438904781367,0.3289473684210526,0.3289473684210526,4.934210526315789,2.6358806702084183,53.100775193798455,6.5891472868217065,16.666666666666664,1.828769922353903,37.43016759776536,10.614525139664805,21.22905027932961,0.9603596240294239,63.829787234042556,9.574468085106384,9.574468085106384,0.02043318348998774,0.0,0.0,50.0,1.4507560277891296,10.56338028169014,7.746478873239436,23.943661971830984,2.492848385778504,20.081967213114755,6.147540983606557,26.639344262295083,0.3882304863097671,13.157894736842104,10.526315789473683,7.894736842105263,0.7662443808745403,14.666666666666666,2.666666666666667,10.666666666666668,0.2656313853698406,15.384615384615385,7.6923076923076925,23.076923076923077,0.12259910093992644,16.666666666666664,0.0,0.0,0.14303228442991417,42.857142857142854,21.428571428571427,14.285714285714285,0.3473641193297916,58.82352941176471,5.88235294117647,5.88235294117647
100,Bernabe Zapata Miralles,51.7817014446228,7.68753874767514,7.005579665220087,9.54742715437074,48.154093097913325,3.2,3.933333333333333,6.133333333333333,47.223113964686995,5.574439157036029,7.138001359619306,9.7212780421482,40.545746388443014,3.008709422011085,3.800475059382423,6.571654790182106,1.5409309791332264,2.083333333333333,0.0,0.0,5.553772070626003,0.5780346820809248,1.7341040462427744,2.8901734104046244,0.6741573033707865,47.61904761904761,9.523809523809524,9.523809523809524,0.6741573033707865,23.809523809523807,23.809523809523807,0.0,0.8346709470304976,61.53846153846154,7.6923076923076925,15.384615384615385,0.03210272873194221,0.0,0.0,0.0,0.7704654895666132,45.83333333333333,8.333333333333332,16.666666666666664,0.8667736757624398,14.814814814814813,7.4074074074074066,14.814814814814813,0.28892455858747995,0.0,0.0,0.0,0.4173354735152488,0.0,0.0,0.0,0.16051364365971107,20.0,0.0,0.0,0.03210272873194221,0.0,0.0,0.0,0.28892455858747995,33.33333333333333,22.22222222222222,11.11111111111111,0.03210272873194221,0.0,100.0,0.0
101,Bernard Tomic,49.631519274376416,9.594517418617933,5.93946316390634,10.451170759565963,50.31179138321995,3.690140845070423,3.126760563380282,9.126760563380282,44.302721088435376,8.605246321177223,6.014075495841331,10.812539987204095,30.640589569160998,4.162812210915819,3.7927844588344124,11.147086031452359,3.160430839002268,0.8968609865470852,1.345291479820628,4.932735426008969,18.027210884353742,0.628930817610063,1.8081761006289307,5.345911949685535,0.4251700680272109,43.333333333333336,13.333333333333334,13.333333333333334,0.6235827664399093,52.27272727272727,4.545454545454546,11.363636363636363,0.6377551020408163,60.0,13.333333333333334,8.88888888888889,0.04251700680272109,66.66666666666666,33.33333333333333,0.0,0.6660997732426304,25.53191489361702,12.76595744680851,19.148936170212767,0.3543083900226758,24.0,0.0,32.0,0.21258503401360546,13.333333333333334,0.0,0.0,0.5810657596371882,4.878048780487805,4.878048780487805,2.4390243902439024,0.07086167800453515,60.0,0.0,0.0,0.04251700680272109,0.0,33.33333333333333,33.33333333333333,0.15589569160997732,72.72727272727273,9.090909090909092,0.0,,,,
102,Billy Harris,50.4,6.746031746031746,8.73015873015873,10.714285714285714,49.6,3.6290322580645165,4.838709677419355,12.5,40.0,6.5,8.5,12.0,44.0,3.1818181818181817,5.454545454545454,14.09090909090909,7.8,2.564102564102564,0.0,5.128205128205128,4.3999999999999995,0.0,0.0,0.0,1.0,40.0,40.0,0.0,0.2,0.0,0.0,0.0,0.6,33.33333333333333,33.33333333333333,33.33333333333333,,,,,0.8,0.0,50.0,0.0,,,,,0.2,0.0,0.0,0.0,1.0,40.0,0.0,0.0,,,,,,,,,,,,,,,,
103,Bjorn Fratangelo,53.293413173652695,21.34831460674157,5.617977528089887,4.49438202247191,46.706586826347305,11.538461538461538,7.6923076923076925,8.974358974358974,47.90419161676647,21.25,6.25,3.75,33.532934131736525,10.714285714285714,8.928571428571429,10.714285714285714,2.9940119760479043,0.0,0.0,0.0,9.580838323353294,0.0,6.25,6.25,1.1976047904191618,50.0,0.0,50.0,,,,,,,,,,,,,,,,,,,,,1.1976047904191618,50.0,0.0,0.0,3.592814371257485,50.0,0.0,0.0,,,,,,,,,,,,,,,,
104,Bjorn Phau,44.952380952380956,6.779661016949152,4.661016949152542,7.627118644067797,55.047619047619044,5.190311418685121,5.88235294117647,8.996539792387544,38.666666666666664,4.433497536945813,5.41871921182266,8.866995073891626,35.61904761904762,7.4866310160427805,5.347593582887701,11.229946524064172,3.428571428571429,0.0,0.0,0.0,15.80952380952381,1.2048192771084338,3.614457831325301,6.024096385542169,1.9047619047619049,70.0,0.0,0.0,0.5714285714285714,0.0,33.33333333333333,0.0,,,,,,,,,,,,,0.7619047619047619,0.0,25.0,0.0,0.9523809523809524,0.0,0.0,0.0,2.2857142857142856,0.0,16.666666666666664,0.0,,,,,,,,,,,,,,,,
105,Blaz Kavcic,48.534201954397396,4.026845637583892,1.342281879194631,5.704697986577181,51.14006514657981,0.9554140127388535,1.5923566878980893,7.961783439490445,46.579804560260584,3.146853146853147,1.3986013986013985,5.944055944055944,40.87947882736157,0.796812749003984,1.593625498007968,9.56175298804781,0.8143322475570033,0.0,0.0,0.0,8.957654723127035,0.0,0.0,1.8181818181818181,0.4885993485342019,66.66666666666666,0.0,0.0,,,,,,,,,0.16286644951140067,0.0,0.0,0.0,,,,,0.4885993485342019,33.33333333333333,33.33333333333333,0.0,0.6514657980456027,25.0,0.0,0.0,0.6514657980456027,0.0,0.0,0.0,,,,,,,,,,,,,,,,
106,Blaz Rola,58.620689655172406,6.764705882352941,5.294117647058823,12.058823529411764,41.37931034482759,2.5,2.083333333333333,11.666666666666666,54.65517241379311,5.993690851735016,5.678233438485805,11.67192429022082,32.41379310344827,1.0638297872340425,1.0638297872340425,13.297872340425531,1.0344827586206897,0.0,0.0,0.0,5.689655172413794,3.0303030303030303,0.0,3.0303030303030303,0.6896551724137931,25.0,0.0,25.0,0.8620689655172413,20.0,0.0,20.0,0.8620689655172413,40.0,0.0,40.0,0.1724137931034483,0.0,0.0,0.0,1.206896551724138,14.285714285714285,0.0,14.285714285714285,1.5517241379310345,22.22222222222222,22.22222222222222,0.0,0.1724137931034483,0.0,0.0,0.0,0.5172413793103449,0.0,0.0,33.33333333333333,,,,,,,,,,,,,0.1724137931034483,0.0,100.0,0.0
107,Bob Bryan,46.75324675324675,11.11111111111111,5.555555555555555,11.11111111111111,53.246753246753244,9.75609756097561,4.878048780487805,0.0,29.87012987012987,0.0,8.695652173913043,8.695652173913043,19.480519480519483,6.666666666666667,0.0,0.0,1.2987012987012987,0.0,0.0,0.0,19.480519480519483,0.0,6.666666666666667,0.0,10.38961038961039,37.5,0.0,25.0,10.38961038961039,25.0,12.5,0.0,,,,,,,,,1.2987012987012987,100.0,0.0,0.0,1.2987012987012987,100.0,0.0,0.0,,,,,1.2987012987012987,0.0,0.0,0.0,3.896103896103896,0.0,0.0,0.0,1.2987012987012987,0.0,0.0,0.0,,,,,,,,
108,Bobby Reynolds,57.534246575342465,6.349206349206349,5.555555555555555,13.492063492063492,42.465753424657535,3.225806451612903,4.301075268817205,16.129032258064516,52.51141552511416,4.3478260869565215,6.086956521739131,13.043478260869565,36.986301369863014,2.4691358024691357,4.938271604938271,18.51851851851852,2.28310502283105,0.0,0.0,20.0,2.73972602739726,0.0,0.0,0.0,2.28310502283105,40.0,0.0,20.0,1.36986301369863,33.33333333333333,0.0,0.0,0.45662100456621,100.0,0.0,0.0,,,,,,,,,,,,,,,,,0.91324200913242,0.0,0.0,0.0,,,,,0.45662100456621,0.0,0.0,0.0,,,,,,,,
109,Bohdan Ulihrach,50.74626865671642,5.88235294117647,6.862745098039216,14.705882352941178,49.25373134328358,2.0202020202020203,6.0606060606060606,5.05050505050505,47.2636815920398,4.2105263157894735,6.315789473684211,15.789473684210526,37.3134328358209,0.0,6.666666666666667,6.666666666666667,1.4925373134328357,0.0,0.0,0.0,6.965174129353234,0.0,0.0,0.0,0.4975124378109453,100.0,0.0,0.0,0.4975124378109453,100.0,0.0,0.0,0.9950248756218906,50.0,0.0,0.0,,,,,,,,,0.9950248756218906,50.0,50.0,0.0,0.4975124378109453,0.0,100.0,0.0,3.482587064676617,0.0,0.0,0.0,,,,,,,,,,,,,,,,
110,Borna Coric,51.99239599327338,7.593868654197722,5.048516383068486,10.336099001546899,47.84675001827886,4.2940097799511,3.4077017114914425,10.605134474327627,45.931125246764644,5.030245144858325,4.998408150270615,10.808659662527857,39.84060832053813,3.376766379152138,3.3400623967700493,11.506698476784731,2.6321561745996926,2.7777777777777777,1.1111111111111112,2.2222222222222223,5.096146815822183,1.5781922525107603,1.5781922525107603,4.591104734576758,1.2210280032170797,51.49700598802395,8.383233532934131,13.77245508982036,1.0528624698398772,38.88888888888889,10.416666666666668,17.36111111111111,1.0016816553337722,64.23357664233576,8.75912408759124,8.02919708029197,0.02924617971777437,25.0,25.0,0.0,0.5410543247788258,33.78378378378378,14.864864864864865,9.45945945945946,0.643415953791036,17.045454545454543,7.954545454545454,10.227272727272728,0.4386926957666155,5.0,5.0,8.333333333333332,1.1113548292754258,7.894736842105263,3.9473684210526314,0.6578947368421052,0.13160780872998465,33.33333333333333,0.0,5.555555555555555,0.06580390436499232,22.22222222222222,11.11111111111111,0.0,0.09505008408276669,46.15384615384615,7.6923076923076925,7.6923076923076925,0.007311544929443592,0.0,0.0,0.0
111,Borna Gojo,60.36363636363637,9.036144578313253,8.433734939759036,15.060240963855422,39.63636363636363,5.5045871559633035,4.587155963302752,9.174311926605505,54.90909090909091,5.298013245033113,8.609271523178808,15.2317880794702,38.18181818181819,4.761904761904762,4.761904761904762,8.571428571428571,1.4545454545454546,0.0,0.0,0.0,0.36363636363636365,0.0,0.0,0.0,1.090909090909091,33.33333333333333,33.33333333333333,33.33333333333333,0.36363636363636365,100.0,0.0,0.0,1.8181818181818181,80.0,0.0,0.0,,,,,1.090909090909091,66.66666666666666,0.0,33.33333333333333,0.7272727272727273,0.0,0.0,50.0,,,,,,,,,,,,,,,,,,,,,,,,
112,Botic Van De Zandschulp,51.861340906284724,9.320873757514434,6.49961311826677,10.642223677162074,47.93801703914063,3.232453316162267,3.4449452672247265,9.01481004507405,44.894431411285346,6.992574257425743,6.25,11.193619361936195,35.21422397826892,2.217741935483871,3.1644460028050494,10.334852734922862,2.4694406716878627,1.7500000000000002,2.5,1.7500000000000002,9.868502284232623,1.0009383797309979,2.3146700031279326,4.910853925555208,1.3551055685887148,55.125284738041,12.984054669703873,7.289293849658314,1.2161995308062723,44.16243654822335,13.959390862944163,6.598984771573605,0.8210890233362144,60.526315789473685,12.406015037593985,6.390977443609022,0.08951722434868502,51.724137931034484,17.24137931034483,0.0,1.3890603778244228,21.777777777777775,10.888888888888888,20.444444444444446,0.49697493517718233,11.801242236024844,12.422360248447205,19.875776397515526,0.6790961847141622,6.363636363636363,5.909090909090909,0.9090909090909091,0.9106062476848994,2.0338983050847457,5.084745762711865,1.3559322033898304,0.16051364365971107,15.384615384615385,17.307692307692307,0.0,0.13890603778244226,6.666666666666667,11.11111111111111,2.2222222222222223,0.09260402518829484,40.0,6.666666666666667,10.0,0.0030868008396098285,0.0,0.0,100.0
113,Bradley Klahn,54.166666666666664,11.282051282051283,6.666666666666667,15.384615384615385,45.83333333333333,2.4242424242424243,4.242424242424243,10.303030303030303,47.22222222222222,11.76470588235294,7.0588235294117645,16.470588235294116,11.944444444444445,2.3255813953488373,2.3255813953488373,18.6046511627907,4.166666666666666,0.0,6.666666666666667,6.666666666666667,29.72222222222222,0.0,2.803738317757009,6.5420560747663545,1.9444444444444444,14.285714285714285,0.0,14.285714285714285,2.5,22.22222222222222,22.22222222222222,22.22222222222222,0.2777777777777778,100.0,0.0,0.0,0.2777777777777778,0.0,0.0,0.0,0.5555555555555556,0.0,0.0,0.0,,,,,,,,,1.1111111111111112,25.0,25.0,0.0,,,,,0.2777777777777778,0.0,0.0,0.0,,,,,,,,
114,Brandon Holt,48.98255813953488,5.044510385756676,4.154302670623145,7.418397626112759,50.872093023255815,2.0,2.2857142857142856,7.7142857142857135,43.75,3.6544850498338874,3.6544850498338874,7.973421926910299,45.49418604651162,0.9584664536741214,2.2364217252396164,8.30670926517572,3.1976744186046515,0.0,0.0,0.0,3.0523255813953485,4.761904761904762,0.0,0.0,0.436046511627907,66.66666666666666,0.0,0.0,1.1627906976744187,37.5,0.0,12.5,1.0174418604651163,57.14285714285714,28.57142857142857,14.285714285714285,,,,,0.14534883720930233,0.0,100.0,0.0,,,,,0.436046511627907,0.0,0.0,0.0,1.0174418604651163,0.0,14.285714285714285,0.0,,,,,0.14534883720930233,0.0,0.0,0.0,,,,,,,,
115,Brandon Nakashima,51.9301097114994,8.033385498174232,5.190401669274909,7.955138236828378,48.05634565894623,3.46674182638106,4.368658399098083,8.342728297632469,44.53474197480699,6.1131386861313874,5.200729927007299,8.485401459854014,36.20479479886225,2.581369248035915,4.414515525626637,8.791619902731014,4.456183123391575,0.60790273556231,2.127659574468085,1.5197568389057752,9.22389272653393,0.2936857562408223,2.7900146842878124,5.580029368575625,1.2325612894487337,56.043956043956044,12.087912087912088,14.285714285714285,1.3680075849925504,36.633663366336634,11.881188118811881,13.861386138613863,0.7449546254909928,70.9090909090909,9.090909090909092,3.6363636363636362,0.04063388866314506,33.33333333333333,0.0,0.0,0.27089259108763375,30.0,5.0,20.0,0.4063388866314506,33.33333333333333,13.333333333333334,16.666666666666664,0.28443722064201543,0.0,0.0,0.0,0.5282405526208858,2.564102564102564,0.0,0.0,0.33861573885954216,28.000000000000004,12.0,8.0,0.25734796153325207,15.789473684210526,10.526315789473683,10.526315789473683,0.06772314777190844,40.0,20.0,0.0,0.027089259108763378,0.0,0.0,100.0
116,Brayden Schnur,52.56312165263963,10.91703056768559,8.005822416302767,10.771470160116449,47.43687834736037,5.32258064516129,2.4193548387096775,11.935483870967742,45.677123182861514,8.040201005025125,8.542713567839195,11.390284757118927,33.66488140780413,4.090909090909091,2.0454545454545454,12.5,2.6778882938026016,0.0,0.0,0.0,10.022953328232594,0.0,1.5267175572519083,12.213740458015266,2.9074215761285385,50.0,10.526315789473683,13.157894736842104,2.5248661055853097,39.39393939393939,12.121212121212121,3.0303030303030303,0.8416220351951033,54.54545454545454,0.0,0.0,0.07651109410864575,100.0,0.0,0.0,,,,,0.45906656465187456,0.0,0.0,33.33333333333333,0.1530221882172915,0.0,0.0,0.0,0.612088752869166,12.5,0.0,0.0,,,,,0.07651109410864575,0.0,0.0,0.0,0.306044376434583,50.0,0.0,25.0,,,,
117,Brian Battistone,49.46236559139785,17.391304347826086,10.869565217391305,8.695652173913043,50.53763440860215,8.51063829787234,8.51063829787234,14.893617021276595,20.43010752688172,0.0,5.263157894736842,10.526315789473683,31.182795698924732,6.896551724137931,0.0,17.24137931034483,5.376344086021505,20.0,0.0,20.0,1.0752688172043012,0.0,0.0,0.0,13.978494623655912,15.384615384615385,23.076923076923077,0.0,12.903225806451612,16.666666666666664,25.0,16.666666666666664,7.526881720430108,57.14285714285714,14.285714285714285,14.285714285714285,,,,,1.0752688172043012,0.0,0.0,0.0,,,,,,,,,,,,,1.0752688172043012,100.0,0.0,0.0,5.376344086021505,0.0,20.0,0.0,,,,,,,,
118,Bruno Kuzuhara,63.102409638554214,3.579952267303103,4.534606205250596,8.591885441527445,36.89759036144578,0.40816326530612246,2.4489795918367347,6.938775510204081,56.92771084337349,2.1164021164021163,5.026455026455026,9.25925925925926,28.614457831325304,0.5263157894736842,2.631578947368421,7.894736842105263,4.66867469879518,0.0,0.0,3.225806451612903,6.927710843373494,0.0,0.0,4.3478260869565215,0.15060240963855423,100.0,0.0,0.0,0.30120481927710846,0.0,0.0,0.0,1.0542168674698795,71.42857142857143,0.0,0.0,,,,,,,,,0.6024096385542169,0.0,25.0,0.0,0.15060240963855423,0.0,0.0,0.0,0.4518072289156626,0.0,0.0,0.0,0.15060240963855423,100.0,0.0,0.0,,,,,,,,,,,,
119,Bu Yunchaokete,46.06505771248688,9.339407744874716,7.517084282460136,7.972665148063782,53.934942287513124,2.529182879377432,2.9182879377431905,5.642023346303502,42.28751311647429,8.6848635235732,7.94044665012407,7.94044665012407,45.64533053515215,2.2988505747126435,3.218390804597701,5.517241379310345,1.7838405036726128,0.0,0.0,0.0,7.135362014690451,1.4705882352941175,1.4705882352941175,4.411764705882353,0.7345225603357817,28.57142857142857,14.285714285714285,14.285714285714285,0.3147953830010493,33.33333333333333,0.0,66.66666666666666,0.7345225603357817,57.14285714285714,0.0,14.285714285714285,,,,,0.3147953830010493,0.0,0.0,33.33333333333333,0.2098635886673662,0.0,0.0,0.0,0.1049317943336831,0.0,0.0,0.0,0.3147953830010493,33.33333333333333,0.0,0.0,0.1049317943336831,0.0,0.0,0.0,0.3147953830010493,0.0,0.0,0.0,,,,,,,,
120,Cameron Norrie,57.58949218388678,7.452618053324766,4.673947960167042,9.363957597173144,42.40125797798539,3.7739965095986037,3.5776614310645725,8.37696335078534,50.92035889371937,5.340599455040872,4.559491371480473,9.827429609445957,37.34159652206087,2.6504830319544217,3.492692593510032,8.545949962843697,2.728702247710665,2.0338983050847457,0.6779661016949152,0.3389830508474576,2.9136990102673206,0.31746031746031744,1.9047619047619049,4.761904761904762,1.516973452964573,43.292682926829265,9.146341463414634,9.146341463414634,1.091480899084266,42.3728813559322,8.47457627118644,11.864406779661017,1.054481546572935,54.385964912280706,11.403508771929824,6.140350877192982,0.027749514383498288,33.33333333333333,0.0,0.0,0.8139857552492832,29.545454545454547,9.090909090909092,17.045454545454543,0.4624919063916382,22.0,14.000000000000002,18.0,0.3699935251133105,0.0,2.5,5.0,0.545740449542133,3.389830508474576,0.0,1.694915254237288,0.12024789566182591,23.076923076923077,7.6923076923076925,7.6923076923076925,0.018499676255665527,50.0,0.0,0.0,0.06474886689482935,28.57142857142857,0.0,14.285714285714285,,,,
121,Camilo Ugo Carabelli,53.70779425686336,5.992949471210341,4.935370152761457,6.698002350176263,44.24108551593562,2.353780313837375,2.9243937232524964,6.704707560627675,45.787314610287154,4.203997243280496,4.548587181254307,7.167470709855273,31.050804670242975,2.1341463414634148,3.2520325203252036,7.825203252032519,4.102240454402019,2.307692307692308,2.307692307692308,1.5384615384615385,11.454717576522562,0.8264462809917356,1.6528925619834711,3.8567493112947657,0.5048911328494794,56.25,18.75,0.0,0.347112653834017,45.45454545454545,18.181818181818183,18.181818181818183,0.4417797412432944,78.57142857142857,7.142857142857142,0.0,0.03155569580309246,0.0,0.0,0.0,1.5777847901546227,22.0,18.0,14.000000000000002,0.12622278321236985,0.0,0.0,25.0,0.9151151782896814,3.4482758620689653,3.4482758620689653,0.0,1.0728936573051435,8.823529411764707,2.941176470588235,0.0,0.1577784790154623,20.0,20.0,0.0,0.1577784790154623,20.0,0.0,0.0,0.2208898706216472,71.42857142857143,0.0,14.285714285714285,,,,
122,Carlos Alcaraz,53.23164731352096,11.535475283765297,6.52198025659038,10.093540873294634,46.675851210391656,4.924945184685445,4.068982965086861,8.833698768763703,44.19405628813225,8.211979514584725,6.555332887998219,10.57670897350256,37.17181657154104,3.4468152697622703,4.05040504050405,9.00619473712077,3.4087777996457387,2.5981524249422634,1.327944572748268,1.9630484988452657,6.010627829167486,1.1787819253438114,1.60445317616241,5.239030779305828,1.7575280456603033,58.79059350503919,6.9428891377379625,10.862262038073908,1.3678409761857901,43.597122302158276,8.489208633093526,15.39568345323741,0.7478842747490652,63.421052631578945,7.894736842105263,9.736842105263158,0.0846290100373942,39.53488372093023,13.953488372093023,2.3255813953488373,2.107852784884865,33.61344537815126,11.017740429505135,13.818860877684408,0.9289509938988388,19.491525423728813,10.59322033898305,21.398305084745765,0.5294233418618381,10.037174721189592,6.319702602230483,3.717472118959108,0.9053335957488683,10.652173913043478,5.217391304347826,3.0434782608695654,0.2755363117496556,17.857142857142858,17.857142857142858,8.571428571428571,0.1869710686872663,16.842105263157894,12.631578947368421,7.368421052631578,0.21058846683723675,49.532710280373834,15.887850467289718,15.887850467289718,0.0196811651249754,40.0,0.0,40.0
123,Carlos Berlocq,51.74163003043625,5.032679738562091,5.359477124183006,5.620915032679739,47.71728102806899,4.394046775336641,2.4096385542168677,6.66194188518781,47.14237402773081,3.3715925394548063,4.949784791965567,5.88235294117647,33.6827866080487,3.0120481927710845,1.8072289156626504,7.630522088353414,1.048359824146094,6.451612903225806,6.451612903225806,0.0,9.671964829218803,2.097902097902098,1.3986013986013985,3.4965034965034967,0.7778153533987149,56.52173913043478,17.391304347826086,0.0,1.318904294893473,41.02564102564102,10.256410256410255,7.6923076923076925,0.8454514710855596,32.0,8.0,16.0,0.06763611768684477,50.0,0.0,0.0,0.3381805884342239,20.0,20.0,0.0,1.6909029421711192,14.000000000000002,10.0,8.0,1.3527223537368955,0.0,5.0,0.0,1.149814000676361,2.941176470588235,5.88235294117647,2.941176470588235,0.2029083530605343,66.66666666666666,16.666666666666664,0.0,0.13527223537368954,25.0,25.0,0.0,0.033818058843422386,100.0,0.0,0.0,,,,
124,Carlos Eduardo Severino,46.688741721854306,2.127659574468085,4.964539007092199,9.219858156028367,53.31125827814569,3.7267080745341614,0.6211180124223602,11.180124223602485,45.033112582781456,2.2058823529411766,5.147058823529411,9.558823529411764,46.026490066225165,2.877697841726619,0.0,12.949640287769784,1.3245033112582782,0.0,0.0,0.0,5.629139072847682,0.0,0.0,0.0,,,,,0.33112582781456956,0.0,0.0,0.0,,,,,,,,,,,,,0.9933774834437087,66.66666666666666,33.33333333333333,0.0,,,,,0.33112582781456956,0.0,0.0,0.0,0.33112582781456956,0.0,0.0,0.0,,,,,,,,,,,,
125,Carlos Gimeno Valero,62.67942583732058,4.580152671755725,3.0534351145038165,12.213740458015266,37.32057416267943,1.282051282051282,0.0,6.41025641025641,59.80861244019139,4.0,3.2,12.8,34.44976076555024,1.3888888888888888,0.0,6.944444444444445,0.9569377990430622,0.0,0.0,0.0,2.3923444976076556,0.0,0.0,0.0,0.4784688995215311,0.0,0.0,0.0,,,,,,,,,,,,,1.4354066985645932,33.33333333333333,0.0,0.0,,,,,,,,,0.4784688995215311,0.0,0.0,0.0,,,,,,,,,,,,,,,,
126,Carlos Moya,59.45127082982663,7.729331823329558,6.285390713476784,8.805209513023783,40.498232620770914,4.488778054862843,3.4912718204488775,9.43474646716542,52.85305504123885,5.6369426751592355,6.305732484076433,8.949044585987261,26.79683554957078,3.5804020100502516,3.391959798994975,11.180904522613066,2.2723447231105873,2.2222222222222223,0.0,1.4814814814814816,10.183470796162263,0.9917355371900827,1.9834710743801653,5.454545454545454,1.2119171856589799,38.88888888888889,8.333333333333332,13.88888888888889,1.8010435953543174,32.71028037383177,11.214953271028037,8.411214953271028,1.0604275374516074,55.55555555555556,14.285714285714285,4.761904761904762,0.05049654940245749,66.66666666666666,0.0,0.0,1.043595354317455,29.03225806451613,12.903225806451612,16.129032258064516,0.33664366268304996,15.0,10.0,20.0,0.504965494024575,6.666666666666667,3.3333333333333335,6.666666666666667,1.1277562699882175,7.462686567164178,5.970149253731343,0.0,0.26931493014644,25.0,0.0,0.0,0.20198619760982997,0.0,0.0,25.0,0.235650563878135,42.857142857142854,0.0,21.428571428571427,,,,
127,Carlos Taberner,63.06196840826246,4.8169556840077075,5.009633911368015,7.7071290944123305,36.81652490886999,1.65016501650165,3.3003300330033,6.9306930693069315,57.35115431348724,3.389830508474576,4.661016949152542,7.415254237288135,33.171324422843256,1.098901098901099,2.93040293040293,7.326007326007327,2.551640340218712,0.0,4.761904761904762,9.523809523809524,2.551640340218712,0.0,4.761904761904762,0.0,0.850546780072904,57.14285714285714,14.285714285714285,0.0,0.48602673147023084,25.0,25.0,0.0,0.850546780072904,57.14285714285714,0.0,28.57142857142857,,,,,0.9720534629404617,12.5,12.5,12.5,0.24301336573511542,50.0,0.0,50.0,0.3645200486026731,0.0,0.0,0.0,0.3645200486026731,0.0,0.0,0.0,,,,,,,,,0.12150668286755771,0.0,100.0,0.0,,,,
128,Casper Ruud,55.57557557557558,9.451548991354466,5.583573487031701,8.424891930835734,44.3018018018018,3.219793255380444,2.389425521098119,6.897136078630741,47.107107107107105,7.803867403314917,5.694857628559286,8.898215044623885,33.84134134134134,2.8026325519485322,2.4181024920505805,7.025068401981809,4.441941941941942,1.1267605633802817,0.9014084507042254,1.5774647887323943,7.912912912912913,0.8538899430740038,1.170145477545857,5.692599620493358,1.0510510510510511,49.047619047619044,8.333333333333332,12.857142857142856,0.8783783783783784,36.46723646723647,8.831908831908832,13.675213675213676,1.1011011011011012,58.18181818181818,11.59090909090909,10.0,0.047547547547547545,52.63157894736842,10.526315789473683,5.263157894736842,0.8558558558558558,26.31578947368421,9.35672514619883,14.619883040935672,0.24524524524524527,9.183673469387756,8.16326530612245,27.55102040816326,0.5780780780780781,3.0303030303030303,4.761904761904762,1.2987012987012987,1.1786786786786787,2.1231422505307855,3.1847133757961785,2.1231422505307855,0.2152152152152152,25.581395348837212,8.13953488372093,5.813953488372093,0.19519519519519518,8.974358974358974,3.8461538461538463,6.41025641025641,0.22522522522522523,32.22222222222222,17.77777777777778,13.333333333333334,0.0025025025025025025,0.0,0.0,0.0
129,Cedric Pioline,53.06122448979592,7.6923076923076925,10.76923076923077,13.846153846153847,46.93877551020408,13.043478260869565,5.217391304347826,6.086956521739131,43.26530612244898,2.8301886792452833,7.547169811320755,13.20754716981132,24.489795918367346,10.0,6.666666666666667,6.666666666666667,0.8163265306122449,0.0,0.0,50.0,10.204081632653061,0.0,0.0,4.0,4.8979591836734695,33.33333333333333,16.666666666666664,25.0,9.795918367346939,37.5,8.333333333333332,8.333333333333332,2.857142857142857,28.57142857142857,42.857142857142854,0.0,0.40816326530612246,0.0,0.0,0.0,,,,,,,,,0.8163265306122449,50.0,50.0,0.0,0.8163265306122449,0.0,0.0,0.0,,,,,1.2244897959183674,0.0,0.0,0.0,0.40816326530612246,0.0,0.0,0.0,,,,
130,Cedrik Marcel Stebe,60.81504702194357,4.123711340206185,1.5463917525773196,10.824742268041238,37.61755485893417,0.8333333333333334,1.6666666666666667,7.5,57.68025078369906,3.260869565217391,1.0869565217391304,11.41304347826087,31.347962382445143,0.0,2.0,8.0,0.3134796238244514,0.0,0.0,0.0,4.702194357366771,0.0,0.0,6.666666666666667,0.9404388714733543,33.33333333333333,0.0,0.0,0.9404388714733543,33.33333333333333,0.0,0.0,0.6269592476489028,50.0,0.0,0.0,,,,,0.6269592476489028,0.0,50.0,0.0,,,,,,,,,0.6269592476489028,0.0,0.0,0.0,0.3134796238244514,0.0,0.0,0.0,,,,,0.3134796238244514,0.0,0.0,0.0,,,,
131,Cem Ilkel,63.98416886543535,8.8659793814433,7.216494845360824,7.628865979381444,36.01583113456465,6.95970695970696,4.029304029304029,2.93040293040293,56.72823218997362,6.976744186046512,6.744186046511628,7.209302325581396,27.83641160949868,5.687203791469194,4.739336492890995,3.3175355450236967,3.2981530343007917,0.0,12.0,8.0,5.936675461741425,2.2222222222222223,2.2222222222222223,0.0,1.1873350923482848,22.22222222222222,22.22222222222222,11.11111111111111,1.3192612137203166,60.0,0.0,0.0,1.3192612137203166,70.0,10.0,0.0,,,,,1.0554089709762533,50.0,0.0,37.5,,,,,0.395778364116095,0.0,0.0,0.0,0.9234828496042217,0.0,0.0,14.285714285714285,,,,,,,,,,,,,,,,
132,Charles Broom,48.10606060606061,8.661417322834646,4.724409448818897,14.960629921259844,51.89393939393939,1.4598540145985401,5.839416058394161,6.569343065693431,44.31818181818182,6.837606837606838,3.418803418803419,15.384615384615385,33.71212121212121,1.1235955056179776,6.741573033707865,6.741573033707865,1.1363636363636365,0.0,0.0,33.33333333333333,15.151515151515152,0.0,5.0,5.0,0.7575757575757576,100.0,0.0,0.0,1.893939393939394,20.0,0.0,20.0,0.7575757575757576,0.0,50.0,0.0,,,,,0.3787878787878788,100.0,0.0,0.0,,,,,0.7575757575757576,0.0,50.0,0.0,0.3787878787878788,0.0,0.0,0.0,,,,,0.7575757575757576,0.0,0.0,0.0,,,,,,,,
133,Chase Buchanan,45.09803921568628,7.608695652173914,3.260869565217391,13.043478260869565,54.90196078431373,2.6785714285714284,3.571428571428571,9.821428571428571,35.78431372549019,5.47945205479452,1.36986301369863,15.068493150684931,37.254901960784316,2.631578947368421,3.9473684210526314,9.210526315789473,1.4705882352941175,0.0,0.0,0.0,11.76470588235294,0.0,0.0,4.166666666666666,3.9215686274509802,0.0,12.5,0.0,3.9215686274509802,12.5,0.0,37.5,2.941176470588235,50.0,0.0,16.666666666666664,,,,,,,,,0.9803921568627451,0.0,50.0,0.0,0.49019607843137253,0.0,0.0,0.0,0.9803921568627451,0.0,0.0,0.0,,,,,,,,,0.49019607843137253,0.0,100.0,0.0,,,,
134,Chieh Fu Wang,61.05263157894737,12.068965517241379,5.172413793103448,29.310344827586203,38.94736842105263,0.0,0.0,29.72972972972973,55.78947368421052,9.433962264150944,5.660377358490567,30.18867924528302,32.631578947368425,0.0,0.0,29.03225806451613,1.0526315789473684,0.0,0.0,0.0,4.2105263157894735,0.0,0.0,50.0,2.1052631578947367,50.0,0.0,0.0,1.0526315789473684,0.0,0.0,0.0,2.1052631578947367,50.0,0.0,50.0,,,,,,,,,1.0526315789473684,0.0,0.0,0.0,,,,,,,,,,,,,,,,,,,,,,,,
135,Chris Guccione,36.24454148471616,22.89156626506024,7.228915662650602,10.843373493975903,63.75545851528385,10.273972602739725,5.47945205479452,9.58904109589041,21.397379912663755,12.244897959183673,4.081632653061225,16.3265306122449,27.510917030567683,6.349206349206349,1.5873015873015872,15.873015873015872,3.4934497816593884,12.5,0.0,0.0,18.777292576419214,0.0,9.30232558139535,2.3255813953488373,6.11353711790393,42.857142857142854,28.57142857142857,0.0,13.100436681222707,36.666666666666664,6.666666666666667,10.0,1.7467248908296942,100.0,0.0,0.0,,,,,0.43668122270742354,0.0,0.0,100.0,,,,,1.3100436681222707,66.66666666666666,0.0,0.0,,,,,1.7467248908296942,0.0,0.0,0.0,4.366812227074235,0.0,10.0,0.0,,,,,,,,
136,Christian Harrison,55.78231292517006,7.317073170731707,2.4390243902439024,9.75609756097561,44.21768707482993,3.076923076923077,3.076923076923077,7.6923076923076925,53.06122448979592,6.41025641025641,2.564102564102564,10.256410256410255,35.374149659863946,3.8461538461538463,1.9230769230769231,9.615384615384617,0.6802721088435374,0.0,0.0,0.0,6.802721088435375,0.0,0.0,0.0,1.3605442176870748,50.0,0.0,0.0,0.6802721088435374,0.0,100.0,0.0,,,,,,,,,,,,,0.6802721088435374,0.0,0.0,0.0,0.6802721088435374,0.0,0.0,0.0,0.6802721088435374,0.0,0.0,0.0,,,,,,,,,,,,,,,,
137,Christoph Negritu,50.2262443438914,7.207207207207207,6.306306306306306,7.207207207207207,49.7737556561086,2.727272727272727,6.363636363636363,2.727272727272727,42.98642533936652,7.368421052631578,6.315789473684211,8.421052631578947,41.6289592760181,2.1739130434782608,6.521739130434782,3.260869565217391,5.88235294117647,0.0,0.0,0.0,7.239819004524888,0.0,0.0,0.0,,,,,0.904977375565611,50.0,50.0,0.0,0.4524886877828055,0.0,100.0,0.0,,,,,0.4524886877828055,0.0,0.0,0.0,,,,,0.4524886877828055,100.0,0.0,0.0,,,,,,,,,,,,,,,,,,,,
138,Christophe Rochus,41.47727272727273,5.47945205479452,6.8493150684931505,15.068493150684931,58.52272727272727,2.912621359223301,1.9417475728155338,6.796116504854369,34.659090909090914,4.918032786885246,4.918032786885246,16.39344262295082,48.86363636363637,0.0,1.1627906976744187,6.976744186046512,2.272727272727273,0.0,0.0,0.0,6.25,0.0,0.0,9.090909090909092,1.7045454545454544,33.33333333333333,0.0,0.0,1.7045454545454544,100.0,0.0,0.0,1.1363636363636365,0.0,50.0,0.0,,,,,0.5681818181818182,0.0,100.0,0.0,0.5681818181818182,0.0,0.0,0.0,0.5681818181818182,0.0,0.0,0.0,1.1363636363636365,0.0,50.0,0.0,,,,,,,,,0.5681818181818182,0.0,0.0,100.0,,,,
139,Christopher Eubanks,56.369661266568485,15.349444807315479,7.4461136512083606,17.504898758981057,43.630338733431515,4.219409282700422,4.556962025316456,15.105485232067512,46.833578792341676,12.342767295597485,7.70440251572327,18.238993710691823,21.539027982326953,4.444444444444445,5.641025641025641,19.31623931623932,3.571428571428571,1.0309278350515463,2.0618556701030926,7.216494845360824,19.035346097201767,0.19342359767891684,1.9342359767891684,10.058027079303674,3.12960235640648,52.94117647058824,5.88235294117647,17.647058823529413,2.0618556701030926,39.285714285714285,14.285714285714285,12.5,1.5463917525773196,52.38095238095239,16.666666666666664,14.285714285714285,0.036818851251840944,100.0,0.0,0.0,0.4418262150220913,16.666666666666664,8.333333333333332,25.0,0.3681885125184094,0.0,20.0,40.0,0.25773195876288657,0.0,0.0,0.0,0.33136966126656847,0.0,0.0,0.0,0.33136966126656847,33.33333333333333,0.0,44.44444444444444,0.25773195876288657,0.0,14.285714285714285,42.857142857142854,0.25773195876288657,71.42857142857143,14.285714285714285,14.285714285714285,,,,
140,Christopher Heyman,61.855670103092784,7.5,5.833333333333333,8.333333333333332,38.144329896907216,8.108108108108109,0.0,6.756756756756757,55.154639175257735,7.476635514018691,6.5420560747663545,7.476635514018691,26.288659793814436,5.88235294117647,0.0,7.8431372549019605,5.154639175257731,0.0,0.0,10.0,10.309278350515463,5.0,0.0,5.0,0.5154639175257731,0.0,0.0,100.0,1.5463917525773196,66.66666666666666,0.0,0.0,0.5154639175257731,100.0,0.0,0.0,,,,,0.5154639175257731,0.0,0.0,0.0,,,,,,,,,,,,,,,,,,,,,,,,,,,,
141,Christopher Oconnell,53.426939552594,8.641425389755012,6.1915367483296215,11.180400890868597,46.52546406473108,3.5294117647058822,3.2225063938618925,9.053708439897697,47.76297001427891,5.381165919282512,5.680119581464873,11.559541604384654,17.943836268443597,4.641909814323608,4.774535809018567,14.058355437665782,0.9995240361732507,0.0,0.0,4.761904761904762,24.98810090433127,0.09523809523809523,0.9523809523809524,4.857142857142857,2.0466444550214185,45.348837209302324,11.627906976744185,9.30232558139535,1.8086625416468347,31.57894736842105,13.157894736842104,11.842105263157894,1.0947168015230844,65.21739130434783,10.869565217391305,6.521739130434782,0.023798191337458353,100.0,0.0,0.0,0.666349357448834,39.285714285714285,10.714285714285714,17.857142857142858,0.8329366968110423,17.142857142857142,5.714285714285714,25.71428571428571,0.3569728700618753,26.666666666666668,6.666666666666667,0.0,0.737743931461209,6.451612903225806,9.67741935483871,3.225806451612903,0.1665873393622085,14.285714285714285,0.0,0.0,0.19038553069966682,0.0,25.0,12.5,0.333174678724417,7.142857142857142,42.857142857142854,7.142857142857142,,,,
142,Chun Hsin Tseng,55.249343832021005,7.8384798099762465,4.98812351543943,5.7007125890736345,44.750656167979,2.6392961876832843,3.812316715542522,6.158357771260997,50.39370078740157,5.729166666666666,4.6875,5.729166666666666,39.63254593175853,2.6490066225165565,4.304635761589404,6.622516556291391,2.2309711286089238,0.0,0.0,5.88235294117647,3.805774278215223,0.0,0.0,0.0,0.7874015748031495,66.66666666666666,16.666666666666664,0.0,0.13123359580052493,100.0,0.0,0.0,0.13123359580052493,0.0,100.0,0.0,0.13123359580052493,0.0,0.0,100.0,0.6561679790026247,40.0,0.0,20.0,0.26246719160104987,0.0,0.0,0.0,0.26246719160104987,0.0,0.0,0.0,0.6561679790026247,0.0,0.0,0.0,,,,,,,,,0.7874015748031495,83.33333333333334,16.666666666666664,0.0,0.13123359580052493,0.0,0.0,0.0
143,Clement Chidekh,42.40837696335078,10.493827160493826,8.024691358024691,13.580246913580247,57.32984293193717,6.392694063926941,8.21917808219178,11.87214611872146,37.43455497382199,6.293706293706294,8.391608391608392,14.685314685314685,50.26178010471204,6.770833333333333,7.291666666666667,13.020833333333334,1.5706806282722512,0.0,0.0,0.0,4.973821989528796,0.0,10.526315789473683,0.0,1.0471204188481675,75.0,0.0,0.0,1.0471204188481675,25.0,25.0,25.0,0.5235602094240838,100.0,0.0,0.0,,,,,,,,,0.2617801047120419,0.0,100.0,0.0,0.2617801047120419,0.0,0.0,0.0,0.7853403141361256,0.0,0.0,0.0,0.2617801047120419,0.0,0.0,0.0,,,,,1.3089005235602094,60.0,20.0,20.0,,,,
144,Coleman Wong,67.11409395973155,13.25,9.25,11.75,32.88590604026846,3.571428571428571,4.591836734693878,9.183673469387756,56.54362416107382,10.682492581602373,8.605341246290802,11.572700296735905,26.51006711409396,1.2658227848101267,5.69620253164557,8.227848101265822,3.0201342281879198,0.0,5.555555555555555,5.555555555555555,3.523489932885906,4.761904761904762,0.0,4.761904761904762,1.6778523489932886,40.0,20.0,10.0,2.1812080536912752,30.76923076923077,0.0,23.076923076923077,2.348993288590604,64.28571428571429,7.142857142857142,14.285714285714285,,,,,2.348993288590604,21.428571428571427,14.285714285714285,28.57142857142857,0.33557046979865773,0.0,0.0,50.0,0.8389261744966443,0.0,40.0,0.0,0.16778523489932887,0.0,0.0,0.0,0.33557046979865773,50.0,0.0,0.0,0.16778523489932887,0.0,0.0,0.0,,,,,,,,
145,Colton Smith,51.13636363636363,10.0,4.444444444444445,10.0,48.86363636363637,8.13953488372093,4.651162790697675,11.627906976744185,45.45454545454545,6.25,5.0,10.0,34.659090909090914,3.278688524590164,6.557377049180328,14.754098360655737,1.1363636363636365,0.0,0.0,0.0,11.931818181818182,14.285714285714285,0.0,4.761904761904762,1.7045454545454544,33.33333333333333,0.0,33.33333333333333,1.7045454545454544,66.66666666666666,0.0,0.0,1.1363636363636365,100.0,0.0,0.0,,,,,1.7045454545454544,33.33333333333333,0.0,0.0,,,,,,,,,,,,,,,,,0.5681818181818182,0.0,0.0,0.0,,,,,,,,
146,Conner Huertas Del Pino,69.62025316455697,6.666666666666667,5.757575757575758,13.030303030303031,30.168776371308013,8.391608391608392,5.594405594405594,9.090909090909092,62.65822784810127,3.3670033670033668,5.05050505050505,12.121212121212121,22.9957805907173,2.7522935779816518,5.5045871559633035,9.174311926605505,0.6329113924050633,0.0,0.0,66.66666666666666,3.79746835443038,0.0,5.555555555555555,5.555555555555555,1.6877637130801686,62.5,25.0,0.0,1.2658227848101267,50.0,0.0,0.0,0.8438818565400843,100.0,0.0,0.0,,,,,3.1645569620253164,13.333333333333334,13.333333333333334,33.33333333333333,1.6877637130801686,62.5,12.5,25.0,0.21097046413502107,0.0,0.0,0.0,0.42194092827004215,50.0,0.0,0.0,0.42194092827004215,50.0,0.0,0.0,,,,,,,,,,,,
147,Constant Lestienne,54.179566563467496,11.047619047619047,7.6190476190476195,8.952380952380953,45.82043343653251,3.153153153153153,4.2792792792792795,8.558558558558559,42.10526315789473,9.313725490196079,8.57843137254902,9.068627450980392,37.97729618163055,2.989130434782609,4.076086956521739,8.152173913043478,6.811145510835913,1.5151515151515151,6.0606060606060606,3.0303030303030303,4.953560371517028,0.0,4.166666666666666,10.416666666666668,0.9287925696594427,77.77777777777779,0.0,11.11111111111111,0.5159958720330238,40.0,20.0,40.0,0.7223942208462332,57.14285714285714,0.0,28.57142857142857,0.30959752321981426,0.0,0.0,0.0,2.683178534571723,23.076923076923077,3.8461538461538463,19.230769230769234,0.5159958720330238,20.0,20.0,20.0,0.7223942208462332,14.285714285714285,0.0,0.0,1.238390092879257,0.0,0.0,0.0,0.10319917440660474,0.0,0.0,0.0,0.30959752321981426,0.0,0.0,0.0,0.10319917440660474,100.0,0.0,0.0,,,,
148,Cooper Kose,42.44604316546763,8.47457627118644,10.16949152542373,13.559322033898304,57.55395683453237,1.25,6.25,13.750000000000002,40.28776978417266,8.928571428571429,10.714285714285714,14.285714285714285,53.23741007194245,1.3513513513513513,5.405405405405405,14.864864864864865,0.7194244604316548,0.0,0.0,0.0,2.877697841726619,0.0,0.0,0.0,1.4388489208633095,0.0,0.0,0.0,0.7194244604316548,0.0,100.0,0.0,,,,,,,,,,,,,,,,,,,,,0.7194244604316548,0.0,0.0,0.0,,,,,,,,,,,,,,,,
149,Cooper Williams,46.3519313304721,5.555555555555555,3.7037037037037033,7.4074074074074066,53.648068669527895,2.4,0.8,9.6,41.201716738197426,5.208333333333334,4.166666666666666,7.291666666666667,43.34763948497854,1.9801980198019802,0.9900990099009901,11.881188118811881,2.1459227467811157,0.0,0.0,0.0,8.583690987124463,0.0,0.0,0.0,1.2875536480686696,0.0,0.0,33.33333333333333,0.8583690987124464,50.0,0.0,0.0,,,,,,,,,1.2875536480686696,33.33333333333333,0.0,0.0,,,,,0.4291845493562232,0.0,0.0,0.0,0.8583690987124464,0.0,0.0,0.0,,,,,,,,,,,,,,,,
150,Corentin Denolly,43.61702127659575,5.853658536585367,1.951219512195122,8.780487804878048,55.95744680851064,3.802281368821293,2.6615969581749046,9.125475285171103,38.93617021276596,3.825136612021858,1.639344262295082,9.289617486338798,37.234042553191486,2.857142857142857,3.428571428571429,8.571428571428571,2.3404255319148937,0.0,0.0,0.0,14.893617021276595,1.4285714285714286,0.0,8.571428571428571,1.0638297872340425,80.0,20.0,0.0,0.851063829787234,75.0,0.0,0.0,0.2127659574468085,0.0,0.0,100.0,,,,,0.425531914893617,50.0,0.0,0.0,1.276595744680851,0.0,16.666666666666664,33.33333333333333,0.6382978723404255,0.0,0.0,0.0,1.4893617021276597,14.285714285714285,0.0,14.285714285714285,,,,,0.2127659574468085,0.0,0.0,0.0,,,,,,,,
151,Corentin Moutet,58.81387235789042,8.304256803907887,5.198883461270063,10.32798325191905,41.0630002052124,4.397801099450275,3.1484257871064467,7.34632683658171,44.12066488815925,6.744186046511628,5.023255813953488,11.488372093023255,22.183459880976812,2.7752081406105455,2.8677150786308974,8.418131359851989,7.326082495382721,0.5602240896358543,1.9607843137254901,2.5210084033613445,13.379848142827827,0.7668711656441718,1.2269938650306749,5.214723926380368,1.4159655243176688,52.17391304347826,10.144927536231885,15.942028985507244,1.6416991586291814,46.25,12.5,5.0,0.7182433819002668,54.285714285714285,11.428571428571429,20.0,0.1231274368971886,50.0,0.0,0.0,2.9961009644982557,14.383561643835616,10.273972602739725,14.383561643835616,1.3544018058690745,7.575757575757576,16.666666666666664,24.242424242424242,1.744305356043505,7.0588235294117645,5.88235294117647,1.1764705882352942,2.1547301457008,5.714285714285714,0.9523809523809524,1.9047619047619049,0.2257336343115124,9.090909090909092,18.181818181818183,0.0,0.2257336343115124,18.181818181818183,18.181818181818183,0.0,0.266776113277242,61.53846153846154,7.6923076923076925,0.0,,,,
152,Cristian Garin,51.80690758767835,7.902187902187902,5.250965250965251,9.90990990990991,48.1530870782771,4.486291885904182,3.6831902520077544,9.91415120465245,47.56634217895719,5.999439304737875,5.1583964115503225,9.728062797869358,42.20562741698893,2.938388625592417,3.6018957345971563,9.605055292259083,1.426856914255234,0.0,1.8691588785046727,3.7383177570093453,3.1737565008667827,0.42016806722689076,3.361344537815126,8.823529411764707,1.2401653553807175,51.61290322580645,9.67741935483871,19.35483870967742,1.200160021336178,48.888888888888886,2.2222222222222223,16.666666666666664,0.8401120149353246,63.49206349206349,4.761904761904762,11.11111111111111,0.026670222696359516,50.0,0.0,0.0,0.3600480064008535,11.11111111111111,11.11111111111111,11.11111111111111,1.0801440192025602,25.925925925925924,8.641975308641975,19.753086419753085,0.13335111348179757,10.0,10.0,0.0,0.4133884517935725,0.0,3.225806451612903,6.451612903225806,0.06667555674089878,20.0,20.0,0.0,0.04000533404453927,33.33333333333333,33.33333333333333,0.0,0.17335644752633686,0.0,7.6923076923076925,46.15384615384615,0.013335111348179758,100.0,0.0,0.0
153,Dalibor Svrcina,46.49805447470817,6.694560669456067,3.3472803347280333,10.87866108786611,53.30739299610895,5.839416058394161,4.014598540145985,9.48905109489051,37.93774319066148,4.615384615384616,4.102564102564102,12.307692307692308,44.3579766536965,3.9473684210526314,3.508771929824561,10.526315789473683,4.474708171206226,0.0,0.0,4.3478260869565215,5.252918287937743,0.0,0.0,3.7037037037037033,0.7782101167315175,25.0,0.0,0.0,0.5836575875486382,33.33333333333333,33.33333333333333,33.33333333333333,1.7509727626459144,66.66666666666666,0.0,0.0,,,,,0.9727626459143969,0.0,0.0,20.0,1.556420233463035,62.5,12.5,0.0,0.38910505836575876,0.0,0.0,0.0,1.1673151750972763,0.0,0.0,0.0,0.19455252918287938,0.0,0.0,0.0,,,,,,,,,0.38910505836575876,50.0,50.0,0.0
154,Damir Dzumhur,40.977981126680014,7.397069085833915,4.047452896022331,8.51360781577111,58.90763511581355,4.660194174757281,3.0097087378640777,8.349514563106796,29.854160709179293,4.022988505747127,4.022988505747127,9.578544061302683,39.748355733485845,3.9568345323741005,2.446043165467626,9.280575539568344,6.033743208464398,1.4218009478672986,0.0,0.9478672985781991,15.041464112096081,0.9505703422053232,2.2813688212927756,4.182509505703422,1.7443523019731197,44.26229508196721,6.557377049180328,9.836065573770492,2.0589076351158133,31.944444444444443,13.88888888888889,11.11111111111111,0.9150700600514727,62.5,6.25,12.5,,,,,1.7729482413497282,19.35483870967742,12.903225806451612,12.903225806451612,1.143837575064341,27.500000000000004,5.0,30.0,0.5147269087789533,11.11111111111111,5.555555555555555,11.11111111111111,0.9150700600514727,6.25,12.5,3.125,0.14297969688304263,0.0,20.0,0.0,,,,,,,,,,,,
155,Daniel Altmaier,52.97651556526488,8.350515463917525,3.9690721649484533,9.587628865979383,46.99617695248498,4.706565950029053,2.9052876234747242,10.284718187100523,40.44238121245221,5.199189736664416,4.051316677920324,11.208642808912897,31.70398689240852,5.0818260120585705,3.10077519379845,12.4031007751938,7.291097760786455,0.7490636704119851,2.247191011235955,2.247191011235955,12.342981977061715,0.6637168141592921,1.991150442477876,5.9734513274336285,1.9388312397596943,63.38028169014085,5.633802816901409,7.042253521126761,1.1742217367558712,37.2093023255814,2.3255813953488373,9.30232558139535,1.0649918077553249,64.1025641025641,5.128205128205128,7.6923076923076925,,,,,0.6553795740032768,25.0,12.5,16.666666666666664,0.3276897870016384,25.0,0.0,16.666666666666664,1.3107591480065537,8.333333333333332,0.0,4.166666666666666,1.3380666302566904,0.0,2.0408163265306123,0.0,0.0819224467504096,0.0,33.33333333333333,0.0,0.0819224467504096,0.0,66.66666666666666,0.0,0.19115237575095578,42.857142857142854,14.285714285714285,0.0,0.027307482250136534,0.0,100.0,0.0
156,Daniel Cox,59.72222222222222,5.813953488372093,2.3255813953488373,5.813953488372093,40.27777777777778,3.4482758620689653,1.7241379310344827,15.517241379310345,56.94444444444444,6.097560975609756,2.4390243902439024,6.097560975609756,34.72222222222222,4.0,0.0,18.0,2.7777777777777777,0.0,0.0,0.0,5.555555555555555,0.0,12.5,0.0,,,,,,,,,,,,,,,,,,,,,,,,,,,,,,,,,,,,,,,,,,,,,,,,
157,Daniel Dutra Da Silva,54.08653846153846,7.333333333333333,4.888888888888889,8.222222222222223,45.91346153846153,4.18848167539267,4.18848167539267,10.732984293193718,50.24038461538461,6.4593301435406705,4.784688995215311,8.61244019138756,38.46153846153847,4.375,4.0625,10.625,1.6826923076923077,0.0,14.285714285714285,0.0,3.8461538461538463,0.0,3.125,12.5,0.7211538461538461,50.0,0.0,16.666666666666664,0.3605769230769231,0.0,0.0,0.0,0.3605769230769231,66.66666666666666,0.0,0.0,0.2403846153846154,0.0,0.0,0.0,0.4807692307692308,25.0,0.0,0.0,2.1634615384615383,5.555555555555555,11.11111111111111,16.666666666666664,0.4807692307692308,0.0,0.0,0.0,0.7211538461538461,0.0,0.0,0.0,,,,,,,,,0.1201923076923077,0.0,0.0,0.0,0.1201923076923077,100.0,0.0,0.0
158,Daniel Elahi Galan,54.84456546403449,7.778237484484898,6.5370293752585855,8.398841539098054,45.15543453596551,2.4120603015075375,2.3115577889447234,8.793969849246231,49.829816201497614,5.418943533697632,6.557377049180328,8.697632058287796,38.960744270478784,1.68899242865463,2.21316249271986,9.26033779848573,1.4522350805536646,3.125,0.0,0.0,3.675970047651463,0.0,0.6172839506172839,3.7037037037037033,0.9530292716133424,45.23809523809524,11.904761904761903,9.523809523809524,1.0437939641479466,30.434782608695656,10.869565217391305,19.565217391304348,0.7034263671431813,64.51612903225806,3.225806451612903,0.0,0.02269117313365101,0.0,0.0,0.0,0.9076469253460404,37.5,7.5,15.0,0.18152938506920807,25.0,25.0,12.5,0.4765146358066712,33.33333333333333,0.0,0.0,1.1345586566825505,6.0,0.0,0.0,0.2269117313365101,20.0,10.0,0.0,0.13614703880190604,0.0,0.0,0.0,0.2949852507374631,30.76923076923077,30.76923076923077,15.384615384615385,,,,
159,Daniel Evans,48.305761551625785,8.927727916863486,6.306093528578177,6.872933396315541,51.64860239589275,4.417936823503424,3.2030041970399825,6.074663132317208,40.82144894466629,5.589714924538849,6.456120737842371,7.015092230296255,10.815744438106103,9.599156118143458,5.379746835443038,10.759493670886076,2.7267541357672562,1.6736401673640167,1.6736401673640167,1.2552301255230125,35.34512264689104,0.4519044544867657,1.2588766946417043,4.228534538411878,1.7341699942954936,46.05263157894737,9.210526315789473,9.868421052631579,2.6468910439247004,30.17241379310345,12.5,11.637931034482758,1.0039931545921277,63.63636363636363,5.681818181818182,7.954545454545454,0.17113519680547634,26.666666666666668,0.0,6.666666666666667,0.8214489446662863,30.555555555555557,5.555555555555555,16.666666666666664,1.2207644038790644,7.476635514018691,15.887850467289718,10.2803738317757,0.6845407872219054,18.333333333333332,3.3333333333333335,3.3333333333333335,1.163719338277239,8.823529411764707,4.901960784313726,2.941176470588235,0.19395322304620652,17.647058823529413,5.88235294117647,0.0,0.26240730176839705,13.043478260869565,17.391304347826086,0.0,0.3194523673702225,42.857142857142854,21.428571428571427,3.571428571428571,0.022818026240730177,50.0,0.0,0.0
160,Daniel Gimeno Traver,54.89795918367347,9.479553903345725,4.646840148698884,11.524163568773234,45.102040816326536,3.167420814479638,3.167420814479638,11.76470588235294,51.93877551020408,8.447937131630647,4.911591355599214,11.787819253438114,34.183673469387756,2.3880597014925375,4.179104477611941,12.53731343283582,1.4285714285714286,0.0,0.0,0.0,8.46938775510204,0.0,0.0,4.819277108433735,0.10204081632653061,100.0,0.0,0.0,0.40816326530612246,50.0,0.0,25.0,0.6122448979591837,66.66666666666666,0.0,33.33333333333333,0.20408163265306123,50.0,0.0,0.0,0.6122448979591837,50.0,0.0,0.0,1.530612244897959,20.0,0.0,33.33333333333333,0.10204081632653061,0.0,0.0,0.0,0.30612244897959184,0.0,0.0,0.0,0.10204081632653061,0.0,0.0,0.0,,,,,,,,,,,,
161,Daniel Kosakowski,47.32142857142857,5.660377358490567,1.8867924528301887,14.150943396226415,52.67857142857143,1.694915254237288,0.0,11.864406779661017,43.30357142857143,5.154639175257731,2.0618556701030926,14.432989690721648,42.410714285714285,2.1052631578947367,0.0,10.526315789473683,3.125,0.0,0.0,14.285714285714285,7.142857142857142,0.0,0.0,18.75,,,,,0.4464285714285714,0.0,0.0,0.0,0.4464285714285714,100.0,0.0,0.0,,,,,,,,,0.4464285714285714,0.0,0.0,100.0,,,,,1.7857142857142856,0.0,0.0,0.0,0.4464285714285714,0.0,0.0,0.0,0.4464285714285714,0.0,0.0,0.0,,,,,,,,
162,Daniel Masur,70.17543859649122,18.75,10.0,6.25,29.82456140350877,17.647058823529413,2.941176470588235,2.941176470588235,62.28070175438597,19.718309859154928,9.859154929577464,5.633802816901409,15.789473684210526,16.666666666666664,5.555555555555555,0.0,2.631578947368421,0.0,0.0,0.0,7.894736842105263,11.11111111111111,0.0,11.11111111111111,2.631578947368421,33.33333333333333,0.0,33.33333333333333,2.631578947368421,66.66666666666666,0.0,0.0,0.8771929824561403,0.0,100.0,0.0,,,,,,,,,,,,,1.7543859649122806,0.0,0.0,0.0,3.508771929824561,0.0,0.0,0.0,,,,,,,,,,,,,,,,
163,Daniel Michalski,52.83333333333333,6.624605678233439,5.3627760252365935,5.047318611987381,46.666666666666664,3.9285714285714284,1.4285714285714286,5.0,45.33333333333333,4.411764705882353,4.411764705882353,5.88235294117647,40.5,2.05761316872428,1.2345679012345678,4.938271604938271,2.3333333333333335,0.0,0.0,0.0,3.5000000000000004,0.0,0.0,4.761904761904762,0.6666666666666667,50.0,50.0,0.0,0.8333333333333334,80.0,0.0,0.0,1.1666666666666667,57.14285714285714,0.0,0.0,,,,,2.0,25.0,16.666666666666664,0.0,1.0,33.33333333333333,16.666666666666664,16.666666666666664,1.1666666666666667,0.0,0.0,0.0,0.8333333333333334,0.0,0.0,0.0,0.16666666666666669,0.0,100.0,0.0,,,,,,,,,,,,
164,Daniel Nestor,53.284671532846716,17.80821917808219,9.58904109589041,12.32876712328767,46.715328467153284,6.25,15.625,9.375,34.306569343065696,10.638297872340425,4.25531914893617,12.76595744680851,31.386861313868614,4.651162790697675,13.953488372093023,11.627906976744185,1.4598540145985401,0.0,0.0,0.0,4.37956204379562,0.0,16.666666666666664,0.0,9.48905109489051,30.76923076923077,23.076923076923077,15.384615384615385,8.02919708029197,18.181818181818183,27.27272727272727,9.090909090909092,4.37956204379562,66.66666666666666,33.33333333333333,0.0,0.7299270072992701,0.0,0.0,0.0,0.7299270072992701,0.0,0.0,0.0,,,,,0.7299270072992701,0.0,0.0,0.0,,,,,1.4598540145985401,0.0,0.0,0.0,2.18978102189781,0.0,0.0,0.0,0.7299270072992701,0.0,0.0,100.0,,,,
165,Daniel Nguyen,59.44055944055944,6.470588235294119,5.294117647058823,12.352941176470589,40.55944055944056,6.896551724137931,7.758620689655173,10.344827586206897,51.048951048951054,1.36986301369863,4.794520547945205,13.013698630136986,24.475524475524477,2.857142857142857,10.0,10.0,0.34965034965034963,0.0,0.0,0.0,9.090909090909092,0.0,0.0,7.6923076923076925,3.8461538461538463,45.45454545454545,9.090909090909092,9.090909090909092,3.8461538461538463,45.45454545454545,18.181818181818183,9.090909090909092,2.4475524475524475,42.857142857142854,14.285714285714285,14.285714285714285,,,,,0.6993006993006993,50.0,0.0,0.0,2.4475524475524475,0.0,0.0,28.57142857142857,1.048951048951049,0.0,0.0,0.0,0.6993006993006993,50.0,0.0,0.0,,,,,,,,,,,,,,,,
166,Daniel Rincon,46.468401486988846,4.8,4.0,8.0,53.53159851301115,2.083333333333333,4.166666666666666,8.333333333333332,37.54646840148699,2.9702970297029703,1.9801980198019802,8.91089108910891,45.353159851301115,0.819672131147541,3.278688524590164,8.19672131147541,2.973977695167286,0.0,0.0,0.0,3.3457249070631967,0.0,0.0,0.0,1.858736059479554,20.0,20.0,0.0,2.6022304832713754,14.285714285714285,28.57142857142857,14.285714285714285,1.486988847583643,50.0,0.0,0.0,,,,,2.2304832713754648,0.0,16.666666666666664,16.666666666666664,0.37174721189591076,0.0,0.0,100.0,,,,,1.486988847583643,25.0,0.0,0.0,0.37174721189591076,0.0,100.0,0.0,0.37174721189591076,0.0,0.0,0.0,,,,,,,,
167,Daniel Smethurst,49.586776859504134,10.833333333333334,3.3333333333333335,13.333333333333334,50.413223140495866,1.639344262295082,0.819672131147541,13.934426229508196,45.04132231404959,8.256880733944955,3.669724770642202,13.761467889908257,11.15702479338843,3.7037037037037033,0.0,33.33333333333333,3.3057851239669422,12.5,0.0,12.5,36.36363636363637,0.0,0.0,9.090909090909092,0.8264462809917356,100.0,0.0,0.0,,,,,,,,,,,,,0.4132231404958678,100.0,0.0,0.0,0.8264462809917356,50.0,0.0,0.0,,,,,1.6528925619834711,0.0,25.0,0.0,,,,,0.4132231404958678,0.0,0.0,0.0,,,,,,,,
168,Daniil Medvedev,46.01681392745719,6.249353069040472,4.854569920298106,7.188696822275127,53.92960060968349,3.418048532756299,3.354015323809314,5.5885535118903045,40.74043201790945,4.644433402507818,4.773039487913951,7.438692894513781,48.12927195217795,2.622593893809689,3.129793656291751,5.63857687169083,2.7173783609993096,1.3584574934268185,1.5337423312883436,2.366345311130587,3.0900950248874706,0.7707129094412332,1.348747591522158,2.4662813102119463,0.8121174593345876,45.894428152492665,9.237536656891496,8.504398826979472,0.8311700683512349,33.3810888252149,11.031518624641834,6.73352435530086,0.6251637333587368,56.76190476190476,10.285714285714285,7.6190476190476195,0.023815761270809022,35.0,15.0,10.0,0.4882231060515849,24.390243902439025,10.487804878048781,12.439024390243903,0.9943080330562767,19.880239520958085,10.419161676646707,14.37125748502994,0.33699302198194764,3.180212014134275,3.8869257950530036,1.4134275618374559,0.7192359903784324,5.4635761589403975,5.132450331125828,2.6490066225165565,0.052394674795779854,18.181818181818183,4.545454545454546,2.272727272727273,0.059539403177022554,16.0,12.0,0.0,0.24411155302579246,32.6829268292683,17.073170731707318,12.195121951219512,0.08216437638429112,30.434782608695656,21.73913043478261,4.3478260869565215
169,Danilo Petrovic,50.0,19.230769230769234,7.6923076923076925,16.666666666666664,49.358974358974365,14.285714285714285,7.792207792207792,15.584415584415584,44.230769230769226,13.043478260869565,7.246376811594203,15.942028985507244,41.02564102564102,10.9375,9.375,15.625,0.641025641025641,0.0,0.0,100.0,3.205128205128205,0.0,0.0,0.0,0.641025641025641,0.0,100.0,0.0,1.282051282051282,100.0,0.0,0.0,,,,,,,,,4.487179487179487,85.71428571428571,0.0,14.285714285714285,3.205128205128205,40.0,0.0,40.0,,,,,0.641025641025641,0.0,0.0,0.0,,,,,,,,,,,,,,,,
170,Darian King,51.42857142857142,4.761904761904762,0.0,8.73015873015873,48.57142857142857,2.5210084033613445,0.0,5.88235294117647,47.3469387755102,3.4482758620689653,0.0,9.482758620689655,42.44897959183673,0.9615384615384616,0.0,6.730769230769231,1.6326530612244898,0.0,0.0,0.0,3.6734693877551026,0.0,0.0,0.0,0.8163265306122449,0.0,0.0,0.0,1.2244897959183674,66.66666666666666,0.0,0.0,0.40816326530612246,100.0,0.0,0.0,,,,,0.8163265306122449,50.0,0.0,0.0,,,,,0.40816326530612246,0.0,0.0,0.0,1.2244897959183674,0.0,0.0,0.0,,,,,,,,,,,,,,,,
171,Dario Acosta,47.05882352941176,8.333333333333332,9.722222222222223,12.5,52.94117647058824,0.0,4.938271604938271,11.11111111111111,40.52287581699346,8.064516129032258,11.29032258064516,9.67741935483871,41.17647058823529,0.0,6.349206349206349,11.11111111111111,3.9215686274509802,0.0,0.0,33.33333333333333,9.15032679738562,0.0,0.0,7.142857142857142,1.3071895424836601,50.0,0.0,50.0,1.3071895424836601,0.0,0.0,0.0,0.6535947712418301,0.0,0.0,0.0,,,,,,,,,1.3071895424836601,0.0,0.0,50.0,0.6535947712418301,0.0,0.0,0.0,,,,,,,,,,,,,,,,,,,,
172,David Ferrer,55.94007850676921,5.713876557353573,4.725762566232278,7.783187741658313,44.05191059841384,3.0187306783051464,2.691398436079287,7.828696126568467,52.24705599615477,4.308494326893591,4.599816007359705,8.034345292854953,39.65392934390771,1.9797979797979797,2.4646464646464645,7.7979797979797985,1.802451333813987,2.0,1.1111111111111112,0.2222222222222222,3.604902667627974,0.6666666666666667,1.7777777777777777,5.0,0.7009532964832171,52.0,11.428571428571429,9.714285714285714,0.7249859809340703,47.51381215469613,12.70718232044199,13.812154696132598,0.6328606905391332,59.49367088607595,12.658227848101266,6.329113924050633,0.03204357926780421,12.5,12.5,12.5,0.26435952895938475,37.878787878787875,16.666666666666664,12.121212121212121,0.5567571897780982,24.46043165467626,7.194244604316546,17.985611510791365,0.20427781783225185,7.8431372549019605,3.9215686274509802,3.9215686274509802,0.5287190579187695,9.090909090909092,4.545454545454546,0.0,0.06408715853560842,31.25,6.25,6.25,0.07209805335255948,5.555555555555555,5.555555555555555,16.666666666666664,0.08411439557798606,52.38095238095239,4.761904761904762,4.761904761904762,,,,
173,David Goffin,53.66104116438968,8.278558948331808,6.0071553373824775,8.569764539479158,46.321100098223056,4.298795180722892,3.431325301204819,9.127710843373494,49.7856951513528,6.008429737243297,5.847009236839745,8.653932382745943,38.21769800875078,3.8317757009345796,3.539719626168224,9.731308411214954,0.9152602910974195,2.4390243902439024,3.414634146341464,2.9268292682926833,6.214840610768819,0.7183908045977011,1.221264367816092,3.6637931034482754,1.004553978033753,60.44444444444444,8.444444444444445,11.555555555555555,0.781319760692919,48.57142857142857,9.142857142857142,19.428571428571427,0.991159924993303,58.55855855855856,10.36036036036036,9.00900900900901,0.049111527814983486,18.181818181818183,27.27272727272727,0.0,0.3080632199303509,27.536231884057973,8.695652173913043,11.594202898550725,0.5134386998839182,13.043478260869565,10.434782608695652,22.608695652173914,0.32592195731761764,8.21917808219178,1.36986301369863,1.36986301369863,0.46879185641575144,2.857142857142857,4.761904761904762,0.0,0.12054647736405037,37.03703703703704,7.4074074074074066,11.11111111111111,0.07143494954906687,18.75,0.0,12.5,0.20984016430038396,40.42553191489361,25.53191489361702,2.127659574468085,0.0044646843468166796,0.0,0.0,100.0
174,David Guez,44.67353951890035,5.384615384615385,7.6923076923076925,3.8461538461538463,55.32646048109966,3.7267080745341614,3.7267080745341614,4.3478260869565215,42.955326460481096,4.8,7.199999999999999,4.0,54.29553264604811,3.79746835443038,3.1645569620253164,4.430379746835443,0.6872852233676976,0.0,0.0,0.0,0.6872852233676976,0.0,0.0,0.0,0.3436426116838488,100.0,0.0,0.0,0.3436426116838488,0.0,100.0,0.0,0.6872852233676976,0.0,50.0,0.0,,,,,,,,,,,,,,,,,,,,,,,,,,,,,,,,,,,,
175,David Nalbandian,45.967213114754095,8.036138849262958,6.720557933111428,9.003011570771912,53.95264116575592,4.929101958136394,4.74004051316678,8.062120189061444,41.19489981785064,6.031128404669261,6.650159179342059,9.426954368588609,43.19125683060109,3.9642375168690958,4.942645074224021,8.299595141700406,1.9453551912568305,2.6217228464419478,1.4981273408239701,1.1235955056179776,7.562841530054645,0.8670520231213872,2.312138728323699,5.5876685934489405,0.9981785063752278,57.66423357664233,10.948905109489052,11.678832116788321,1.231329690346084,51.4792899408284,8.875739644970414,11.834319526627219,0.5027322404371585,56.52173913043478,15.942028985507244,10.144927536231885,0.12386156648451731,29.411764705882355,0.0,0.0,0.6557377049180327,23.333333333333332,15.555555555555555,10.0,0.6994535519125683,12.5,12.5,23.958333333333336,0.5683060109289617,23.076923076923077,3.8461538461538463,0.0,0.9180327868852459,9.523809523809524,2.380952380952381,1.5873015873015872,0.06557377049180328,0.0,0.0,0.0,0.20400728597449908,17.857142857142858,7.142857142857142,3.571428571428571,0.03642987249544627,40.0,20.0,0.0,0.02185792349726776,0.0,66.66666666666666,33.33333333333333
176,David Perez Sanz,34.69387755102041,5.88235294117647,8.823529411764707,8.823529411764707,65.3061224489796,7.8125,1.5625,15.625,31.63265306122449,6.451612903225806,9.67741935483871,9.67741935483871,62.244897959183675,8.19672131147541,1.639344262295082,16.39344262295082,3.061224489795918,0.0,0.0,0.0,3.061224489795918,0.0,0.0,0.0,,,,,,,,,,,,,,,,,,,,,,,,,,,,,,,,,,,,,,,,,,,,,,,,
177,David Prinosil,47.82608695652174,31.818181818181817,6.8181818181818175,11.363636363636363,52.17391304347826,10.416666666666668,14.583333333333334,12.5,25.0,21.73913043478261,4.3478260869565215,17.391304347826086,28.26086956521739,3.8461538461538463,11.538461538461538,19.230769230769234,1.0869565217391304,100.0,0.0,0.0,6.521739130434782,0.0,16.666666666666664,0.0,15.217391304347828,35.714285714285715,14.285714285714285,7.142857142857142,14.130434782608695,23.076923076923077,15.384615384615385,7.6923076923076925,3.260869565217391,100.0,0.0,0.0,,,,,,,,,,,,,2.1739130434782608,0.0,0.0,0.0,,,,,1.0869565217391304,0.0,0.0,0.0,3.260869565217391,33.33333333333333,33.33333333333333,0.0,,,,,,,,
178,Davide Sanguinetti,43.32344213649852,6.506849315068493,5.821917808219178,7.876712328767123,56.676557863501486,3.4031413612565444,3.1413612565445024,9.947643979057592,39.02077151335311,4.182509505703422,5.7034220532319395,7.984790874524715,52.07715133531158,3.418803418803419,3.133903133903134,10.541310541310542,1.1869436201780417,0.0,0.0,0.0,3.115727002967359,0.0,0.0,0.0,1.483679525222552,60.0,0.0,10.0,0.2967359050445104,50.0,0.0,50.0,0.44510385756676557,0.0,66.66666666666666,0.0,,,,,0.1483679525222552,100.0,0.0,0.0,0.2967359050445104,0.0,0.0,0.0,0.44510385756676557,0.0,0.0,0.0,0.741839762611276,0.0,20.0,0.0,0.1483679525222552,0.0,0.0,0.0,0.1483679525222552,0.0,0.0,0.0,0.44510385756676557,33.33333333333333,0.0,33.33333333333333,,,,
179,Denis Gremelmayr,52.61194029850746,5.673758865248227,4.25531914893617,9.929078014184398,47.38805970149254,3.937007874015748,7.086614173228346,8.661417322834646,42.53731343283582,3.508771929824561,3.508771929824561,10.526315789473683,39.92537313432835,2.803738317757009,6.5420560747663545,7.476635514018691,5.597014925373134,6.666666666666667,6.666666666666667,0.0,1.4925373134328357,0.0,0.0,0.0,0.7462686567164178,0.0,0.0,50.0,0.3731343283582089,0.0,0.0,100.0,0.7462686567164178,100.0,0.0,0.0,,,,,1.8656716417910446,20.0,0.0,20.0,3.3582089552238807,11.11111111111111,22.22222222222222,11.11111111111111,1.1194029850746268,0.0,33.33333333333333,0.0,2.2388059701492535,16.666666666666664,0.0,16.666666666666664,,,,,,,,,,,,,,,,
180,Denis Istomin,48.15751445086705,8.32708177044261,5.101275318829708,9.30232558139535,51.80635838150289,3.556485355648536,2.8591352859135286,7.601115760111576,41.97976878612717,7.401032702237521,5.507745266781412,9.896729776247849,42.846820809248555,3.288364249578415,2.6981450252951094,8.094435075885329,3.7572254335260116,2.8846153846153846,0.0,1.9230769230769231,6.683526011560693,0.5405405405405406,1.0810810810810811,3.783783783783784,0.7225433526011561,25.0,10.0,15.0,0.6502890173410405,44.44444444444444,22.22222222222222,16.666666666666664,0.7225433526011561,60.0,5.0,5.0,,,,,0.3973988439306358,36.36363636363637,0.0,27.27272727272727,0.5057803468208093,21.428571428571427,7.142857142857142,21.428571428571427,0.36127167630057805,0.0,10.0,0.0,0.8309248554913294,0.0,8.695652173913043,0.0,0.1445086705202312,25.0,0.0,0.0,0.25289017341040465,0.0,0.0,0.0,0.0722543352601156,0.0,0.0,0.0,0.0361271676300578,0.0,0.0,0.0
181,Denis Kudla,46.26975376699743,7.625099285146943,3.5742652899126295,10.484511517077046,53.730246233002575,4.719562243502052,3.625170998632011,9.849521203830369,39.617787578096284,5.380333951762523,3.6178107606679033,11.224489795918368,41.52884968761485,4.513274336283186,4.15929203539823,10.619469026548673,3.6383682469680267,4.040404040404041,1.0101010101010102,2.0202020202020203,10.290334435869166,0.35714285714285715,1.4285714285714286,6.785714285714286,0.9555310547592797,46.15384615384615,7.6923076923076925,7.6923076923076925,0.8452774715178243,56.52173913043478,4.3478260869565215,13.043478260869565,0.6982726938625505,73.68421052631578,0.0,10.526315789473683,0.03675119441381845,100.0,0.0,0.0,0.8820286659316428,29.166666666666668,12.5,20.833333333333336,0.3675119441381845,10.0,0.0,0.0,0.40426313855200297,9.090909090909092,0.0,0.0,0.5512679162072767,13.333333333333334,6.666666666666667,13.333333333333334,0.03675119441381845,0.0,0.0,0.0,0.11025358324145534,0.0,0.0,0.0,0.03675119441381845,0.0,0.0,0.0,,,,
182,Denis Shapovalov,57.097933513027854,12.247574088644113,6.713873590348807,13.314100882944313,42.87710891484476,5.890570430733411,4.365541327124563,10.80325960419092,49.45592492762304,9.487283003633427,6.994348001614857,13.93823173193379,32.574623140660876,4.673613239350291,4.489733374195525,11.952191235059761,2.8351801936707597,1.4084507042253522,1.056338028169014,2.2887323943661975,7.572127383448138,0.5273566249176005,1.5161502966381015,5.207646671061305,2.1363681741040232,49.532710280373834,7.476635514018691,15.42056074766355,1.8568433662773287,46.236559139784944,12.903225806451612,13.440860215053762,1.2329040630927424,63.96761133603239,7.28744939271255,8.906882591093117,0.04492362982929021,33.33333333333333,22.22222222222222,11.11111111111111,0.9184386542877109,29.347826086956523,5.978260869565218,20.652173913043477,0.2346011779974044,14.893617021276595,6.382978723404255,21.27659574468085,0.26455026455026454,11.320754716981133,3.7735849056603774,0.0,0.47918538484576223,7.291666666666667,3.125,4.166666666666666,0.039932115403813515,12.5,12.5,0.0,0.11480483178596386,17.391304347826086,13.043478260869565,17.391304347826086,0.21463512029549764,51.162790697674424,11.627906976744185,6.976744186046512,,,,
183,Dennis Novak,50.378787878787875,11.654135338345863,8.646616541353383,10.902255639097744,49.621212121212125,3.6259541984732824,4.3893129770992365,12.595419847328243,40.43560606060606,9.133489461358314,8.19672131147541,11.00702576112412,37.02651515151515,3.0690537084398977,4.603580562659847,13.043478260869565,4.734848484848484,0.0,0.0,4.0,9.56439393939394,0.0,3.9603960396039604,6.9306930693069315,2.367424242424242,44.0,16.0,16.0,1.0416666666666665,36.36363636363637,0.0,27.27272727272727,0.946969696969697,80.0,10.0,10.0,,,,,0.8522727272727272,22.22222222222222,11.11111111111111,44.44444444444444,0.946969696969697,10.0,10.0,50.0,0.5681818181818182,16.666666666666664,33.33333333333333,0.0,0.8522727272727272,22.22222222222222,0.0,0.0,0.2840909090909091,0.0,100.0,0.0,0.1893939393939394,0.0,0.0,0.0,0.1893939393939394,50.0,0.0,0.0,,,,
184,Dennis Novikov,44.11764705882353,15.555555555555555,13.333333333333334,6.666666666666667,55.88235294117647,8.771929824561402,1.7543859649122806,10.526315789473683,41.17647058823529,14.285714285714285,14.285714285714285,4.761904761904762,50.98039215686274,7.6923076923076925,1.9230769230769231,9.615384615384617,0.9803921568627451,0.0,0.0,0.0,0.9803921568627451,0.0,0.0,0.0,,,,,1.9607843137254901,50.0,0.0,0.0,,,,,,,,,1.9607843137254901,50.0,0.0,50.0,,,,,,,,,1.9607843137254901,0.0,0.0,50.0,,,,,,,,,,,,,,,,
185,Devin Britton,45.3551912568306,13.253012048192772,1.2048192771084338,24.096385542168676,54.644808743169406,10.0,5.0,19.0,38.25136612021858,12.857142857142856,1.4285714285714286,22.857142857142858,41.53005464480874,5.263157894736842,5.263157894736842,18.421052631578945,2.185792349726776,0.0,0.0,0.0,6.0109289617486334,0.0,0.0,9.090909090909092,3.825136612021858,28.57142857142857,0.0,57.14285714285714,6.0109289617486334,54.54545454545454,9.090909090909092,27.27272727272727,,,,,,,,,,,,,0.546448087431694,0.0,0.0,100.0,,,,,0.546448087431694,0.0,0.0,0.0,1.092896174863388,0.0,0.0,0.0,,,,,,,,,,,,
186,Diego Hartfield,47.593582887700535,4.49438202247191,5.056179775280898,11.235955056179774,52.406417112299465,5.612244897959184,3.571428571428571,11.73469387755102,38.23529411764706,3.4965034965034967,4.195804195804196,11.188811188811188,42.24598930481284,0.6329113924050633,3.1645569620253164,12.025316455696203,4.27807486631016,0.0,0.0,12.5,4.010695187165775,0.0,0.0,13.333333333333334,1.6042780748663104,0.0,33.33333333333333,0.0,3.7433155080213902,64.28571428571429,0.0,7.142857142857142,1.6042780748663104,33.33333333333333,16.666666666666664,16.666666666666664,,,,,1.3368983957219251,20.0,0.0,20.0,1.8716577540106951,14.285714285714285,28.57142857142857,14.285714285714285,0.53475935828877,0.0,0.0,0.0,0.267379679144385,0.0,0.0,0.0,,,,,0.267379679144385,0.0,0.0,0.0,,,,,,,,
187,Diego Schwartzman,49.883198562443845,5.943804034582133,4.142651296829971,8.273294908741596,50.00299490865528,3.6176329659798756,2.695256348826066,7.211308097747963,45.16322252171309,4.496021220159151,3.9920424403183024,8.514588859416445,42.55765199161425,2.674173117522871,2.505277973258269,7.572132301196341,2.3839472896076668,2.512562814070352,2.512562814070352,0.5025125628140703,4.9715483677747825,0.48192771084337355,1.8072289156626504,3.734939759036145,0.7307577118897873,54.91803278688525,8.19672131147541,13.934426229508196,0.7786762503743636,51.53846153846153,11.538461538461538,10.0,0.5031446540880503,46.42857142857143,7.142857142857142,8.333333333333332,0.02395926924228811,25.0,0.0,0.0,0.46720575022461813,32.05128205128205,11.538461538461538,21.794871794871796,0.6049715483677748,24.752475247524753,6.9306930693069315,18.81188118811881,0.4552261156034741,7.894736842105263,5.263157894736842,1.3157894736842104,0.9284216831386644,5.806451612903226,3.870967741935484,0.0,0.11380652890086852,31.57894736842105,15.789473684210526,15.789473684210526,0.12578616352201258,23.809523809523807,19.047619047619047,4.761904761904762,0.0658879904162923,27.27272727272727,18.181818181818183,0.0,0.011979634621144056,50.0,0.0,0.0
188,Dimitar Kuzmanov,53.45794392523364,5.594405594405594,6.993006993006993,9.090909090909092,46.54205607476635,3.2128514056224895,5.220883534136546,5.220883534136546,47.47663551401869,5.118110236220472,7.480314960629922,9.84251968503937,24.299065420560748,2.307692307692308,4.615384615384616,4.615384615384616,5.046728971962617,0.0,0.0,0.0,19.813084112149532,0.9433962264150944,3.7735849056603774,6.60377358490566,,,,,0.7476635514018692,50.0,50.0,0.0,0.5607476635514018,66.66666666666666,33.33333333333333,0.0,0.1869158878504673,100.0,0.0,0.0,0.1869158878504673,0.0,0.0,100.0,0.3738317757009346,0.0,0.0,0.0,,,,,1.1214953271028036,16.666666666666664,16.666666666666664,0.0,,,,,,,,,0.1869158878504673,100.0,0.0,0.0,,,,
189,Dino Prizmic,53.70619946091644,5.018820577164367,6.273525721455458,5.897114178168131,46.293800539083556,1.455604075691412,3.2023289665211063,5.385735080058224,48.315363881401616,4.184100418410042,5.857740585774058,6.5550906555090656,39.01617250673854,1.381692573402418,3.281519861830743,5.699481865284974,3.0997304582210243,0.0,2.1739130434782608,0.0,5.795148247978436,0.0,0.0,3.488372093023256,0.4716981132075472,42.857142857142854,28.57142857142857,0.0,0.3369272237196766,20.0,0.0,0.0,0.5390835579514826,62.5,25.0,0.0,0.06738544474393532,100.0,0.0,0.0,0.7412398921832885,9.090909090909092,27.27272727272727,0.0,0.2695417789757413,0.0,25.0,25.0,0.3369272237196766,20.0,0.0,0.0,0.8086253369272237,0.0,16.666666666666664,0.0,0.20215633423180593,0.0,0.0,0.0,,,,,,,,,,,,
190,Dmitry Popko,54.943679599499376,3.644646924829157,4.89749430523918,6.947608200455581,45.056320400500624,1.5277777777777777,2.5,6.25,50.876095118898625,2.8290282902829027,4.674046740467404,7.134071340713407,41.614518147684606,1.3533834586466165,2.2556390977443606,6.466165413533835,2.6282853566958697,0.0,2.380952380952381,0.0,2.3779724655819776,0.0,7.894736842105263,0.0,0.37546933667083854,16.666666666666664,33.33333333333333,16.666666666666664,0.1251564455569462,50.0,0.0,0.0,0.5632040050062578,66.66666666666666,11.11111111111111,11.11111111111111,0.0625782227784731,0.0,0.0,100.0,0.1251564455569462,0.0,50.0,0.0,0.0625782227784731,0.0,0.0,0.0,0.0625782227784731,0.0,0.0,0.0,0.688360450563204,0.0,0.0,0.0,,,,,,,,,0.31289111389236546,40.0,0.0,20.0,0.1251564455569462,50.0,0.0,50.0
191,Dmitry Tursunov,48.952380952380956,15.17509727626459,6.809338521400778,9.53307392996109,50.95238095238095,5.794392523364486,3.364485981308411,9.906542056074766,43.238095238095234,14.096916299559473,7.268722466960352,9.47136563876652,42.76190476190476,5.79064587973274,3.78619153674833,9.57683741648107,2.2857142857142856,0.0,0.0,0.0,5.809523809523809,0.0,0.0,9.836065573770492,0.5714285714285714,83.33333333333334,0.0,16.666666666666664,0.19047619047619047,100.0,0.0,0.0,0.7619047619047619,37.5,0.0,12.5,,,,,0.9523809523809524,40.0,10.0,30.0,1.1428571428571428,25.0,8.333333333333332,16.666666666666664,0.5714285714285714,0.0,0.0,0.0,0.9523809523809524,0.0,0.0,10.0,0.19047619047619047,50.0,0.0,0.0,,,,,0.38095238095238093,25.0,25.0,25.0,0.09523809523809523,0.0,0.0,100.0
192,Dominic Stricker,57.446808510638306,13.88888888888889,6.296296296296296,10.925925925925926,42.4468085106383,7.268170426065162,4.511278195488721,10.275689223057643,44.25531914893617,10.336538461538462,6.971153846153847,12.5,30.319148936170215,4.2105263157894735,4.912280701754386,11.228070175438596,6.170212765957447,3.4482758620689653,3.4482758620689653,1.7241379310344827,6.595744680851063,0.0,1.6129032258064515,6.451612903225806,2.7659574468085104,50.0,11.538461538461538,7.6923076923076925,3.2978723404255317,51.61290322580645,3.225806451612903,12.903225806451612,1.8085106382978722,76.47058823529412,0.0,5.88235294117647,0.10638297872340426,0.0,0.0,0.0,1.5957446808510638,26.666666666666668,0.0,20.0,0.6382978723404255,0.0,16.666666666666664,16.666666666666664,0.425531914893617,0.0,0.0,0.0,1.3829787234042552,7.6923076923076925,7.6923076923076925,0.0,0.3191489361702127,0.0,0.0,0.0,0.10638297872340426,0.0,0.0,0.0,0.10638297872340426,0.0,0.0,0.0,,,,
193,Dominic Thiem,53.21174919829231,9.124856730875882,6.222501571338781,9.72381410137908,46.74496842353774,4.667508417508418,3.0681818181818183,8.98989898989899,47.38436719195735,7.207805688187668,6.128295619680299,10.13078679676147,30.01239449920321,4.857423795476893,3.474270730907899,10.501474926253687,2.2487162840110964,2.012248468941382,2.1872265966754156,2.4496937882764653,13.97627338723957,0.47860360360360354,0.9994369369369369,5.433558558558558,0.9856577937791418,49.30139720558882,9.3812375249501,13.373253493013973,0.8774518483542859,42.152466367713004,10.31390134529148,13.452914798206278,0.8735170867024731,62.612612612612615,9.45945945945946,4.954954954954955,0.02754333156269059,35.714285714285715,7.142857142857142,14.285714285714285,0.5862794861201283,24.161073825503358,10.06711409395973,12.080536912751679,1.052548741859962,21.30841121495327,10.46728971962617,14.205607476635516,0.5941490094237541,8.27814569536424,7.9470198675496695,2.6490066225165565,0.6374313875936964,3.7037037037037033,4.012345679012346,1.5432098765432098,0.2774006964528124,26.95035460992908,9.929078014184398,7.801418439716312,0.1475535619429853,16.0,13.333333333333334,5.333333333333334,0.2616616498455606,36.84210526315789,18.796992481203006,13.533834586466165,0.013771665781345295,42.857142857142854,28.57142857142857,14.285714285714285
194,Dominik Hrbaty,48.717948717948715,4.736842105263158,2.631578947368421,12.105263157894736,51.28205128205128,2.5,3.5000000000000004,8.5,46.41025641025641,3.314917127071823,1.6574585635359116,11.602209944751381,47.69230769230769,2.6881720430107525,3.225806451612903,8.60215053763441,0.5128205128205128,0.0,50.0,0.0,2.8205128205128207,0.0,9.090909090909092,9.090909090909092,0.7692307692307693,66.66666666666666,0.0,0.0,0.5128205128205128,0.0,0.0,0.0,1.0256410256410255,25.0,25.0,50.0,,,,,,,,,,,,,,,,,0.2564102564102564,0.0,0.0,0.0,,,,,,,,,,,,,,,,
195,Dominik Koepfer,48.20647419072616,8.22746521476104,5.081669691470054,10.163339382940109,51.61854768153981,5.19774011299435,4.350282485875706,8.757062146892656,41.99475065616798,6.111111111111111,4.861111111111112,11.041666666666666,40.71157771945174,4.154727793696275,4.297994269340974,9.95702005730659,2.7704870224555265,0.0,3.1578947368421053,0.0,7.874015748031496,0.7407407407407408,1.1111111111111112,2.5925925925925926,1.2831729367162437,52.27272727272727,4.545454545454546,6.8181818181818175,1.2540099154272382,44.18604651162791,20.930232558139537,6.976744186046512,1.2248468941382327,47.61904761904761,11.904761904761903,11.904761904761903,0.1458151064450277,80.0,0.0,0.0,0.17497812773403326,50.0,0.0,0.0,0.5540974044911053,5.263157894736842,26.31578947368421,31.57894736842105,0.4666083406240887,6.25,6.25,0.0,0.9040536599591719,12.903225806451612,0.0,0.0,0.2041411490230388,14.285714285714285,28.57142857142857,0.0,0.029163021289005542,0.0,0.0,0.0,0.08748906386701663,0.0,33.33333333333333,33.33333333333333,0.1458151064450277,80.0,0.0,0.0
196,Donald Young,52.31638418079096,8.207343412526997,6.047516198704104,12.742980561555076,47.45762711864407,3.3333333333333335,3.8095238095238098,10.0,46.101694915254235,5.392156862745098,4.901960784313726,12.990196078431374,36.72316384180791,3.076923076923077,2.4615384615384617,11.076923076923077,1.807909604519774,0.0,0.0,6.25,7.5706214689265545,0.0,2.9850746268656714,2.9850746268656714,2.4858757062146895,36.36363636363637,18.181818181818183,18.181818181818183,2.2598870056497176,15.0,25.0,15.0,1.4689265536723164,53.84615384615385,23.076923076923077,7.6923076923076925,,,,,,,,,0.11299435028248588,100.0,0.0,0.0,0.22598870056497175,0.0,0.0,0.0,0.5649717514124294,0.0,20.0,0.0,,,,,0.22598870056497175,0.0,0.0,50.0,0.22598870056497175,50.0,50.0,0.0,,,,
197,Dragos Dima,48.728813559322035,6.086956521739131,5.217391304347826,2.608695652173913,45.76271186440678,4.62962962962963,2.7777777777777777,9.25925925925926,41.52542372881356,2.0408163265306123,5.1020408163265305,3.061224489795918,35.16949152542373,1.2048192771084338,3.614457831325301,8.433734939759036,2.9661016949152543,0.0,0.0,0.0,6.3559322033898304,0.0,0.0,13.333333333333334,1.2711864406779663,66.66666666666666,0.0,0.0,0.847457627118644,50.0,0.0,0.0,1.2711864406779663,66.66666666666666,0.0,0.0,,,,,0.847457627118644,50.0,50.0,0.0,1.694915254237288,75.0,0.0,25.0,,,,,1.694915254237288,0.0,0.0,0.0,,,,,,,,,0.847457627118644,0.0,0.0,0.0,,,,
198,Duck Hee Lee,53.09278350515464,1.9417475728155338,9.70873786407767,7.766990291262135,46.90721649484536,1.098901098901099,1.098901098901099,19.78021978021978,51.03092783505154,2.0202020202020203,10.1010101010101,8.080808080808081,44.84536082474227,1.1494252873563218,1.1494252873563218,19.54022988505747,1.0309278350515463,0.0,0.0,0.0,1.5463917525773196,0.0,0.0,0.0,,,,,0.5154639175257731,0.0,0.0,100.0,,,,,,,,,1.0309278350515463,0.0,0.0,0.0,,,,,,,,,,,,,,,,,,,,,,,,,,,,
199,Dudi Sela,44.08084696823869,6.986899563318777,7.641921397379912,7.423580786026202,55.630413859480264,6.5743944636678195,5.017301038062284,7.26643598615917,35.99615014436959,4.27807486631016,8.02139037433155,8.288770053475936,36.8623676612127,6.527415143603134,5.7441253263707575,8.093994778067886,4.138594802694899,4.651162790697675,2.3255813953488373,0.0,13.570741097208854,0.7092198581560284,2.127659574468085,2.8368794326241136,1.1549566891241578,75.0,0.0,8.333333333333332,2.5024061597690084,42.30769230769231,7.6923076923076925,7.6923076923076925,0.384985563041386,25.0,0.0,0.0,,,,,1.2512030798845042,15.384615384615385,15.384615384615385,15.384615384615385,1.539942252165544,6.25,0.0,31.25,0.5774783445620789,16.666666666666664,16.666666666666664,0.0,0.5774783445620789,0.0,33.33333333333333,0.0,0.5774783445620789,16.666666666666664,16.666666666666664,0.0,0.5774783445620789,0.0,0.0,0.0,,,,,,,,
200,Duje Ajdukovic,54.62555066079295,11.29032258064516,4.838709677419355,17.741935483870968,45.37444933920705,7.766990291262135,8.737864077669903,9.70873786407767,52.42290748898678,8.403361344537815,5.042016806722689,18.487394957983195,43.61233480176212,7.07070707070707,8.080808080808081,10.1010101010101,0.4405286343612335,0.0,0.0,0.0,0.881057268722467,0.0,0.0,0.0,1.3215859030837005,100.0,0.0,0.0,0.4405286343612335,0.0,100.0,0.0,0.4405286343612335,100.0,0.0,0.0,,,,,,,,,0.4405286343612335,100.0,0.0,0.0,,,,,,,,,,,,,,,,,,,,,,,,
201,Dusan Lajovic,55.56256572029443,7.342922028766086,5.658591975775927,9.822104466313398,44.39537329127234,3.8844149692089056,2.4869729985788727,9.426811937470394,49.873817034700316,5.88235294117647,5.776934429685853,9.867172675521822,30.525762355415353,3.6513951085084395,2.8246641405442645,10.058560110230795,2.6919032597266033,3.125,1.5625,1.953125,11.251314405888538,0.6542056074766356,0.9345794392523363,7.383177570093458,0.7676130389064143,42.465753424657535,5.47945205479452,13.698630136986301,0.8201892744479496,41.02564102564102,8.974358974358974,15.384615384615385,0.8622502628811778,50.0,6.097560975609756,15.853658536585366,0.0946372239747634,22.22222222222222,0.0,11.11111111111111,0.6414300736067298,24.59016393442623,11.475409836065573,22.950819672131146,0.8727655099894847,18.072289156626507,6.024096385542169,14.457831325301203,0.29442691903259727,3.571428571428571,3.571428571428571,0.0,0.704521556256572,0.0,0.0,0.0,0.14721345951629863,7.142857142857142,0.0,28.57142857142857,0.11566771819137749,18.181818181818183,9.090909090909092,9.090909090909092,0.28391167192429023,44.44444444444444,14.814814814814813,18.51851851851852,0.010515247108307044,0.0,0.0,100.0
202,Dustin Brown,55.24820007578628,17.76406035665295,8.710562414266118,12.345679012345679,44.56233421750663,11.139455782312925,7.0578231292517,10.629251700680271,28.49564228874574,11.569148936170212,5.851063829787234,14.627659574468085,27.20727548313755,7.66016713091922,6.685236768802229,10.167130919220057,6.934444865479349,3.278688524590164,5.46448087431694,8.743169398907105,7.123910572186435,2.6595744680851063,3.1914893617021276,7.9787234042553195,9.549071618037134,40.476190476190474,14.285714285714285,9.126984126984127,5.873436907919666,33.5483870967742,12.903225806451612,13.548387096774196,1.8567639257294428,53.06122448979592,24.489795918367346,6.122448979591836,0.11367942402425162,33.33333333333333,33.33333333333333,33.33333333333333,5.380826070481243,15.492957746478872,9.859154929577464,16.901408450704224,1.4399393709738537,13.157894736842104,2.631578947368421,23.684210526315788,0.9852216748768473,23.076923076923077,11.538461538461538,0.0,1.0610079575596816,10.714285714285714,10.714285714285714,3.571428571428571,1.7809776430466087,10.638297872340425,17.02127659574468,6.382978723404255,1.1367942402425162,3.3333333333333335,6.666666666666667,10.0,0.2652519893899204,71.42857142857143,0.0,14.285714285714285,0.6062902614626753,56.25,12.5,12.5
203,Dylan Dietrich,50.80213903743316,13.684210526315791,7.368421052631578,14.736842105263156,49.19786096256685,8.695652173913043,1.0869565217391304,17.391304347826086,48.1283422459893,13.333333333333334,7.777777777777778,14.444444444444443,43.85026737967914,6.097560975609756,0.0,17.073170731707318,1.06951871657754,0.0,0.0,0.0,2.6737967914438503,0.0,0.0,20.0,0.53475935828877,100.0,0.0,0.0,2.13903743315508,75.0,0.0,25.0,,,,,,,,,0.53475935828877,0.0,0.0,100.0,0.53475935828877,0.0,100.0,0.0,0.53475935828877,0.0,0.0,0.0,,,,,,,,,,,,,,,,,,,,
204,Dzmitry Zhyrmont,47.756410256410255,5.369127516778524,4.026845637583892,13.422818791946309,52.243589743589745,0.6134969325153374,1.8404907975460123,18.404907975460123,42.30769230769231,5.303030303030303,4.545454545454546,12.121212121212121,42.628205128205124,0.7518796992481203,2.2556390977443606,19.548872180451127,3.205128205128205,0.0,0.0,0.0,8.333333333333332,0.0,0.0,11.538461538461538,0.3205128205128205,0.0,0.0,100.0,0.641025641025641,0.0,0.0,0.0,0.9615384615384616,33.33333333333333,0.0,33.33333333333333,,,,,0.3205128205128205,0.0,0.0,100.0,0.3205128205128205,0.0,0.0,0.0,0.3205128205128205,0.0,0.0,100.0,0.3205128205128205,0.0,0.0,100.0,0.3205128205128205,0.0,0.0,0.0,,,,,,,,,,,,
205,Edouard Roger Vasselin,55.13157894736842,8.1145584725537,5.966587112171838,10.978520286396181,44.86842105263158,7.9178885630498534,5.278592375366569,9.3841642228739,44.34210526315789,5.044510385756676,5.934718100890208,12.166172106824925,31.31578947368421,7.563025210084033,5.46218487394958,11.344537815126051,3.8157894736842106,3.4482758620689653,3.4482758620689653,3.4482758620689653,8.552631578947368,0.0,1.5384615384615385,3.076923076923077,3.1578947368421053,29.166666666666668,12.5,8.333333333333332,3.552631578947368,29.629629629629626,11.11111111111111,11.11111111111111,1.1842105263157896,66.66666666666666,11.11111111111111,11.11111111111111,,,,,1.1842105263157896,22.22222222222222,0.0,11.11111111111111,0.7894736842105263,16.666666666666664,16.666666666666664,0.0,0.6578947368421052,0.0,0.0,0.0,0.5263157894736842,0.0,0.0,0.0,0.6578947368421052,0.0,0.0,0.0,0.13157894736842105,0.0,0.0,0.0,0.13157894736842105,100.0,0.0,0.0,,,,
206,Eduardo Russi,38.82352941176471,3.0303030303030303,6.0606060606060606,24.242424242424242,61.1764705882353,7.6923076923076925,1.9230769230769231,21.153846153846153,30.58823529411765,0.0,3.8461538461538463,30.76923076923077,43.529411764705884,8.108108108108109,2.7027027027027026,13.513513513513514,4.705882352941177,0.0,25.0,0.0,7.0588235294117645,0.0,0.0,16.666666666666664,1.1764705882352942,100.0,0.0,0.0,5.88235294117647,20.0,0.0,60.0,,,,,,,,,1.1764705882352942,0.0,0.0,0.0,,,,,1.1764705882352942,0.0,0.0,0.0,1.1764705882352942,0.0,0.0,0.0,,,,,3.5294117647058822,0.0,0.0,66.66666666666666,,,,,,,,
207,Eduardo Struvay,33.65384615384615,14.285714285714285,8.571428571428571,20.0,66.34615384615384,7.246376811594203,5.797101449275362,11.594202898550725,24.03846153846154,12.0,12.0,20.0,26.923076923076923,7.142857142857142,10.714285714285714,7.142857142857142,3.8461538461538463,0.0,0.0,0.0,25.961538461538463,0.0,0.0,7.4074074074074066,1.9230769230769231,0.0,0.0,50.0,11.538461538461538,16.666666666666664,8.333333333333332,25.0,2.8846153846153846,66.66666666666666,0.0,33.33333333333333,,,,,,,,,0.9615384615384616,0.0,0.0,100.0,,,,,,,,,0.9615384615384616,0.0,0.0,0.0,0.9615384615384616,100.0,0.0,0.0,,,,,,,,
208,Egor Gerasimov,50.35081857667891,8.560053085600531,5.04313205043132,8.161911081619111,49.64918142332108,4.5760430686406455,3.835800807537012,9.353970390309556,43.33444704310057,4.780262143407865,4.548959136468774,8.249807247494218,41.496825927163385,4.025764895330113,3.7037037037037033,9.66183574879227,1.8042098229201469,3.7037037037037033,0.0,0.0,5.078516538590043,0.6578947368421052,1.9736842105263157,5.921052631578947,1.937854994988306,43.103448275862064,10.344827586206897,10.344827586206897,1.5035081857667891,28.888888888888886,13.333333333333334,15.555555555555555,1.8042098229201469,57.407407407407405,12.962962962962962,1.8518518518518516,0.06682258603407952,50.0,0.0,0.0,0.5011693952555965,13.333333333333334,0.0,40.0,0.4677581022385567,14.285714285714285,7.142857142857142,0.0,0.2672903441363181,0.0,12.5,12.5,0.7350484463748747,0.0,4.545454545454546,4.545454545454546,0.3675242231874373,9.090909090909092,9.090909090909092,18.181818181818183,0.23387905111927834,0.0,0.0,14.285714285714285,0.3341129301703976,60.0,20.0,0.0,0.06682258603407952,50.0,0.0,50.0
209,Elias Ymer,51.64835164835166,6.382978723404255,2.553191489361702,11.27659574468085,47.91208791208791,1.6055045871559634,2.522935779816514,8.486238532110093,48.46153846153846,5.895691609977324,2.0408163265306123,11.337868480725625,40.989010989010985,1.6085790884718498,2.1447721179624666,8.579088471849866,1.3186813186813187,0.0,0.0,0.0,5.274725274725275,0.0,0.0,8.333333333333332,0.21978021978021978,50.0,50.0,0.0,0.43956043956043955,0.0,50.0,0.0,0.43956043956043955,75.0,0.0,25.0,,,,,0.32967032967032966,0.0,0.0,33.33333333333333,,,,,0.5494505494505495,0.0,0.0,0.0,1.208791208791209,9.090909090909092,9.090909090909092,9.090909090909092,0.10989010989010989,0.0,100.0,0.0,,,,,0.21978021978021978,0.0,50.0,50.0,,,,
210,Eliot Spizzirri,54.054054054054056,5.714285714285714,5.357142857142857,8.928571428571429,45.94594594594595,2.100840336134454,5.042016806722689,6.302521008403361,50.57915057915058,4.580152671755725,5.343511450381679,8.778625954198473,36.486486486486484,2.1164021164021163,4.232804232804233,6.878306878306878,0.3861003861003861,0.0,0.0,50.0,6.94980694980695,0.0,2.7777777777777777,2.7777777777777777,0.9652509652509652,20.0,20.0,20.0,1.5444015444015444,0.0,12.5,12.5,0.9652509652509652,40.0,0.0,0.0,,,,,0.3861003861003861,0.0,0.0,0.0,0.3861003861003861,0.0,50.0,0.0,0.19305019305019305,0.0,0.0,0.0,0.19305019305019305,0.0,0.0,0.0,0.19305019305019305,0.0,0.0,0.0,0.19305019305019305,0.0,100.0,0.0,0.3861003861003861,50.0,0.0,0.0,0.19305019305019305,100.0,0.0,0.0
211,Elliot Benchetrit,50.65398335315101,10.328638497652582,3.755868544600939,15.023474178403756,49.34601664684899,8.433734939759036,4.096385542168675,13.253012048192772,39.95243757431629,5.357142857142857,3.869047619047619,16.36904761904762,31.866825208085615,8.955223880597014,5.223880597014925,15.298507462686567,5.35077288941736,2.2222222222222223,6.666666666666667,2.2222222222222223,13.793103448275861,0.8620689655172413,0.8620689655172413,11.206896551724139,1.3079667063020213,72.72727272727273,0.0,9.090909090909092,1.426872770511296,50.0,8.333333333333332,0.0,1.070154577883472,100.0,0.0,0.0,,,,,2.3781212841854935,40.0,0.0,25.0,0.713436385255648,50.0,0.0,16.666666666666664,0.23781212841854932,0.0,0.0,100.0,1.3079667063020213,9.090909090909092,0.0,0.0,0.356718192627824,0.0,0.0,0.0,0.23781212841854932,0.0,50.0,0.0,,,,,,,,
212,Elmer Moller,49.16129032258065,5.2493438320209975,5.118110236220472,10.761154855643044,50.83870967741936,7.1065989847715745,4.060913705583756,11.928934010152284,45.41935483870968,3.835227272727273,5.113636363636364,11.363636363636363,46.064516129032256,7.002801120448179,4.341736694677871,13.025210084033615,2.064516129032258,3.125,6.25,0.0,2.903225806451613,0.0,0.0,2.2222222222222223,0.5806451612903226,44.44444444444444,11.11111111111111,0.0,0.4516129032258065,28.57142857142857,0.0,0.0,0.5806451612903226,77.77777777777779,0.0,11.11111111111111,,,,,0.06451612903225806,0.0,0.0,0.0,0.6451612903225806,30.0,10.0,0.0,0.3225806451612903,0.0,0.0,0.0,0.6451612903225806,0.0,0.0,0.0,0.12903225806451613,50.0,0.0,50.0,,,,,,,,,0.12903225806451613,50.0,0.0,0.0
213,Emil Ruusuvuori,52.04570276400907,6.42453591606134,5.1008878127522195,10.476190476190476,47.937494749222886,3.645285664213109,3.715387311601823,9.376095338240448,48.02150718306309,4.408677396780965,4.96850944716585,10.671798460461861,42.85474250189028,2.6661438933542443,3.489511860419526,9.292295628308175,1.335797698059313,1.8867924528301887,0.628930817610063,3.7735849056603774,3.3352936234562716,0.5037783375314862,4.785894206549118,7.8085642317380355,0.7561119045618752,58.88888888888889,11.11111111111111,12.222222222222221,0.8821305553221876,47.61904761904761,5.714285714285714,17.142857142857142,0.613290767033521,64.38356164383562,9.58904109589041,8.21917808219178,0.03360497353608334,0.0,50.0,25.0,0.5292783331933126,34.92063492063492,7.936507936507936,19.047619047619047,0.3360497353608334,32.5,7.5,25.0,0.26043854490464585,0.0,0.0,0.0,0.3444509787448542,2.4390243902439024,2.4390243902439024,0.0,0.23523481475258337,17.857142857142858,10.714285714285714,7.142857142857142,0.11761740737629169,21.428571428571427,21.428571428571427,7.142857142857142,0.29404351844072923,45.714285714285715,17.142857142857142,5.714285714285714,0.03360497353608334,75.0,0.0,0.0
214,Emilio Gomez,52.115059221658214,9.090909090909092,4.545454545454546,7.142857142857142,47.88494077834179,1.4134275618374559,2.4734982332155475,7.420494699646643,48.223350253807105,8.771929824561402,4.56140350877193,7.368421052631578,40.27072758037225,1.680672268907563,2.100840336134454,7.142857142857142,2.707275803722504,0.0,0.0,0.0,5.922165820642978,0.0,2.857142857142857,5.714285714285714,0.5076142131979695,66.66666666666666,0.0,0.0,0.676818950930626,0.0,25.0,25.0,0.338409475465313,50.0,0.0,50.0,,,,,0.1692047377326565,0.0,0.0,0.0,0.1692047377326565,0.0,0.0,100.0,,,,,0.8460236886632826,0.0,0.0,0.0,,,,,,,,,0.1692047377326565,0.0,100.0,0.0,,,,
215,Emilio Nava,50.61162079510704,12.084592145015106,6.042296072507553,13.595166163141995,49.235474006116206,6.521739130434782,3.571428571428571,12.888198757763975,45.79510703363914,10.35058430717863,5.509181969949917,13.52253756260434,44.41896024464832,5.163511187607573,3.4423407917383817,13.080895008605854,1.7584097859327217,4.3478260869565215,4.3478260869565215,0.0,3.058103975535168,5.0,2.5,12.5,0.9938837920489296,46.15384615384615,15.384615384615385,23.076923076923077,1.146788990825688,53.333333333333336,13.333333333333334,13.333333333333334,0.8409785932721712,63.63636363636363,9.090909090909092,18.181818181818183,,,,,0.764525993883792,20.0,10.0,40.0,0.0764525993883792,0.0,0.0,0.0,0.1529051987767584,0.0,100.0,0.0,0.45871559633027525,16.666666666666664,0.0,0.0,0.22935779816513763,33.33333333333333,0.0,0.0,,,,,0.0764525993883792,100.0,0.0,0.0,0.0764525993883792,100.0,0.0,0.0
216,Enzo Couacaud,52.84450063211125,5.023923444976076,5.023923444976076,9.808612440191387,47.15549936788875,4.289544235924933,1.876675603217158,6.970509383378016,42.22503160556258,3.293413173652695,5.9880239520958085,11.077844311377245,36.40960809102402,4.166666666666666,2.430555555555556,6.944444444444445,6.700379266750948,0.0,0.0,0.0,7.711757269279393,0.0,0.0,6.557377049180328,1.390644753476612,45.45454545454545,9.090909090909092,9.090909090909092,1.5170670037926675,25.0,0.0,0.0,1.2642225031605563,50.0,0.0,20.0,,,,,0.12642225031605564,0.0,0.0,0.0,0.7585335018963337,0.0,0.0,33.33333333333333,1.0113780025284451,0.0,0.0,12.5,0.7585335018963337,16.666666666666664,0.0,0.0,,,,,,,,,0.12642225031605564,0.0,0.0,0.0,,,,
217,Ergi Kirkin,42.81150159744409,4.477611940298507,2.2388059701492535,5.970149253731343,55.27156549520767,4.624277456647398,2.8901734104046244,12.138728323699421,37.69968051118211,2.5423728813559325,1.694915254237288,6.779661016949152,46.64536741214057,1.36986301369863,1.36986301369863,11.643835616438356,1.9169329073482428,0.0,0.0,0.0,3.1948881789137378,10.0,10.0,0.0,0.3194888178913738,0.0,100.0,0.0,0.3194888178913738,100.0,0.0,0.0,,,,,,,,,1.9169329073482428,50.0,0.0,0.0,4.472843450479233,28.57142857142857,14.285714285714285,28.57142857142857,0.6389776357827476,0.0,0.0,0.0,0.6389776357827476,0.0,0.0,0.0,,,,,,,,,0.3194888178913738,0.0,0.0,0.0,,,,
218,Ernesto Escobedo,44.20289855072464,16.39344262295082,8.19672131147541,11.475409836065573,55.79710144927537,3.896103896103896,10.38961038961039,3.896103896103896,36.231884057971016,16.0,10.0,14.000000000000002,50.72463768115942,2.857142857142857,11.428571428571429,4.285714285714286,4.3478260869565215,0.0,0.0,0.0,4.3478260869565215,0.0,0.0,0.0,1.4492753623188406,0.0,0.0,0.0,0.7246376811594203,100.0,0.0,0.0,1.4492753623188406,100.0,0.0,0.0,,,,,,,,,,,,,0.7246376811594203,0.0,0.0,0.0,,,,,,,,,,,,,,,,,,,,
219,Ernests Gulbis,42.240627724498694,8.101135190918471,4.231166150670795,14.189886480908154,57.6721883173496,5.555555555555555,4.346182917611489,9.334845049130763,34.350479511769834,5.774111675126903,4.187817258883249,15.989847715736042,50.828247602441145,4.716981132075472,3.9879931389365355,9.777015437392796,4.489973844812554,3.8834951456310676,2.912621359223301,3.3980582524271843,3.4655623365300787,2.515723270440252,2.515723270440252,3.7735849056603774,0.7410636442894507,44.11764705882353,2.941176470588235,17.647058823529413,0.6974716652136007,31.25,15.625,6.25,0.7410636442894507,64.70588235294117,8.823529411764707,2.941176470588235,0.043591979075850044,50.0,50.0,0.0,1.0026155187445511,30.434782608695656,8.695652173913043,8.695652173913043,1.6782911944202266,24.675324675324674,15.584415584415584,12.987012987012985,0.7846556233653008,16.666666666666664,5.555555555555555,11.11111111111111,0.8936355710549259,7.317073170731707,0.0,2.4390243902439024,0.13077593722755013,16.666666666666664,0.0,16.666666666666664,0.043591979075850044,0.0,0.0,0.0,,,,,0.021795989537925022,0.0,0.0,0.0
220,Ethan Quinn,53.318824809575624,13.46938775510204,7.551020408163265,13.46938775510204,46.57236126224157,5.607476635514018,3.7383177570093453,9.813084112149532,41.67573449401523,11.488250652741515,7.310704960835509,15.404699738903393,34.82045701849837,5.625,4.0625,10.3125,6.420021762785637,0.0,3.389830508474576,0.0,8.269858541893363,0.0,1.3157894736842104,3.9473684210526314,1.8498367791077257,52.94117647058824,11.76470588235294,5.88235294117647,1.7410228509249184,31.25,12.5,18.75,1.4145810663764962,53.84615384615385,23.076923076923077,23.076923076923077,,,,,0.9793253536452665,55.55555555555556,11.11111111111111,33.33333333333333,0.3264417845484222,0.0,0.0,66.66666666666666,0.6528835690968444,0.0,0.0,0.0,0.9793253536452665,11.11111111111111,0.0,0.0,0.3264417845484222,33.33333333333333,33.33333333333333,0.0,0.4352557127312296,0.0,0.0,25.0,,,,,,,,
221,Evan Furness,66.48351648351648,8.264462809917356,6.6115702479338845,6.6115702479338845,33.51648351648351,8.19672131147541,4.918032786885246,4.918032786885246,59.34065934065934,8.333333333333332,7.4074074074074066,7.4074074074074066,13.736263736263737,12.0,8.0,12.0,4.395604395604396,0.0,0.0,0.0,15.934065934065933,0.0,0.0,0.0,,,,,0.5494505494505495,100.0,0.0,0.0,0.5494505494505495,100.0,0.0,0.0,0.5494505494505495,100.0,0.0,0.0,0.5494505494505495,0.0,0.0,0.0,0.5494505494505495,0.0,100.0,0.0,1.6483516483516485,0.0,0.0,0.0,2.197802197802198,0.0,0.0,0.0,,,,,,,,,,,,,,,,
222,Evan King,65.81818181818181,4.41988950276243,8.287292817679557,11.049723756906078,34.18181818181818,3.1914893617021276,14.893617021276595,9.574468085106384,60.72727272727273,2.3952095808383236,8.383233532934131,11.377245508982035,22.181818181818183,3.278688524590164,13.114754098360656,11.475409836065573,1.4545454545454546,0.0,25.0,0.0,10.909090909090908,0.0,20.0,3.3333333333333335,2.181818181818182,50.0,0.0,0.0,0.7272727272727273,50.0,0.0,50.0,0.36363636363636365,100.0,0.0,0.0,,,,,,,,,0.36363636363636365,0.0,0.0,0.0,0.7272727272727273,0.0,0.0,0.0,,,,,0.36363636363636365,0.0,0.0,100.0,,,,,,,,,,,,
223,Evan Zhu,49.07063197026022,1.5151515151515151,2.272727272727273,15.151515151515152,50.92936802973978,2.18978102189781,6.569343065693431,8.02919708029197,42.37918215613383,0.0,1.7543859649122806,14.035087719298245,45.72490706319702,2.4390243902439024,7.317073170731707,7.317073170731707,4.83271375464684,0.0,0.0,23.076923076923077,4.089219330855019,0.0,0.0,0.0,0.7434944237918215,50.0,50.0,0.0,0.37174721189591076,0.0,0.0,0.0,0.37174721189591076,100.0,0.0,0.0,,,,,0.7434944237918215,0.0,0.0,50.0,0.37174721189591076,0.0,0.0,100.0,,,,,0.37174721189591076,0.0,0.0,100.0,,,,,,,,,,,,,,,,
224,Evgeny Donskoy,54.94296577946768,11.937716262975778,9.515570934256056,9.342560553633218,45.05703422053232,3.5864978902953584,3.79746835443038,6.329113924050633,50.19011406844106,10.606060606060606,9.659090909090908,9.469696969696969,37.73764258555133,2.770780856423174,4.030226700251889,7.052896725440807,1.3307984790874523,0.0,0.0,7.142857142857142,6.178707224334601,3.076923076923077,3.076923076923077,3.076923076923077,0.6653992395437262,57.14285714285714,0.0,14.285714285714285,0.38022813688212925,75.0,0.0,0.0,1.0456273764258555,54.54545454545454,18.181818181818183,0.0,0.09505703422053231,0.0,0.0,0.0,0.6653992395437262,0.0,14.285714285714285,14.285714285714285,0.09505703422053231,0.0,0.0,0.0,0.38022813688212925,0.0,0.0,0.0,0.4752851711026616,20.0,0.0,0.0,0.09505703422053231,0.0,0.0,0.0,0.09505703422053231,0.0,0.0,0.0,0.5703422053231939,50.0,16.666666666666664,16.666666666666664,,,,
225,Evgeny Korolev,60.8,7.894736842105263,9.210526315789473,14.473684210526317,39.2,2.0408163265306123,8.16326530612245,14.285714285714285,58.4,8.21917808219178,9.58904109589041,13.698630136986301,34.4,0.0,6.976744186046512,16.27906976744186,0.8,0.0,0.0,0.0,3.2,0.0,25.0,0.0,0.8,0.0,0.0,100.0,,,,,0.8,0.0,0.0,0.0,,,,,,,,,0.8,100.0,0.0,0.0,,,,,0.8,0.0,0.0,0.0,,,,,,,,,,,,,,,,
226,Fabian Marozsan,52.842151289899434,12.081092263136119,6.661150186181216,10.467521721141912,47.114123305640575,6.218097447795824,4.315545243619489,10.394431554524362,42.71972015741146,9.877175025588535,7.523029682702149,11.003070624360287,37.210319195452556,3.6427732079905994,4.465334900117509,9.870740305522913,5.706165282028858,1.532567049808429,0.38314176245210724,3.4482758620689653,6.09969392216878,0.35842293906810035,0.7168458781362007,8.60215053763441,1.6178399650196764,51.35135135135135,8.108108108108109,16.216216216216218,1.5522518583296896,46.478873239436616,9.859154929577464,16.901408450704224,1.1368605159597727,53.84615384615385,7.6923076923076925,9.615384615384617,0.021862702229995628,100.0,0.0,0.0,1.2680367293397463,36.206896551724135,1.7241379310344827,18.96551724137931,1.9239177962396152,39.77272727272727,9.090909090909092,20.454545454545457,0.19676432006996064,22.22222222222222,22.22222222222222,11.11111111111111,0.2404897245299519,9.090909090909092,0.0,9.090909090909092,0.06558810668998688,33.33333333333333,0.0,0.0,0.06558810668998688,33.33333333333333,0.0,33.33333333333333,0.13117621337997376,83.33333333333334,0.0,0.0,,,,
227,Fabio Fognini,49.809956429034955,9.62218499906942,5.8998697189651965,12.469756188349153,50.16223231667748,5.063759009425245,2.8275734614673813,10.51561633709111,43.01473996477242,7.06896551724138,6.077586206896552,13.254310344827585,40.085287846481876,3.8390379278445885,2.8214616096207217,11.517113783533766,2.9665337906739593,2.8125,1.25,0.625,7.453416149068323,0.8706467661691543,1.3681592039800996,5.721393034825871,1.0939093353110225,65.2542372881356,6.779661016949152,14.40677966101695,1.1680726800778716,59.523809523809526,8.73015873015873,8.73015873015873,0.8065263743394828,56.32183908045977,8.045977011494253,9.195402298850574,0.046352090479280614,80.0,0.0,0.0,1.0846389172151665,32.47863247863248,10.256410256410255,18.803418803418804,0.6860109390933531,17.56756756756757,10.81081081081081,16.216216216216218,0.48206174098451837,7.6923076923076925,1.9230769230769231,1.9230769230769231,0.5840363400389358,11.11111111111111,1.5873015873015872,1.5873015873015872,0.12978585334198572,28.57142857142857,0.0,0.0,0.12051543524612959,15.384615384615385,0.0,0.0,0.23176045239640305,32.0,12.0,20.0,0.018540836191712245,0.0,0.0,50.0
228,Fabrice Santoro,54.56556082148499,4.284887087434859,4.111175448755066,3.8795599305153443,45.308056872037916,3.9748953974895396,4.951185495118549,4.044630404463041,19.399684044233805,2.6058631921824107,4.234527687296417,3.257328990228013,38.988941548183256,3.079416531604538,4.213938411669368,3.970826580226904,26.477093206951025,0.5966587112171837,1.1933174224343674,2.863961813842482,1.9589257503949447,3.225806451612903,3.225806451612903,0.0,3.4755134281200633,27.27272727272727,12.727272727272727,9.090909090909092,2.4960505529225907,15.18987341772152,16.455696202531644,11.39240506329114,1.1058451816745656,54.285714285714285,20.0,2.857142857142857,0.1263823064770932,0.0,50.0,0.0,1.3902053712480253,6.8181818181818175,15.909090909090908,15.909090909090908,0.0631911532385466,0.0,0.0,0.0,1.8641390205371249,1.694915254237288,5.084745762711865,5.084745762711865,0.9794628751974723,6.451612903225806,3.225806451612903,0.0,0.8214849921011059,0.0,15.384615384615385,3.8461538461538463,0.5687203791469194,11.11111111111111,5.555555555555555,0.0,0.0315955766192733,0.0,0.0,100.0,0.1263823064770932,25.0,0.0,0.0
229,Facundo Arguello,66.47398843930635,7.82608695652174,5.217391304347826,17.391304347826086,33.52601156069364,1.7241379310344827,0.0,17.24137931034483,60.69364161849711,6.666666666666667,4.761904761904762,19.047619047619047,25.43352601156069,0.0,0.0,20.454545454545457,3.4682080924855487,0.0,0.0,0.0,7.514450867052023,7.6923076923076925,0.0,7.6923076923076925,1.1560693641618496,50.0,50.0,0.0,,,,,0.5780346820809248,100.0,0.0,0.0,,,,,0.5780346820809248,0.0,0.0,0.0,,,,,,,,,0.5780346820809248,0.0,0.0,0.0,,,,,,,,,,,,,,,,
230,Facundo Bagnis,55.4641598119859,6.779661016949152,5.402542372881356,11.016949152542372,44.47708578143361,3.830911492734478,4.7556142668428,12.15323645970938,47.41480611045829,4.584882280049566,4.584882280049566,11.400247831474598,35.13513513513514,2.508361204013378,4.013377926421405,12.040133779264215,2.937720329024677,2.0,2.0,0.0,5.992949471210341,0.0,3.9215686274509802,10.784313725490197,1.1750881316098707,45.0,15.0,5.0,1.2338425381903642,42.857142857142854,14.285714285714285,14.285714285714285,0.9400705052878966,56.25,18.75,0.0,0.05875440658049354,100.0,0.0,0.0,2.2326674500587544,21.052631578947366,10.526315789473683,26.31578947368421,0.9988249118683901,17.647058823529413,5.88235294117647,35.294117647058826,0.23501762632197415,0.0,0.0,0.0,0.9400705052878966,0.0,18.75,0.0,0.35252643948296125,0.0,16.666666666666664,16.666666666666664,0.11750881316098707,50.0,50.0,0.0,0.17626321974148063,0.0,66.66666666666666,0.0,,,,
231,Facundo Diaz Acosta,62.651933701657455,8.112874779541446,4.056437389770723,6.701940035273369,37.127071823204425,5.952380952380952,2.976190476190476,8.928571428571429,52.48618784530387,5.894736842105263,3.7894736842105265,6.7368421052631575,30.497237569060776,3.985507246376811,3.6231884057971016,9.782608695652174,5.303867403314917,4.166666666666666,0.0,6.25,3.7569060773480665,0.0,0.0,0.0,1.1049723756906076,70.0,10.0,0.0,1.2154696132596685,63.63636363636363,0.0,18.181818181818183,0.22099447513812157,100.0,0.0,0.0,,,,,2.6519337016574585,29.166666666666668,16.666666666666664,12.5,0.5524861878453038,20.0,0.0,20.0,0.6629834254143646,0.0,0.0,0.0,0.9944751381215469,0.0,0.0,0.0,0.11049723756906078,0.0,0.0,0.0,0.11049723756906078,100.0,0.0,0.0,0.11049723756906078,0.0,0.0,0.0,,,,
232,Facundo Mena,52.20588235294118,4.225352112676056,3.5211267605633805,14.084507042253522,47.794117647058826,3.8461538461538463,1.5384615384615385,15.384615384615385,44.85294117647059,1.639344262295082,4.098360655737705,13.114754098360656,36.39705882352941,0.0,1.0101010101010102,14.14141414141414,1.8382352941176472,0.0,0.0,0.0,5.514705882352941,6.666666666666667,6.666666666666667,20.0,0.3676470588235294,0.0,0.0,100.0,1.8382352941176472,80.0,0.0,0.0,2.2058823529411766,50.0,0.0,0.0,,,,,1.4705882352941175,25.0,0.0,75.0,1.8382352941176472,0.0,0.0,60.0,1.4705882352941175,0.0,0.0,0.0,2.2058823529411766,0.0,0.0,0.0,,,,,,,,,,,,,,,,
233,Farrukh Dustov,47.61904761904761,5.555555555555555,5.0,18.88888888888889,52.116402116402114,4.568527918781726,3.0456852791878175,7.614213197969544,41.7989417989418,4.430379746835443,4.430379746835443,20.253164556962027,32.27513227513227,4.918032786885246,4.918032786885246,8.19672131147541,3.968253968253968,0.0,13.333333333333334,6.666666666666667,16.402116402116402,0.0,0.0,6.451612903225806,0.7936507936507936,66.66666666666666,0.0,33.33333333333333,2.91005291005291,27.27272727272727,0.0,9.090909090909092,0.26455026455026454,100.0,0.0,0.0,,,,,,,,,,,,,0.5291005291005291,0.0,0.0,0.0,0.5291005291005291,0.0,0.0,0.0,0.26455026455026454,0.0,0.0,0.0,,,,,,,,,,,,
234,Federico Agustin Gomez,54.729729729729726,12.345679012345679,11.11111111111111,6.172839506172839,45.27027027027027,11.940298507462686,5.970149253731343,10.44776119402985,50.0,8.108108108108109,12.162162162162163,5.405405405405405,41.21621621621622,9.836065573770492,6.557377049180328,9.836065573770492,0.6756756756756757,0.0,0.0,0.0,2.027027027027027,0.0,0.0,33.33333333333333,0.6756756756756757,100.0,0.0,0.0,1.3513513513513513,100.0,0.0,0.0,1.3513513513513513,100.0,0.0,0.0,,,,,0.6756756756756757,0.0,0.0,100.0,0.6756756756756757,0.0,0.0,0.0,,,,,,,,,,,,,,,,,1.3513513513513513,50.0,0.0,0.0,,,,
235,Federico Arnaboldi,47.61904761904761,10.833333333333334,3.3333333333333335,12.5,50.0,1.5873015873015872,3.968253968253968,7.936507936507936,40.476190476190474,7.8431372549019605,0.9803921568627451,12.745098039215685,45.23809523809524,0.8771929824561403,2.631578947368421,8.771929824561402,1.984126984126984,0.0,0.0,0.0,3.1746031746031744,0.0,12.5,0.0,0.7936507936507936,100.0,0.0,0.0,0.3968253968253968,100.0,0.0,0.0,,,,,,,,,3.968253968253968,20.0,30.0,20.0,,,,,,,,,1.1904761904761905,0.0,33.33333333333333,0.0,,,,,,,,,0.3968253968253968,100.0,0.0,0.0,,,,
236,Federico Cina,58.30769230769231,11.345646437994723,7.12401055408971,9.498680738786279,41.692307692307686,7.380073800738007,5.904059040590406,11.808118081180812,50.153846153846146,9.509202453987731,7.361963190184049,10.736196319018406,35.23076923076923,5.240174672489083,5.676855895196507,12.663755458515283,2.6153846153846154,0.0,0.0,0.0,3.230769230769231,0.0,4.761904761904762,0.0,2.0,46.15384615384615,7.6923076923076925,7.6923076923076925,2.1538461538461537,50.0,14.285714285714285,14.285714285714285,1.0769230769230769,57.14285714285714,0.0,0.0,,,,,1.2307692307692308,12.5,25.0,0.0,0.46153846153846156,33.33333333333333,0.0,33.33333333333333,0.7692307692307693,0.0,0.0,0.0,0.6153846153846154,0.0,0.0,0.0,0.15384615384615385,0.0,0.0,0.0,,,,,0.3076923076923077,50.0,0.0,0.0,,,,
237,Federico Coria,55.966930265995686,4.367373153500321,4.8169556840077075,8.285163776493256,43.81739755571532,2.2969647251845777,2.871205906480722,7.465135356849877,50.28756290438533,3.2880629020729093,4.6461758398856325,8.291636883488206,39.43206326383896,1.7319963536918872,2.917046490428441,7.839562443026436,2.3005032350826746,0.0,3.125,6.25,2.803738317757009,0.0,0.0,2.564102564102564,0.6470165348670022,33.33333333333333,5.555555555555555,22.22222222222222,0.6829618979151689,26.31578947368421,10.526315789473683,10.526315789473683,0.5391804457225018,46.666666666666664,0.0,6.666666666666667,,,,,1.2221423436376708,26.47058823529412,17.647058823529413,8.823529411764707,0.39539899352983465,9.090909090909092,9.090909090909092,9.090909090909092,0.6829618979151689,0.0,0.0,5.263157894736842,0.39539899352983465,18.181818181818183,0.0,0.0,0.2156721782890007,0.0,16.666666666666664,0.0,0.07189072609633358,50.0,0.0,0.0,0.07189072609633358,0.0,0.0,0.0,0.03594536304816679,0.0,0.0,0.0
238,Federico Delbonis,57.51755472945064,8.07899461400359,5.098743267504488,9.299820466786356,42.46179264766625,3.453307392996109,3.6964980544747084,10.749027237354086,52.850061957868654,6.3305978898007025,5.119187182493161,9.417741305197342,34.48988021478728,2.6347305389221556,3.5329341317365266,11.676646706586826,1.982651796778191,0.0,2.083333333333333,3.125,6.340355225113589,0.9771986970684038,2.6058631921824107,5.537459283387622,0.9087154068566707,45.45454545454545,6.8181818181818175,11.363636363636363,0.8054522924411399,41.02564102564102,15.384615384615385,10.256410256410255,0.7434944237918215,66.66666666666666,2.7777777777777777,8.333333333333332,0.020652622883106157,100.0,0.0,0.0,0.7641470466749277,43.24324324324324,8.108108108108109,13.513513513513514,0.2891367203634862,35.714285714285715,14.285714285714285,28.57142857142857,0.10326311441553077,20.0,0.0,0.0,0.49566294919454773,8.333333333333332,4.166666666666666,4.166666666666666,0.08261049153242463,25.0,50.0,0.0,0.020652622883106157,0.0,0.0,0.0,0.08261049153242463,25.0,0.0,50.0,,,,
239,Federico Gaio,50.40431266846361,13.903743315508022,7.4866310160427805,16.0427807486631,49.32614555256065,4.918032786885246,3.825136612021858,7.103825136612022,39.083557951482476,11.724137931034482,8.275862068965518,17.24137931034483,12.129380053908356,8.88888888888889,6.666666666666667,17.77777777777778,5.3908355795148255,0.0,0.0,5.0,33.42318059299191,1.6129032258064515,3.225806451612903,3.225806451612903,1.8867924528301887,71.42857142857143,0.0,0.0,0.5390835579514826,50.0,0.0,0.0,0.8086253369272237,66.66666666666666,0.0,0.0,,,,,1.6172506738544474,0.0,16.666666666666664,50.0,1.3477088948787064,40.0,0.0,0.0,1.078167115902965,25.0,0.0,25.0,1.6172506738544474,0.0,0.0,16.666666666666664,0.2695417789757413,0.0,100.0,0.0,0.2695417789757413,0.0,0.0,0.0,0.2695417789757413,100.0,0.0,0.0,,,,
240,Federico Luzzi,43.75,6.015037593984962,6.015037593984962,5.263157894736842,56.25,3.508771929824561,1.7543859649122806,5.263157894736842,40.131578947368425,4.918032786885246,6.557377049180328,5.737704918032787,38.48684210526316,4.273504273504273,2.564102564102564,6.837606837606838,1.3157894736842104,0.0,0.0,0.0,15.789473684210526,0.0,0.0,2.083333333333333,,,,,0.9868421052631579,33.33333333333333,0.0,0.0,0.6578947368421052,50.0,0.0,0.0,,,,,0.3289473684210526,100.0,0.0,0.0,0.3289473684210526,0.0,0.0,0.0,0.9868421052631579,0.0,0.0,0.0,0.6578947368421052,0.0,0.0,0.0,0.3289473684210526,0.0,0.0,0.0,,,,,,,,,,,,
241,Feliciano Lopez,52.410010814151086,8.651436993367723,5.615327929255711,12.453942520265292,47.551367217673416,4.694606887589344,4.775828460038986,10.315139701104613,43.781863123744785,4.8341566690190545,4.587155963302752,13.761467889908257,12.219990730727638,3.6662452591656134,4.108723135271807,16.43489254108723,2.649467016839178,0.8746355685131195,2.0408163265306123,1.749271137026239,29.484010505175345,0.9169504846738277,3.3010217448257793,8.069164265129682,3.6381894021319328,45.43524416135881,17.40976645435244,6.581740976645436,3.5454966785107374,38.12636165577342,15.686274509803921,7.625272331154684,1.0041711725629536,58.46153846153847,9.230769230769232,9.230769230769232,0.16221226633709254,52.38095238095239,4.761904761904762,0.0,0.6025027035377722,15.384615384615385,10.256410256410255,12.82051282051282,0.8805808744013596,7.017543859649122,7.017543859649122,25.438596491228072,0.3862196817549822,4.0,6.0,2.0,0.8728564807662598,0.0,11.504424778761061,1.7699115044247788,0.31670013903908545,14.634146341463413,17.073170731707318,9.75609756097561,0.3862196817549822,4.0,18.0,2.0,0.030897574540398577,0.0,50.0,25.0,,,,
242,Felix Auger Aliassime,55.57990952758476,10.052022151367678,6.788051686524585,11.176371874475583,44.35480110059227,3.5432656923562194,3.427610135632426,10.125118284092103,49.38208273096115,7.5738974407403905,6.8183964491453395,11.644159032958731,35.90915450263489,2.662337662337662,3.2467532467532463,10.116883116883118,2.2478198013337685,2.0746887966804977,1.2448132780082988,2.4896265560165975,6.230471482535093,0.7485029940119761,1.7964071856287425,8.158682634730539,1.469010866016882,42.857142857142854,9.841269841269842,13.968253968253968,1.0492934757263441,35.55555555555556,15.11111111111111,18.22222222222222,1.3804038613999907,62.5,9.797297297297296,5.0675675675675675,0.023317632793918762,40.0,0.0,0.0,0.3777456512614839,30.864197530864196,6.172839506172839,24.691358024691358,0.6062584526418878,23.846153846153847,9.230769230769232,24.615384615384617,0.2331763279391876,10.0,2.0,0.0,0.41505386373175396,4.49438202247191,2.247191011235955,2.247191011235955,0.16322342955743133,20.0,8.571428571428571,8.571428571428571,0.12125169052837756,19.230769230769234,15.384615384615385,0.0,0.32644685911486265,41.42857142857143,17.142857142857142,7.142857142857142,,,,
243,Felix Mantilla,53.258293838862556,4.894327030033371,3.337041156840934,4.115684093437152,46.682464454976305,3.934010152284264,3.2994923857868024,5.0761421319796955,47.21563981042654,3.262233375156838,3.5131744040150563,4.265997490589712,31.27962085308057,3.5984848484848486,3.2196969696969697,6.8181818181818175,3.6137440758293837,1.639344262295082,0.0,1.639344262295082,13.092417061611375,1.809954751131222,3.167420814479638,0.904977375565611,0.5924170616113744,60.0,10.0,0.0,0.533175355450237,33.33333333333333,11.11111111111111,0.0,0.4146919431279621,42.857142857142854,0.0,0.0,0.11848341232227488,0.0,0.0,50.0,0.35545023696682465,33.33333333333333,0.0,16.666666666666664,0.7701421800947867,23.076923076923077,0.0,7.6923076923076925,0.8293838862559242,35.714285714285715,7.142857142857142,7.142857142857142,0.7109004739336493,0.0,8.333333333333332,0.0,0.23696682464454977,25.0,0.0,0.0,0.11848341232227488,50.0,0.0,0.0,,,,,0.05924170616113744,100.0,0.0,0.0
244,Fernando Gonzalez,53.05735230702889,12.434980494148244,7.022106631989597,10.89076723016905,46.53730056058646,6.06004447739066,3.3728687916975537,8.209785025945145,45.53686934023286,11.325757575757574,7.1022727272727275,11.761363636363637,23.053040103492886,8.641975308641975,4.8260381593714925,11.896745230078563,3.7429926692539888,0.6912442396313364,0.9216589861751152,1.3824884792626728,19.491159982751185,0.4424778761061947,0.9734513274336283,3.4070796460176993,1.1039241052177664,55.46875,11.71875,14.0625,1.3022854678740836,36.423841059602644,8.609271523178808,13.90728476821192,0.6813281586890901,64.55696202531645,13.924050632911392,10.126582278481013,0.06037084950409659,71.42857142857143,14.285714285714285,0.0,0.7072013799051315,14.634146341463413,17.073170731707318,13.414634146341465,0.9486847779215178,10.909090909090908,10.909090909090908,19.090909090909093,0.646830530401035,9.333333333333334,2.666666666666667,0.0,1.423027166882277,4.848484848484849,3.0303030303030303,3.0303030303030303,0.26735661923242776,19.35483870967742,9.67741935483871,9.67741935483871,0.2328589909443726,18.51851851851852,0.0,0.0,0.3708495040965934,39.53488372093023,18.6046511627907,6.976744186046512,0.0258732212160414,33.33333333333333,0.0,33.33333333333333
245,Fernando Romboli,48.07692307692308,6.0,8.0,16.0,51.92307692307693,1.8518518518518516,3.7037037037037033,12.962962962962962,20.192307692307693,0.0,9.523809523809524,14.285714285714285,6.730769230769231,0.0,0.0,14.285714285714285,15.384615384615385,0.0,0.0,18.75,35.57692307692308,0.0,5.405405405405405,13.513513513513514,7.6923076923076925,12.5,12.5,12.5,6.730769230769231,14.285714285714285,0.0,14.285714285714285,3.8461538461538463,50.0,25.0,25.0,,,,,0.9615384615384616,0.0,0.0,0.0,,,,,,,,,,,,,,,,,2.8846153846153846,0.0,0.0,0.0,,,,,,,,
246,Fernando Verdasco,54.86604260813428,9.398440947198116,5.956758346815708,11.075158111486983,45.06939961265333,4.744852282900626,3.652641002685766,10.313339301700983,49.74983860555197,8.321167883211679,6.050283860502838,11.630170316301705,35.78921885087153,4.487034949267192,3.8556933483652767,11.025930101465613,2.525823111684958,0.3194888178913738,1.5974440894568689,1.5974440894568689,7.190122659780504,0.44893378226711567,1.6835016835016834,6.958473625140292,0.7020658489347966,47.12643678160919,10.344827586206897,11.494252873563218,0.6939961265332473,44.18604651162791,8.13953488372093,15.11627906976744,0.7746933505487411,55.208333333333336,9.375,7.291666666666667,0.08069722401549387,50.0,0.0,10.0,0.4115558424790188,21.568627450980394,3.9215686274509802,17.647058823529413,0.42769528728211753,20.754716981132077,11.320754716981133,16.9811320754717,0.3712072304712718,8.695652173913043,6.521739130434782,2.1739130434782608,0.7666236281471918,7.368421052631578,3.1578947368421053,0.0,0.07262750161394448,66.66666666666666,0.0,0.0,0.10490639122014203,0.0,15.384615384615385,7.6923076923076925,0.25823111684958033,31.25,12.5,12.5,0.01613944480309877,50.0,0.0,50.0
247,Filip Bergevi,62.841530054644814,8.695652173913043,8.695652173913043,14.782608695652174,37.15846994535519,8.823529411764707,5.88235294117647,10.294117647058822,53.00546448087432,7.216494845360824,7.216494845360824,16.49484536082474,22.950819672131146,4.761904761904762,4.761904761904762,14.285714285714285,4.918032786885246,0.0,0.0,11.11111111111111,8.743169398907105,0.0,6.25,0.0,0.546448087431694,0.0,100.0,0.0,2.185792349726776,100.0,0.0,0.0,1.092896174863388,50.0,50.0,0.0,,,,,0.546448087431694,0.0,100.0,0.0,1.639344262295082,0.0,0.0,33.33333333333333,,,,,1.092896174863388,0.0,0.0,0.0,0.546448087431694,0.0,0.0,0.0,0.546448087431694,0.0,100.0,0.0,2.185792349726776,50.0,0.0,0.0,,,,
248,Filip Cristian Jianu,43.292682926829265,5.633802816901409,5.633802816901409,16.901408450704224,54.268292682926834,6.741573033707865,2.247191011235955,8.98876404494382,39.02439024390244,4.6875,6.25,17.1875,44.51219512195122,6.8493150684931505,1.36986301369863,8.21917808219178,1.8292682926829267,0.0,0.0,0.0,7.317073170731707,0.0,8.333333333333332,8.333333333333332,1.2195121951219512,50.0,0.0,50.0,,,,,,,,,,,,,0.6097560975609756,0.0,0.0,0.0,1.2195121951219512,50.0,0.0,50.0,0.6097560975609756,0.0,0.0,0.0,1.2195121951219512,0.0,0.0,0.0,,,,,,,,,,,,,,,,
249,Filip Horansky,48.63636363636364,7.476635514018691,2.803738317757009,11.214953271028037,51.36363636363637,6.1946902654867255,0.8849557522123894,7.964601769911504,45.45454545454545,6.0,3.0,12.0,36.36363636363637,6.25,0.0,6.25,1.8181818181818181,0.0,0.0,0.0,13.18181818181818,6.896551724137931,3.4482758620689653,13.793103448275861,0.9090909090909091,100.0,0.0,0.0,,,,,,,,,,,,,,,,,1.8181818181818181,0.0,0.0,0.0,0.45454545454545453,0.0,0.0,0.0,,,,,,,,,,,,,,,,,,,,
250,Filip Krajinovic,46.51929416327322,8.128386827844935,3.959983326385994,10.087536473530639,53.44192359899166,7.946298984034833,3.8098693759071116,9.107402031930334,41.438821019972856,5.42817033224146,3.837154890032756,10.528778661675247,41.90420787279426,5.275335492827395,4.0259139287366965,9.94909763998149,2.2105875509016872,0.8771929824561403,0.0,3.508771929824561,7.135931743261587,1.6304347826086956,0.8152173913043478,4.076086956521739,1.59007174713981,54.87804878048781,9.75609756097561,10.975609756097562,2.4820632150475084,53.125,3.90625,10.15625,0.6980802792321117,44.44444444444444,8.333333333333332,11.11111111111111,0.058173356602675974,66.66666666666666,0.0,0.0,0.4072134962187318,61.904761904761905,4.761904761904762,0.0,1.7452006980802792,32.22222222222222,10.0,8.88888888888889,0.07756447547023464,25.0,0.0,0.0,0.0969555943377933,0.0,0.0,0.0,0.03878223773511732,50.0,0.0,0.0,,,,,0.058173356602675974,66.66666666666666,33.33333333333333,0.0,0.01939111886755866,0.0,100.0,0.0
251,Filip Misolic,55.40823447313329,8.312342569269521,6.045340050377834,5.919395465994962,43.75436147941382,6.539074960127592,3.349282296650718,8.931419457735247,50.17445917655269,5.4242002781641165,5.980528511821975,5.980528511821975,31.6817864619679,3.9647577092511015,3.0837004405286343,9.691629955947137,2.0237264480111654,13.793103448275861,0.0,3.4482758620689653,8.094905792044662,4.310344827586207,1.7241379310344827,6.896551724137931,0.5582693649685974,87.5,0.0,0.0,0.41870202372644805,50.0,0.0,0.0,1.3258897418004187,47.368421052631575,21.052631578947366,5.263157894736842,0.06978367062107467,100.0,0.0,0.0,0.7676203768318213,54.54545454545454,9.090909090909092,9.090909090909092,2.4424284717376135,34.285714285714285,14.285714285714285,11.428571428571429,0.41870202372644805,16.666666666666664,0.0,16.666666666666664,1.04675505931612,13.333333333333334,0.0,0.0,,,,,,,,,0.13956734124214934,0.0,0.0,0.0,,,,
252,Filippo Volandri,56.3082133784928,6.917293233082707,7.067669172932331,7.819548872180452,43.6917866215072,4.844961240310078,4.263565891472868,11.24031007751938,50.042337002540215,4.906937394247039,7.4450084602368864,8.29103214890017,37.5952582557155,5.18018018018018,3.8288288288288284,11.486486486486488,3.725656223539373,4.545454545454546,2.272727272727273,0.0,4.318374259102455,0.0,5.88235294117647,5.88235294117647,0.9314140558848433,54.54545454545454,0.0,9.090909090909092,0.3386960203217612,25.0,0.0,0.0,0.3386960203217612,75.0,25.0,0.0,0.0846740050804403,0.0,0.0,100.0,0.8467400508044031,30.0,10.0,20.0,0.7620660457239627,0.0,11.11111111111111,33.33333333333333,0.1693480101608806,0.0,0.0,0.0,0.42337002540220153,0.0,20.0,0.0,,,,,0.1693480101608806,50.0,0.0,0.0,0.2540220152413209,100.0,0.0,0.0,,,,
253,Fitriadi M Rifqi,64.8854961832061,5.294117647058823,2.941176470588235,1.7647058823529411,35.11450381679389,4.3478260869565215,1.0869565217391304,0.0,58.778625954198475,4.545454545454546,2.5974025974025974,1.948051948051948,22.519083969465647,5.084745762711865,0.0,0.0,3.816793893129771,0.0,0.0,0.0,10.305343511450381,0.0,3.7037037037037033,0.0,1.1450381679389312,33.33333333333333,33.33333333333333,0.0,1.5267175572519083,25.0,0.0,0.0,1.1450381679389312,33.33333333333333,0.0,0.0,,,,,,,,,,,,,,,,,0.7633587786259541,0.0,0.0,0.0,,,,,,,,,,,,,,,,
254,Flavio Cobolli,52.79811715481172,8.865775136206043,6.488360574541853,11.144130757800893,47.20188284518829,4.1551246537396125,2.6038781163434903,11.080332409972298,45.89435146443515,6.438746438746438,6.780626780626781,11.965811965811966,39.51359832635983,3.441429516876241,2.514890800794176,11.912640635340834,3.3995815899581587,0.7692307692307693,3.076923076923077,2.307692307692308,5.256276150627615,1.9900497512437811,2.9850746268656714,3.9800995024875623,0.9937238493723849,57.89473684210527,2.631578947368421,13.157894736842104,0.7583682008368201,31.03448275862069,3.4482758620689653,6.896551724137931,0.9414225941422595,58.333333333333336,8.333333333333332,8.333333333333332,,,,,0.889121338912134,38.23529411764706,2.941176470588235,11.76470588235294,0.8106694560669456,12.903225806451612,6.451612903225806,29.03225806451613,0.47071129707112974,27.77777777777778,0.0,0.0,0.8106694560669456,16.129032258064516,0.0,0.0,0.02615062761506276,100.0,0.0,0.0,0.02615062761506276,0.0,0.0,100.0,0.18305439330543932,42.857142857142854,42.857142857142854,0.0,0.02615062761506276,100.0,0.0,0.0
255,Flavio Saretta,46.57258064516129,8.225108225108226,8.225108225108226,6.0606060606060606,53.42741935483871,3.018867924528302,3.3962264150943398,7.547169811320755,42.54032258064516,5.687203791469194,8.056872037914692,6.161137440758294,48.79032258064516,2.8925619834710745,3.3057851239669422,7.024793388429752,0.4032258064516129,0.0,0.0,0.0,1.2096774193548387,0.0,0.0,0.0,0.8064516129032258,50.0,25.0,0.0,1.8145161290322582,11.11111111111111,11.11111111111111,33.33333333333333,1.411290322580645,42.857142857142854,14.285714285714285,14.285714285714285,,,,,0.6048387096774194,33.33333333333333,0.0,0.0,,,,,0.4032258064516129,0.0,0.0,0.0,1.6129032258064515,0.0,0.0,0.0,0.4032258064516129,50.0,0.0,0.0,,,,,,,,,,,,
256,Florent Serra,52.108433734939766,8.670520231213873,2.8901734104046244,10.982658959537572,47.89156626506024,1.8867924528301887,3.1446540880503147,8.80503144654088,50.0,6.626506024096386,3.0120481927710845,11.44578313253012,41.86746987951807,2.158273381294964,2.877697841726619,10.071942446043165,0.6024096385542169,0.0,0.0,0.0,4.819277108433735,0.0,0.0,0.0,0.30120481927710846,100.0,0.0,0.0,,,,,0.6024096385542169,100.0,0.0,0.0,,,,,,,,,0.30120481927710846,0.0,0.0,0.0,0.30120481927710846,0.0,0.0,0.0,0.6024096385542169,0.0,0.0,0.0,0.30120481927710846,100.0,0.0,0.0,0.30120481927710846,0.0,100.0,0.0,,,,,,,,
257,Florian Mayer,48.500517063081695,6.7164179104477615,6.076759061833688,8.84861407249467,51.44777662874871,4.42211055276382,4.824120603015075,8.542713567839195,38.88314374353671,3.9893617021276597,6.648936170212766,9.175531914893616,33.35056876938987,3.7209302325581395,5.116279069767442,8.527131782945736,5.325749741468459,2.912621359223301,1.9417475728155338,3.8834951456310676,13.340227507755948,0.3875968992248062,1.937984496124031,6.2015503875969,2.0682523267838677,40.0,10.0,15.0,2.0682523267838677,25.0,15.0,20.0,0.7238883143743536,64.28571428571429,0.0,7.142857142857142,0.15511892450879006,33.33333333333333,0.0,33.33333333333333,0.5170630816959669,30.0,0.0,20.0,1.499482936918304,27.586206896551722,6.896551724137931,17.24137931034483,0.7238883143743536,7.142857142857142,0.0,0.0,0.8273009307135472,0.0,12.5,0.0,0.2068252326783868,25.0,25.0,25.0,0.2068252326783868,0.0,0.0,0.0,0.0517063081695967,0.0,0.0,0.0,,,,
258,Frances Tiafoe,47.35264735264735,9.185329438493996,6.848425835767608,10.856864654333009,52.53208330131407,4.373902867173786,4.490930368636629,8.747805734347573,40.667025282409895,7.161753590325019,7.123960695389267,11.073318216175359,42.096365173288255,3.2128514056224895,4.472435195326761,8.32420591456736,3.18143395066472,1.932367149758454,0.966183574879227,2.4154589371980677,6.716360562514409,0.9153318077803204,1.0297482837528604,7.208237986270023,1.6983016983016983,44.34389140271493,6.334841628959276,16.289592760180994,1.644509336817029,35.046728971962615,9.813084112149532,16.355140186915886,0.6531929608852686,54.11764705882353,8.235294117647058,15.294117647058824,0.06916160762314609,22.22222222222222,11.11111111111111,22.22222222222222,0.7992007992007992,24.03846153846154,13.461538461538462,21.153846153846153,1.3601782832552063,16.38418079096045,11.299435028248588,19.774011299435028,0.1460078383155306,10.526315789473683,5.263157894736842,0.0,0.43802351494659186,1.7543859649122806,7.017543859649122,7.017543859649122,0.12295396910781525,25.0,12.5,0.0,0.11526934603857682,6.666666666666667,33.33333333333333,13.333333333333334,0.08453085376162299,36.36363636363637,27.27272727272727,18.181818181818183,0.09221547683086144,58.333333333333336,16.666666666666664,8.333333333333332
259,Francesco Maestrelli,46.51810584958218,9.580838323353294,3.592814371257485,13.17365269461078,50.69637883008357,7.142857142857142,4.395604395604396,4.395604395604396,40.66852367688023,6.164383561643835,3.4246575342465753,13.698630136986301,43.45403899721448,6.41025641025641,4.487179487179487,4.487179487179487,2.5069637883008355,0.0,0.0,11.11111111111111,4.735376044568245,0.0,0.0,5.88235294117647,0.5571030640668524,100.0,0.0,0.0,1.1142061281337048,50.0,25.0,0.0,1.392757660167131,60.0,0.0,0.0,,,,,0.8356545961002786,66.66666666666666,0.0,33.33333333333333,1.1142061281337048,25.0,0.0,0.0,0.2785515320334262,0.0,0.0,0.0,0.2785515320334262,0.0,0.0,0.0,,,,,,,,,0.2785515320334262,0.0,100.0,0.0,,,,
260,Francesco Passaro,53.62595419847328,9.9644128113879,5.6939501779359425,14.590747330960854,46.37404580152672,6.172839506172839,1.646090534979424,17.695473251028808,46.75572519083969,8.571428571428571,4.081632653061225,15.510204081632653,35.11450381679389,5.978260869565218,2.1739130434782608,19.565217391304348,1.5267175572519083,0.0,0.0,0.0,7.061068702290077,0.0,0.0,16.216216216216218,0.7633587786259541,25.0,25.0,25.0,1.5267175572519083,37.5,0.0,0.0,1.717557251908397,33.33333333333333,11.11111111111111,11.11111111111111,,,,,1.3358778625954197,28.57142857142857,42.857142857142854,0.0,1.5267175572519083,12.5,0.0,12.5,0.9541984732824428,0.0,0.0,20.0,1.1450381679389312,0.0,0.0,0.0,,,,,,,,,0.5725190839694656,33.33333333333333,33.33333333333333,0.0,,,,
261,Francisco Cerundolo,51.78302805061499,10.543403964456596,5.912508544087491,11.021872863978126,48.13733297938236,3.602941176470588,2.8125,9.632352941176471,45.465003097071055,8.018684312962241,6.091864538731024,11.405216037368627,42.15556145473852,2.980688497061293,2.8547439126784218,9.550797649034424,2.4334129723033358,2.909090909090909,2.181818181818182,2.181818181818182,4.406689673480223,1.0040160642570282,1.0040160642570282,7.630522088353414,0.7521458278028493,61.1764705882353,7.0588235294117645,11.76470588235294,0.6194142111317582,41.42857142857143,8.571428571428571,22.857142857142858,0.7167507300238917,62.96296296296296,2.4691358024691357,11.11111111111111,0.026546323334218212,66.66666666666666,0.0,33.33333333333333,1.8316963100610568,40.57971014492754,6.763285024154589,15.458937198067632,0.3804973011237943,30.23255813953488,4.651162790697675,18.6046511627907,0.3893460755685338,9.090909090909092,0.0,0.0,0.46013627112644895,5.769230769230769,5.769230769230769,7.6923076923076925,0.14158039111583046,31.25,25.0,6.25,0.08848774444739403,20.0,10.0,20.0,0.053092646668436425,16.666666666666664,16.666666666666664,16.666666666666664,,,,
262,Francisco Comesana,49.645390070921984,9.285714285714286,5.476190476190476,9.523809523809524,49.40898345153664,2.8708133971291865,5.502392344497608,8.133971291866029,39.125295508274235,6.646525679758309,6.042296072507553,11.48036253776435,28.132387706855795,2.100840336134454,3.7815126050420167,10.084033613445378,6.73758865248227,1.7543859649122806,0.0,1.7543859649122806,16.666666666666664,0.7092198581560284,3.546099290780142,5.673758865248227,1.1820330969267139,50.0,20.0,0.0,1.5366430260047281,30.76923076923077,7.6923076923076925,7.6923076923076925,1.1820330969267139,50.0,0.0,0.0,,,,,0.7092198581560284,66.66666666666666,16.666666666666664,16.666666666666664,2.0094562647754137,11.76470588235294,35.294117647058826,5.88235294117647,0.4728132387706856,25.0,0.0,0.0,0.9456264775413712,0.0,12.5,0.0,0.1182033096926714,0.0,0.0,0.0,0.1182033096926714,0.0,100.0,0.0,0.1182033096926714,100.0,0.0,0.0,,,,
263,Francisco Llanes,56.86274509803921,2.586206896551724,2.586206896551724,12.068965517241379,43.13725490196079,3.4090909090909087,1.1363636363636365,11.363636363636363,52.450980392156865,1.8691588785046727,2.803738317757009,12.149532710280374,38.23529411764706,2.564102564102564,1.282051282051282,12.82051282051282,1.4705882352941175,0.0,0.0,0.0,2.941176470588235,0.0,0.0,0.0,0.49019607843137253,0.0,0.0,0.0,,,,,1.4705882352941175,33.33333333333333,0.0,33.33333333333333,,,,,0.49019607843137253,0.0,0.0,0.0,,,,,0.49019607843137253,0.0,0.0,0.0,1.4705882352941175,0.0,0.0,0.0,,,,,0.49019607843137253,100.0,0.0,0.0,,,,,,,,
264,Franco Skugor,40.0,5.714285714285714,0.0,11.428571428571429,60.0,6.666666666666667,1.9047619047619049,10.476190476190476,31.428571428571427,3.6363636363636362,0.0,9.090909090909092,49.142857142857146,3.488372093023256,2.3255813953488373,9.30232558139535,5.714285714285714,0.0,0.0,10.0,5.142857142857142,0.0,0.0,0.0,1.1428571428571428,50.0,0.0,50.0,4.0,57.14285714285714,0.0,14.285714285714285,1.1428571428571428,50.0,0.0,50.0,,,,,,,,,1.7142857142857144,0.0,0.0,66.66666666666666,,,,,,,,,0.5714285714285714,0.0,0.0,0.0,,,,,,,,,,,,
265,Franco Squillari,51.35135135135135,8.646616541353383,5.263157894736842,8.270676691729323,48.455598455598455,1.1952191235059761,5.179282868525896,7.569721115537849,46.52509652509653,5.809128630705394,4.564315352697095,7.883817427385892,43.62934362934363,0.8849557522123894,3.982300884955752,6.637168141592921,0.5791505791505791,0.0,33.33333333333333,0.0,1.3513513513513513,0.0,0.0,0.0,0.5791505791505791,33.33333333333333,33.33333333333333,0.0,0.5791505791505791,33.33333333333333,66.66666666666666,0.0,0.9652509652509652,40.0,0.0,0.0,,,,,2.3166023166023164,50.0,8.333333333333332,25.0,2.3166023166023164,0.0,16.666666666666664,33.33333333333333,0.3861003861003861,0.0,0.0,0.0,0.5791505791505791,0.0,0.0,0.0,,,,,,,,,,,,,,,,
266,Frank Dancevic,51.01449275362319,11.363636363636363,6.25,9.090909090909092,48.98550724637681,10.059171597633137,5.9171597633136095,7.100591715976331,44.34782608695652,9.15032679738562,5.88235294117647,8.49673202614379,28.985507246376812,9.0,7.000000000000001,9.0,1.1594202898550725,25.0,0.0,0.0,12.173913043478262,2.380952380952381,2.380952380952381,4.761904761904762,2.0289855072463765,42.857142857142854,28.57142857142857,14.285714285714285,4.057971014492753,42.857142857142854,14.285714285714285,0.0,1.4492753623188406,20.0,0.0,20.0,0.2898550724637681,0.0,0.0,0.0,1.7391304347826086,16.666666666666664,0.0,16.666666666666664,1.7391304347826086,16.666666666666664,0.0,16.666666666666664,,,,,0.5797101449275363,0.0,0.0,0.0,0.2898550724637681,0.0,0.0,0.0,1.1594202898550725,0.0,0.0,0.0,,,,,,,,
267,Gabriel Decamps,46.97508896797153,2.272727272727273,3.787878787878788,9.848484848484848,53.02491103202846,4.026845637583892,6.7114093959731544,4.026845637583892,40.92526690391459,1.7391304347826086,4.3478260869565215,11.304347826086957,42.34875444839858,3.361344537815126,6.722689075630252,5.042016806722689,3.9145907473309607,0.0,0.0,0.0,8.185053380782918,0.0,8.695652173913043,0.0,,,,,1.4234875444839856,50.0,0.0,0.0,0.3558718861209964,100.0,0.0,0.0,,,,,0.3558718861209964,0.0,0.0,0.0,,,,,1.0676156583629894,0.0,0.0,0.0,1.0676156583629894,0.0,0.0,0.0,,,,,,,,,0.3558718861209964,0.0,0.0,0.0,,,,
268,Gabriel Diallo,53.987730061349694,10.950413223140496,5.1652892561983474,12.913223140495866,46.012269938650306,4.484848484848484,4.484848484848484,11.757575757575758,45.6776352481874,8.058608058608058,5.738705738705739,13.064713064713066,38.20412716118238,3.5036496350364965,4.37956204379562,11.97080291970803,3.1790295593976574,1.7543859649122806,0.0,1.7543859649122806,4.294478527607362,1.2987012987012987,0.0,10.38961038961039,2.342442833240379,40.476190476190474,2.380952380952381,26.190476190476193,2.230897936419409,22.5,17.5,12.5,1.3385387618516453,75.0,0.0,8.333333333333332,0.055772448410485224,0.0,0.0,0.0,0.8923591745677636,25.0,6.25,18.75,0.39040713887339656,42.857142857142854,0.0,14.285714285714285,0.11154489682097045,0.0,0.0,0.0,0.6692693809258227,0.0,0.0,0.0,0.39040713887339656,0.0,14.285714285714285,14.285714285714285,0.16731734523145567,0.0,0.0,33.33333333333333,0.055772448410485224,0.0,0.0,0.0,,,,
269,Gabriele Felline,57.47126436781609,4.0,2.0,8.0,42.5287356321839,0.9009009009009009,1.8018018018018018,8.108108108108109,50.95785440613027,3.007518796992481,1.5037593984962405,9.022556390977442,39.46360153256705,0.9708737864077669,1.9417475728155338,7.766990291262135,2.681992337164751,0.0,0.0,0.0,2.681992337164751,0.0,0.0,14.285714285714285,0.38314176245210724,100.0,0.0,0.0,,,,,0.38314176245210724,100.0,0.0,0.0,,,,,0.38314176245210724,0.0,100.0,0.0,0.38314176245210724,0.0,0.0,0.0,1.9157088122605364,0.0,0.0,0.0,,,,,,,,,,,,,0.7662835249042145,0.0,0.0,0.0,,,,
270,Gael Monfils,50.41413056450651,7.319729179489608,4.942947777093887,9.256190521282136,49.523809523809526,3.79313668787353,3.1906689801426644,7.3452862926547136,43.236663086287145,6.260351109638954,4.935409075852931,9.98675057966214,42.30337749134742,2.996106753935564,3.103312080347571,7.656717260057552,4.499343597087958,1.9628647214854114,1.6976127320954906,2.2811671087533156,5.014918248000955,2.3322227510709186,1.6658733936220846,3.426939552594003,0.9046425587778971,48.02110817941953,10.554089709762533,8.70712401055409,0.9929585869435493,37.019230769230774,11.057692307692307,11.538461538461538,0.4988662131519274,53.110047846889955,10.047846889952153,9.569377990430622,0.00954767872061105,25.0,25.0,0.0,0.8163265306122449,18.71345029239766,9.941520467836257,12.573099415204677,0.4153240243465807,12.068965517241379,8.045977011494253,18.96551724137931,0.29836496001909535,4.0,11.200000000000001,3.2,0.6253729562000239,6.106870229007633,5.343511450381679,3.435114503816794,0.13128058240840196,12.727272727272727,16.363636363636363,1.8181818181818181,0.11457214464733262,8.333333333333332,0.0,6.25,0.028643036161833155,50.0,0.0,16.666666666666664,0.047738393603055256,55.00000000000001,10.0,10.0
271,Gastao Elias,50.0,15.730337078651685,6.741573033707865,7.865168539325842,50.0,5.617977528089887,1.1235955056179776,14.606741573033707,46.62921348314607,13.253012048192772,7.228915662650602,8.433734939759036,38.764044943820224,5.797101449275362,1.4492753623188406,17.391304347826086,1.1235955056179776,0.0,0.0,0.0,9.550561797752808,0.0,0.0,0.0,0.5617977528089888,100.0,0.0,0.0,1.1235955056179776,50.0,0.0,50.0,0.5617977528089888,100.0,0.0,0.0,,,,,1.1235955056179776,50.0,0.0,0.0,,,,,,,,,0.5617977528089888,0.0,0.0,0.0,,,,,,,,,,,,,,,,
272,Gaston Gaudio,55.420602789023846,6.0064935064935066,4.220779220779221,7.386363636363637,44.48942869995501,4.448938321536906,2.5278058645096055,9.201213346814964,50.697255960413855,4.525288376220053,4.081632653061225,7.09849157054126,30.319388214125055,4.599406528189911,2.6706231454005933,11.42433234421365,0.8996851102114259,0.0,0.0,0.0,10.796221322537113,0.4166666666666667,0.4166666666666667,3.75,1.2595591542959963,42.857142857142854,3.571428571428571,17.857142857142858,1.0796221322537112,25.0,8.333333333333332,4.166666666666666,0.7197480881691408,43.75,6.25,18.75,,,,,0.8547008547008548,10.526315789473683,10.526315789473683,10.526315789473683,1.0796221322537112,16.666666666666664,16.666666666666664,16.666666666666664,0.7197480881691408,6.25,12.5,6.25,0.9896536212325686,9.090909090909092,0.0,0.0,0.1349527665317139,33.33333333333333,0.0,0.0,0.22492127755285649,0.0,0.0,0.0,0.1349527665317139,0.0,0.0,0.0,,,,
273,Gavin Van Peperzeel,65.74074074074075,16.901408450704224,8.450704225352112,12.676056338028168,33.33333333333333,2.7777777777777777,2.7777777777777777,13.88888888888889,47.22222222222222,9.803921568627452,9.803921568627452,9.803921568627452,17.59259259259259,0.0,5.263157894736842,15.789473684210526,3.7037037037037033,0.0,0.0,0.0,13.88888888888889,0.0,0.0,13.333333333333334,9.25925925925926,20.0,10.0,40.0,1.8518518518518516,50.0,0.0,0.0,2.7777777777777777,100.0,0.0,0.0,,,,,,,,,,,,,0.9259259259259258,0.0,0.0,0.0,,,,,1.8518518518518516,100.0,0.0,0.0,,,,,,,,,,,,
274,Genaro Alberto Olivieri,57.34767025089605,4.375,7.5,6.875000000000001,42.65232974910394,2.5210084033613445,0.8403361344537815,11.76470588235294,53.40501792114696,4.026845637583892,6.7114093959731544,7.38255033557047,30.824372759856633,1.1627906976744187,0.0,8.13953488372093,0.7168458781362007,0.0,0.0,0.0,10.39426523297491,0.0,3.4482758620689653,20.689655172413794,0.35842293906810035,0.0,100.0,0.0,,,,,0.35842293906810035,0.0,0.0,0.0,,,,,1.0752688172043012,33.33333333333333,0.0,0.0,1.4336917562724014,50.0,0.0,25.0,1.0752688172043012,0.0,0.0,0.0,,,,,,,,,,,,,0.35842293906810035,0.0,100.0,0.0,,,,
275,George Bastl,46.42857142857143,10.576923076923077,5.769230769230769,11.538461538461538,53.57142857142857,3.3333333333333335,7.5,15.0,37.5,1.1904761904761905,5.952380952380952,13.095238095238097,38.839285714285715,0.0,5.747126436781609,19.54022988505747,2.232142857142857,0.0,0.0,0.0,7.5892857142857135,0.0,5.88235294117647,5.88235294117647,4.017857142857143,55.55555555555556,11.11111111111111,11.11111111111111,5.803571428571429,30.76923076923077,23.076923076923077,0.0,1.7857142857142856,100.0,0.0,0.0,0.4464285714285714,0.0,0.0,0.0,0.8928571428571428,50.0,0.0,0.0,,,,,,,,,,,,,,,,,0.8928571428571428,0.0,0.0,0.0,,,,,,,,
276,Gerald Melzer,48.89867841409692,8.108108108108109,5.405405405405405,5.405405405405405,51.10132158590308,5.172413793103448,2.586206896551724,5.172413793103448,46.69603524229075,7.547169811320755,4.716981132075472,5.660377358490567,45.37444933920705,2.912621359223301,0.9708737864077669,4.854368932038835,0.881057268722467,0.0,0.0,0.0,3.0837004405286343,0.0,14.285714285714285,14.285714285714285,0.4405286343612335,100.0,0.0,0.0,0.881057268722467,50.0,0.0,0.0,0.4405286343612335,0.0,100.0,0.0,,,,,,,,,1.762114537444934,50.0,25.0,0.0,0.4405286343612335,0.0,0.0,0.0,,,,,,,,,,,,,,,,,,,,
277,Germain Gigounon,33.63636363636363,4.504504504504505,0.9009009009009009,14.414414414414415,66.36363636363637,5.47945205479452,0.91324200913242,8.67579908675799,31.515151515151512,1.9230769230769231,0.9615384615384616,15.384615384615385,56.96969696969697,4.25531914893617,1.0638297872340425,9.042553191489363,0.9090909090909091,0.0,0.0,0.0,7.878787878787878,11.538461538461538,0.0,3.8461538461538463,,,,,0.30303030303030304,0.0,0.0,100.0,,,,,,,,,0.9090909090909091,66.66666666666666,0.0,0.0,0.6060606060606061,50.0,0.0,0.0,0.30303030303030304,100.0,0.0,0.0,0.6060606060606061,0.0,0.0,0.0,,,,,,,,,,,,,,,,
278,Gianluca Mager,46.785714285714285,5.7251908396946565,5.343511450381679,10.305343511450381,50.89285714285714,2.456140350877193,2.807017543859649,6.315789473684211,40.0,3.571428571428571,5.357142857142857,9.375,43.03571428571429,2.4896265560165975,2.4896265560165975,5.809128630705394,1.7857142857142856,0.0,0.0,10.0,5.892857142857142,0.0,3.0303030303030303,6.0606060606060606,0.7142857142857143,100.0,0.0,0.0,0.5357142857142857,0.0,0.0,0.0,0.5357142857142857,100.0,0.0,0.0,,,,,2.3214285714285716,0.0,7.6923076923076925,30.76923076923077,1.0714285714285714,0.0,16.666666666666664,33.33333333333333,1.0714285714285714,0.0,0.0,16.666666666666664,0.17857142857142858,0.0,0.0,0.0,,,,,,,,,0.35714285714285715,0.0,50.0,0.0,0.17857142857142858,100.0,0.0,0.0
279,Gianluigi Quinzi,55.94202898550724,7.253886010362693,3.1088082901554404,9.32642487046632,44.05797101449275,5.263157894736842,4.605263157894736,7.236842105263158,53.62318840579711,7.027027027027027,3.2432432432432434,9.18918918918919,40.28985507246377,5.755395683453238,5.0359712230215825,7.913669064748201,2.0289855072463765,14.285714285714285,0.0,0.0,3.768115942028986,0.0,0.0,0.0,0.2898550724637681,0.0,0.0,100.0,,,,,,,,,,,,,,,,,,,,,,,,,,,,,,,,,,,,,,,,,,,,
280,Gijs Brouwer,58.45110231769362,9.429400386847195,6.286266924564797,12.379110251450678,41.322781232334655,3.830369357045144,4.035567715458276,8.549931600547197,54.494064443188236,7.105809128630705,6.068464730290456,12.655601659751037,22.159412097230074,2.933673469387755,3.9540816326530615,10.076530612244898,0.7066139061616733,0.0,8.0,4.0,16.47823629169022,0.34305317324185247,2.5728987993138936,7.375643224699828,1.215375918598078,53.48837209302325,6.976744186046512,9.30232558139535,1.5545505935556811,50.90909090909091,20.0,1.8181818181818181,1.215375918598078,62.7906976744186,6.976744186046512,6.976744186046512,0.05652911249293386,0.0,50.0,0.0,0.22611644997173544,0.0,37.5,25.0,0.1978518937252685,28.57142857142857,0.0,28.57142857142857,0.1695873374788016,0.0,0.0,0.0,0.7066139061616733,0.0,0.0,0.0,0.11305822498586772,50.0,0.0,0.0,0.1695873374788016,16.666666666666664,16.666666666666664,0.0,0.3109101187111362,54.54545454545454,18.181818181818183,18.181818181818183,,,,
281,Gilles Arnaud Bailly,45.593220338983045,3.717472118959108,1.858736059479554,4.83271375464684,54.40677966101695,2.4922118380062304,4.672897196261682,3.7383177570093453,39.66101694915255,2.564102564102564,2.1367521367521367,5.128205128205128,48.47457627118644,1.048951048951049,3.8461538461538463,3.8461538461538463,3.728813559322034,0.0,0.0,4.545454545454546,3.050847457627119,0.0,0.0,0.0,0.5084745762711864,0.0,0.0,0.0,1.3559322033898304,25.0,37.5,0.0,0.847457627118644,80.0,0.0,0.0,,,,,,,,,0.6779661016949152,75.0,0.0,25.0,0.6779661016949152,0.0,0.0,0.0,0.6779661016949152,0.0,0.0,0.0,0.1694915254237288,0.0,0.0,0.0,,,,,,,,,0.1694915254237288,0.0,100.0,0.0
282,Gilles Muller,52.642857142857146,15.264586160108548,6.7164179104477615,12.279511533242877,47.25,7.4074074074074066,6.349206349206349,10.884353741496598,41.25,9.956709956709958,6.666666666666667,13.41991341991342,24.785714285714285,3.602305475504323,6.051873198847262,12.968299711815561,3.428571428571429,2.083333333333333,1.0416666666666665,2.083333333333333,14.428571428571429,1.2376237623762376,3.9603960396039604,6.435643564356436,4.428571428571428,52.41935483870967,8.870967741935484,10.483870967741936,5.535714285714286,37.41935483870968,14.193548387096774,9.67741935483871,1.6428571428571428,78.26086956521739,4.3478260869565215,0.0,0.10714285714285715,66.66666666666666,0.0,0.0,0.8214285714285714,13.043478260869565,8.695652173913043,34.78260869565217,0.6785714285714286,15.789473684210526,0.0,26.31578947368421,0.3928571428571429,9.090909090909092,18.181818181818183,0.0,1.0714285714285714,10.0,6.666666666666667,16.666666666666664,0.4642857142857143,7.6923076923076925,15.384615384615385,15.384615384615385,0.6071428571428571,11.76470588235294,11.76470588235294,11.76470588235294,0.2142857142857143,33.33333333333333,33.33333333333333,16.666666666666664,0.03571428571428571,0.0,0.0,100.0
283,Gilles Simon,49.786560506499114,5.163776493256262,4.181117533718689,6.4450867052023115,50.19425392105137,3.076923076923077,2.857142857142857,5.790731008122312,44.44817497242074,4.003453113197367,4.078989964389771,6.701197798640337,47.484291812556954,2.515151515151515,2.7474747474747474,5.747474747474747,3.477385006475131,1.103448275862069,2.0689655172413794,1.3793103448275863,1.3142117127919806,2.18978102189781,2.9197080291970803,3.2846715328467155,0.7002733944074057,52.73972602739726,10.95890410958904,13.013698630136986,0.6331238908340928,41.66666666666667,8.333333333333332,13.636363636363635,0.5228068492493645,52.293577981651374,15.59633027522936,10.091743119266056,0.028778358674276944,33.33333333333333,0.0,16.666666666666664,0.13909540025900524,27.586206896551722,6.896551724137931,10.344827586206897,0.09113146913521032,10.526315789473683,31.57894736842105,21.052631578947366,0.32135833852942586,2.9850746268656714,5.970149253731343,0.0,0.5995491390474363,4.0,1.6,2.4,0.07674228979807185,25.0,6.25,6.25,0.023981965561897453,0.0,0.0,20.0,0.1007242553599693,42.857142857142854,4.761904761904762,19.047619047619047,0.019185572449517962,75.0,0.0,25.0
284,Giorgio Galimberti,43.573667711598745,5.755395683453238,5.755395683453238,12.949640287769784,56.42633228840125,6.666666666666667,1.6666666666666667,7.777777777777778,40.43887147335423,3.10077519379845,6.2015503875969,13.953488372093023,39.49843260188088,7.142857142857142,2.380952380952381,11.11111111111111,1.8808777429467085,0.0,0.0,0.0,15.673981191222571,2.0,0.0,0.0,0.6269592476489028,100.0,0.0,0.0,0.3134796238244514,0.0,0.0,0.0,0.6269592476489028,100.0,0.0,0.0,,,,,,,,,0.6269592476489028,100.0,0.0,0.0,,,,,,,,,,,,,0.3134796238244514,0.0,0.0,0.0,,,,,,,,
285,Giovanni Lapentti,54.54545454545454,4.385964912280701,12.280701754385964,8.771929824561402,45.45454545454545,2.1052631578947367,7.368421052631578,6.315789473684211,46.889952153110045,3.061224489795918,12.244897959183673,8.16326530612245,36.36363636363637,0.0,6.578947368421052,3.9473684210526314,2.3923444976076556,0.0,0.0,0.0,4.784688995215311,0.0,10.0,10.0,1.4354066985645932,66.66666666666666,33.33333333333333,0.0,3.349282296650718,28.57142857142857,14.285714285714285,28.57142857142857,0.9569377990430622,0.0,0.0,100.0,,,,,0.9569377990430622,0.0,50.0,0.0,,,,,1.9138755980861244,0.0,0.0,0.0,0.9569377990430622,0.0,0.0,0.0,,,,,,,,,,,,,,,,
286,Giovanni Mpetshi Perricard,54.04178019981835,11.76470588235294,5.588235294117648,14.915966386554622,45.86739327883742,6.089108910891089,3.4653465346534658,11.881188118811881,41.59854677565849,8.951965065502183,5.622270742358078,17.03056768558952,27.770208900999094,4.6606704824202785,3.3524121013900245,14.963205233033525,6.267029972752043,1.0869565217391304,0.36231884057971014,1.8115942028985508,12.034514078110808,0.37735849056603776,0.9433962264150944,3.5849056603773586,3.292461398728429,44.827586206896555,10.344827586206897,16.551724137931036,4.3142597638510445,28.421052631578945,8.421052631578947,14.736842105263156,1.2715712988192553,62.5,12.5,8.928571428571429,0.18165304268846502,12.5,25.0,0.0,0.7720254314259765,29.411764705882355,5.88235294117647,8.823529411764707,0.2270663033605813,0.0,10.0,30.0,0.38601271571298823,5.88235294117647,5.88235294117647,5.88235294117647,0.7947320617620345,2.857142857142857,5.714285714285714,2.857142857142857,0.4087193460490463,11.11111111111111,22.22222222222222,22.22222222222222,0.544959128065395,33.33333333333333,12.5,25.0,0.045413260672116255,0.0,0.0,50.0,,,,
287,Giulio Zeppieri,54.563492063492056,10.181818181818182,6.909090909090909,13.818181818181818,45.23809523809524,1.7543859649122806,2.631578947368421,10.087719298245613,45.83333333333333,7.35930735930736,6.0606060606060606,14.71861471861472,37.10317460317461,0.53475935828877,3.2085561497326207,11.76470588235294,3.1746031746031744,0.0,6.25,0.0,4.9603174603174605,0.0,0.0,0.0,1.5873015873015872,37.5,12.5,12.5,1.984126984126984,30.0,0.0,10.0,1.5873015873015872,50.0,37.5,0.0,,,,,1.984126984126984,40.0,0.0,30.0,0.3968253968253968,0.0,0.0,0.0,0.1984126984126984,0.0,0.0,0.0,0.7936507936507936,0.0,0.0,0.0,,,,,,,,,0.1984126984126984,0.0,0.0,0.0,,,,
288,Goncalo Oliveira,54.14364640883977,14.540816326530612,4.081632653061225,10.204081632653061,45.7182320441989,6.042296072507553,2.1148036253776437,14.19939577039275,47.09944751381215,11.730205278592376,4.398826979472141,10.263929618768328,39.364640883977906,4.56140350877193,2.456140350877193,14.736842105263156,3.314917127071823,4.166666666666666,0.0,8.333333333333332,4.558011049723757,0.0,0.0,12.121212121212121,1.2430939226519337,66.66666666666666,11.11111111111111,0.0,0.9668508287292817,57.14285714285714,0.0,14.285714285714285,1.3812154696132597,70.0,0.0,10.0,,,,,0.4143646408839779,33.33333333333333,0.0,33.33333333333333,0.5524861878453038,50.0,0.0,0.0,0.2762430939226519,0.0,0.0,50.0,,,,,0.13812154696132595,0.0,0.0,0.0,0.2762430939226519,50.0,0.0,0.0,0.2762430939226519,100.0,0.0,0.0,,,,
289,Gonzalo Escobar,67.2811059907834,17.123287671232877,13.698630136986301,6.164383561643835,32.71889400921659,4.225352112676056,9.859154929577464,7.042253521126761,63.133640552995395,14.5985401459854,13.86861313868613,6.569343065693431,28.110599078341014,3.278688524590164,11.475409836065573,8.19672131147541,1.3824884792626728,0.0,0.0,0.0,2.7649769585253456,0.0,0.0,0.0,1.8433179723502304,100.0,0.0,0.0,0.4608294930875576,100.0,0.0,0.0,0.4608294930875576,0.0,100.0,0.0,,,,,,,,,0.9216589861751152,0.0,0.0,0.0,0.4608294930875576,100.0,0.0,0.0,0.4608294930875576,0.0,0.0,0.0,,,,,,,,,,,,,,,,
290,Gonzalo Lama,72.31638418079096,6.25,7.03125,12.5,27.683615819209038,0.0,4.081632653061225,8.16326530612245,67.79661016949152,3.3333333333333335,7.5,12.5,21.468926553672315,0.0,5.263157894736842,7.894736842105263,1.1299435028248588,0.0,0.0,50.0,5.084745762711865,0.0,0.0,11.11111111111111,,,,,,,,,0.5649717514124294,100.0,0.0,0.0,,,,,1.1299435028248588,100.0,0.0,0.0,,,,,1.1299435028248588,0.0,0.0,0.0,1.1299435028248588,0.0,0.0,0.0,,,,,,,,,0.5649717514124294,100.0,0.0,0.0,,,,
291,Goran Ivanisevic,47.6056338028169,15.976331360946746,9.270216962524655,9.072978303747535,52.206572769953056,11.151079136690647,8.992805755395683,11.151079136690647,36.61971830985916,9.743589743589745,9.230769230769232,7.6923076923076925,25.44600938967136,9.22509225092251,11.439114391143912,16.605166051660518,0.6572769953051643,14.285714285714285,0.0,0.0,14.929577464788732,1.8867924528301887,2.515723270440252,5.660377358490567,6.760563380281689,34.72222222222222,8.333333333333332,19.444444444444446,7.230046948356808,33.76623376623377,15.584415584415584,7.792207792207792,1.8779342723004695,65.0,15.0,10.0,0.28169014084507044,66.66666666666666,33.33333333333333,0.0,0.18779342723004694,50.0,0.0,0.0,1.4084507042253522,33.33333333333333,6.666666666666667,13.333333333333334,0.3755868544600939,25.0,25.0,0.0,0.6572769953051643,14.285714285714285,0.0,0.0,0.8450704225352111,0.0,0.0,0.0,2.2535211267605635,0.0,4.166666666666666,0.0,0.28169014084507044,66.66666666666666,33.33333333333333,0.0,,,,
292,Govind Nanda,50.51194539249146,5.405405405405405,0.0,6.756756756756757,49.48805460750853,0.6896551724137931,2.7586206896551726,4.827586206896552,47.781569965870304,2.857142857142857,0.0,7.142857142857142,42.66211604095563,0.0,3.2,2.4,0.3412969283276451,0.0,0.0,0.0,5.1194539249146755,0.0,0.0,13.333333333333334,1.3651877133105803,75.0,0.0,0.0,1.023890784982935,33.33333333333333,0.0,0.0,,,,,,,,,0.6825938566552902,0.0,0.0,0.0,0.3412969283276451,0.0,0.0,100.0,,,,,0.3412969283276451,0.0,0.0,100.0,0.3412969283276451,100.0,0.0,0.0,,,,,,,,,,,,
293,Greg Rusedski,45.40750323415265,12.535612535612536,5.413105413105413,11.11111111111111,54.463130659767145,6.65083135391924,4.750593824228028,9.026128266033254,31.82406209573092,5.691056910569105,3.6585365853658534,10.16260162601626,8.796895213454075,7.352941176470589,2.941176470588235,5.88235294117647,1.034928848641656,0.0,0.0,12.5,32.082794307891334,1.2096774193548387,1.6129032258064515,8.870967741935484,9.314359637774903,29.166666666666668,12.5,16.666666666666664,10.34928848641656,23.75,16.25,15.0,0.646830530401035,100.0,0.0,0.0,0.129366106080207,0.0,0.0,0.0,0.129366106080207,100.0,0.0,0.0,0.38809831824062097,33.33333333333333,0.0,0.0,0.646830530401035,20.0,0.0,20.0,1.1642949547218628,0.0,0.0,0.0,1.8111254851228977,14.285714285714285,7.142857142857142,0.0,1.5523932729624839,0.0,8.333333333333332,0.0,,,,,,,,
294,Grega Zemlja,51.06382978723404,14.583333333333334,10.416666666666668,4.166666666666666,48.93617021276596,6.521739130434782,8.695652173913043,2.1739130434782608,47.87234042553192,11.11111111111111,11.11111111111111,2.2222222222222223,34.04255319148936,9.375,9.375,3.125,,,,,12.76595744680851,0.0,8.333333333333332,0.0,1.0638297872340425,100.0,0.0,0.0,,,,,1.0638297872340425,100.0,0.0,0.0,,,,,,,,,,,,,,,,,2.127659574468085,0.0,0.0,0.0,1.0638297872340425,0.0,0.0,100.0,,,,,,,,,,,,
295,Gregoire Barrere,51.914295749912185,7.916102841677943,5.345060893098782,11.231393775372124,48.015454864769936,3.9502560351133873,5.267008046817849,10.607168983174835,44.15173867228662,5.88703261734288,5.727923627684964,11.614956245027845,39.26940639269406,3.488372093023256,5.366726296958855,10.822898032200358,4.425711275026344,2.380952380952381,1.5873015873015872,1.5873015873015872,5.97119775201967,0.0,2.3529411764705883,7.647058823529412,1.2293642430628733,40.0,2.857142857142857,20.0,1.0888654724271163,16.129032258064516,16.129032258064516,19.35483870967742,1.0888654724271163,58.06451612903226,3.225806451612903,22.58064516129032,0.10537407797681769,33.33333333333333,33.33333333333333,0.0,0.42149631190727077,25.0,8.333333333333332,16.666666666666664,1.0186160871092378,24.137931034482758,6.896551724137931,17.24137931034483,0.31612223393045313,0.0,11.11111111111111,22.22222222222222,0.42149631190727077,8.333333333333332,0.0,0.0,0.035124692658939236,0.0,0.0,0.0,0.10537407797681769,0.0,0.0,0.0,0.24587284861257463,71.42857142857143,14.285714285714285,0.0,0.035124692658939236,100.0,0.0,0.0
296,Grigor Dimitrov,52.97966401414678,9.191421895861149,6.400200267022697,8.415387182910546,46.96507515473033,3.7652374452863935,2.800395349931755,9.58252929825387,48.36427939876216,7.0246800731261425,6.448811700182816,8.587751371115173,21.68656056587091,4.821119151972276,3.8222403424727345,12.587911527876871,1.7550839964633067,0.8816120906801008,1.7632241813602016,1.2594458438287155,23.010610079575596,0.4034582132564841,1.1623439000960614,6.243996157540826,0.9924845269672855,54.12026726057907,7.795100222717149,11.358574610244988,1.0654288240495138,42.531120331950206,9.336099585062241,14.730290456431536,0.9836427939876216,67.64044943820224,7.640449438202247,6.96629213483146,0.03978779840848806,66.66666666666666,11.11111111111111,0.0,0.21441202475685237,28.865979381443296,7.216494845360824,17.525773195876287,0.6962864721485411,15.555555555555555,11.746031746031745,22.22222222222222,0.24093722369584436,9.174311926605505,8.256880733944955,2.7522935779816518,0.34261715296198053,3.870967741935484,4.516129032258064,3.225806451612903,0.15030946065428824,23.52941176470588,16.176470588235293,5.88235294117647,0.10167992926613616,19.565217391304348,13.043478260869565,6.521739130434782,0.27851458885941643,48.41269841269841,10.317460317460316,17.46031746031746,0.022104332449160033,40.0,20.0,20.0
297,Guido Andreozzi,62.74193548387097,5.912596401028278,6.169665809768637,8.997429305912597,37.25806451612903,3.463203463203463,1.7316017316017316,9.956709956709958,61.29032258064516,5.7894736842105265,6.052631578947368,8.947368421052632,29.516129032258064,1.639344262295082,0.546448087431694,10.382513661202186,0.4838709677419355,0.0,0.0,0.0,5.161290322580645,0.0,0.0,3.125,0.4838709677419355,33.33333333333333,33.33333333333333,0.0,1.4516129032258065,55.55555555555556,11.11111111111111,33.33333333333333,0.16129032258064516,0.0,0.0,0.0,,,,,0.16129032258064516,0.0,0.0,100.0,0.3225806451612903,0.0,0.0,0.0,0.16129032258064516,0.0,0.0,0.0,0.6451612903225806,0.0,25.0,0.0,,,,,0.16129032258064516,0.0,100.0,0.0,,,,,,,,
298,Guido Pella,54.960349571128006,5.771495877502945,4.946996466431095,7.803297997644288,44.94254733775691,3.4929780338494782,3.5649981994958586,7.742167806985956,50.25084965204726,4.28341384863124,4.798711755233494,8.019323671497585,35.02184819550089,2.1719038817005547,3.0961182994454712,7.6709796672828094,2.2495549441657223,4.316546762589928,0.7194244604316548,1.4388489208633095,6.813400226573879,0.9501187648456058,3.800475059382423,4.98812351543943,1.0195824567082052,55.55555555555556,11.11111111111111,4.761904761904762,0.8415601229972487,42.30769230769231,11.538461538461538,13.461538461538462,0.42078006149862435,38.46153846153847,15.384615384615385,7.6923076923076925,0.08091924259588931,80.0,0.0,0.0,0.5016993040945137,32.25806451612903,12.903225806451612,22.58064516129032,1.3108917300534069,19.753086419753085,11.11111111111111,24.691358024691358,0.3722285159410908,0.0,8.695652173913043,0.0,0.7444570318821816,4.3478260869565215,2.1739130434782608,0.0,0.08091924259588931,20.0,0.0,20.0,0.09710309111506717,0.0,0.0,16.666666666666664,0.06473539407671144,25.0,25.0,25.0,0.03236769703835572,100.0,0.0,0.0
299,Guillermo Canas,54.24354243542435,7.580174927113703,4.470359572400389,6.997084548104956,45.75645756457565,2.6497695852534564,1.8433179723502304,6.797235023041474,50.65893516078018,6.035379812695109,4.266389177939646,6.971904266389179,36.47865050079072,1.4450867052023122,1.1560693641618496,7.225433526011561,1.2124406958355298,0.0,4.3478260869565215,0.0,6.694781233526621,0.7874015748031495,0.7874015748031495,3.937007874015748,0.9488666315234582,33.33333333333333,16.666666666666664,22.22222222222222,1.0542962572482868,50.0,10.0,10.0,0.790722192936215,73.33333333333333,6.666666666666667,0.0,,,,,0.05271481286241434,0.0,0.0,100.0,0.158144438587243,0.0,0.0,66.66666666666666,0.5271481286241434,20.0,0.0,0.0,1.2124406958355298,8.695652173913043,8.695652173913043,0.0,0.05271481286241434,100.0,0.0,0.0,0.158144438587243,0.0,100.0,0.0,,,,,,,,
300,Guillermo Coria,51.09978540772532,6.141732283464567,4.671916010498688,7.086614173228346,48.87339055793991,3.5675082327113063,2.469813391877058,5.625686059275521,43.48175965665236,3.763109191856878,4.009870450339297,7.341147439851943,44.1255364806867,2.674772036474164,2.4012158054711246,5.4407294832826745,2.99087982832618,3.1390134529147984,0.8968609865470852,3.1390134529147984,2.8567596566523608,1.8779342723004695,0.4694835680751174,4.225352112676056,0.8583690987124464,53.125,14.0625,3.125,0.6437768240343348,29.166666666666668,4.166666666666666,25.0,0.6437768240343348,45.83333333333333,16.666666666666664,8.333333333333332,0.1072961373390558,62.5,0.0,12.5,2.199570815450644,20.121951219512198,13.414634146341465,10.975609756097562,0.24141630901287556,11.11111111111111,0.0,11.11111111111111,0.6169527896995708,17.391304347826086,8.695652173913043,0.0,0.6840128755364807,21.568627450980394,11.76470588235294,1.9607843137254901,0.2011802575107296,33.33333333333333,13.333333333333334,6.666666666666667,0.17435622317596566,38.46153846153847,7.6923076923076925,7.6923076923076925,0.1072961373390558,37.5,12.5,0.0,0.040236051502145924,33.33333333333333,33.33333333333333,0.0
301,Guillermo Garcia Lopez,50.87842586085735,8.35635359116022,5.110497237569061,5.662983425414365,49.08643710470837,3.4359341445955622,3.0064423765211163,6.728704366499643,46.59170765987351,6.862745098039216,5.052790346907994,6.108597285067873,33.38018271257906,2.9473684210526314,3.578947368421052,7.157894736842104,2.037947997189037,0.0,0.0,0.0,13.106113843991569,0.2680965147453083,1.0723860589812333,5.630026809651475,0.6324666198172875,72.22222222222221,0.0,0.0,0.7378777231201686,57.14285714285714,0.0,0.0,0.4567814476458187,69.23076923076923,7.6923076923076925,0.0,,,,,0.4567814476458187,38.46153846153847,15.384615384615385,7.6923076923076925,1.0541110330288124,20.0,13.333333333333334,16.666666666666664,0.4216444132115249,8.333333333333332,8.333333333333332,0.0,0.7027406886858749,5.0,0.0,0.0,0.07027406886858749,0.0,0.0,0.0,0.10541110330288123,0.0,0.0,0.0,0.21082220660576245,33.33333333333333,50.0,0.0,,,,
302,Gustavo Kuerten,45.64169951817784,9.884836852207293,5.902111324376199,10.316698656429942,54.314498466929486,6.330645161290323,3.931451612903226,9.536290322580646,41.4257555847569,6.872852233676976,5.815490351572826,10.49431667988369,45.90451160753395,5.749045801526718,3.959923664122137,10.162213740458014,0.7884362680683311,6.944444444444445,0.0,0.0,5.245291283399036,2.0876826722338206,0.41753653444676403,3.1315240083507305,1.2045554095488393,62.727272727272734,6.363636363636363,14.545454545454545,1.0731493648707842,34.69387755102041,10.204081632653061,11.224489795918368,0.8103372755146736,58.108108108108105,8.108108108108109,5.405405405405405,0.043802014892685065,25.0,0.0,0.0,0.7774857643451599,38.028169014084504,14.084507042253522,9.859154929577464,0.9526938239159002,19.54022988505747,13.793103448275861,18.39080459770115,0.28471309680245294,11.538461538461538,0.0,3.8461538461538463,0.8869908015768726,9.876543209876543,2.4691358024691357,2.4691358024691357,0.12045554095488392,9.090909090909092,9.090909090909092,0.0,0.164257555847569,13.333333333333334,20.0,0.0,0.22996057818659657,19.047619047619047,9.523809523809524,23.809523809523807,0.043802014892685065,25.0,0.0,75.0
303,Guy Den Ouden,62.824207492795395,8.256880733944955,6.422018348623854,10.550458715596331,34.5821325648415,6.666666666666667,2.5,10.833333333333334,55.61959654178674,7.253886010362693,5.699481865284974,10.880829015544041,26.801152737752158,4.301075268817205,3.225806451612903,10.75268817204301,3.45821325648415,8.333333333333332,0.0,0.0,5.187319884726225,0.0,0.0,11.11111111111111,0.8645533141210375,66.66666666666666,33.33333333333333,0.0,0.2881844380403458,100.0,0.0,0.0,0.2881844380403458,0.0,0.0,100.0,,,,,1.729106628242075,16.666666666666664,16.666666666666664,16.666666666666664,0.8645533141210375,33.33333333333333,0.0,33.33333333333333,0.5763688760806917,0.0,0.0,0.0,1.440922190201729,40.0,0.0,0.0,0.2881844380403458,0.0,100.0,0.0,,,,,,,,,,,,
304,Hady Habib,52.56410256410257,8.536585365853659,9.75609756097561,10.975609756097562,47.43589743589743,4.054054054054054,1.3513513513513513,17.56756756756757,47.43589743589743,9.45945945945946,10.81081081081081,9.45945945945946,37.17948717948718,3.4482758620689653,1.7241379310344827,20.689655172413794,3.205128205128205,0.0,0.0,0.0,8.974358974358974,0.0,0.0,7.142857142857142,1.282051282051282,0.0,0.0,100.0,0.641025641025641,100.0,0.0,0.0,,,,,,,,,,,,,,,,,,,,,,,,,0.641025641025641,0.0,0.0,0.0,0.641025641025641,0.0,0.0,0.0,,,,,,,,
305,Hamad Medjedovic,52.019230769230774,11.090573012939002,6.284658040665435,13.67837338262477,47.98076923076923,3.406813627254509,5.61122244488978,10.821643286573146,44.80769230769231,8.583690987124463,6.008583690987124,13.090128755364807,37.40384615384615,1.7994858611825193,5.655526992287918,11.311053984575835,2.5,3.8461538461538463,3.8461538461538463,11.538461538461538,6.25,0.0,1.5384615384615385,1.5384615384615385,1.5384615384615385,25.0,18.75,31.25,1.3461538461538463,35.714285714285715,7.142857142857142,21.428571428571427,1.0576923076923077,45.45454545454545,9.090909090909092,9.090909090909092,,,,,1.4423076923076923,60.0,0.0,20.0,2.5,15.384615384615385,15.384615384615385,23.076923076923077,0.2884615384615385,0.0,0.0,0.0,0.4807692307692308,20.0,0.0,0.0,0.2884615384615385,0.0,33.33333333333333,33.33333333333333,,,,,0.09615384615384616,100.0,0.0,0.0,,,,
306,Harel Levy,46.336996336996336,5.138339920948617,4.3478260869565215,5.928853754940711,53.663003663003664,5.1194539249146755,2.3890784982935154,7.508532423208192,36.26373626373626,1.5151515151515151,5.05050505050505,7.07070707070707,23.076923076923077,5.555555555555555,2.380952380952381,12.698412698412698,6.7765567765567765,2.7027027027027026,0.0,0.0,24.358974358974358,0.0,1.5037593984962405,3.007518796992481,2.0146520146520146,54.54545454545454,9.090909090909092,9.090909090909092,3.47985347985348,26.31578947368421,5.263157894736842,0.0,0.3663003663003663,100.0,0.0,0.0,0.3663003663003663,100.0,0.0,0.0,0.18315018315018314,100.0,0.0,0.0,0.9157509157509158,0.0,20.0,20.0,0.18315018315018314,0.0,0.0,0.0,0.7326007326007326,25.0,0.0,0.0,0.5494505494505495,0.0,0.0,0.0,0.7326007326007326,0.0,0.0,25.0,,,,,,,,
307,Harold Mayot,48.11715481171548,6.086956521739131,6.086956521739131,6.956521739130435,51.88284518828452,2.4193548387096775,4.838709677419355,4.838709677419355,43.93305439330544,4.761904761904762,5.714285714285714,7.6190476190476195,39.74895397489539,3.1578947368421053,5.263157894736842,5.263157894736842,2.092050209205021,0.0,0.0,0.0,7.112970711297072,0.0,0.0,0.0,0.8368200836820083,100.0,0.0,0.0,1.2552301255230125,0.0,0.0,33.33333333333333,0.41841004184100417,0.0,100.0,0.0,,,,,,,,,1.6736401673640167,0.0,0.0,0.0,0.41841004184100417,0.0,0.0,0.0,2.092050209205021,0.0,20.0,0.0,,,,,,,,,0.41841004184100417,0.0,0.0,0.0,,,,
308,Henri Laaksonen,62.62403528114664,9.859154929577464,5.105633802816902,12.5,37.37596471885336,3.2448377581120944,4.129793510324483,11.504424778761061,57.7728776185226,7.251908396946565,5.534351145038168,12.977099236641221,19.845644983461963,5.0,5.555555555555555,12.777777777777777,1.8743109151047408,11.76470588235294,0.0,0.0,15.87651598676957,0.6944444444444444,0.6944444444444444,9.722222222222223,0.5512679162072767,40.0,0.0,40.0,0.33076074972436603,0.0,0.0,33.33333333333333,1.1025358324145533,80.0,0.0,0.0,,,,,1.1025358324145533,60.0,0.0,10.0,1.2127894156560088,9.090909090909092,27.27272727272727,9.090909090909092,0.2205071664829107,0.0,0.0,0.0,0.11025358324145534,0.0,0.0,0.0,,,,,,,,,,,,,,,,
309,Henrique Rocha,63.02895322939867,5.30035335689046,8.12720848056537,12.7208480565371,36.97104677060133,0.6024096385542169,3.0120481927710845,13.855421686746988,58.57461024498887,4.182509505703422,7.984790874524715,12.927756653992395,31.180400890868597,0.7142857142857143,3.571428571428571,13.571428571428571,1.55902004454343,0.0,0.0,0.0,4.67706013363029,0.0,0.0,14.285714285714285,1.1135857461024499,60.0,20.0,0.0,0.4454342984409799,0.0,0.0,50.0,,,,,,,,,0.8908685968819599,25.0,0.0,50.0,,,,,0.6681514476614699,0.0,0.0,0.0,0.6681514476614699,0.0,0.0,0.0,,,,,,,,,0.22271714922048996,0.0,100.0,0.0,,,,
310,Hernan Casanova,65.24822695035462,6.521739130434782,6.521739130434782,15.217391304347828,34.751773049645394,2.0408163265306123,4.081632653061225,4.081632653061225,58.86524822695035,4.819277108433735,6.024096385542169,16.867469879518072,20.56737588652482,0.0,0.0,6.896551724137931,2.8368794326241136,0.0,0.0,0.0,10.638297872340425,0.0,13.333333333333334,0.0,0.7092198581560284,0.0,0.0,0.0,1.4184397163120568,50.0,0.0,0.0,0.7092198581560284,100.0,0.0,0.0,,,,,0.7092198581560284,100.0,0.0,0.0,,,,,1.4184397163120568,0.0,50.0,0.0,2.127659574468085,0.0,0.0,0.0,,,,,,,,,,,,,,,,
311,Hiroki Moriya,56.8075117370892,3.3057851239669422,2.479338842975207,16.528925619834713,43.1924882629108,10.869565217391305,0.0,13.043478260869565,55.86854460093896,2.5210084033613445,2.5210084033613445,16.80672268907563,38.497652582159624,7.317073170731707,0.0,13.414634146341465,0.4694835680751174,0.0,0.0,0.0,1.4084507042253522,0.0,0.0,33.33333333333333,,,,,1.4084507042253522,66.66666666666666,0.0,0.0,,,,,,,,,,,,,0.4694835680751174,0.0,0.0,0.0,,,,,0.9389671361502347,100.0,0.0,0.0,0.4694835680751174,100.0,0.0,0.0,0.4694835680751174,0.0,0.0,0.0,,,,,,,,
312,Ho Gi Kang,58.5635359116022,1.8867924528301887,4.716981132075472,15.09433962264151,41.43646408839779,4.0,4.0,16.0,53.03867403314917,0.0,5.208333333333334,14.583333333333334,29.83425414364641,3.7037037037037033,5.555555555555555,12.962962962962962,3.314917127071823,0.0,0.0,0.0,9.392265193370166,0.0,0.0,29.411764705882355,0.5524861878453038,0.0,0.0,100.0,0.5524861878453038,100.0,0.0,0.0,,,,,,,,,1.6574585635359116,66.66666666666666,0.0,33.33333333333333,1.6574585635359116,0.0,0.0,0.0,,,,,,,,,,,,,,,,,,,,,,,,
313,Holger Rune,53.939072535501744,10.268734979244046,5.931833078435657,10.00655451168888,45.9784337988333,5.536332179930796,3.9728309624503395,9.688581314878892,44.134111130752466,8.07743658210948,6.048064085447263,10.654205607476635,36.09687113310942,4.031994776363042,3.819784524975514,10.235063663075417,4.596075658476225,1.0256410256410255,1.0256410256410255,1.7948717948717947,5.562430027694302,0.847457627118644,1.3771186440677965,3.8135593220338984,1.7441517883448234,46.95945945945946,11.14864864864865,12.162162162162163,1.8207530493194273,39.80582524271845,9.385113268608414,13.592233009708737,1.2609746037357845,58.41121495327103,9.345794392523365,11.214953271028037,0.07070885628424961,33.33333333333333,8.333333333333332,16.666666666666664,1.2432973896647221,20.379146919431278,8.056872037914692,15.639810426540285,1.3906075069235755,17.796610169491526,9.745762711864407,17.796610169491526,0.5244240174415179,6.741573033707865,1.1235955056179776,2.247191011235955,0.7601202050556832,4.651162790697675,1.550387596899225,1.550387596899225,0.25337340168522776,13.953488372093023,11.627906976744185,9.30232558139535,0.22391137823345708,5.263157894736842,13.157894736842104,7.894736842105263,0.18266454540097815,25.806451612903224,19.35483870967742,16.129032258064516,0.05303164221318721,0.0,33.33333333333333,22.22222222222222
314,Horacio Zeballos,58.244365361803084,9.164969450101832,9.368635437881874,11.608961303462321,41.637010676156585,8.547008547008547,3.418803418803419,10.256410256410255,52.194543297746144,7.954545454545454,8.181818181818182,11.136363636363637,31.672597864768683,6.367041198501873,2.9962546816479403,11.610486891385769,0.7117437722419928,0.0,0.0,16.666666666666664,6.524317912218268,0.0,5.454545454545454,5.454545454545454,0.5931198102016607,40.0,40.0,20.0,0.7117437722419928,83.33333333333334,0.0,0.0,0.8303677342823249,42.857142857142854,57.14285714285714,0.0,,,,,2.0166073546856467,17.647058823529413,11.76470588235294,23.52941176470588,1.6607354685646498,42.857142857142854,7.142857142857142,14.285714285714285,0.5931198102016607,0.0,0.0,0.0,0.9489916963226572,12.5,0.0,0.0,0.2372479240806643,0.0,0.0,0.0,0.11862396204033215,100.0,0.0,0.0,1.0676156583629894,22.22222222222222,22.22222222222222,22.22222222222222,,,,
315,Hubert Hurkacz,53.00550405561994,8.78763036844742,5.524434121236963,10.677688208771691,46.90758980301275,4.186609026812825,3.4841233081158975,9.580052493438322,44.885814986481265,5.819237905719741,5.345954231317396,11.557802457848172,36.378669370413284,2.83685590099207,3.2416470354026345,10.398487010186138,3.37726921591348,1.8227305218012868,1.6440314510364546,2.7519656897784133,6.573483970645038,1.046639735585751,1.7443995593095851,4.663973558575101,1.6862205484743142,49.248389405869716,10.450966356478167,10.093056549749463,1.7127752027809966,34.883720930232556,12.332628611698379,11.980267794221284,1.1684047894940133,64.35950413223141,9.50413223140496,5.991735537190083,0.056730397837002705,55.319148936170215,4.25531914893617,4.25531914893617,0.7374951718810352,30.76923076923077,9.819967266775777,13.747954173486088,0.8738895326380842,19.88950276243094,9.94475138121547,20.994475138121548,0.7242178447276941,6.166666666666667,4.5,0.5,1.1913383545770566,3.0395136778115504,2.735562310030395,0.60790273556231,0.13518733101583622,15.178571428571427,10.714285714285714,1.7857142857142856,0.10863267670915412,20.0,5.555555555555555,3.3333333333333335,0.2908941676322905,37.75933609958506,22.821576763485478,10.78838174273859,0.012070297412128235,20.0,10.0,20.0
316,Hugo Dellien,63.77730796335448,7.458563535911603,5.414364640883978,9.392265193370166,36.1522198731501,3.508771929824561,3.7037037037037033,9.746588693957115,56.800563777307964,5.831265508684864,5.334987593052109,9.491315136476427,27.62508809020437,2.933673469387755,4.336734693877551,11.096938775510203,3.453136011275546,3.061224489795918,1.0204081632653061,3.061224489795918,6.976744186046512,1.5151515151515151,1.5151515151515151,2.525252525252525,0.9513742071881607,55.55555555555556,11.11111111111111,14.814814814814813,0.5637773079633545,50.0,0.0,25.0,0.3171247357293869,55.55555555555556,0.0,22.22222222222222,,,,,1.4446793516560958,29.268292682926827,9.75609756097561,17.073170731707318,0.5285412262156448,13.333333333333334,6.666666666666667,26.666666666666668,0.5637773079633545,6.25,18.75,6.25,0.4580690627202256,0.0,0.0,0.0,,,,,,,,,0.24665257223396758,71.42857142857143,14.285714285714285,0.0,,,,
317,Hugo Gaston,55.716878402903816,8.550488599348533,6.270358306188925,7.166123778501629,44.01088929219601,5.154639175257731,4.43298969072165,9.896907216494846,39.7005444646098,5.714285714285714,4.914285714285714,7.199999999999999,34.89110707803993,4.031209362808843,4.551365409622886,10.533159947984396,7.350272232304899,4.320987654320987,1.2345679012345678,2.4691358024691357,4.174228675136116,1.0869565217391304,1.0869565217391304,2.1739130434782608,1.4972776769509981,48.484848484848484,27.27272727272727,6.0606060606060606,0.7259528130671506,37.5,0.0,25.0,0.7259528130671506,43.75,25.0,18.75,0.045372050816696916,0.0,0.0,0.0,4.900181488203267,19.444444444444446,15.74074074074074,13.88888888888889,1.8148820326678767,12.5,10.0,20.0,1.17967332123412,7.6923076923076925,0.0,3.8461538461538463,1.9509981851179674,6.976744186046512,4.651162790697675,2.3255813953488373,0.27223230490018147,16.666666666666664,16.666666666666664,0.0,0.18148820326678766,0.0,25.0,0.0,0.09074410163339383,50.0,50.0,0.0,0.2268602540834846,80.0,0.0,0.0
318,Hugo Grenier,45.93023255813954,7.9113924050632916,3.481012658227848,6.012658227848101,54.06976744186046,4.56989247311828,4.032258064516129,6.989247311827956,40.116279069767444,4.710144927536232,3.6231884057971016,6.159420289855073,36.77325581395349,4.3478260869565215,4.743083003952568,7.905138339920949,2.616279069767442,0.0,0.0,11.11111111111111,14.534883720930234,0.0,3.0,4.0,1.308139534883721,66.66666666666666,0.0,0.0,1.88953488372093,23.076923076923077,0.0,15.384615384615385,1.0174418604651163,71.42857142857143,14.285714285714285,0.0,0.14534883720930233,100.0,0.0,0.0,0.14534883720930233,0.0,0.0,0.0,0.29069767441860467,50.0,0.0,0.0,0.436046511627907,0.0,0.0,0.0,0.436046511627907,33.33333333333333,0.0,0.0,0.14534883720930233,0.0,0.0,0.0,,,,,0.14534883720930233,100.0,0.0,0.0,,,,
319,Hunter Reese,45.52238805970149,4.918032786885246,0.0,13.114754098360656,54.47761194029851,5.47945205479452,5.47945205479452,8.21917808219178,38.80597014925373,5.769230769230769,0.0,11.538461538461538,47.01492537313433,4.761904761904762,6.349206349206349,7.936507936507936,4.477611940298507,0.0,0.0,0.0,2.2388059701492535,0.0,0.0,0.0,1.4925373134328357,0.0,0.0,50.0,2.2388059701492535,33.33333333333333,0.0,33.33333333333333,,,,,,,,,,,,,,,,,0.7462686567164178,0.0,0.0,100.0,2.9850746268656714,0.0,0.0,0.0,,,,,,,,,,,,,,,,
320,Hyeon Chung,45.48215641609719,7.262103505843072,4.674457429048414,10.51752921535893,54.4039483675019,2.8611304954640615,4.117236566643405,9.769713886950454,42.17919514047077,6.120612061206121,4.59045904590459,10.711071107110712,48.32953682611997,2.356637863315004,3.7706205813040063,9.897879025923016,1.6704631738800304,4.545454545454546,0.0,4.545454545454546,4.290053151100987,2.6548672566371683,2.6548672566371683,7.079646017699115,0.6074411541381929,31.25,12.5,31.25,0.759301442672741,30.0,25.0,20.0,0.30372057706909644,75.0,12.5,0.0,0.037965072133637055,0.0,0.0,0.0,0.3796507213363705,50.0,10.0,0.0,0.30372057706909644,12.5,25.0,0.0,0.11389521640091116,0.0,0.0,0.0,0.49354593773728167,7.6923076923076925,0.0,15.384615384615385,0.22779043280182232,16.666666666666664,16.666666666666664,0.0,0.18982536066818526,0.0,20.0,0.0,,,,,,,,
321,Hyung Taik Lee,53.73134328358209,6.944444444444445,3.4722222222222223,9.722222222222223,46.26865671641791,1.6129032258064515,3.225806451612903,13.709677419354838,51.49253731343284,5.797101449275362,2.898550724637681,10.144927536231885,30.597014925373134,1.2195121951219512,4.878048780487805,17.073170731707318,0.3731343283582089,0.0,0.0,0.0,13.432835820895523,0.0,0.0,5.555555555555555,0.3731343283582089,100.0,0.0,0.0,0.7462686567164178,0.0,0.0,50.0,1.1194029850746268,33.33333333333333,33.33333333333333,0.0,,,,,0.3731343283582089,0.0,0.0,0.0,1.1194029850746268,0.0,0.0,0.0,,,,,0.3731343283582089,100.0,0.0,0.0,,,,,,,,,,,,,,,,
322,Ignacio Buse,61.67664670658682,3.8834951456310676,7.766990291262135,10.194174757281553,38.32335329341318,3.125,3.125,15.625,58.08383233532935,3.0927835051546393,7.731958762886598,10.309278350515463,33.23353293413174,1.8018018018018018,2.7027027027027026,16.216216216216218,1.4970059880239521,0.0,0.0,0.0,3.592814371257485,0.0,0.0,0.0,1.4970059880239521,20.0,0.0,20.0,0.8982035928143712,66.66666666666666,0.0,33.33333333333333,0.5988023952095809,50.0,50.0,0.0,,,,,,,,,0.5988023952095809,0.0,50.0,50.0,,,,,,,,,,,,,,,,,,,,,,,,
323,Igor Andreev,61.843168957154404,6.405228758169934,6.2745098039215685,11.50326797385621,38.156831042845596,4.872881355932203,3.389830508474576,8.26271186440678,58.44785772029103,4.702627939142462,6.224066390041494,11.479944674965422,28.455941794664515,4.261363636363636,3.125,9.659090909090908,1.2126111560226354,0.0,13.333333333333334,6.666666666666667,7.3565076798706555,0.0,3.296703296703297,5.4945054945054945,0.16168148746968472,50.0,0.0,50.0,0.7275666936135812,66.66666666666666,0.0,0.0,1.4551333872271623,72.22222222222221,5.555555555555555,5.555555555555555,,,,,0.32336297493936944,25.0,0.0,25.0,0.40420371867421184,0.0,20.0,0.0,0.16168148746968472,0.0,0.0,0.0,1.0509296685529508,7.6923076923076925,7.6923076923076925,0.0,0.08084074373484236,0.0,0.0,100.0,0.16168148746968472,50.0,0.0,0.0,,,,,,,,
324,Igor Sijsling,46.12794612794613,16.05839416058394,5.839416058394161,7.2992700729927,53.87205387205387,10.0,7.5,5.625,41.41414141414141,13.821138211382115,6.504065040650407,7.317073170731707,34.68013468013468,12.62135922330097,8.737864077669903,6.796116504854369,1.3468013468013467,0.0,0.0,0.0,14.814814814814813,0.0,0.0,2.272727272727273,2.0202020202020203,50.0,0.0,16.666666666666664,3.0303030303030303,22.22222222222222,33.33333333333333,11.11111111111111,0.6734006734006733,100.0,0.0,0.0,,,,,,,,,,,,,0.33670033670033667,0.0,0.0,0.0,0.33670033670033667,0.0,0.0,0.0,0.33670033670033667,0.0,0.0,0.0,1.0101010101010102,33.33333333333333,0.0,0.0,,,,,,,,
325,Illya Marchenko,55.575221238938056,5.095541401273886,5.095541401273886,13.375796178343949,44.07079646017699,2.8112449799196786,2.4096385542168677,12.449799196787147,51.32743362831859,3.793103448275862,4.482758620689655,13.793103448275861,33.6283185840708,2.1052631578947367,2.631578947368421,15.789473684210526,1.592920353982301,0.0,0.0,11.11111111111111,8.495575221238937,2.083333333333333,0.0,2.083333333333333,0.5309734513274336,33.33333333333333,33.33333333333333,0.0,0.5309734513274336,33.33333333333333,0.0,0.0,1.7699115044247788,30.0,20.0,10.0,,,,,0.17699115044247787,100.0,0.0,0.0,1.415929203539823,12.5,12.5,0.0,0.17699115044247787,0.0,0.0,0.0,,,,,,,,,,,,,,,,,,,,
326,Ilya Ivashka,54.43896424167695,6.285390713476784,5.94563986409966,10.022650056625142,45.53020961775586,2.7081922816519977,4.671631685849696,8.056872037914692,49.81504315659679,4.455445544554455,5.136138613861386,9.962871287128714,38.65598027127003,2.073365231259968,4.625199362041467,8.452950558213717,1.2330456226880395,0.0,10.0,12.5,4.593094944512947,0.0,2.013422818791946,4.697986577181208,1.3563501849568433,50.0,18.181818181818183,9.090909090909092,1.1097410604192355,33.33333333333333,16.666666666666664,11.11111111111111,0.9864364981504316,37.5,25.0,6.25,0.06165228113440197,50.0,0.0,0.0,0.5856966707768188,5.263157894736842,10.526315789473683,21.052631578947366,0.2466091245376079,12.5,0.0,25.0,0.33908754623921084,18.181818181818183,0.0,0.0,0.7706535141800247,0.0,4.0,0.0,,,,,0.030826140567200986,0.0,0.0,0.0,0.12330456226880394,50.0,0.0,25.0,0.06165228113440197,0.0,50.0,0.0
327,Inaki Montes De La Torre,52.99401197604791,4.519774011299435,0.5649717514124294,6.214689265536723,47.00598802395209,2.547770700636943,1.910828025477707,1.910828025477707,47.604790419161674,3.1446540880503147,0.628930817610063,6.289308176100629,33.83233532934132,1.7699115044247788,0.8849557522123894,0.8849557522123894,2.9940119760479043,10.0,0.0,0.0,9.281437125748502,0.0,0.0,3.225806451612903,0.29940119760479045,100.0,0.0,0.0,0.29940119760479045,0.0,100.0,0.0,0.29940119760479045,100.0,0.0,0.0,,,,,0.5988023952095809,0.0,0.0,50.0,2.3952095808383236,0.0,12.5,12.5,1.1976047904191618,0.0,0.0,0.0,1.1976047904191618,50.0,0.0,0.0,,,,,,,,,,,,,,,,
328,Inigo Cervantes Huegun,51.041666666666664,7.346938775510205,5.3061224489795915,9.795918367346939,48.75,5.555555555555555,3.8461538461538463,12.82051282051282,42.5,4.901960784313726,5.392156862745098,10.294117647058822,40.625,5.128205128205128,4.102564102564102,12.82051282051282,4.375,0.0,0.0,4.761904761904762,6.25,0.0,3.3333333333333335,13.333333333333334,0.20833333333333334,0.0,0.0,0.0,0.625,66.66666666666666,0.0,0.0,1.0416666666666665,80.0,0.0,20.0,,,,,2.083333333333333,40.0,20.0,10.0,0.4166666666666667,0.0,0.0,50.0,0.8333333333333334,0.0,0.0,0.0,0.8333333333333334,25.0,0.0,0.0,,,,,,,,,,,,,,,,
329,Irakli Labadze,54.77178423236515,9.090909090909092,5.303030303030303,14.393939393939394,45.22821576763486,1.834862385321101,4.587155963302752,9.174311926605505,50.20746887966805,8.264462809917356,5.785123966942149,14.87603305785124,31.535269709543567,1.3157894736842104,5.263157894736842,11.842105263157894,1.2448132780082988,33.33333333333333,0.0,0.0,12.033195020746888,0.0,3.4482758620689653,0.0,0.4149377593360996,100.0,0.0,0.0,1.2448132780082988,33.33333333333333,0.0,33.33333333333333,1.2448132780082988,0.0,0.0,33.33333333333333,,,,,0.4149377593360996,0.0,0.0,0.0,,,,,0.4149377593360996,0.0,0.0,0.0,,,,,0.4149377593360996,0.0,0.0,0.0,0.4149377593360996,0.0,0.0,0.0,0.4149377593360996,0.0,0.0,0.0,,,,
330,Ivan Dodig,54.670329670329664,6.867671691792294,4.690117252931323,10.050251256281408,45.146520146520146,5.070993914807302,2.434077079107505,7.707910750507099,46.794871794871796,2.935420743639922,3.9138943248532287,10.176125244618394,31.135531135531135,2.3529411764705883,1.7647058823529411,9.705882352941178,1.8315018315018317,5.0,0.0,0.0,8.882783882783883,0.0,1.0309278350515463,2.0618556701030926,3.1135531135531136,38.23529411764706,11.76470588235294,11.76470588235294,2.838827838827839,35.483870967741936,12.903225806451612,3.225806451612903,1.6483516483516485,50.0,16.666666666666664,5.555555555555555,,,,,0.8241758241758242,22.22222222222222,11.11111111111111,22.22222222222222,1.282051282051282,28.57142857142857,7.142857142857142,14.285714285714285,0.27472527472527475,0.0,0.0,0.0,1.0073260073260073,18.181818181818183,0.0,0.0,0.09157509157509157,100.0,0.0,0.0,,,,,0.09157509157509157,0.0,0.0,100.0,,,,
331,Ivan Gakhov,52.76967930029155,8.287292817679557,9.392265193370166,9.94475138121547,42.857142857142854,4.761904761904762,6.122448979591836,10.204081632653061,46.35568513119534,6.918238993710692,8.176100628930817,10.062893081761008,30.32069970845481,4.807692307692308,2.8846153846153846,11.538461538461538,2.623906705539359,11.11111111111111,0.0,11.11111111111111,7.871720116618077,0.0,0.0,3.7037037037037033,0.8746355685131195,66.66666666666666,33.33333333333333,0.0,1.4577259475218658,40.0,60.0,0.0,0.8746355685131195,33.33333333333333,33.33333333333333,0.0,0.2915451895043732,0.0,100.0,0.0,1.1661807580174928,0.0,0.0,25.0,2.0408163265306123,0.0,28.57142857142857,28.57142857142857,0.2915451895043732,0.0,0.0,0.0,0.5830903790087464,0.0,0.0,0.0,,,,,0.2915451895043732,0.0,0.0,0.0,0.5830903790087464,0.0,100.0,0.0,,,,
332,Ivan Ljubicic,45.44508068714212,9.736540664375717,5.956471935853378,10.595647193585338,54.55491931285788,5.5820610687022905,4.5324427480916025,9.971374045801527,41.12441436751692,6.70886075949367,5.69620253164557,11.20253164556962,36.699635606454976,5.319148936170213,4.822695035460993,11.702127659574469,0.8328995314940135,0.0,0.0,3.125,13.977095262883916,0.5586592178770949,1.303538175046555,5.772811918063315,1.7699115044247788,54.41176470588235,10.294117647058822,4.411764705882353,2.082248828735034,38.75,13.750000000000002,7.5,0.8589276418532015,60.60606060606061,18.181818181818183,0.0,0.1301405517959396,40.0,20.0,0.0,0.2342529932326913,22.22222222222222,11.11111111111111,44.44444444444444,0.8328995314940135,9.375,21.875,18.75,0.4424778761061947,11.76470588235294,0.0,0.0,0.6246746486205101,4.166666666666666,4.166666666666666,0.0,0.10411244143675169,25.0,0.0,0.0,0.20822488287350338,25.0,0.0,12.5,0.07808433107756377,66.66666666666666,0.0,0.0,,,,
333,Ivo Heuberger,44.44444444444444,10.416666666666668,2.083333333333333,20.833333333333336,55.55555555555556,1.6666666666666667,10.0,20.0,32.407407407407405,2.857142857142857,2.857142857142857,25.71428571428571,38.88888888888889,0.0,9.523809523809524,28.57142857142857,0.9259259259259258,0.0,0.0,0.0,7.4074074074074066,0.0,12.5,0.0,5.555555555555555,33.33333333333333,0.0,0.0,6.481481481481481,0.0,14.285714285714285,0.0,2.7777777777777777,66.66666666666666,0.0,33.33333333333333,,,,,,,,,,,,,0.9259259259259258,0.0,0.0,0.0,1.8518518518518516,0.0,0.0,0.0,1.8518518518518516,0.0,0.0,0.0,0.9259259259259258,100.0,0.0,0.0,,,,,,,,
334,Ivo Karlovic,46.86321563249914,18.141916605705926,8.705193855157278,16.788588149231895,53.05107987658554,7.560581583198707,6.623586429725363,14.539579967689823,31.419266369557764,11.238406983087835,7.3649754500818325,20.29459901800327,2.742543709290367,5.625,5.0,33.75,2.1768940692492285,0.7874015748031495,3.149606299212598,1.574803149606299,35.447377442577995,1.2088974854932302,3.9168278529980656,13.007736943907155,9.067535138841274,36.10586011342155,13.043478260869565,13.42155009451796,11.244429208090503,26.371951219512198,13.719512195121952,16.00609756097561,2.228316763798423,67.6923076923077,10.76923076923077,6.153846153846154,0.1885498800137127,54.54545454545454,9.090909090909092,18.181818181818183,0.2228316763798423,15.384615384615385,15.384615384615385,0.0,1.062735687350017,19.35483870967742,12.903225806451612,19.35483870967742,0.23997257456290708,7.142857142857142,0.0,21.428571428571427,0.9256085018854988,7.4074074074074066,5.555555555555555,5.555555555555555,1.5083990401097016,7.954545454545454,15.909090909090908,3.4090909090909087,1.4226945491943779,6.024096385542169,16.867469879518072,6.024096385542169,,,,,0.017140898183064794,0.0,0.0,0.0
335,Ivo Minar,48.57142857142857,12.941176470588237,5.88235294117647,11.76470588235294,51.42857142857142,3.3333333333333335,3.3333333333333335,23.333333333333332,41.714285714285715,9.58904109589041,5.47945205479452,12.32876712328767,48.0,3.571428571428571,3.571428571428571,21.428571428571427,2.857142857142857,0.0,0.0,0.0,1.7142857142857144,0.0,0.0,33.33333333333333,1.7142857142857144,66.66666666666666,33.33333333333333,0.0,1.1428571428571428,0.0,0.0,50.0,0.5714285714285714,100.0,0.0,0.0,,,,,1.1428571428571428,0.0,0.0,50.0,0.5714285714285714,0.0,0.0,100.0,0.5714285714285714,100.0,0.0,0.0,,,,,,,,,,,,,,,,,,,,
336,Izak Van Der Merwe,48.07692307692308,5.333333333333334,8.0,20.0,51.92307692307693,3.7037037037037033,3.7037037037037033,25.925925925925924,42.30769230769231,1.5151515151515151,6.0606060606060606,19.696969696969695,32.69230769230769,3.9215686274509802,1.9607843137254901,35.294117647058826,,,,,12.82051282051282,0.0,0.0,5.0,3.205128205128205,40.0,20.0,20.0,4.487179487179487,14.285714285714285,14.285714285714285,0.0,,,,,,,,,0.641025641025641,0.0,100.0,0.0,0.641025641025641,0.0,0.0,100.0,,,,,,,,,1.282051282051282,0.0,0.0,50.0,1.282051282051282,0.0,50.0,50.0,0.641025641025641,100.0,0.0,0.0,,,,
337,J J Wolf,56.27507163323783,10.285132382892057,5.6008146639511205,12.321792260692463,43.72492836676218,2.0969855832241153,2.2280471821756227,10.878112712975097,51.00286532951289,7.752808988764046,5.842696629213483,12.584269662921349,38.68194842406877,1.7777777777777777,2.3703703703703702,11.25925925925926,1.5472779369627507,0.0,0.0,0.0,2.9226361031518624,0.0,0.0,7.8431372549019605,1.4326647564469914,48.0,4.0,16.0,0.9169054441260744,18.75,0.0,18.75,1.2607449856733524,63.63636363636363,4.545454545454546,9.090909090909092,0.05730659025787965,0.0,0.0,0.0,0.2292263610315186,25.0,0.0,50.0,0.40114613180515757,14.285714285714285,0.0,0.0,0.2292263610315186,0.0,0.0,0.0,0.5730659025787965,0.0,0.0,0.0,0.2292263610315186,25.0,25.0,0.0,0.17191977077363896,0.0,33.33333333333333,0.0,0.3438395415472779,66.66666666666666,0.0,16.666666666666664,,,,
338,Jack Brasington,65.11627906976744,7.653061224489796,6.122448979591836,19.897959183673468,34.883720930232556,7.6190476190476195,3.8095238095238098,16.19047619047619,59.46843853820598,6.145251396648044,5.58659217877095,20.11173184357542,31.561461794019934,8.421052631578947,4.2105263157894735,15.789473684210526,2.6578073089700998,0.0,12.5,0.0,1.6611295681063125,0.0,0.0,0.0,1.9933554817275747,33.33333333333333,0.0,50.0,1.3289036544850499,0.0,0.0,50.0,0.6644518272425249,100.0,0.0,0.0,,,,,,,,,,,,,0.33222591362126247,0.0,100.0,0.0,0.33222591362126247,0.0,0.0,0.0,,,,,,,,,,,,,,,,
339,Jack Draper,50.69117856633889,8.462187236435199,6.128760191172336,8.23727860556649,49.223314806897534,4.400694846554718,3.271569195136074,6.195715112912565,45.261507766851935,6.423173803526448,6.10831234256927,8.375314861460957,43.0525865754596,3.2108573320092684,3.0784508440913605,6.156901688182721,2.2089211913923332,3.225806451612903,1.935483870967742,3.225806451612903,3.220749608094627,0.8849557522123894,1.7699115044247788,2.2123893805309733,0.9690751033205073,50.0,13.23529411764706,11.76470588235294,0.9833262077811031,47.82608695652174,8.695652173913043,11.594202898550725,0.8550662676357419,56.666666666666664,6.666666666666667,6.666666666666667,0.02850220892119139,50.0,50.0,0.0,0.9833262077811031,28.985507246376812,5.797101449275362,13.043478260869565,1.1543394613082514,19.753086419753085,4.938271604938271,18.51851851851852,0.18526435798774404,0.0,7.6923076923076925,0.0,0.6412997007268063,0.0,4.444444444444445,0.0,0.09975773122416988,0.0,0.0,14.285714285714285,0.05700441784238278,0.0,50.0,0.0,0.12825994014536127,44.44444444444444,33.33333333333333,0.0,0.08550662676357418,50.0,16.666666666666664,0.0
340,Jack Sock,59.24676784710512,10.483870967741936,7.2106261859582546,12.144212523719165,40.44406970207982,5.837387074357193,2.8492008339124393,12.369701181375955,52.388982574480046,8.851931330472103,7.081545064377683,12.660944206008583,26.44744238336144,4.250797024442083,2.2316684378320937,13.39001062699256,3.372681281618887,1.6666666666666667,2.5,4.166666666666666,9.808881394041597,1.4326647564469914,1.7191977077363898,8.595988538681947,1.3490725126475547,56.25,8.333333333333332,12.5,2.0236087689713322,34.72222222222222,9.722222222222223,11.11111111111111,0.6745362563237773,66.66666666666666,12.5,8.333333333333332,0.028105677346824058,100.0,0.0,0.0,0.8431703204047217,23.333333333333332,10.0,13.333333333333334,1.0118043844856661,25.0,8.333333333333332,25.0,0.19673974142776843,0.0,28.57142857142857,0.0,0.983698707138842,5.714285714285714,8.571428571428571,11.428571428571429,0.33726812816188867,25.0,25.0,25.0,0.1405283867341203,40.0,20.0,20.0,0.08431703204047217,33.33333333333333,66.66666666666666,0.0,,,,
341,Jacob Fearnley,54.953271028037385,12.925170068027212,6.802721088435375,9.183673469387756,45.046728971962615,7.053941908713693,7.053941908713693,13.692946058091287,44.11214953271028,10.59322033898305,8.050847457627118,10.16949152542373,33.45794392523365,3.35195530726257,7.262569832402235,15.64245810055866,7.663551401869159,0.0,2.4390243902439024,7.317073170731707,6.355140186915888,2.941176470588235,5.88235294117647,5.88235294117647,1.4953271028037385,87.5,0.0,0.0,2.2429906542056073,75.0,8.333333333333332,8.333333333333332,0.7476635514018692,100.0,0.0,0.0,,,,,0.3738317757009346,50.0,0.0,0.0,2.0560747663551404,9.090909090909092,9.090909090909092,18.181818181818183,0.3738317757009346,50.0,0.0,0.0,0.7476635514018692,0.0,0.0,0.0,0.1869158878504673,0.0,0.0,0.0,0.1869158878504673,0.0,0.0,0.0,,,,,,,,
342,Jaime Faria,54.03225806451613,14.17910447761194,5.970149253731343,11.194029850746269,45.96774193548387,2.631578947368421,3.508771929824561,12.280701754385964,48.79032258064516,14.049586776859504,4.958677685950414,12.396694214876034,39.516129032258064,3.061224489795918,4.081632653061225,14.285714285714285,3.225806451612903,0.0,12.5,0.0,4.838709677419355,0.0,0.0,0.0,0.8064516129032258,50.0,0.0,0.0,1.2096774193548387,0.0,0.0,0.0,0.4032258064516129,100.0,0.0,0.0,,,,,0.4032258064516129,0.0,100.0,0.0,,,,,0.4032258064516129,0.0,0.0,0.0,0.4032258064516129,0.0,0.0,0.0,,,,,,,,,,,,,,,,
343,Jakub Mensik,53.26305220883534,7.445805843543826,5.497957901350927,10.775997486647816,46.67001338688085,4.589458587307279,4.266762280387235,10.541412692721405,47.389558232931726,5.331920903954803,5.508474576271186,11.334745762711865,37.55020080321285,3.5204991087344024,4.233511586452763,10.51693404634581,2.7777777777777777,2.4096385542168677,3.0120481927710845,1.8072289156626504,6.141231593038822,1.6348773841961852,1.6348773841961852,7.3569482288828345,1.1880856760374834,53.52112676056338,2.8169014084507045,11.267605633802818,0.9705488621151271,31.03448275862069,12.068965517241379,18.96551724137931,0.7195448460508702,53.48837209302325,11.627906976744185,11.627906976744185,0.08366800535475234,40.0,0.0,0.0,0.6358768406961178,31.57894736842105,15.789473684210526,13.157894736842104,1.037483266398929,24.193548387096776,8.064516129032258,24.193548387096776,0.25100401606425704,20.0,0.0,6.666666666666667,0.7362784471218206,11.363636363636363,11.363636363636363,9.090909090909092,0.11713520749665328,0.0,0.0,0.0,0.1004016064257028,16.666666666666664,16.666666666666664,16.666666666666664,0.18406961178045514,54.54545454545454,9.090909090909092,0.0,0.0502008032128514,66.66666666666666,0.0,0.0
344,James Blake,50.286757038581854,11.145671332296526,8.242612752721618,11.35303265940902,49.582898852971844,4.863301787592008,4.679284963196635,8.832807570977918,45.00782064650678,8.572256009267305,8.456414711844772,11.902693310165075,35.03649635036496,4.873511904761905,4.910714285714286,10.379464285714286,1.4989572471324297,0.8695652173913043,1.7391304347826086,0.0,10.740354535974973,0.8495145631067961,1.9417475728155338,3.640776699029126,1.824817518248175,47.14285714285714,10.714285714285714,13.571428571428571,1.9290928050052139,25.675675675675674,13.513513513513514,12.162162162162163,1.1600625651720542,65.1685393258427,4.49438202247191,6.741573033707865,0.10427528675703858,25.0,0.0,0.0,0.0651720542231491,0.0,0.0,20.0,0.5735140771637122,11.363636363636363,11.363636363636363,20.454545454545457,0.32586027111574556,20.0,12.0,0.0,0.8602711157455682,1.5151515151515151,3.0303030303030303,0.0,0.35192909280500523,11.11111111111111,7.4074074074074066,3.7037037037037033,0.3388946819603754,3.8461538461538463,11.538461538461538,0.0,0.05213764337851929,25.0,0.0,0.0,,,,
345,James Duckworth,50.71315372424723,11.875,5.78125,10.78125,49.28684627575277,4.823151125401929,4.823151125401929,10.77170418006431,40.01584786053883,8.712871287128712,5.9405940594059405,11.08910891089109,32.80507131537242,3.864734299516908,5.314009661835748,11.11111111111111,4.675118858954041,1.694915254237288,3.389830508474576,5.084745762711865,12.757527733755945,0.6211180124223602,1.8633540372670807,9.937888198757763,2.218700475435816,50.0,7.142857142857142,10.714285714285714,1.9017432646592711,45.83333333333333,12.5,8.333333333333332,1.7432646592709984,40.909090909090914,0.0,27.27272727272727,0.07923930269413629,100.0,0.0,0.0,0.9508716323296356,41.66666666666667,16.666666666666664,0.0,0.9508716323296356,8.333333333333332,16.666666666666664,16.666666666666664,0.8716323296354992,18.181818181818183,0.0,0.0,0.7131537242472267,0.0,0.0,11.11111111111111,0.2377179080824089,33.33333333333333,33.33333333333333,33.33333333333333,0.07923930269413629,0.0,0.0,0.0,,,,,,,,
346,James Mccabe,44.776119402985074,6.666666666666667,6.666666666666667,11.666666666666666,55.223880597014926,5.405405405405405,3.6036036036036037,6.306306306306306,40.79601990049751,6.097560975609756,6.097560975609756,10.975609756097562,39.30348258706468,3.1645569620253164,3.1645569620253164,7.59493670886076,1.9900497512437811,0.0,0.0,0.0,12.189054726368159,2.0408163265306123,6.122448979591836,2.0408163265306123,0.9950248756218906,50.0,25.0,25.0,0.9950248756218906,100.0,0.0,0.0,0.24875621890547264,0.0,0.0,100.0,,,,,0.4975124378109453,0.0,50.0,50.0,1.4925373134328357,16.666666666666664,0.0,16.666666666666664,0.24875621890547264,0.0,0.0,0.0,1.2437810945273633,20.0,0.0,0.0,,,,,,,,,,,,,,,,
347,James Trotter,61.73913043478261,7.042253521126761,1.4084507042253522,25.352112676056336,38.26086956521739,4.545454545454546,0.0,25.0,51.30434782608696,5.084745762711865,1.694915254237288,25.423728813559322,16.52173913043478,5.263157894736842,0.0,36.84210526315789,3.4782608695652173,0.0,0.0,25.0,13.043478260869565,0.0,0.0,6.666666666666667,3.4782608695652173,25.0,0.0,25.0,1.7391304347826086,0.0,0.0,50.0,0.8695652173913043,100.0,0.0,0.0,,,,,,,,,0.8695652173913043,0.0,0.0,0.0,,,,,0.8695652173913043,0.0,0.0,0.0,2.608695652173913,0.0,0.0,33.33333333333333,5.217391304347826,16.666666666666664,0.0,33.33333333333333,,,,,,,,
348,James Ward,54.121863799283155,7.9470198675496695,5.298013245033113,14.56953642384106,45.51971326164875,5.511811023622047,8.661417322834646,8.661417322834646,44.80286738351255,6.4,6.4,16.0,37.634408602150536,5.714285714285714,7.6190476190476195,9.523809523809524,7.885304659498208,4.545454545454546,0.0,4.545454545454546,6.810035842293908,0.0,15.789473684210526,5.263157894736842,1.0752688172043012,66.66666666666666,0.0,33.33333333333333,0.35842293906810035,100.0,0.0,0.0,0.35842293906810035,100.0,0.0,0.0,,,,,,,,,0.7168458781362007,0.0,0.0,0.0,,,,,,,,,,,,,,,,,,,,,,,,
349,Jan Choinski,49.58402662229617,4.697986577181208,8.724832214765101,9.060402684563758,50.41597337770383,5.2805280528052805,6.6006600660066,12.211221122112212,43.760399334442596,3.041825095057034,6.844106463878327,8.365019011406844,42.42928452579035,4.705882352941177,6.666666666666667,12.549019607843137,1.8302828618968388,0.0,27.27272727272727,9.090909090909092,6.322795341098169,2.631578947368421,5.263157894736842,7.894736842105263,1.6638935108153077,20.0,20.0,30.0,0.6655574043261231,75.0,0.0,25.0,1.3311148086522462,37.5,25.0,0.0,,,,,0.33277870216306155,0.0,50.0,0.0,0.33277870216306155,0.0,0.0,50.0,,,,,0.49916805324459235,0.0,0.0,0.0,0.16638935108153077,100.0,0.0,0.0,,,,,0.49916805324459235,0.0,0.0,33.33333333333333,0.16638935108153077,0.0,100.0,0.0
350,Jan Hernych,46.42857142857143,6.837606837606838,9.401709401709402,8.547008547008547,53.57142857142857,0.7407407407407408,4.444444444444445,7.4074074074074066,38.492063492063494,3.0927835051546393,9.278350515463918,8.24742268041237,38.88888888888889,0.0,3.061224489795918,7.142857142857142,,,,,6.746031746031746,0.0,0.0,0.0,4.365079365079365,27.27272727272727,9.090909090909092,18.181818181818183,4.365079365079365,9.090909090909092,18.181818181818183,18.181818181818183,1.984126984126984,40.0,0.0,0.0,,,,,,,,,0.3968253968253968,0.0,100.0,0.0,0.7936507936507936,0.0,0.0,0.0,1.984126984126984,0.0,0.0,20.0,0.3968253968253968,0.0,100.0,0.0,1.1904761904761905,0.0,0.0,0.0,0.3968253968253968,0.0,0.0,0.0,,,,
351,Jan Kroslak,40.35874439461883,12.222222222222221,7.777777777777778,18.88888888888889,59.64125560538116,3.7593984962406015,6.7669172932330826,18.796992481203006,30.493273542600896,7.352941176470589,10.294117647058822,19.11764705882353,49.327354260089685,4.545454545454546,7.2727272727272725,21.818181818181817,3.1390134529147984,0.0,0.0,14.285714285714285,5.381165919282512,0.0,0.0,0.0,3.587443946188341,25.0,0.0,25.0,4.0358744394618835,0.0,11.11111111111111,11.11111111111111,2.242152466367713,80.0,0.0,20.0,,,,,,,,,0.4484304932735426,0.0,0.0,0.0,0.8968609865470852,0.0,0.0,0.0,0.4484304932735426,0.0,0.0,0.0,,,,,,,,,,,,,,,,
352,Jan Kumstat,35.63218390804598,7.526881720430108,6.451612903225806,15.053763440860216,64.36781609195403,2.976190476190476,2.976190476190476,14.285714285714285,27.586206896551722,8.333333333333332,8.333333333333332,15.277777777777779,55.55555555555556,2.7586206896551726,3.4482758620689653,15.172413793103448,5.363984674329502,0.0,0.0,7.142857142857142,5.747126436781609,0.0,0.0,0.0,,,,,,,,,0.7662835249042145,50.0,0.0,50.0,,,,,0.38314176245210724,0.0,0.0,100.0,0.7662835249042145,0.0,0.0,50.0,1.532567049808429,0.0,0.0,0.0,1.532567049808429,0.0,0.0,0.0,,,,,0.7662835249042145,50.0,0.0,50.0,,,,,,,,
353,Jan Lennard Struff,48.53130485664131,12.659754039064383,8.02990113334941,11.502290812635641,51.45699239321241,5.458267000227428,4.821469183534228,11.553331817148056,39.94148624926858,8.819220627014356,7.969528274245532,12.305889246996777,41.135166764189584,3.926031294452347,4.608819345661451,11.578947368421053,2.6214160327677005,1.7857142857142856,1.7857142857142856,1.7857142857142856,5.804564072557051,0.8064516129032258,1.411290322580645,8.46774193548387,3.7916910473961383,40.123456790123456,10.802469135802468,13.271604938271606,3.8033937975424226,27.384615384615387,10.461538461538462,16.307692307692307,1.462843768285547,64.0,12.8,4.0,0.09362200117027501,37.5,0.0,12.5,0.1053247513165594,22.22222222222222,11.11111111111111,11.11111111111111,0.08191925102399064,0.0,42.857142857142854,14.285714285714285,0.22235225277940315,10.526315789473683,5.263157894736842,0.0,0.2574605032182563,9.090909090909092,9.090909090909092,4.545454545454546,0.24575775307197192,14.285714285714285,14.285714285714285,4.761904761904762,0.280866003510825,16.666666666666664,16.666666666666664,12.5,0.1404330017554125,25.0,8.333333333333332,25.0,,,,
354,Jan Michael Gambill,43.003412969283275,5.555555555555555,3.968253968253968,11.904761904761903,56.996587030716725,4.191616766467066,1.7964071856287425,10.179640718562874,40.27303754266212,3.389830508474576,3.389830508474576,11.864406779661017,51.877133105802045,3.9473684210526314,1.9736842105263157,9.868421052631579,,,,,2.3890784982935154,0.0,0.0,0.0,1.3651877133105803,50.0,0.0,25.0,1.3651877133105803,25.0,0.0,50.0,0.3412969283276451,100.0,0.0,0.0,,,,,,,,,0.3412969283276451,0.0,0.0,0.0,0.3412969283276451,0.0,0.0,0.0,0.6825938566552902,0.0,0.0,0.0,0.6825938566552902,0.0,50.0,0.0,0.3412969283276451,0.0,0.0,0.0,,,,,,,,
355,Janko Tipsarevic,47.48597324126025,7.702794819359236,5.067030220404454,9.179731879118382,51.618472162278806,3.887959866220736,3.783444816053512,7.734113712374582,43.08372895986189,5.3844227397946405,4.958677685950414,9.717004758327072,44.37850668968494,3.3552151714077314,3.6712861658157063,8.071966934111355,1.8774277082434183,2.8735632183908044,1.7241379310344827,1.1494252873563218,5.567544238239102,1.744186046511628,3.2945736434108532,5.426356589147287,0.8955545964609408,65.06024096385542,13.253012048192772,4.819277108433735,0.7660768234786361,40.845070422535215,7.042253521126761,7.042253521126761,1.0034527406128615,58.06451612903226,11.827956989247312,6.451612903225806,0.02157962883038412,50.0,0.0,0.0,0.22658610271903326,42.857142857142854,0.0,14.285714285714285,0.24816573154941737,26.08695652173913,21.73913043478261,8.695652173913043,0.2913249892101856,0.0,0.0,0.0,0.5287009063444109,4.081632653061225,2.0408163265306123,0.0,0.0755287009063444,14.285714285714285,0.0,0.0,0.032369443245576175,0.0,66.66666666666666,0.0,0.032369443245576175,33.33333333333333,0.0,33.33333333333333,0.0755287009063444,14.285714285714285,0.0,42.857142857142854
356,Jannik Sinner,51.645314077179904,8.951498932555552,6.188170911387076,9.222118651712421,48.331392188834535,3.6693120843106386,3.7914082832631815,7.987661857790059,47.08129513160959,6.557160762583283,6.055808430635266,9.192558875915298,44.124543831042786,3.0583515168578868,3.7235165763356095,7.985500105581755,1.2035095892538241,2.7096774193548385,2.838709677419355,1.5483870967741935,2.719155213914124,1.5419760137064535,2.11307824100514,4.911479154768704,0.888267722649274,55.59440559440559,7.8671328671328675,12.237762237762238,0.7935398711080053,37.96477495107632,10.95890410958904,16.43835616438356,0.8447860858762326,60.11029411764706,9.926470588235293,9.558823529411764,0.03416414317881823,9.090909090909092,18.181818181818183,9.090909090909092,1.009395139374175,30.923076923076927,9.230769230769232,18.461538461538463,0.2407019178507648,17.419354838709676,9.67741935483871,25.806451612903224,0.1972202810777234,7.874015748031496,0.7874015748031495,0.0,0.34164143178818235,8.181818181818182,2.727272727272727,1.3636363636363635,0.12423324792297538,23.75,11.25,5.0,0.06366953956052489,9.75609756097561,7.317073170731707,2.4390243902439024,0.29660687941610375,48.69109947643979,16.230366492146597,11.518324607329843,0.01397624039133473,11.11111111111111,11.11111111111111,11.11111111111111
357,Jared Donaldson,54.721189591078065,7.880434782608696,4.619565217391304,8.831521739130435,45.278810408921935,5.747126436781609,3.1198686371100166,7.389162561576355,51.82156133828997,6.312769010043041,4.591104734576758,8.895265423242469,39.330855018587364,5.8601134215500945,3.213610586011342,8.128544423440454,0.8178438661710037,0.0,0.0,0.0,3.6431226765799254,0.0,0.0,4.081632653061225,0.37174721189591076,100.0,0.0,0.0,0.37174721189591076,80.0,0.0,0.0,0.7434944237918215,70.0,10.0,20.0,0.07434944237918216,0.0,100.0,0.0,0.44609665427509293,0.0,16.666666666666664,16.666666666666664,0.6691449814126395,0.0,11.11111111111111,0.0,0.37174721189591076,20.0,0.0,0.0,1.1895910780669146,0.0,0.0,0.0,,,,,,,,,0.14869888475836432,50.0,0.0,0.0,,,,
358,Jarkko Nieminen,46.49243466299862,7.6923076923076925,4.339250493096647,8.185404339250493,53.507565337001374,3.6846615252784916,3.4275921165381322,9.34018851756641,42.50343878954608,6.148867313915858,4.0992448759439055,8.198489751887811,43.92480513525906,3.549060542797495,3.4446764091858038,10.647181628392484,1.2838147638697845,0.0,0.0,0.0,7.0609812012838145,0.0,1.2987012987012987,2.5974025974025974,0.7336084364970197,25.0,12.5,31.25,1.008711600183402,31.818181818181817,13.636363636363635,9.090909090909092,1.192113709307657,61.53846153846154,7.6923076923076925,3.8461538461538463,0.04585052728106373,100.0,0.0,0.0,0.04585052728106373,0.0,100.0,0.0,0.32095369096744614,14.285714285714285,28.57142857142857,14.285714285714285,0.36680421824850984,0.0,0.0,0.0,1.0545621274644659,0.0,0.0,0.0,0.2751031636863824,16.666666666666664,0.0,0.0,0.09170105456212746,0.0,0.0,0.0,0.09170105456212746,0.0,50.0,50.0,,,,
359,Jarmere Jenkins,54.25330812854442,7.317073170731707,8.013937282229964,9.75609756097561,45.55765595463138,2.904564315352697,2.4896265560165975,9.54356846473029,48.96030245746692,5.405405405405405,8.494208494208493,10.038610038610038,30.812854442344044,0.6134969325153374,2.4539877300613497,6.748466257668712,1.1342155009451798,0.0,0.0,0.0,10.01890359168242,0.0,0.0,15.09433962264151,0.7561436672967864,50.0,0.0,25.0,2.0793950850661624,18.181818181818183,9.090909090909092,18.181818181818183,0.3780718336483932,50.0,0.0,0.0,,,,,2.6465028355387523,21.428571428571427,7.142857142857142,7.142857142857142,2.0793950850661624,18.181818181818183,9.090909090909092,9.090909090909092,,,,,0.5671077504725899,66.66666666666666,0.0,33.33333333333333,0.1890359168241966,100.0,0.0,0.0,,,,,0.1890359168241966,0.0,0.0,0.0,,,,
360,Jason Jung,51.69491525423729,4.918032786885246,4.371584699453552,6.0109289617486334,48.30508474576271,2.923976608187134,4.093567251461988,6.432748538011696,46.61016949152542,3.6363636363636362,4.242424242424243,6.0606060606060606,37.994350282485875,2.2304832713754648,3.717472118959108,5.947955390334572,2.6836158192090394,0.0,5.263157894736842,0.0,8.757062146892656,1.6129032258064515,1.6129032258064515,8.064516129032258,0.7062146892655368,40.0,0.0,40.0,0.7062146892655368,40.0,20.0,20.0,0.14124293785310735,100.0,0.0,0.0,0.14124293785310735,0.0,100.0,0.0,1.4124293785310735,30.0,10.0,0.0,0.5649717514124294,25.0,25.0,0.0,0.14124293785310735,0.0,0.0,0.0,,,,,,,,,0.14124293785310735,0.0,0.0,0.0,,,,,,,,
361,Jason Kubler,47.257227575982206,7.686274509803921,6.588235294117648,8.549019607843137,52.705707931801335,3.5864978902953584,3.0942334739803097,8.649789029535865,42.88361749444032,5.877268798617114,6.222990492653413,8.815903197925671,44.40326167531505,3.33889816360601,3.25542570951586,8.931552587646078,1.2601927353595257,0.0,2.941176470588235,2.941176470588235,5.9673832468495185,0.0,0.0,4.968944099378882,0.8895478131949592,54.166666666666664,8.333333333333332,16.666666666666664,1.0378057820607858,35.714285714285715,14.285714285714285,17.857142857142858,0.5930318754633062,43.75,18.75,6.25,0.037064492216456635,0.0,0.0,0.0,0.7783543365455894,42.857142857142854,9.523809523809524,4.761904761904762,0.25945144551519644,0.0,0.0,42.857142857142854,0.7412898443291327,0.0,20.0,0.0,0.8895478131949592,0.0,4.166666666666666,0.0,0.07412898443291327,0.0,0.0,0.0,0.1111934766493699,33.33333333333333,0.0,0.0,0.037064492216456635,100.0,0.0,0.0,,,,
362,Jaume Munar,52.123212321232124,6.015196285352469,5.403123680878007,7.365977205571972,47.645764576457644,3.347956592011083,2.9785268990995153,5.310551835603786,43.58635863586359,4.1140837960625944,5.502271580010095,7.824331145885917,36.512651265126514,2.4103645676408556,2.9828261524555586,5.6342271768605,4.51045104510451,0.4878048780487805,0.4878048780487805,1.707317073170732,8.272827282728274,0.6648936170212766,1.0638297872340425,2.925531914893617,0.9790979097909791,48.31460674157304,4.49438202247191,13.48314606741573,0.9130913091309132,42.168674698795186,13.253012048192772,9.63855421686747,0.869086908690869,48.10126582278481,16.455696202531644,6.329113924050633,0.033003300330033,100.0,0.0,0.0,1.067106710671067,28.865979381443296,12.371134020618557,13.402061855670103,0.671067106710671,22.950819672131146,13.114754098360656,13.114754098360656,0.8030803080308031,6.8493150684931505,5.47945205479452,1.36986301369863,1.056105610561056,4.166666666666666,3.125,2.083333333333333,0.176017601760176,31.25,6.25,0.0,0.176017601760176,25.0,0.0,12.5,0.132013201320132,8.333333333333332,16.666666666666664,8.333333333333332,0.011001100110011,0.0,0.0,100.0
363,Javier Barranco Cosano,48.98989898989899,6.185567010309279,3.608247422680412,5.670103092783505,44.696969696969695,4.519774011299435,2.2598870056497176,13.559322033898304,40.909090909090914,5.555555555555555,1.8518518518518516,6.172839506172839,36.61616161616162,3.4482758620689653,2.7586206896551726,11.03448275862069,3.535353535353535,0.0,0.0,0.0,5.555555555555555,4.545454545454546,0.0,27.27272727272727,0.5050505050505051,100.0,0.0,0.0,0.25252525252525254,100.0,0.0,0.0,0.25252525252525254,0.0,100.0,0.0,,,,,1.2626262626262625,0.0,60.0,20.0,0.7575757575757576,33.33333333333333,0.0,66.66666666666666,2.272727272727273,0.0,0.0,0.0,1.5151515151515151,0.0,0.0,0.0,,,,,,,,,0.25252525252525254,100.0,0.0,0.0,,,,
364,Jay Clarke,48.78048780487805,6.0,6.0,4.0,51.21951219512195,7.6190476190476195,5.714285714285714,11.428571428571429,37.073170731707314,5.263157894736842,7.894736842105263,5.263157894736842,27.31707317073171,5.357142857142857,1.7857142857142856,17.857142857142858,8.780487804878048,0.0,0.0,0.0,16.585365853658537,2.941176470588235,2.941176470588235,2.941176470588235,1.4634146341463417,33.33333333333333,0.0,0.0,3.902439024390244,25.0,50.0,12.5,0.4878048780487805,100.0,0.0,0.0,,,,,0.4878048780487805,0.0,0.0,0.0,0.4878048780487805,100.0,0.0,0.0,0.4878048780487805,0.0,0.0,0.0,2.9268292682926833,16.666666666666664,0.0,0.0,,,,,,,,,,,,,,,,
365,Jean Rene Lisnard,58.18181818181818,5.208333333333334,8.333333333333332,14.583333333333334,41.81818181818181,2.898550724637681,2.898550724637681,15.942028985507244,55.15151515151515,3.296703296703297,7.6923076923076925,15.384615384615385,30.909090909090907,3.9215686274509802,3.9215686274509802,15.686274509803921,1.2121212121212122,0.0,0.0,0.0,9.090909090909092,0.0,0.0,20.0,0.6060606060606061,0.0,100.0,0.0,0.6060606060606061,0.0,0.0,0.0,,,,,,,,,,,,,,,,,,,,,1.2121212121212122,0.0,0.0,0.0,1.2121212121212122,100.0,0.0,0.0,,,,,,,,,,,,
366,Jean Yves Aubone,63.84976525821596,5.147058823529411,4.411764705882353,11.76470588235294,36.15023474178404,2.5974025974025974,2.5974025974025974,6.493506493506493,55.86854460093896,4.201680672268908,3.361344537815126,11.76470588235294,16.431924882629108,2.857142857142857,5.714285714285714,5.714285714285714,4.225352112676056,0.0,0.0,0.0,18.779342723004692,0.0,0.0,5.0,0.9389671361502347,0.0,50.0,50.0,0.9389671361502347,50.0,0.0,50.0,0.9389671361502347,100.0,0.0,0.0,,,,,1.4084507042253522,0.0,0.0,33.33333333333333,,,,,,,,,,,,,0.4694835680751174,0.0,100.0,0.0,,,,,,,,,,,,
367,Jelle Sels,62.189985961628444,6.997742663656885,5.643340857787811,11.43717080511663,34.72157229761348,2.4258760107816713,2.964959568733154,8.355795148247978,54.2817033224146,4.655172413793104,5.086206896551724,12.155172413793103,21.66588675713617,1.9438444924406046,2.591792656587473,9.935205183585314,3.2288254562470753,2.898550724637681,2.898550724637681,1.4492753623188406,11.324286382779597,0.0,2.8925619834710745,6.6115702479338845,1.4974262985493683,65.625,3.125,3.125,0.6551240056153487,35.714285714285715,14.285714285714285,0.0,0.6551240056153487,42.857142857142854,21.428571428571427,21.428571428571427,0.04679457182966776,100.0,0.0,0.0,1.731399157697707,18.91891891891892,24.324324324324326,16.216216216216218,0.14038371548900327,33.33333333333333,0.0,0.0,0.6083294337856809,15.384615384615385,0.0,0.0,0.7487131492746841,12.5,0.0,0.0,0.04679457182966776,0.0,100.0,0.0,0.09358914365933552,0.0,50.0,0.0,0.14038371548900327,33.33333333333333,0.0,0.0,0.04679457182966776,0.0,0.0,0.0
368,Jenson Brooksby,44.088457389428264,6.214827501835087,5.480792757523856,7.780768289699045,55.86839266450917,3.4176481946321684,3.5721181695307975,5.580227843212975,38.74865156418554,4.732739420935412,5.206013363028953,8.296213808463252,48.89967637540453,2.514890800794176,3.5296712993602473,5.515111405250386,2.9449838187702264,2.564102564102564,5.86080586080586,2.93040293040293,4.293419633225459,1.256281407035176,2.0100502512562812,4.271356783919598,0.8414239482200648,52.56410256410257,12.82051282051282,5.128205128205128,0.6256742179072277,48.275862068965516,8.620689655172415,6.896551724137931,0.5501618122977346,52.94117647058824,11.76470588235294,5.88235294117647,0.010787486515641856,0.0,0.0,0.0,0.4746494066882417,15.909090909090908,9.090909090909092,11.363636363636363,0.9169363538295576,23.52941176470588,9.411764705882353,17.647058823529413,0.45307443365695793,2.380952380952381,0.0,0.0,0.9385113268608414,3.4482758620689653,4.597701149425287,1.1494252873563218,0.032362459546925564,0.0,33.33333333333333,0.0,0.0970873786407767,22.22222222222222,0.0,0.0,0.043149946062567425,25.0,0.0,0.0,0.08629989212513485,62.5,0.0,25.0
369,Jeremy Chardy,60.46056919400391,10.887531440891125,7.905138339920949,12.396694214876034,39.51770584401477,2.8587135788894997,3.7932930181418363,12.699285321605277,54.5296545731045,8.764940239043826,7.888446215139442,13.06772908366534,24.24505757114925,2.4193548387096775,4.301075268817205,13.082437275985665,2.150771236150337,5.05050505050505,1.0101010101010102,3.0303030303030303,13.056702150771235,0.33277870216306155,2.1630615640599005,11.148086522462561,1.1296980230284597,48.07692307692308,13.461538461538462,9.615384615384617,1.303497718878992,33.33333333333333,8.333333333333332,16.666666666666664,1.06452313708451,57.14285714285714,8.16326530612245,4.081632653061225,0.0651748859439496,0.0,33.33333333333333,0.0,0.17379969585053226,25.0,12.5,25.0,0.4127742776450141,10.526315789473683,5.263157894736842,21.052631578947366,0.23897458179448186,18.181818181818183,0.0,0.0,0.325874429719748,6.666666666666667,6.666666666666667,13.333333333333334,0.1955246578318488,11.11111111111111,11.11111111111111,11.11111111111111,0.08689984792526613,0.0,0.0,25.0,0.977623289159244,44.44444444444444,17.77777777777778,8.88888888888889,0.021724961981316532,0.0,0.0,100.0
370,Jeremy Jahn,56.67752442996743,8.620689655172415,3.7356321839080464,16.666666666666664,43.159609120521175,3.7735849056603774,1.8867924528301887,12.830188679245284,51.14006514657981,5.095541401273886,4.140127388535031,17.197452229299362,35.83061889250814,3.6363636363636362,1.8181818181818181,11.363636363636363,1.3029315960912053,0.0,0.0,25.0,5.863192182410423,0.0,2.7777777777777777,13.88888888888889,1.1400651465798046,57.14285714285714,0.0,14.285714285714285,0.8143322475570033,40.0,0.0,60.0,1.1400651465798046,71.42857142857143,0.0,0.0,,,,,1.7915309446254073,45.45454545454545,0.0,9.090909090909092,0.32573289902280134,0.0,0.0,50.0,,,,,0.16286644951140067,0.0,0.0,0.0,0.16286644951140067,0.0,0.0,0.0,0.16286644951140067,0.0,0.0,0.0,,,,,,,,
371,Jerome Kym,52.04918032786885,11.811023622047244,4.724409448818897,11.811023622047244,47.950819672131146,2.564102564102564,3.418803418803419,11.11111111111111,46.72131147540984,7.017543859649122,3.508771929824561,12.280701754385964,37.704918032786885,3.260869565217391,4.3478260869565215,14.130434782608695,1.2295081967213115,0.0,0.0,0.0,6.147540983606557,0.0,0.0,0.0,2.0491803278688523,60.0,20.0,20.0,3.278688524590164,0.0,0.0,0.0,1.639344262295082,100.0,0.0,0.0,,,,,0.4098360655737705,0.0,100.0,0.0,0.819672131147541,0.0,0.0,0.0,,,,,,,,,,,,,,,,,,,,,,,,
372,Jerzy Janowicz,52.33918128654971,14.18994413407821,7.932960893854749,15.865921787709498,47.66081871345029,5.521472392638037,6.257668711656442,12.883435582822086,45.614035087719294,12.179487179487179,7.307692307692308,16.666666666666664,32.98245614035088,3.723404255319149,5.851063829787234,11.347517730496454,1.461988304093567,0.0,8.0,12.0,9.239766081871345,2.5316455696202533,3.79746835443038,14.556962025316455,1.345029239766082,52.17391304347826,0.0,17.391304347826086,1.4035087719298245,37.5,12.5,20.833333333333336,0.8187134502923977,64.28571428571429,14.285714285714285,7.142857142857142,0.17543859649122806,0.0,66.66666666666666,0.0,2.631578947368421,20.0,17.77777777777778,8.88888888888889,3.3918128654970756,15.517241379310345,8.620689655172415,22.413793103448278,0.17543859649122806,0.0,33.33333333333333,0.0,0.46783625730994155,25.0,25.0,0.0,0.11695906432748539,50.0,0.0,0.0,,,,,0.17543859649122806,33.33333333333333,33.33333333333333,0.0,,,,
373,Jesper De Jong,54.34448879336813,8.502824858757062,4.80225988700565,8.615819209039548,45.30242554498004,4.371399525584548,3.6597763470010167,8.200609962724501,48.52625115136629,6.105662764947802,4.523884846567542,8.921227459664664,34.14184832668099,2.652877697841727,2.7428057553956835,7.778776978417266,2.011053116364753,3.0534351145038165,2.2900763358778624,3.816793893129771,6.217377955173473,0.9876543209876543,1.9753086419753085,3.7037037037037033,0.9057414798894688,62.71186440677966,6.779661016949152,6.779661016949152,1.2434755910346946,44.44444444444444,13.580246913580247,7.4074074074074066,0.8289837273564631,79.62962962962963,7.4074074074074066,3.7037037037037033,0.030703101013202335,0.0,0.0,0.0,1.1206631869818853,19.17808219178082,16.43835616438356,12.32876712328767,2.3794903285231808,16.129032258064516,15.483870967741936,30.32258064516129,0.5680073687442432,8.108108108108109,0.0,0.0,1.197420939514891,5.128205128205128,2.564102564102564,0.0,0.07675775253300583,20.0,40.0,0.0,0.092109303039607,16.666666666666664,33.33333333333333,16.666666666666664,0.30703101013202333,30.0,10.0,15.0,,,,
374,Jimmy Wang,47.73413897280967,8.227848101265822,8.227848101265822,17.088607594936708,51.963746223564954,6.976744186046512,7.55813953488372,8.13953488372093,41.69184290030212,6.521739130434782,8.695652173913043,17.391304347826086,39.274924471299094,6.153846153846154,7.6923076923076925,9.230769230769232,0.906344410876133,0.0,0.0,0.0,8.157099697885197,3.7037037037037033,0.0,3.7037037037037033,3.3232628398791544,27.27272727272727,0.0,27.27272727272727,3.625377643504532,25.0,16.666666666666664,8.333333333333332,0.6042296072507553,50.0,50.0,0.0,0.3021148036253776,0.0,100.0,0.0,,,,,,,,,0.906344410876133,0.0,0.0,0.0,0.3021148036253776,0.0,0.0,0.0,0.3021148036253776,0.0,0.0,0.0,0.3021148036253776,0.0,0.0,0.0,,,,,,,,
375,Jiri Lehecka,52.62780911451338,10.615855733242599,5.733242599523647,13.01463082681184,47.34533082639448,5.276096822995462,2.968986384266263,11.100605143721634,44.08631032321605,8.346872461413485,6.051990251827783,14.114541023558083,37.022114781985856,3.7726723095526,3.071342200725514,11.414752116082225,4.512489927477841,1.3888888888888888,0.992063492063492,2.976190476190476,6.929895245769541,0.6459948320413437,1.421188630490956,7.10594315245478,2.0055510788790403,46.42857142857143,7.5892857142857135,13.839285714285715,2.0145044319097503,41.77777777777778,4.888888888888889,18.666666666666668,1.3430029546065,57.99999999999999,7.333333333333333,6.666666666666667,0.08953353030710001,30.0,0.0,0.0,0.25964723789059,24.137931034482758,3.4482758620689653,20.689655172413794,0.76103500761035,15.294117647058824,5.88235294117647,17.647058823529413,0.16116035455278002,5.555555555555555,0.0,11.11111111111111,0.35813412122840005,5.0,2.5,5.0,0.18802041364491,19.047619047619047,23.809523809523807,14.285714285714285,0.16116035455278002,33.33333333333333,5.555555555555555,5.555555555555555,0.07162682424568,37.5,0.0,37.5,0.00895335303071,0.0,100.0,0.0
376,Jiri Novak,51.411411411411414,7.418224299065421,7.418224299065421,8.060747663551401,48.55855855855856,3.5868893011750154,4.823747680890538,7.2974644403215825,48.1981981981982,4.7352024922118385,7.538940809968847,8.348909657320872,40.750750750750754,2.9476787030213707,4.937361827560796,8.032424465733234,0.5405405405405406,0.0,5.555555555555555,5.555555555555555,4.834834834834835,1.2422360248447204,0.6211180124223602,3.1055900621118013,1.0210210210210209,64.70588235294117,8.823529411764707,5.88235294117647,1.1411411411411412,26.31578947368421,10.526315789473683,5.263157894736842,0.990990990990991,66.66666666666666,6.0606060606060606,0.0,0.12012012012012012,0.0,25.0,0.0,0.06006006006006006,0.0,0.0,0.0,0.39039039039039036,23.076923076923077,0.0,15.384615384615385,0.3303303303303303,0.0,0.0,0.0,1.1711711711711712,5.128205128205128,10.256410256410255,0.0,0.15015015015015015,80.0,0.0,0.0,0.15015015015015015,20.0,20.0,0.0,0.12012012012012012,75.0,0.0,25.0,,,,
377,Jiri Vanek,53.14960629921261,4.444444444444445,8.88888888888889,20.74074074074074,46.8503937007874,4.201680672268908,9.243697478991598,13.445378151260504,46.45669291338583,2.5423728813559325,9.322033898305085,22.88135593220339,27.95275590551181,2.8169014084507045,11.267605633802818,12.676056338028168,3.937007874015748,0.0,0.0,0.0,11.023622047244094,0.0,3.571428571428571,14.285714285714285,1.574803149606299,25.0,25.0,25.0,3.937007874015748,20.0,20.0,20.0,0.7874015748031495,100.0,0.0,0.0,,,,,,,,,0.7874015748031495,50.0,0.0,0.0,0.39370078740157477,0.0,0.0,0.0,3.149606299212598,0.0,0.0,12.5,,,,,,,,,,,,,,,,
378,Jiri Vesely,47.817460317460316,8.796680497925312,6.3070539419087135,8.879668049792532,51.98412698412699,6.33587786259542,4.961832061068702,8.3206106870229,39.96031746031746,5.958291956305859,5.561072492552134,9.632571996027806,41.98412698412699,4.631379962192817,4.44234404536862,9.262759924385634,3.8095238095238098,1.0416666666666665,5.208333333333334,4.166666666666666,5.277777777777778,0.7518796992481203,1.5037593984962405,6.015037593984962,1.4285714285714286,36.11111111111111,25.0,0.0,1.6269841269841272,41.46341463414634,17.073170731707318,4.878048780487805,1.7063492063492063,67.44186046511628,4.651162790697675,9.30232558139535,0.11904761904761905,66.66666666666666,33.33333333333333,0.0,0.1984126984126984,20.0,0.0,40.0,1.7063492063492063,23.25581395348837,16.27906976744186,2.3255813953488373,0.1984126984126984,0.0,0.0,0.0,1.1111111111111112,7.142857142857142,3.571428571428571,0.0,0.2380952380952381,0.0,33.33333333333333,0.0,0.11904761904761905,33.33333333333333,0.0,0.0,0.2777777777777778,28.57142857142857,28.57142857142857,0.0,0.03968253968253968,100.0,0.0,0.0
379,Jo Wilfred Tsonga,60.535117056856194,13.259668508287293,12.70718232044199,11.602209944751381,39.46488294314381,5.932203389830509,5.932203389830509,18.64406779661017,55.852842809364546,11.377245508982035,13.77245508982036,11.976047904191617,25.08361204013378,4.0,6.666666666666667,14.666666666666666,0.6688963210702341,0.0,0.0,0.0,8.361204013377927,0.0,0.0,20.0,1.3377926421404682,25.0,0.0,0.0,3.0100334448160537,11.11111111111111,11.11111111111111,55.55555555555556,2.0066889632107023,50.0,0.0,16.666666666666664,0.33444816053511706,100.0,0.0,0.0,,,,,1.0033444816053512,33.33333333333333,0.0,33.33333333333333,0.33444816053511706,0.0,0.0,0.0,0.6688963210702341,0.0,0.0,0.0,0.33444816053511706,100.0,0.0,0.0,1.0033444816053512,33.33333333333333,33.33333333333333,0.0,,,,,,,,
380,Jo Wilfried Tsonga,52.809444191113144,10.793437589945313,7.541015062841792,11.79123093159359,47.144956173683944,4.631918323481999,3.1703385276732945,10.832885545405697,45.53376906318083,8.189607210415044,7.878046066540559,12.37342828530099,31.85894512843897,3.5305343511450387,2.878498727735369,11.879770992366412,2.893043522318488,1.4010507880910683,0.7005253940455342,1.7513134851138354,11.293509651922784,0.6280843427545985,1.4356213548676535,7.312696276357111,1.798652277448447,46.76056338028169,7.042253521126761,15.774647887323944,1.9911840705274357,40.20356234096692,11.704834605597965,12.977099236641221,1.2565232811470841,66.53225806451613,11.29032258064516,6.048387096774194,0.05573288747023357,36.36363636363637,9.090909090909092,0.0,0.5066626133657598,23.0,8.0,23.0,0.8765263211227644,8.092485549132949,12.716763005780345,21.38728323699422,0.415463342959923,8.536585365853659,4.878048780487805,0.0,0.8359933120535035,4.848484848484849,6.0606060606060606,3.6363636363636362,0.24319805441556466,20.833333333333336,10.416666666666668,10.416666666666668,0.22293154988093428,22.727272727272727,6.8181818181818175,9.090909090909092,0.16213203627704312,31.25,12.5,25.0,0.010133252267315195,50.0,0.0,0.0
381,Joachim Johansson,55.613126079447326,13.354037267080745,9.006211180124224,17.391304347826086,44.38687392055268,1.556420233463035,3.501945525291829,17.509727626459142,51.64075993091537,11.705685618729097,9.698996655518394,18.06020066889632,27.806563039723663,0.6211180124223602,3.7267080745341614,16.149068322981368,1.7271157167530224,0.0,0.0,0.0,13.644214162348877,1.2658227848101267,3.79746835443038,21.518987341772153,0.690846286701209,75.0,0.0,0.0,1.0362694300518136,0.0,0.0,33.33333333333333,0.8635578583765112,80.0,0.0,20.0,0.3454231433506045,0.0,0.0,0.0,0.3454231433506045,50.0,0.0,50.0,0.3454231433506045,0.0,0.0,0.0,0.17271157167530224,0.0,0.0,0.0,1.0362694300518136,16.666666666666664,0.0,0.0,0.17271157167530224,0.0,0.0,0.0,0.17271157167530224,100.0,0.0,0.0,,,,,,,,
382,Joao Fonseca,52.099454522389955,12.003895787679571,6.841977112247383,12.685658631604577,47.82443232271978,4.376657824933687,4.376657824933687,10.238726790450928,43.53672459723455,10.227272727272728,7.488344988344989,13.578088578088579,37.84092350627933,3.754609453570231,4.626215219577606,10.559839088166276,4.731701129011798,1.876675603217158,0.8042895442359249,3.485254691689008,7.522516808321705,0.8431703204047217,1.6863406408094435,7.75716694772344,1.3319802105797285,47.61904761904761,8.571428571428571,12.380952380952381,1.2812381073195485,30.693069306930692,8.91089108910891,13.861386138613863,0.9514144361283776,65.33333333333333,4.0,9.333333333333334,0.10148420652036026,25.0,12.5,12.5,1.129011797539008,29.213483146067414,7.865168539325842,22.47191011235955,0.6089052391221617,25.0,10.416666666666668,16.666666666666664,0.16491183559558545,23.076923076923077,0.0,0.0,0.367880248636306,0.0,6.896551724137931,3.4482758620689653,0.06342762907522517,20.0,20.0,0.0,0.10148420652036026,37.5,0.0,12.5,0.1902828872256755,40.0,6.666666666666667,13.333333333333334,,,,
383,Joao Menezes,44.207317073170735,6.206896551724138,8.275862068965518,12.413793103448276,55.79268292682927,2.73224043715847,4.371584699453552,14.754098360655737,39.02439024390244,5.46875,9.375,13.28125,43.292682926829265,2.8169014084507045,5.633802816901409,18.30985915492958,3.9634146341463414,7.6923076923076925,0.0,7.6923076923076925,10.365853658536585,0.0,0.0,2.941176470588235,0.3048780487804878,100.0,0.0,0.0,0.3048780487804878,100.0,0.0,0.0,,,,,,,,,,,,,,,,,0.9146341463414633,0.0,0.0,0.0,1.8292682926829267,0.0,0.0,0.0,,,,,,,,,,,,,,,,
384,Joao Sousa,63.29500117343346,6.933629959213941,7.526881720430108,8.861698183166482,36.68153015724008,2.6871401151631478,2.4312220089571337,9.852847088931542,59.3053273879371,5.658884052235853,7.4000791452315005,8.86426592797784,27.833841821168743,1.6020236087689714,2.0236087689713322,11.63575042158516,1.3142454822811547,0.0,3.571428571428571,0.0,6.406946726120628,0.0,2.197802197802198,3.6630036630036633,0.86834076507862,45.94594594594595,8.108108108108109,27.027027027027028,0.8214034264257217,42.857142857142854,8.571428571428571,11.428571428571429,0.9152781037315184,53.84615384615385,12.82051282051282,7.6923076923076925,0.04693733865289838,50.0,50.0,0.0,0.04693733865289838,0.0,0.0,0.0,0.49284205585543295,19.047619047619047,14.285714285714285,9.523809523809524,0.39896737854963626,0.0,5.88235294117647,0.0,0.9856841117108659,4.761904761904762,0.0,0.0,0.16428068528514433,28.57142857142857,14.285714285714285,0.0,0.04693733865289838,0.0,0.0,0.0,0.28162403191739027,33.33333333333333,33.33333333333333,16.666666666666664,0.04693733865289838,50.0,50.0,0.0
385,Joao Souza,58.91089108910891,12.605042016806722,4.201680672268908,15.966386554621847,41.089108910891085,2.4096385542168677,0.0,13.253012048192772,51.98019801980198,9.523809523809524,2.857142857142857,17.142857142857142,35.148514851485146,1.4084507042253522,0.0,14.084507042253522,1.9801980198019802,0.0,0.0,25.0,4.455445544554455,0.0,0.0,11.11111111111111,,,,,0.49504950495049505,100.0,0.0,0.0,0.9900990099009901,0.0,50.0,0.0,,,,,1.4851485148514851,33.33333333333333,0.0,0.0,,,,,,,,,0.49504950495049505,0.0,0.0,0.0,0.9900990099009901,100.0,0.0,0.0,0.49504950495049505,0.0,0.0,0.0,1.4851485148514851,66.66666666666666,33.33333333333333,0.0,,,,
386,Johan Sebastien Tatlot,50.99009900990099,6.796116504854369,3.8834951456310676,12.62135922330097,49.00990099009901,2.0202020202020203,1.0101010101010102,13.131313131313133,47.02970297029702,6.315789473684211,4.2105263157894735,13.684210526315791,42.07920792079208,2.3529411764705883,1.1764705882352942,15.294117647058824,2.4752475247524752,0.0,0.0,0.0,6.435643564356436,0.0,0.0,0.0,0.49504950495049505,100.0,0.0,0.0,,,,,,,,,,,,,,,,,0.49504950495049505,0.0,0.0,0.0,0.9900990099009901,0.0,0.0,0.0,,,,,,,,,,,,,,,,,,,,
387,Johannes Haerteis,52.118644067796616,16.260162601626014,2.4390243902439024,10.569105691056912,47.45762711864407,6.25,7.142857142857142,10.714285714285714,47.45762711864407,10.714285714285714,2.6785714285714284,11.607142857142858,38.559322033898304,6.593406593406594,7.6923076923076925,12.087912087912088,0.423728813559322,0.0,0.0,0.0,5.508474576271186,0.0,0.0,7.6923076923076925,2.9661016949152543,85.71428571428571,0.0,0.0,0.847457627118644,0.0,50.0,0.0,0.847457627118644,100.0,0.0,0.0,0.847457627118644,50.0,0.0,0.0,,,,,,,,,0.423728813559322,0.0,0.0,0.0,1.694915254237288,0.0,0.0,0.0,,,,,,,,,,,,,,,,
388,John Isner,56.05521731267707,13.571351758253575,6.828691257124422,15.646843746639425,43.938754596419315,5.460282617643024,3.910001371930306,13.184250240087803,47.29640122973054,9.813917919959216,6.716798368595462,16.568952332398673,32.262342516125145,3.8303437967115097,3.923766816143498,13.023168908819132,2.182168907107119,1.3812154696132597,1.1049723756906076,2.209944751381215,7.607450720356863,0.07923930269413629,1.5055467511885896,11.96513470681458,3.7012478148170476,50.814332247557005,9.609120521172638,12.866449511400651,2.9296521791548615,34.77366255144033,9.670781893004115,17.901234567901234,1.1694496353005004,62.371134020618555,10.309278350515463,8.24742268041237,0.04822472722888661,25.0,12.5,0.0,0.8318765446982941,22.463768115942027,7.971014492753622,26.08695652173913,0.24112363614443305,17.5,12.5,32.5,0.3677135451202604,1.639344262295082,1.639344262295082,6.557377049180328,0.5003315449996987,3.614457831325301,1.2048192771084338,3.614457831325301,0.3194888178913738,15.09433962264151,7.547169811320755,13.20754716981132,0.3255169087949846,18.51851851851852,3.7037037037037033,14.814814814814813,0.1868708180119356,45.16129032258064,29.03225806451613,16.129032258064516,0.024112363614443307,25.0,0.0,50.0
389,John Millman,47.54762869882448,5.456095481670929,4.376243250923558,7.757885763000852,52.41183623834617,3.8411961845836555,3.0162412993039442,7.037896365042537,45.1425483042832,4.280155642023346,4.369949117030829,7.96168811733014,49.12849614916903,3.52035203520352,2.8877887788778875,7.315731573157317,0.9728415079043373,2.7777777777777777,0.0,1.3888888888888888,1.986218078638022,1.3605442176870748,2.7210884353741496,1.3605442176870748,0.351303877854344,57.692307692307686,3.8461538461538463,0.0,0.4188623159032563,38.70967741935484,16.129032258064516,9.67741935483871,0.7161194433184705,56.60377358490566,9.433962264150944,9.433962264150944,0.0675584380489123,20.0,0.0,0.0,0.05404675043912985,0.0,25.0,25.0,0.08107012565869477,16.666666666666664,0.0,16.666666666666664,0.3107688150249966,8.695652173913043,4.3478260869565215,0.0,0.6485610052695582,10.416666666666668,6.25,2.083333333333333,,,,,0.05404675043912985,0.0,0.0,0.0,,,,,0.027023375219564924,0.0,0.0,0.0
390,Jonas Bjorkman,49.71910112359551,9.03954802259887,5.084745762711865,9.03954802259887,50.28089887640449,4.4692737430167595,6.70391061452514,6.70391061452514,36.51685393258427,3.8461538461538463,3.8461538461538463,9.230769230769232,35.39325842696629,0.7936507936507936,3.1746031746031744,8.73015873015873,1.4044943820224718,0.0,0.0,0.0,4.213483146067416,0.0,0.0,0.0,8.146067415730338,17.24137931034483,13.793103448275861,13.793103448275861,8.146067415730338,20.689655172413794,24.137931034482758,3.4482758620689653,1.9662921348314606,85.71428571428571,0.0,0.0,,,,,0.2808988764044944,0.0,0.0,0.0,0.5617977528089888,0.0,50.0,0.0,0.2808988764044944,0.0,0.0,0.0,0.8426966292134831,0.0,0.0,0.0,1.1235955056179776,0.0,0.0,0.0,1.1235955056179776,25.0,0.0,0.0,,,,,,,,
391,Jordan Thompson,54.32082095598164,7.009694258016405,5.195128013919961,8.94854586129754,45.66567647853092,4.52395032525133,2.986398580721467,9.491425192193969,46.867404806913314,4.724863151829444,5.070584845865745,9.709017574186113,34.41803942749122,2.9423303256178897,2.471557473519027,9.533150255001962,3.402646502835539,0.7936507936507936,0.0,0.7936507936507936,7.4939238455306505,0.9009009009009009,1.981981981981982,7.567567567567568,1.5933027275182285,50.847457627118644,9.322033898305085,7.627118644067797,2.0793950850661624,35.064935064935064,13.636363636363635,16.233766233766232,1.2557385903321632,47.31182795698925,16.129032258064516,7.526881720430108,0.054010261949770454,50.0,0.0,50.0,0.175533351336754,15.384615384615385,7.6923076923076925,23.076923076923077,0.4860923575479341,16.666666666666664,5.555555555555555,13.88888888888889,0.6751282743721306,6.0,4.0,4.0,0.945179584120983,10.0,5.714285714285714,4.285714285714286,0.175533351336754,7.6923076923076925,23.076923076923077,0.0,0.1890359168241966,28.57142857142857,0.0,7.142857142857142,0.175533351336754,46.15384615384615,7.6923076923076925,0.0,,,,
392,Joris De Loore,53.100775193798455,3.64963503649635,4.37956204379562,7.2992700729927,46.89922480620155,1.6528925619834711,6.6115702479338845,5.785123966942149,48.837209302325576,3.1746031746031744,4.761904761904762,7.936507936507936,36.82170542635659,1.0526315789473684,4.2105263157894735,7.368421052631578,3.488372093023256,0.0,0.0,0.0,8.13953488372093,0.0,9.523809523809524,0.0,0.3875968992248062,100.0,0.0,0.0,0.3875968992248062,100.0,0.0,0.0,,,,,,,,,,,,,0.3875968992248062,0.0,100.0,0.0,0.3875968992248062,0.0,0.0,0.0,1.1627906976744187,0.0,33.33333333333333,0.0,,,,,,,,,,,,,,,,
393,Jose Acasuso,69.48640483383686,9.565217391304348,8.26086956521739,8.695652173913043,30.211480362537763,11.0,2.0,9.0,61.631419939577036,8.333333333333332,8.333333333333332,9.313725490196079,15.709969788519636,7.6923076923076925,3.8461538461538463,15.384615384615385,4.531722054380665,0.0,0.0,0.0,10.876132930513595,0.0,0.0,2.7777777777777777,0.6042296072507553,50.0,0.0,50.0,1.812688821752266,100.0,0.0,0.0,1.812688821752266,50.0,33.33333333333333,0.0,,,,,0.3021148036253776,0.0,0.0,0.0,0.3021148036253776,100.0,0.0,0.0,0.3021148036253776,0.0,0.0,0.0,1.2084592145015105,0.0,0.0,0.0,,,,,0.3021148036253776,0.0,0.0,0.0,0.3021148036253776,100.0,0.0,0.0,,,,
394,Jose Hernandez,51.578947368421055,6.122448979591836,5.1020408163265305,9.183673469387756,48.421052631578945,4.3478260869565215,2.1739130434782608,7.608695652173914,48.421052631578945,4.3478260869565215,5.434782608695652,9.782608695652174,45.78947368421053,4.597701149425287,2.2988505747126435,6.896551724137931,0.5263157894736842,0.0,0.0,0.0,1.5789473684210527,0.0,0.0,33.33333333333333,2.1052631578947367,50.0,0.0,0.0,0.5263157894736842,0.0,0.0,0.0,0.5263157894736842,0.0,0.0,0.0,,,,,,,,,0.5263157894736842,0.0,0.0,0.0,,,,,,,,,,,,,,,,,,,,,,,,
395,Jose Rubin Statham,45.8498023715415,3.4482758620689653,0.8620689655172413,12.931034482758621,54.1501976284585,5.109489051094891,0.0,11.678832116788321,39.130434782608695,1.0101010101010102,1.0101010101010102,14.14141414141414,46.24505928853755,4.273504273504273,0.0,12.82051282051282,4.3478260869565215,0.0,0.0,0.0,5.928853754940711,0.0,0.0,6.666666666666667,0.3952569169960474,0.0,0.0,0.0,0.7905138339920948,50.0,0.0,0.0,0.3952569169960474,100.0,0.0,0.0,,,,,0.3952569169960474,0.0,0.0,100.0,0.3952569169960474,100.0,0.0,0.0,,,,,0.7905138339920948,0.0,0.0,0.0,0.7905138339920948,50.0,0.0,0.0,,,,,0.3952569169960474,100.0,0.0,0.0,,,,
396,Joshua Sheehy,58.45070422535211,10.843373493975903,3.614457831325301,13.253012048192772,41.54929577464789,6.779661016949152,3.389830508474576,13.559322033898304,52.816901408450704,9.333333333333334,2.666666666666667,12.0,31.690140845070424,4.444444444444445,4.444444444444445,13.333333333333334,2.8169014084507045,0.0,0.0,25.0,6.338028169014084,0.0,0.0,11.11111111111111,0.7042253521126761,100.0,0.0,0.0,1.4084507042253522,50.0,0.0,50.0,0.7042253521126761,0.0,0.0,100.0,,,,,1.4084507042253522,50.0,50.0,0.0,0.7042253521126761,100.0,0.0,0.0,,,,,1.4084507042253522,0.0,0.0,0.0,,,,,,,,,,,,,,,,
397,Jozef Kovalik,54.6018614270941,10.606060606060606,7.575757575757576,9.469696969696969,42.709410548086865,5.811138014527845,3.87409200968523,11.62227602905569,47.673216132368154,8.676789587852495,7.809110629067245,9.761388286334057,27.19751809720786,4.942965779467681,3.802281368821293,14.44866920152091,3.1023784901758016,0.0,6.666666666666667,3.3333333333333335,11.582213029989658,0.0,3.571428571428571,7.142857142857142,1.1375387797311272,45.45454545454545,0.0,18.181818181818183,1.2409513960703205,50.0,8.333333333333332,0.0,1.2409513960703205,50.0,16.666666666666664,0.0,,,,,0.5170630816959669,40.0,0.0,40.0,1.7580144777662874,23.52941176470588,5.88235294117647,11.76470588235294,0.4136504653567736,0.0,0.0,0.0,0.8273009307135472,12.5,0.0,0.0,0.3102378490175801,66.66666666666666,0.0,0.0,0.1034126163391934,0.0,0.0,0.0,0.2068252326783868,50.0,0.0,0.0,,,,
398,Juan Carlos Ferrero,48.198143907436425,7.701925481370342,5.376344086021505,8.67716929232308,51.76569844522116,4.074505238649592,3.39930151338766,7.799767171129219,44.04001446305894,6.048166392993979,5.309250136836344,8.894362342638203,47.69193684464264,3.133687136719737,3.411675511751327,7.884761182714177,1.6511992286368566,2.9197080291970803,0.0,0.0,1.8922502109196093,1.2738853503184715,2.547770700636943,2.547770700636943,0.4821019645655056,50.0,10.0,12.5,0.6628902012775703,61.81818181818181,3.6363636363636362,5.454545454545454,0.6387851030492949,60.37735849056604,9.433962264150944,9.433962264150944,0.024105098228275283,0.0,0.0,0.0,0.7472580450765337,41.935483870967744,11.29032258064516,16.129032258064516,0.3977341207665421,24.242424242424242,6.0606060606060606,36.36363636363637,0.4218392189948174,2.857142857142857,2.857142857142857,0.0,0.9521513800168736,6.329113924050633,2.5316455696202533,3.79746835443038,0.036157647342412925,0.0,33.33333333333333,0.0,0.10847294202723876,22.22222222222222,0.0,0.0,0.1807882367120646,26.666666666666668,20.0,13.333333333333334,0.036157647342412925,0.0,33.33333333333333,33.33333333333333
399,Juan Carlos Prado Angelo,54.708199069101326,5.955497382198953,6.740837696335078,11.2565445026178,45.291800930898674,2.924901185770751,2.924901185770751,8.458498023715414,51.98711063372718,4.6143250688705235,6.6115702479338845,11.432506887052343,41.532402434658074,2.2413793103448274,2.9310344827586206,8.879310344827585,0.7876834944504119,0.0,9.090909090909092,0.0,2.506265664160401,0.0,0.0,1.4285714285714286,0.4296455424274973,58.333333333333336,8.333333333333332,0.0,0.39384174722520593,63.63636363636363,9.090909090909092,18.181818181818183,0.5370569280343717,53.333333333333336,6.666666666666667,20.0,,,,,0.5728607232366631,37.5,18.75,12.5,0.35803795202291444,20.0,10.0,10.0,0.2506265664160401,0.0,0.0,0.0,0.4296455424274973,0.0,8.333333333333332,0.0,0.03580379520229145,100.0,0.0,0.0,0.03580379520229145,100.0,0.0,0.0,0.10741138560687433,66.66666666666666,0.0,33.33333333333333,0.03580379520229145,100.0,0.0,0.0
400,Juan Carlos Saez,59.375,5.263157894736842,2.631578947368421,25.0,40.625,0.0,1.9230769230769231,17.307692307692307,51.5625,3.0303030303030303,1.5151515151515151,25.757575757575758,38.28125,0.0,2.0408163265306123,16.3265306122449,1.5625,0.0,0.0,0.0,1.5625,0.0,0.0,50.0,2.34375,33.33333333333333,0.0,33.33333333333333,,,,,1.5625,50.0,50.0,0.0,,,,,,,,,0.78125,0.0,0.0,0.0,0.78125,0.0,0.0,0.0,,,,,,,,,,,,,1.5625,0.0,0.0,50.0,,,,
401,Juan Ignacio Chela,58.36216839677048,6.126482213438735,6.719367588932807,6.719367588932807,41.63783160322952,4.1551246537396125,2.21606648199446,12.18836565096953,54.20991926182238,4.680851063829787,6.382978723404255,6.808510638297872,35.98615916955018,4.166666666666666,1.9230769230769231,13.461538461538462,0.8073817762399077,14.285714285714285,0.0,0.0,4.1522491349480966,0.0,2.7777777777777777,0.0,0.8073817762399077,28.57142857142857,0.0,14.285714285714285,0.6920415224913495,33.33333333333333,0.0,33.33333333333333,0.5767012687427913,60.0,20.0,0.0,,,,,0.461361014994233,0.0,50.0,0.0,0.2306805074971165,0.0,0.0,0.0,1.0380622837370241,0.0,11.11111111111111,11.11111111111111,0.461361014994233,0.0,25.0,0.0,0.11534025374855825,100.0,0.0,0.0,0.11534025374855825,0.0,0.0,0.0,0.34602076124567477,66.66666666666666,0.0,0.0,,,,
402,Juan Ignacio Londero,60.82429501084599,10.912981455064195,6.776034236804565,11.982881597717546,39.17570498915401,5.094130675526024,4.651162790697675,11.074197120708748,54.92407809110629,8.451816745655607,7.187993680884676,11.61137440758294,33.31887201735358,4.557291666666666,4.6875,12.5,1.561822125813449,2.7777777777777777,2.7777777777777777,2.7777777777777777,4.208242950108461,1.0309278350515463,2.0618556701030926,3.0927835051546393,0.911062906724512,57.14285714285714,0.0,33.33333333333333,0.824295010845987,42.10526315789473,15.789473684210526,0.0,1.0412147505422993,58.333333333333336,0.0,12.5,,,,,1.7787418655097613,36.58536585365854,4.878048780487805,21.951219512195124,0.39045553145336226,22.22222222222222,11.11111111111111,11.11111111111111,0.3036876355748373,14.285714285714285,0.0,0.0,0.43383947939262474,0.0,0.0,0.0,,,,,,,,,0.3036876355748373,42.857142857142854,14.285714285714285,14.285714285714285,,,,
403,Juan Manuel Cerundolo,56.886227544910184,5.413533834586466,5.56390977443609,8.571428571428571,42.68605645851155,1.8036072144288577,3.406813627254509,10.220440881763528,53.635585970915315,4.30622009569378,5.582137161084529,8.931419457735247,35.0727117194183,1.4634146341463417,2.682926829268293,10.731707317073171,0.5988023952095809,0.0,0.0,0.0,5.303678357570573,1.6129032258064515,4.838709677419355,8.064516129032258,0.5132591958939264,33.33333333333333,0.0,0.0,,,,,0.42771599657827203,20.0,40.0,0.0,0.0855431993156544,100.0,0.0,0.0,0.6843455945252352,62.5,0.0,0.0,0.5132591958939264,16.666666666666664,33.33333333333333,33.33333333333333,0.6843455945252352,0.0,0.0,0.0,1.7108639863130881,0.0,5.0,0.0,,,,,,,,,0.3421727972626176,25.0,0.0,25.0,,,,
404,Juan Martin Del Potro,49.11718673579184,9.161065471745083,6.5372168284789645,8.986806074184715,50.83145847598553,2.8769363994996633,3.0934282690272297,6.720869816222458,45.71309791646288,8.190231637511367,6.686995131867544,9.377841972931042,36.584172943363,2.466577540106952,3.3155080213903747,7.419786096256685,1.6237894942776092,1.6566265060240966,1.5060240963855422,1.355421686746988,11.686882519808275,0.4394224733207784,1.611215735509521,3.933877380205064,0.5233297466497114,50.93457943925234,9.345794392523365,8.411214953271028,0.6969578401643353,47.719298245614034,7.368421052631578,9.824561403508772,0.4939841533796342,65.84158415841584,7.920792079207921,4.9504950495049505,0.04890932211679546,30.0,10.0,5.0,0.17851902572630343,28.767123287671232,8.21917808219178,10.95890410958904,0.6578303824708989,18.21561338289963,8.921933085501859,23.79182156133829,0.34236525481756824,3.571428571428571,0.7142857142857143,1.4285714285714286,1.066223222146141,3.211009174311927,5.045871559633028,0.9174311926605505,0.09537317812775115,7.6923076923076925,5.128205128205128,0.0,0.07825491538687274,9.375,3.125,6.25,0.14672796635038637,45.0,13.333333333333334,8.333333333333332,0.012227330529198865,0.0,0.0,0.0
405,Juan Monaco,53.288490284005974,3.3660589060308554,3.0855539971949506,7.713884992987377,46.63677130044843,2.7243589743589745,2.403846153846154,8.173076923076923,48.95366218236173,2.2900763358778624,2.7480916030534353,7.633587786259542,39.91031390134529,2.4344569288389515,2.4344569288389515,8.239700374531834,1.345291479820628,5.555555555555555,5.555555555555555,5.555555555555555,5.381165919282512,0.0,1.3888888888888888,4.166666666666666,0.523168908819133,42.857142857142854,14.285714285714285,14.285714285714285,0.4484304932735426,50.0,0.0,50.0,0.9715994020926756,23.076923076923077,15.384615384615385,23.076923076923077,,,,,0.37369207772795215,20.0,0.0,0.0,0.523168908819133,14.285714285714285,14.285714285714285,14.285714285714285,0.7473841554559043,10.0,0.0,0.0,0.37369207772795215,0.0,0.0,0.0,0.29895366218236175,0.0,0.0,0.0,,,,,0.07473841554559044,0.0,0.0,0.0,,,,
406,Juan Pablo Ficovich,45.038167938931295,1.694915254237288,5.084745762711865,13.559322033898304,54.19847328244275,1.4084507042253522,1.4084507042253522,4.225352112676056,35.87786259541985,2.127659574468085,6.382978723404255,14.893617021276595,47.32824427480916,1.6129032258064515,1.6129032258064515,4.838709677419355,8.396946564885496,0.0,0.0,0.0,6.106870229007633,0.0,0.0,0.0,,,,,,,,,,,,,,,,,0.7633587786259541,0.0,0.0,100.0,0.7633587786259541,0.0,0.0,0.0,,,,,,,,,,,,,,,,,,,,,,,,
407,Juan Pablo Varillas,56.9060773480663,6.796116504854369,5.109862033725089,8.58456821665815,43.0939226519337,3.1039136302294197,2.968960863697706,8.83940620782726,52.80604826984588,5.561674008810573,4.73568281938326,8.535242290748899,38.761267810410004,2.3255813953488373,2.925731432858215,9.00225056264066,1.3085199185809828,2.2222222222222223,0.0,2.2222222222222223,3.111369584181448,0.0,2.803738317757009,7.476635514018691,0.6106426286711254,42.857142857142854,9.523809523809524,19.047619047619047,0.639720849084036,54.54545454545454,9.090909090909092,13.636363636363635,0.639720849084036,54.54545454545454,18.181818181818183,9.090909090909092,0.02907822041291073,100.0,0.0,0.0,0.8723466123873218,26.666666666666668,10.0,16.666666666666664,0.08723466123873219,33.33333333333333,0.0,0.0,0.319860424542018,0.0,0.0,0.0,0.40709508578075027,0.0,0.0,0.0,0.14539110206455366,0.0,40.0,20.0,0.02907822041291073,0.0,0.0,0.0,0.20354754289037513,28.57142857142857,42.857142857142854,0.0,0.02907822041291073,100.0,0.0,0.0
408,Julian Reister,55.85106382978723,7.6190476190476195,7.6190476190476195,5.714285714285714,44.148936170212764,4.819277108433735,0.0,8.433734939759036,54.25531914893617,6.862745098039216,6.862745098039216,5.88235294117647,34.57446808510639,1.5384615384615385,0.0,9.230769230769232,1.0638297872340425,0.0,50.0,0.0,5.319148936170213,0.0,0.0,0.0,0.5319148936170213,100.0,0.0,0.0,,,,,,,,,,,,,,,,,4.25531914893617,37.5,0.0,12.5,,,,,,,,,,,,,,,,,,,,,,,,
409,Julien Benneteau,47.547797173732334,11.713286713286713,4.895104895104895,7.6923076923076925,52.28595178719867,6.041335453100159,2.7027027027027026,8.744038155802862,41.895261845386536,8.134920634920634,4.9603174603174605,7.5396825396825395,43.22527015793849,4.807692307692308,2.6923076923076925,8.846153846153847,1.4131338320864506,0.0,0.0,5.88235294117647,5.15378221113882,0.0,1.6129032258064515,9.67741935483871,2.3275145469659186,64.28571428571429,7.142857142857142,10.714285714285714,1.1637572734829593,42.857142857142854,7.142857142857142,7.142857142857142,0.4987531172069825,33.33333333333333,0.0,16.666666666666664,,,,,0.24937655860349126,66.66666666666666,0.0,0.0,1.2468827930174564,26.666666666666668,0.0,13.333333333333334,0.4987531172069825,16.666666666666664,16.666666666666664,0.0,1.2468827930174564,20.0,6.666666666666667,0.0,0.41562759767248547,20.0,0.0,0.0,0.24937655860349126,0.0,0.0,0.0,0.24937655860349126,66.66666666666666,0.0,33.33333333333333,,,,
410,Julien Boutter,50.38461538461539,13.740458015267176,8.396946564885496,17.557251908396946,49.61538461538461,6.976744186046512,3.10077519379845,17.829457364341085,40.76923076923077,6.60377358490566,8.49056603773585,19.81132075471698,34.61538461538461,5.555555555555555,2.2222222222222223,22.22222222222222,2.6923076923076925,0.0,0.0,0.0,10.76923076923077,0.0,0.0,10.714285714285714,5.0,69.23076923076923,7.6923076923076925,15.384615384615385,2.6923076923076925,42.857142857142854,28.57142857142857,0.0,0.7692307692307693,100.0,0.0,0.0,,,,,,,,,0.38461538461538464,0.0,0.0,0.0,1.153846153846154,0.0,33.33333333333333,0.0,0.7692307692307693,0.0,0.0,0.0,,,,,0.38461538461538464,100.0,0.0,0.0,,,,,,,,
411,Juncheng Shang,58.38509316770186,9.946808510638299,6.382978723404255,9.46808510638298,41.49068322981366,3.8922155688622757,4.266467065868264,7.260479041916168,53.13664596273292,8.299240210403273,6.253652834599649,9.643483343074227,36.5527950310559,3.228547153780799,4.248088360237893,7.476635514018691,1.9254658385093166,0.0,0.0,0.0,3.1366459627329193,2.9702970297029703,0.9900990099009901,2.9702970297029703,0.5900621118012422,52.63157894736842,15.789473684210526,15.789473684210526,0.5900621118012422,31.57894736842105,10.526315789473683,10.526315789473683,1.0559006211180124,52.94117647058824,11.76470588235294,5.88235294117647,0.031055900621118012,0.0,0.0,0.0,1.1490683229813665,37.83783783783784,10.81081081081081,18.91891891891892,0.7453416149068323,12.5,16.666666666666664,16.666666666666664,0.15527950310559005,0.0,0.0,0.0,0.40372670807453415,7.6923076923076925,0.0,0.0,0.18633540372670807,16.666666666666664,16.666666666666664,0.0,0.031055900621118012,100.0,0.0,0.0,0.18633540372670807,33.33333333333333,16.666666666666664,16.666666666666664,,,,
412,Jurgen Melzer,47.06314243759178,7.020280811232449,5.77223088923557,12.012480499219969,52.93685756240822,5.6865464632454925,5.547850208044383,14.285714285714285,40.89574155653451,5.745062836624776,4.66786355475763,12.387791741472173,40.822320117474305,3.9568345323741005,5.755395683453238,15.467625899280577,2.5697503671071953,0.0,11.428571428571429,5.714285714285714,7.63582966226138,0.9615384615384616,0.9615384615384616,9.615384615384617,1.762114537444934,25.0,16.666666666666664,20.833333333333336,1.908957415565345,38.46153846153847,11.538461538461538,7.6923076923076925,0.5139500734214391,71.42857142857143,0.0,0.0,0.14684287812041116,100.0,0.0,0.0,0.4405286343612335,16.666666666666664,50.0,16.666666666666664,1.908957415565345,23.076923076923077,15.384615384615385,15.384615384615385,0.5873715124816447,0.0,0.0,0.0,0.36710719530102787,0.0,0.0,20.0,0.14684287812041116,0.0,0.0,0.0,0.14684287812041116,0.0,0.0,0.0,0.14684287812041116,50.0,0.0,0.0,,,,
413,Jurgen Zopp,53.960396039603964,6.422018348623854,6.422018348623854,15.59633027522936,46.03960396039604,2.1505376344086025,1.0752688172043012,8.60215053763441,48.51485148514851,2.0408163265306123,6.122448979591836,16.3265306122449,39.603960396039604,1.25,1.25,7.5,1.4851485148514851,0.0,0.0,0.0,3.4653465346534658,0.0,0.0,14.285714285714285,1.9801980198019802,75.0,0.0,25.0,2.4752475247524752,20.0,0.0,20.0,1.4851485148514851,66.66666666666666,0.0,0.0,,,,,,,,,,,,,,,,,,,,,,,,,0.49504950495049505,0.0,0.0,0.0,0.49504950495049505,0.0,100.0,0.0,,,,
414,Jurij Rodionov,51.03305785123967,12.145748987854251,5.263157894736842,10.931174089068826,48.96694214876033,4.219409282700422,2.9535864978902953,12.236286919831224,39.0495867768595,8.465608465608465,4.761904761904762,11.11111111111111,33.88429752066116,3.6585365853658534,3.048780487804878,13.414634146341465,5.1652892561983474,0.0,0.0,4.0,9.297520661157025,0.0,0.0,11.11111111111111,3.3057851239669422,56.25,6.25,12.5,3.3057851239669422,18.75,12.5,6.25,1.6528925619834711,50.0,37.5,0.0,,,,,1.2396694214876034,16.666666666666664,0.0,50.0,1.6528925619834711,12.5,0.0,0.0,0.4132231404958678,0.0,0.0,0.0,0.6198347107438017,0.0,0.0,33.33333333333333,0.2066115702479339,0.0,0.0,0.0,0.2066115702479339,0.0,0.0,0.0,,,,,,,,
415,Kamil Majchrzak,44.24778761061947,6.0,6.5,6.0,55.088495575221245,6.827309236947792,3.614457831325301,10.441767068273093,39.60176991150443,2.793296089385475,6.145251396648044,6.70391061452514,45.79646017699115,4.830917874396135,2.898550724637681,10.628019323671497,1.5486725663716814,14.285714285714285,0.0,0.0,3.3185840707964607,0.0,0.0,6.666666666666667,0.6637168141592921,100.0,0.0,0.0,1.3274336283185841,33.33333333333333,0.0,16.666666666666664,1.1061946902654867,60.0,20.0,0.0,,,,,0.22123893805309736,0.0,0.0,0.0,2.433628318584071,36.36363636363637,27.27272727272727,18.181818181818183,0.8849557522123894,0.0,25.0,0.0,2.2123893805309733,10.0,0.0,0.0,,,,,,,,,0.22123893805309736,0.0,0.0,0.0,,,,
416,Karen Khachanov,50.65747352868751,8.030332490764145,5.288741979389462,9.508069220299436,49.30805220389067,4.304834198961246,3.4458649620455453,8.489812225329604,43.225806451612904,7.1208841289734535,5.79924803463598,10.459154608636208,41.76803742920463,3.5255276500412687,3.3250795896710295,8.737177219667492,5.062792415661168,0.7782101167315175,0.48638132295719844,1.3618677042801557,5.023393252893376,0.9803921568627451,1.4705882352941175,4.6078431372549025,0.7830583600098497,50.314465408805034,11.320754716981133,11.320754716981133,1.0982516621521792,35.42600896860987,13.452914798206278,14.349775784753364,0.6697857670524501,61.76470588235294,2.2058823529411766,5.88235294117647,0.04432405811376508,22.22222222222222,33.33333333333333,0.0,0.2363949766067471,29.166666666666668,10.416666666666668,18.75,0.6599359763605024,22.388059701492537,6.7164179104477615,18.65671641791045,0.42354099975375525,1.1627906976744187,0.0,2.3255813953488373,0.5712878601329722,5.172413793103448,3.4482758620689653,2.586206896551724,0.12804727899532134,15.384615384615385,3.8461538461538463,11.538461538461538,0.12312238364934745,16.0,4.0,4.0,0.12804727899532134,38.46153846153847,11.538461538461538,23.076923076923077,0.01969958138389559,25.0,25.0,25.0
417,Karim Mohamed Maamoun,48.82565130260521,8.40584468888524,4.974552618617632,12.674437694959776,51.15831663326653,3.603885929175807,2.4757129426512066,10.200564086493262,42.829659318637276,7.505146921205315,5.146921205315366,13.007673591615198,42.276553106212425,2.4838832006067504,2.218430034129693,9.973454683352294,3.5831663326653307,1.5659955257270695,2.013422818791946,4.026845637583892,6.028056112224449,1.8617021276595744,1.7287234042553192,9.175531914893616,0.48096192384769537,46.666666666666664,6.666666666666667,28.333333333333332,0.6412825651302605,37.5,11.25,12.5,0.5691382765531062,46.478873239436616,2.8169014084507045,15.492957746478872,0.01603206412825651,50.0,0.0,50.0,0.8817635270541082,32.72727272727273,9.090909090909092,19.090909090909093,1.4669338677354709,26.229508196721312,8.19672131147541,22.950819672131146,0.3847695390781563,6.25,2.083333333333333,14.583333333333334,0.6813627254509018,7.0588235294117645,3.5294117647058822,2.3529411764705883,0.04008016032064128,0.0,0.0,40.0,0.03206412825651302,0.0,0.0,0.0,0.056112224448897796,57.14285714285714,28.57142857142857,14.285714285714285,0.01603206412825651,0.0,50.0,50.0
418,Karlis Ozolins,55.00000000000001,7.792207792207792,10.38961038961039,11.688311688311687,45.0,3.1746031746031744,1.5873015873015872,7.936507936507936,47.14285714285714,6.0606060606060606,10.606060606060606,13.636363636363635,30.0,0.0,2.380952380952381,4.761904761904762,1.4285714285714286,0.0,0.0,0.0,11.428571428571429,0.0,0.0,6.25,3.571428571428571,20.0,0.0,0.0,3.571428571428571,40.0,0.0,40.0,1.4285714285714286,50.0,50.0,0.0,,,,,0.7142857142857143,0.0,0.0,0.0,,,,,0.7142857142857143,0.0,0.0,0.0,,,,,,,,,,,,,,,,,,,,
419,Karol Beck,49.45652173913043,3.296703296703297,6.593406593406594,15.384615384615385,50.54347826086957,3.225806451612903,2.1505376344086025,13.978494623655912,46.19565217391305,1.1764705882352942,7.0588235294117645,16.470588235294116,35.32608695652174,1.5384615384615385,3.076923076923077,13.846153846153847,0.5434782608695652,0.0,0.0,0.0,12.5,0.0,0.0,17.391304347826086,1.0869565217391304,50.0,0.0,0.0,1.0869565217391304,100.0,0.0,0.0,0.5434782608695652,100.0,0.0,0.0,,,,,1.0869565217391304,0.0,0.0,0.0,1.0869565217391304,0.0,0.0,0.0,,,,,,,,,,,,,0.5434782608695652,0.0,0.0,0.0,,,,,,,,
420,Karue Sell,55.723443223443226,7.23089564502876,6.491372226787181,8.052588331963847,44.184981684981686,3.5233160621761654,5.803108808290156,6.321243523316062,50.641025641025635,4.3399638336347195,6.50994575045208,7.866184448462929,39.6978021978022,2.6528258362168398,5.88235294117647,6.228373702422145,1.6941391941391941,2.7027027027027026,2.7027027027027026,2.7027027027027026,3.296703296703297,2.7777777777777777,2.7777777777777777,5.555555555555555,1.2362637362637363,62.96296296296296,7.4074074074074066,7.4074074074074066,0.641025641025641,50.0,0.0,7.142857142857142,1.3278388278388278,58.620689655172406,6.896551724137931,13.793103448275861,0.045787545787545784,0.0,100.0,0.0,0.7326007326007326,31.25,12.5,18.75,0.3663003663003663,12.5,12.5,25.0,0.045787545787545784,0.0,0.0,100.0,0.09157509157509157,50.0,50.0,0.0,0.045787545787545784,0.0,0.0,0.0,0.045787545787545784,0.0,0.0,0.0,,,,,,,,
421,Kasidit Samrej,55.25,7.239819004524888,4.97737556561086,17.647058823529413,44.75,6.145251396648044,7.262569832402235,14.52513966480447,47.5,5.7894736842105265,4.736842105263158,19.473684210526315,32.75,4.580152671755725,6.106870229007633,16.030534351145036,3.5000000000000004,0.0,0.0,7.142857142857142,6.25,0.0,4.0,4.0,0.75,66.66666666666666,0.0,0.0,1.0,50.0,50.0,0.0,0.25,100.0,0.0,0.0,,,,,2.75,18.181818181818183,18.181818181818183,9.090909090909092,4.0,12.5,12.5,25.0,0.5,0.0,0.0,0.0,0.5,50.0,0.0,0.0,,,,,0.25,0.0,0.0,0.0,,,,,,,,
422,Kaylan Bigun,66.97247706422019,13.698630136986301,9.58904109589041,7.534246575342466,32.56880733944954,2.8169014084507045,4.225352112676056,15.492957746478872,57.798165137614674,11.904761904761903,8.73015873015873,7.936507936507936,23.853211009174313,1.9230769230769231,5.769230769230769,19.230769230769234,3.669724770642202,12.5,0.0,0.0,3.669724770642202,0.0,0.0,0.0,1.834862385321101,75.0,25.0,0.0,1.3761467889908259,33.33333333333333,0.0,33.33333333333333,0.9174311926605505,0.0,0.0,50.0,,,,,1.3761467889908259,0.0,0.0,0.0,0.45871559633027525,0.0,0.0,0.0,,,,,2.7522935779816518,0.0,0.0,0.0,,,,,0.45871559633027525,0.0,0.0,0.0,1.3761467889908259,33.33333333333333,66.66666666666666,0.0,,,,
423,Kei Nishikori,49.102652337339194,8.92722371967655,6.911051212938005,10.501347708894878,50.85499497061782,5.746408494690818,4.6325213408286485,8.69248386425151,43.26327492191223,6.705824767498776,6.779246206558982,11.074400391581008,41.75446026788078,5.185748700393051,4.729301382021047,9.420565487511094,2.403515273439568,1.762114537444934,2.2026431718061676,2.2026431718061676,6.8399597649425585,1.3157894736842104,1.780185758513932,3.9473684210526314,1.1329345121499286,50.93457943925234,14.018691588785046,8.411214953271028,1.1329345121499286,37.850467289719624,12.616822429906541,14.018691588785046,0.7411721107522897,55.00000000000001,13.571428571428571,8.571428571428571,0.06352903806448197,33.33333333333333,16.666666666666664,8.333333333333332,0.8258774948382657,39.743589743589745,12.82051282051282,14.743589743589745,0.4023505744083858,28.947368421052634,14.473684210526317,11.842105263157894,0.43411509344062676,6.097560975609756,1.2195121951219512,1.2195121951219512,0.4605855259674943,11.494252873563218,4.597701149425287,0.0,0.15352850865583142,17.24137931034483,13.793103448275861,10.344827586206897,0.14294033564508443,14.814814814814813,11.11111111111111,0.0,0.14823442215045796,50.0,10.714285714285714,7.142857142857142,0.05823495155910847,45.45454545454545,18.181818181818183,9.090909090909092
424,Kevin Anderson,52.92131532589548,9.542302357836338,7.018030513176145,11.45631067961165,47.06400469759248,4.8034934497816595,4.086088583905178,10.449157829070494,47.4603640634175,7.299721620785649,7.021342406433654,11.970306217135787,36.670581327069875,3.6028823058446755,4.083266613290633,11.76941553242594,1.8790369935408102,0.78125,0.78125,2.34375,7.281268349970641,1.411290322580645,1.411290322580645,5.040322580645161,1.570757486788021,43.925233644859816,8.411214953271028,14.018691588785046,2.0111567821491487,35.03649635036496,12.408759124087592,10.218978102189782,1.0422783323546683,53.52112676056338,9.859154929577464,5.633802816901409,0.08807985907222549,33.33333333333333,16.666666666666664,0.0,0.19083969465648853,53.84615384615385,7.6923076923076925,15.384615384615385,0.3082795067527892,33.33333333333333,14.285714285714285,4.761904761904762,0.19083969465648853,0.0,0.0,0.0,0.5431591309453905,0.0,2.7027027027027026,2.7027027027027026,0.2935995302407516,25.0,15.0,5.0,0.16147974163241338,0.0,0.0,0.0,0.2935995302407516,50.0,25.0,5.0,,,,
425,Kevin King,54.453441295546554,10.130111524163569,7.24907063197026,9.66542750929368,45.49595141700405,6.229143492769744,7.119021134593993,7.563959955506118,44.382591093117405,7.639680729760548,7.411630558722919,10.376282782212087,34.81781376518219,2.616279069767442,6.540697674418605,7.703488372093023,4.807692307692308,1.0526315789473684,4.2105263157894735,1.0526315789473684,5.870445344129554,0.8620689655172413,5.172413793103448,8.620689655172415,3.2388663967611335,42.1875,7.8125,12.5,3.694331983805668,45.20547945205479,15.068493150684931,4.10958904109589,1.0627530364372468,52.38095238095239,19.047619047619047,4.761904761904762,,,,,0.20242914979757085,50.0,0.0,25.0,0.05060728744939271,0.0,0.0,100.0,0.354251012145749,14.285714285714285,0.0,14.285714285714285,0.5566801619433198,18.181818181818183,9.090909090909092,9.090909090909092,0.354251012145749,0.0,0.0,0.0,0.4554655870445344,22.22222222222222,11.11111111111111,0.0,0.05060728744939271,0.0,0.0,100.0,0.05060728744939271,0.0,0.0,0.0
426,Kevin Krawietz,51.30434782608696,22.033898305084744,5.084745762711865,10.16949152542373,48.69565217391305,16.071428571428573,16.071428571428573,3.571428571428571,25.217391304347824,3.4482758620689653,3.4482758620689653,17.24137931034483,18.26086956521739,14.285714285714285,4.761904761904762,4.761904761904762,8.695652173913043,10.0,0.0,10.0,13.91304347826087,6.25,18.75,6.25,12.173913043478262,50.0,7.142857142857142,0.0,13.043478260869565,26.666666666666668,20.0,0.0,2.608695652173913,100.0,0.0,0.0,0.8695652173913043,100.0,0.0,0.0,,,,,0.8695652173913043,0.0,100.0,0.0,0.8695652173913043,0.0,0.0,0.0,,,,,1.7391304347826086,50.0,50.0,0.0,1.7391304347826086,0.0,50.0,0.0,,,,,,,,
427,Kilian Feldbausch,53.09278350515464,9.70873786407767,3.8834951456310676,8.737864077669903,46.90721649484536,4.395604395604396,5.4945054945054945,5.4945054945054945,46.391752577319586,10.0,4.444444444444445,10.0,34.02061855670103,4.545454545454546,4.545454545454546,6.0606060606060606,5.154639175257731,0.0,0.0,0.0,10.824742268041238,0.0,9.523809523809524,4.761904761904762,0.5154639175257731,100.0,0.0,0.0,,,,,0.5154639175257731,0.0,0.0,0.0,,,,,,,,,,,,,0.5154639175257731,0.0,0.0,0.0,2.0618556701030926,25.0,0.0,0.0,,,,,,,,,,,,,,,,
428,Kimmer Coppejans,57.95795795795796,5.699481865284974,5.699481865284974,8.290155440414509,42.04204204204204,2.857142857142857,1.4285714285714286,7.857142857142857,52.552552552552555,3.428571428571429,5.714285714285714,8.0,35.43543543543544,0.0,1.694915254237288,8.47457627118644,2.7027027027027026,11.11111111111111,0.0,0.0,3.6036036036036037,8.333333333333332,0.0,0.0,0.9009009009009009,66.66666666666666,0.0,33.33333333333333,0.3003003003003003,0.0,0.0,0.0,0.6006006006006006,50.0,0.0,0.0,,,,,0.9009009009009009,0.0,33.33333333333333,33.33333333333333,2.4024024024024024,37.5,0.0,12.5,,,,,0.3003003003003003,0.0,0.0,0.0,,,,,,,,,0.3003003003003003,100.0,0.0,0.0,,,,
429,Kiranpal Pannu,45.68527918781726,8.88888888888889,4.444444444444445,10.0,53.80710659898477,8.49056603773585,1.8867924528301887,15.09433962264151,34.01015228426396,5.970149253731343,2.9850746268656714,11.940298507462686,35.025380710659896,5.797101449275362,0.0,15.942028985507244,3.5532994923857872,0.0,0.0,0.0,6.091370558375635,8.333333333333332,0.0,0.0,3.5532994923857872,57.14285714285714,0.0,14.285714285714285,8.121827411167512,12.5,12.5,18.75,2.030456852791878,0.0,25.0,0.0,,,,,2.030456852791878,0.0,25.0,0.0,0.5076142131979695,0.0,0.0,0.0,0.5076142131979695,0.0,0.0,0.0,2.5380710659898478,20.0,0.0,0.0,,,,,0.5076142131979695,100.0,0.0,0.0,,,,,1.015228426395939,0.0,0.0,100.0
430,Konstantin Kravchuk,43.399638336347195,7.5,7.5,12.916666666666668,56.6003616636528,4.792332268370607,4.472843450479233,10.86261980830671,39.963833634719705,6.787330316742081,7.239819004524888,11.76470588235294,32.91139240506329,3.8461538461538463,6.043956043956044,9.89010989010989,0.5424954792043399,0.0,0.0,0.0,20.07233273056058,3.6036036036036037,0.9009009009009009,9.90990990990991,1.4466546112115732,25.0,0.0,25.0,2.1699819168173597,16.666666666666664,16.666666666666664,16.666666666666664,0.7233273056057866,25.0,25.0,25.0,0.18083182640144665,100.0,0.0,0.0,,,,,0.7233273056057866,25.0,0.0,50.0,0.18083182640144665,0.0,0.0,0.0,0.3616636528028933,0.0,0.0,50.0,0.18083182640144665,0.0,0.0,100.0,0.18083182640144665,0.0,0.0,0.0,0.3616636528028933,0.0,50.0,50.0,,,,
431,Kris Van Wyk,54.71698113207547,15.517241379310345,5.172413793103448,18.96551724137931,45.28301886792453,4.166666666666666,4.166666666666666,12.5,42.45283018867924,8.88888888888889,4.444444444444445,20.0,34.90566037735849,2.7027027027027026,2.7027027027027026,13.513513513513514,4.716981132075472,0.0,20.0,0.0,7.547169811320755,12.5,0.0,12.5,0.9433962264150944,0.0,0.0,100.0,0.9433962264150944,0.0,0.0,0.0,0.9433962264150944,100.0,0.0,0.0,,,,,5.660377358490567,66.66666666666666,0.0,16.666666666666664,1.8867924528301887,0.0,50.0,0.0,,,,,,,,,,,,,,,,,,,,,,,,
432,Kristian Pless,56.074766355140184,4.166666666666666,4.166666666666666,15.833333333333332,43.925233644859816,5.319148936170213,4.25531914893617,13.829787234042554,47.66355140186916,2.941176470588235,4.901960784313726,16.666666666666664,28.037383177570092,5.0,1.6666666666666667,18.333333333333332,6.074766355140187,0.0,0.0,0.0,11.214953271028037,0.0,0.0,8.333333333333332,1.8691588785046727,50.0,0.0,50.0,3.2710280373831773,28.57142857142857,28.57142857142857,0.0,,,,,,,,,,,,,0.46728971962616817,0.0,100.0,0.0,,,,,0.9345794392523363,0.0,0.0,0.0,,,,,,,,,0.46728971962616817,0.0,0.0,0.0,,,,
433,Kristof Vliegen,57.14285714285714,11.458333333333332,5.208333333333334,8.333333333333332,42.857142857142854,4.166666666666666,2.7777777777777777,8.333333333333332,46.42857142857143,8.974358974358974,5.128205128205128,8.974358974358974,22.023809523809522,5.405405405405405,2.7027027027027026,13.513513513513514,6.547619047619048,0.0,0.0,0.0,16.071428571428573,0.0,0.0,3.7037037037037033,4.166666666666666,57.14285714285714,14.285714285714285,14.285714285714285,1.1904761904761905,50.0,0.0,0.0,,,,,,,,,,,,,2.380952380952381,0.0,0.0,0.0,,,,,1.1904761904761905,0.0,50.0,0.0,,,,,,,,,,,,,,,,
434,Kryce Didier Momo Kassa,81.57894736842105,0.0,3.225806451612903,48.38709677419355,18.421052631578945,14.285714285714285,14.285714285714285,14.285714285714285,76.31578947368422,0.0,3.4482758620689653,48.275862068965516,18.421052631578945,14.285714285714285,14.285714285714285,14.285714285714285,,,,,,,,,,,,,,,,,,,,,,,,,,,,,,,,,5.263157894736842,0.0,0.0,50.0,,,,,,,,,,,,,,,,,,,,
435,Kyle Edmund,55.14705882352941,9.841269841269842,7.492063492063491,11.619047619047619,44.78291316526611,3.752931978107897,4.143862392494136,10.320562939796716,50.56022408963585,8.86426592797784,7.479224376731302,11.634349030470915,38.13025210084034,3.3057851239669422,4.224058769513315,10.743801652892563,2.030812324929972,0.0,0.0,5.172413793103448,5.1120448179271705,0.0,0.684931506849315,6.164383561643835,0.7703081232492998,50.0,9.090909090909092,18.181818181818183,1.0854341736694677,38.70967741935484,19.35483870967742,12.903225806451612,0.7352941176470588,57.14285714285714,14.285714285714285,9.523809523809524,,,,,0.1750700280112045,0.0,20.0,60.0,0.24509803921568626,0.0,0.0,28.57142857142857,0.2801120448179272,0.0,25.0,12.5,0.21008403361344538,0.0,0.0,0.0,0.31512605042016806,22.22222222222222,11.11111111111111,0.0,,,,,0.2801120448179272,25.0,12.5,25.0,,,,
436,Kyrian Jacquet,50.481430536451164,10.08174386920981,7.629427792915531,14.441416893732969,49.51856946354883,7.5,5.0,10.555555555555555,38.514442916093536,7.5,7.857142857142857,15.357142857142858,32.599724896836314,7.172995780590717,5.485232067510549,12.236286919831224,4.676753782668501,0.0,0.0,2.941176470588235,11.141678129298487,0.0,2.4691358024691357,4.938271604938271,0.6877579092159559,60.0,0.0,20.0,1.3755158184319118,40.0,10.0,10.0,1.1004126547455295,62.5,0.0,25.0,,,,,4.264099037138927,22.58064516129032,16.129032258064516,19.35483870967742,2.200825309491059,6.25,0.0,18.75,0.9628610729023385,0.0,0.0,0.0,0.6877579092159559,0.0,0.0,0.0,0.1375515818431912,0.0,100.0,0.0,1.3755158184319118,40.0,20.0,10.0,0.1375515818431912,100.0,0.0,0.0,0.1375515818431912,100.0,0.0,0.0
437,Laslo Djere,49.702052527035974,9.014209591474245,4.951154529307282,11.63410301953819,50.26484219819024,3.512623490669594,2.941822173435785,10.032930845225026,45.078349150297946,7.833537331701345,5.165238678090575,11.89718482252142,39.306996248068856,3.060078607523863,3.00393037619315,10.415496911847278,2.5049657912160668,2.2026431718061676,0.881057268722467,3.9647577092511015,9.04877510483337,0.6097560975609756,1.707317073170732,6.219512195121951,0.6069300375193114,43.63636363636363,9.090909090909092,21.818181818181817,0.6179651291105717,41.07142857142857,8.928571428571429,16.071428571428573,0.5958949459280511,55.55555555555556,3.7037037037037033,18.51851851851852,0.09931582432134187,55.55555555555556,0.0,22.22222222222222,0.48554403001544916,40.909090909090914,0.0,13.636363636363635,0.7945265945707349,19.444444444444446,8.333333333333332,27.77777777777778,0.18759655705142353,11.76470588235294,0.0,0.0,0.26484219819024496,12.5,0.0,8.333333333333332,0.16552637386890312,26.666666666666668,6.666666666666667,0.0,0.12138600750386229,9.090909090909092,18.181818181818183,9.090909090909092,0.07724564113882146,42.857142857142854,28.57142857142857,14.285714285714285,0.011035091591260208,0.0,0.0,100.0
438,Laurent Lokoli,55.52,13.8328530259366,3.170028818443804,13.544668587896252,44.48,3.597122302158273,2.5179856115107913,11.510791366906476,44.32,11.191335740072201,2.527075812274368,12.996389891696749,28.000000000000004,3.428571428571429,1.1428571428571428,12.571428571428573,2.56,6.25,0.0,6.25,13.120000000000001,0.0,1.2195121951219512,7.317073170731707,1.92,41.66666666666667,0.0,8.333333333333332,1.76,27.27272727272727,18.181818181818183,27.27272727272727,0.96,50.0,0.0,16.666666666666664,0.16,100.0,0.0,0.0,4.32,22.22222222222222,11.11111111111111,22.22222222222222,0.8,0.0,20.0,20.0,0.64,0.0,0.0,50.0,0.32,0.0,0.0,0.0,0.8,40.0,20.0,0.0,0.32,0.0,50.0,0.0,,,,,,,,
439,Laurynas Grigelis,47.86585365853659,7.643312101910828,3.821656050955414,12.101910828025478,52.13414634146341,9.35672514619883,4.678362573099415,12.280701754385964,42.3780487804878,6.474820143884892,3.597122302158273,12.23021582733813,47.86585365853659,8.9171974522293,5.095541401273886,12.738853503184714,2.7439024390243905,0.0,0.0,0.0,3.353658536585366,0.0,0.0,9.090909090909092,0.6097560975609756,100.0,0.0,0.0,,,,,1.524390243902439,20.0,0.0,20.0,,,,,,,,,0.9146341463414633,66.66666666666666,0.0,0.0,0.3048780487804878,0.0,0.0,100.0,,,,,,,,,,,,,0.3048780487804878,0.0,100.0,0.0,,,,
440,Leandro Riedi,53.41981132075472,11.920529801324504,7.505518763796909,14.1280353200883,46.34433962264151,3.307888040712468,4.325699745547073,13.740458015267176,49.528301886792455,9.047619047619047,6.904761904761905,14.761904761904763,39.62264150943396,2.380952380952381,4.761904761904762,15.178571428571427,0.2358490566037736,0.0,0.0,0.0,4.952830188679245,0.0,0.0,4.761904761904762,1.5330188679245282,38.46153846153847,15.384615384615385,7.6923076923076925,1.0613207547169812,44.44444444444444,0.0,11.11111111111111,1.650943396226415,71.42857142857143,21.428571428571427,0.0,,,,,,,,,,,,,0.1179245283018868,0.0,0.0,0.0,0.4716981132075472,0.0,25.0,0.0,,,,,0.1179245283018868,0.0,0.0,0.0,0.3537735849056604,33.33333333333333,0.0,33.33333333333333,0.1179245283018868,100.0,0.0,0.0
441,Learner Tien,50.66435586366262,7.354618015963512,5.416191562143672,8.266818700114024,49.30675909878683,2.460456942003515,2.870533099004101,6.912712360867018,43.26978625072213,6.074766355140187,5.941255006675568,9.078771695594126,37.839399191218945,2.366412213740458,3.0534351145038165,6.946564885496183,4.9393414211438476,0.0,0.5847953216374269,1.1695906432748537,9.878682842287695,0.0,1.7543859649122806,6.140350877192982,0.6643558636626228,52.17391304347826,4.3478260869565215,4.3478260869565215,0.5777007510109763,30.0,10.0,25.0,0.7510109763142693,65.38461538461539,11.538461538461538,7.6923076923076925,0.028885037550548814,0.0,0.0,0.0,0.28885037550548814,40.0,0.0,20.0,0.2021952628538417,42.857142857142854,0.0,14.285714285714285,0.462160600808781,12.5,0.0,0.0,0.5777007510109763,0.0,0.0,0.0,0.08665511265164644,33.33333333333333,0.0,33.33333333333333,0.11554015020219525,0.0,0.0,0.0,0.2021952628538417,28.57142857142857,14.285714285714285,14.285714285714285,0.08665511265164644,66.66666666666666,33.33333333333333,0.0
442,Leo Borg,45.076586433260395,13.106796116504855,6.310679611650485,11.165048543689322,54.92341356673961,5.179282868525896,2.3904382470119523,12.350597609561753,40.91903719912472,13.368983957219251,6.417112299465241,11.76470588235294,49.01531728665208,4.017857142857143,2.232142857142857,12.5,2.62582056892779,0.0,8.333333333333332,0.0,3.938730853391685,0.0,0.0,11.11111111111111,,,,,1.0940919037199124,40.0,20.0,20.0,0.6564551422319475,33.33333333333333,0.0,33.33333333333333,,,,,0.437636761487965,0.0,0.0,0.0,0.2188183807439825,100.0,0.0,0.0,0.437636761487965,50.0,0.0,0.0,0.437636761487965,50.0,0.0,0.0,,,,,0.2188183807439825,0.0,0.0,0.0,,,,,,,,
443,Leonardo Mayer,57.18460789089138,9.625212947189098,6.942078364565588,12.691652470187393,42.74232830004871,4.5584045584045585,4.15954415954416,9.914529914529915,51.85094982951778,6.998590887740723,6.857679661813059,13.057773602630343,33.097905504140286,3.899926416482708,3.8263428991905815,11.18469462840324,1.412566975158305,3.4482758620689653,3.4482758620689653,0.0,6.307842182172431,0.3861003861003861,1.1583011583011582,3.088803088803089,1.826595226497808,50.66666666666667,12.0,14.666666666666666,1.826595226497808,26.666666666666668,18.666666666666668,14.666666666666666,1.169020944958597,54.166666666666664,12.5,8.333333333333332,0.024354603019970774,100.0,0.0,0.0,0.41402825133950316,29.411764705882355,0.0,17.647058823529413,0.4870920603994155,25.0,5.0,10.0,0.219191427179737,0.0,0.0,0.0,0.8037018996590355,0.0,3.0303030303030303,0.0,0.14612761811982464,66.66666666666666,0.0,0.0,0.1948368241597662,0.0,25.0,12.5,0.14612761811982464,33.33333333333333,0.0,33.33333333333333,,,,
444,Li Tu,51.44665461121157,9.666080843585236,5.975395430579964,11.072056239015819,48.4629294755877,2.9850746268656714,2.9850746268656714,9.514925373134329,45.750452079566,8.102766798418973,5.33596837944664,11.067193675889328,28.119349005424954,2.8938906752411575,3.215434083601286,11.89710610932476,1.89873417721519,0.0,9.523809523809524,4.761904761904762,16.184448462929478,0.5586592178770949,2.2346368715083798,5.58659217877095,1.4466546112115732,31.25,18.75,12.5,1.4466546112115732,18.75,12.5,6.25,0.9945750452079566,54.54545454545454,0.0,18.181818181818183,0.27124773960216997,33.33333333333333,0.0,0.0,0.6329113924050633,14.285714285714285,28.57142857142857,0.0,0.45207956600361665,0.0,0.0,40.0,0.18083182640144665,0.0,0.0,0.0,1.8083182640144666,5.0,0.0,5.0,0.45207956600361665,40.0,0.0,20.0,0.18083182640144665,50.0,0.0,0.0,0.09041591320072333,0.0,0.0,100.0,,,,
445,Liam Broady,52.204836415362735,5.449591280653951,4.087193460490464,6.811989100817439,47.795163584637265,2.083333333333333,2.083333333333333,7.440476190476191,48.64864864864865,3.508771929824561,3.216374269005848,6.432748538011696,34.56614509246088,0.823045267489712,2.880658436213992,6.995884773662551,,,,,10.81081081081081,0.0,0.0,6.578947368421052,1.422475106685633,70.0,10.0,10.0,0.7112375533428165,80.0,0.0,0.0,0.7112375533428165,20.0,20.0,20.0,0.2844950213371266,50.0,0.0,0.0,0.7112375533428165,0.0,0.0,0.0,0.42674253200568996,0.0,0.0,100.0,0.2844950213371266,0.0,50.0,0.0,0.7112375533428165,0.0,0.0,0.0,0.42674253200568996,0.0,33.33333333333333,33.33333333333333,0.2844950213371266,0.0,0.0,0.0,,,,,,,,
446,Liam Draxl,52.59259259259259,6.338028169014084,3.873239436619718,2.464788732394366,47.40740740740741,6.25,1.5625,4.296875,46.111111111111114,4.417670682730924,3.614457831325301,2.4096385542168677,32.592592592592595,3.977272727272727,1.1363636363636365,6.25,3.3333333333333335,0.0,0.0,0.0,12.222222222222221,1.5151515151515151,1.5151515151515151,0.0,1.4814814814814816,50.0,0.0,12.5,2.2222222222222223,66.66666666666666,8.333333333333332,0.0,0.9259259259259258,40.0,20.0,0.0,,,,,0.5555555555555556,33.33333333333333,33.33333333333333,0.0,0.3703703703703704,0.0,0.0,0.0,,,,,,,,,,,,,,,,,0.1851851851851852,0.0,0.0,0.0,,,,
447,Liang Chi Huang,66.66666666666666,1.3157894736842104,1.3157894736842104,10.526315789473683,33.33333333333333,2.631578947368421,5.263157894736842,5.263157894736842,65.78947368421053,1.3333333333333335,1.3333333333333335,10.666666666666668,28.947368421052634,0.0,3.0303030303030303,6.0606060606060606,,,,,2.631578947368421,0.0,33.33333333333333,0.0,,,,,1.7543859649122806,50.0,0.0,0.0,,,,,,,,,,,,,,,,,0.8771929824561403,0.0,0.0,0.0,,,,,,,,,,,,,,,,,,,,
448,Lleyton Hewitt,51.4647309749947,7.180473508265788,5.797499656546229,7.1301002885011675,48.52348518771653,3.618437029481762,3.4581572684443147,6.314051192384283,47.03872168933091,5.566411142842828,5.7167192745127515,7.475324415050855,40.26301524828545,2.96183563568251,3.213533130414423,6.631936314680403,1.9537602224788482,0.9650180940892641,2.1712907117008444,0.24125452352231602,6.462256369164054,1.5317286652078774,3.6469730123997084,4.121079504011671,0.7023167024109731,57.38255033557047,10.738255033557047,8.389261744966444,0.664608423086894,51.77304964539007,7.446808510638298,8.51063829787234,0.8036577030944356,56.89149560117303,12.023460410557185,7.038123167155426,0.03063797695081426,23.076923076923077,15.384615384615385,7.6923076923076925,0.047135349155098864,50.0,0.0,10.0,0.26867149018406355,10.526315789473683,12.280701754385964,18.421052631578945,0.5962621668120007,9.881422924901186,8.300395256916996,1.5810276679841897,0.7164573071575028,9.210526315789473,6.907894736842106,1.644736842105263,0.1084113030567274,21.73913043478261,4.3478260869565215,2.1739130434782608,0.10134100068346256,13.953488372093023,6.976744186046512,4.651162790697675,0.21446583865569985,42.857142857142854,12.087912087912088,7.6923076923076925,0.016497372204284603,28.57142857142857,28.57142857142857,14.285714285714285
449,Lloyd Harris,54.71698113207547,7.471264367816093,6.9786535303776684,11.822660098522167,45.23809523809524,3.1777557100297913,3.1777557100297913,11.122144985104269,48.697214734950585,5.258302583025831,7.103321033210332,11.900369003690036,34.63611859838275,2.594033722438392,2.7237354085603114,12.321660181582361,2.0664869721473496,0.0,2.1739130434782608,6.521739130434782,7.412398921832884,0.6060606060606061,2.4242424242424243,4.848484848484849,1.482479784366577,42.42424242424242,12.121212121212121,21.21212121212121,1.3477088948787064,33.33333333333333,10.0,16.666666666666664,0.9433962264150944,47.61904761904761,4.761904761904762,9.523809523809524,0.04492362982929021,0.0,0.0,0.0,0.7187780772686434,43.75,12.5,12.5,0.3593890386343217,0.0,12.5,37.5,0.44923629829290207,10.0,0.0,0.0,1.1680143755615455,0.0,3.8461538461538463,3.8461538461538463,0.3144654088050315,14.285714285714285,0.0,14.285714285714285,0.2695417789757413,16.666666666666664,33.33333333333333,0.0,0.04492362982929021,100.0,0.0,0.0,,,,
450,Lorenzo Giustino,52.61472785485593,7.505070993914807,3.6511156186612577,6.693711967545639,45.5709711846318,2.810304449648712,2.107728337236534,6.557377049180328,48.025613660619,6.0,3.5555555555555554,7.111111111111111,40.34151547491996,2.6455026455026456,1.8518518518518516,7.142857142857142,1.92102454642476,0.0,5.555555555555555,0.0,3.4151547491995733,3.125,0.0,0.0,0.7470651013874066,57.14285714285714,14.285714285714285,0.0,0.5336179295624333,0.0,20.0,20.0,1.0672358591248665,60.0,0.0,0.0,0.21344717182497333,0.0,0.0,0.0,0.32017075773745995,0.0,0.0,33.33333333333333,0.32017075773745995,33.33333333333333,0.0,0.0,0.5336179295624333,0.0,0.0,0.0,0.6403415154749199,0.0,0.0,0.0,,,,,,,,,,,,,0.10672358591248667,0.0,100.0,0.0
451,Lorenzo Musetti,51.80809422918088,8.075136896097595,5.46891245581202,8.116725583974493,48.0590368800948,4.169468728984533,3.213031457819622,7.412388851528058,43.358350989334575,6.1123074374689415,5.383468610236872,8.481033625973165,29.04083025101447,4.451588969951774,3.598367750711018,8.692964016322492,3.3540417280137893,1.4989293361884368,0.9635974304068522,2.0342612419700217,15.337379250906741,0.7258253336455163,1.1004448606883634,4.425193163193632,0.8223507020504901,52.40174672489083,8.296943231441048,13.973799126637553,1.0306316658886057,32.752613240418114,16.02787456445993,13.937282229965156,0.8977627751642906,53.6,12.4,5.6000000000000005,0.08977627751642905,36.0,8.0,4.0,1.7380687327180666,20.867768595041323,11.15702479338843,14.669421487603307,0.7936222932452328,15.384615384615385,11.76470588235294,19.457013574660635,1.084497432398463,5.298013245033113,1.6556291390728477,0.6622516556291391,1.393327827054979,3.350515463917526,2.3195876288659796,1.5463917525773196,0.42733508097820233,20.168067226890756,12.605042016806722,5.88235294117647,0.3519230078644019,15.306122448979592,7.142857142857142,10.204081632653061,0.12568678852300066,51.42857142857142,17.142857142857142,5.714285714285714,0.021546306603942977,33.33333333333333,33.33333333333333,0.0
452,Lorenzo Sonego,56.90277348180225,10.762819351331764,6.377967023011415,11.650661351694147,43.01474378801938,3.3557046979865772,3.2598274209012463,9.899328859060402,43.99422620888752,7.593156784626201,6.8197797047105695,12.678696976798687,30.384575729456646,2.069901594842212,3.053953172718018,11.50322361723787,5.876894525208785,1.5789473684210527,1.7543859649122806,1.5789473684210527,9.341169192700278,0.9933774834437087,1.7660044150110374,5.077262693156733,2.17548200845448,50.71090047393365,7.109004739336493,16.113744075829384,1.7321373337457469,38.095238095238095,10.714285714285714,11.30952380952381,1.1135168574079801,63.888888888888886,4.62962962962963,10.185185185185185,0.041241365089184454,25.0,25.0,0.0,2.835343849881431,24.0,8.727272727272728,16.0,0.21651716671821836,0.0,4.761904761904762,33.33333333333333,0.49489638107021344,14.583333333333334,2.083333333333333,2.083333333333333,1.195999587586349,2.586206896551724,6.896551724137931,1.7241379310344827,0.06186204763377668,33.33333333333333,0.0,16.666666666666664,0.09279307145066501,11.11111111111111,22.22222222222222,0.0,0.35055160325806783,29.411764705882355,17.647058823529413,5.88235294117647,0.010310341272296113,100.0,0.0,0.0
453,Luca Nardi,46.0171568627451,9.187749667110518,4.92676431424767,9.986684420772303,53.125,4.2675893886966545,3.4602076124567476,9.688581314878892,38.05147058823529,6.280193236714976,5.152979066022544,10.789049919484702,43.504901960784316,3.0985915492957745,2.8169014084507045,10.422535211267606,4.166666666666666,2.941176470588235,1.4705882352941175,0.0,6.127450980392156,0.0,4.0,7.000000000000001,1.2254901960784315,60.0,5.0,15.0,0.857843137254902,35.714285714285715,7.142857142857142,14.285714285714285,1.0416666666666665,52.94117647058824,0.0,5.88235294117647,,,,,0.3676470588235294,33.33333333333333,0.0,16.666666666666664,1.4705882352941175,37.5,20.833333333333336,4.166666666666666,0.24509803921568626,0.0,25.0,0.0,0.857843137254902,7.142857142857142,0.0,0.0,0.24509803921568626,25.0,50.0,0.0,0.30637254901960786,0.0,0.0,0.0,0.6740196078431373,36.36363636363637,0.0,27.27272727272727,,,,
454,Luca Van Assche,53.6943744752309,7.66223612197029,4.612978889757623,6.333072713057075,46.221662468513856,3.8147138964577656,4.268846503178928,6.176203451407812,47.39714525608732,5.757307351638618,4.428697962798937,6.8201948627103635,40.848026868178,3.597122302158273,4.6248715313463515,6.783144912641316,3.6523929471032743,0.0,4.597701149425287,0.0,4.282115869017632,0.9803921568627451,0.0,0.9803921568627451,0.41981528127623846,70.0,10.0,10.0,0.2938706968933669,71.42857142857143,0.0,14.285714285714285,0.8816120906801008,71.42857142857143,0.0,4.761904761904762,,,,,0.8816120906801008,42.857142857142854,9.523809523809524,9.523809523809524,0.16792611251049538,0.0,0.0,0.0,0.2938706968933669,14.285714285714285,28.57142857142857,0.0,0.5037783375314862,8.333333333333332,0.0,0.0,0.12594458438287154,33.33333333333333,0.0,0.0,,,,,0.041981528127623846,0.0,0.0,0.0,0.12594458438287154,0.0,66.66666666666666,0.0
455,Luca Vanni,56.99999999999999,5.847953216374268,5.263157894736842,14.035087719298245,43.0,2.3255813953488373,1.550387596899225,3.875968992248062,52.666666666666664,5.063291139240507,3.79746835443038,14.556962025316455,22.0,3.0303030303030303,1.5151515151515151,7.575757575757576,2.0,0.0,0.0,0.0,19.0,0.0,0.0,0.0,0.6666666666666667,50.0,0.0,0.0,0.33333333333333337,100.0,0.0,0.0,0.6666666666666667,0.0,100.0,0.0,,,,,0.6666666666666667,50.0,50.0,0.0,0.6666666666666667,0.0,50.0,0.0,,,,,1.0,0.0,0.0,0.0,,,,,,,,,0.33333333333333337,0.0,0.0,100.0,,,,
456,Lucas Catarina,48.77750611246944,5.263157894736842,6.7669172932330826,10.275689223057643,50.488997555012226,2.663438256658596,1.937046004842615,7.263922518159806,46.0880195599022,4.244031830238726,6.896551724137931,9.549071618037134,45.47677261613692,2.4193548387096775,1.6129032258064515,6.720430107526881,0.6112469437652812,0.0,0.0,0.0,3.9119804400977993,3.125,6.25,9.375,0.4889975550122249,75.0,0.0,25.0,0.24449877750611246,50.0,0.0,0.0,0.12224938875305623,100.0,0.0,0.0,,,,,1.2224938875305624,10.0,10.0,40.0,0.36674816625916873,0.0,0.0,66.66666666666666,0.24449877750611246,0.0,0.0,0.0,0.4889975550122249,0.0,0.0,0.0,,,,,,,,,,,,,,,,
457,Lucas Pouille,51.213751476184235,11.760184473481937,6.610299769408147,11.222136817832437,48.56318068494948,5.322885706565793,4.620372872196703,12.375033774655499,43.68193150505183,9.101832382096726,6.9990988284770195,12.135776509462302,35.02165070200761,3.8965904833270884,4.2712626451854625,13.600599475458974,3.2410444823513975,2.0242914979757085,1.214574898785425,2.0242914979757085,9.06705156803569,1.0130246020260492,2.170767004341534,6.801736613603474,1.692691247867734,54.263565891472865,6.2015503875969,13.178294573643413,1.8632725364125444,35.91549295774648,11.971830985915492,19.718309859154928,1.1153391943314526,62.35294117647059,5.88235294117647,5.88235294117647,0.02624327516074006,50.0,50.0,0.0,0.3674058522503609,32.142857142857146,7.142857142857142,14.285714285714285,1.5745965096444037,20.833333333333336,14.166666666666666,13.333333333333334,0.45925731531295105,5.714285714285714,5.714285714285714,2.857142857142857,0.7872982548222018,8.333333333333332,6.666666666666667,3.3333333333333335,0.3017976643485107,13.043478260869565,8.695652173913043,4.3478260869565215,0.1705812885448104,15.384615384615385,23.076923076923077,7.6923076923076925,0.3542842146699908,51.85185185185185,11.11111111111111,3.7037037037037033,0.05248655032148012,50.0,0.0,25.0
458,Luciano Darderi,56.2172463077656,7.711864406779662,4.915254237288136,7.033898305084746,43.306336350643164,5.500550055005501,2.0902090209020905,7.04070407040704,50.02382086707956,6.380952380952381,5.238095238095238,7.523809523809525,33.015721772272514,3.6075036075036073,2.3088023088023086,7.07070707070707,3.573130061934254,2.666666666666667,0.0,0.0,6.955693187232015,2.054794520547945,0.0,8.904109589041095,0.4287756074321105,77.77777777777779,0.0,0.0,0.8099094807050977,47.05882352941176,0.0,0.0,0.8099094807050977,52.94117647058824,5.88235294117647,5.88235294117647,0.09528346831824679,100.0,0.0,0.0,0.7146260123868509,26.666666666666668,13.333333333333334,20.0,1.3816102906145784,34.48275862068966,10.344827586206897,6.896551724137931,0.5717008099094807,8.333333333333332,0.0,0.0,1.0004764173415912,4.761904761904762,0.0,0.0,0.04764173415912339,100.0,0.0,0.0,,,,,0.04764173415912339,0.0,0.0,0.0,0.04764173415912339,100.0,0.0,0.0
459,Lukas Klein,61.12311015118791,14.13427561837456,8.12720848056537,12.014134275618375,38.8768898488121,11.11111111111111,9.444444444444445,10.555555555555555,50.323974082073434,7.725321888412018,8.15450643776824,12.875536480686694,26.997840172786177,8.799999999999999,9.6,12.0,1.079913606911447,0.0,0.0,0.0,7.991360691144708,0.0,5.405405405405405,5.405405405405405,2.8077753779697625,69.23076923076923,15.384615384615385,0.0,2.375809935205184,36.36363636363637,18.181818181818183,9.090909090909092,4.535637149028078,52.38095238095239,4.761904761904762,4.761904761904762,0.21598272138228944,0.0,100.0,0.0,0.4319654427645789,0.0,0.0,100.0,0.6479481641468683,66.66666666666666,0.0,33.33333333333333,0.21598272138228944,0.0,0.0,0.0,,,,,0.21598272138228944,0.0,0.0,0.0,0.21598272138228944,100.0,0.0,0.0,1.511879049676026,28.57142857142857,14.285714285714285,14.285714285714285,0.4319654427645789,100.0,0.0,0.0
460,Lukas Lacko,50.03498950314905,9.090909090909092,5.314685314685315,11.048951048951048,49.89503149055283,2.664796633941094,2.244039270687237,7.433380084151472,47.30580825752274,7.840236686390532,5.325443786982249,11.242603550295858,41.0776766969909,2.555366269165247,2.2146507666098807,8.006814310051109,1.1896431070678797,0.0,0.0,5.88235294117647,7.4877536738978305,0.9345794392523363,2.803738317757009,4.672897196261682,0.27991602519244224,50.0,25.0,0.0,0.27991602519244224,0.0,0.0,0.0,0.34989503149055284,80.0,0.0,0.0,0.13995801259622112,0.0,0.0,0.0,0.06997900629811056,100.0,0.0,0.0,0.489853044086774,42.857142857142854,0.0,0.0,0.06997900629811056,0.0,0.0,0.0,0.4198740377886634,0.0,0.0,16.666666666666664,0.27991602519244224,25.0,0.0,0.0,,,,,0.489853044086774,57.14285714285714,14.285714285714285,28.57142857142857,,,,
461,Lukas Neumayer,58.56269113149847,4.699738903394255,6.7885117493472595,7.5718015665796345,41.437308868501525,2.952029520295203,4.797047970479705,11.439114391143912,52.90519877675841,3.4682080924855487,6.6473988439306355,8.092485549132949,32.7217125382263,0.9345794392523363,5.14018691588785,13.084112149532709,3.211009174311927,0.0,0.0,0.0,6.727828746177369,2.272727272727273,2.272727272727273,2.272727272727273,0.45871559633027525,100.0,0.0,0.0,0.3058103975535168,100.0,0.0,0.0,0.3058103975535168,50.0,0.0,0.0,,,,,0.9174311926605505,33.33333333333333,16.666666666666664,16.666666666666664,1.3761467889908259,33.33333333333333,11.11111111111111,22.22222222222222,0.6116207951070336,0.0,25.0,0.0,0.3058103975535168,0.0,0.0,0.0,,,,,,,,,0.1529051987767584,0.0,100.0,0.0,,,,
462,Lukas Rosol,54.70051566838556,13.19796954314721,5.873821609862219,13.19796954314721,45.29948433161444,5.954465849387041,4.99124343257443,12.784588441331,49.18683062276874,10.64516129032258,5.967741935483871,13.306451612903224,34.6687822292741,4.576659038901601,5.491990846681922,13.501144164759726,1.4676715589051963,10.81081081081081,0.0,5.405405405405405,7.259024196747323,0.546448087431694,1.639344262295082,8.743169398907105,1.3883379611265372,40.0,8.571428571428571,11.428571428571429,1.5470051566838556,41.02564102564102,10.256410256410255,12.82051282051282,1.0710035700119,59.25925925925925,7.4074074074074066,14.814814814814813,0.07933359777865927,100.0,0.0,0.0,0.8330027766759223,38.095238095238095,4.761904761904762,28.57142857142857,0.9123363744545815,21.73913043478261,4.3478260869565215,26.08695652173913,0.1190003966679889,0.0,33.33333333333333,0.0,0.5156683855612851,0.0,0.0,0.0,0.1190003966679889,0.0,0.0,33.33333333333333,0.1190003966679889,33.33333333333333,33.33333333333333,0.0,0.5156683855612851,61.53846153846154,0.0,0.0,0.19833399444664812,60.0,0.0,20.0
463,Lukasz Kubot,49.411764705882355,7.936507936507936,3.968253968253968,10.317460317460316,50.588235294117645,3.10077519379845,3.875968992248062,10.077519379844961,45.490196078431374,6.0344827586206895,3.4482758620689653,10.344827586206897,40.3921568627451,1.9417475728155338,3.8834951456310676,9.70873786407767,0.39215686274509803,0.0,0.0,0.0,5.490196078431373,7.142857142857142,0.0,0.0,1.9607843137254901,60.0,0.0,0.0,1.9607843137254901,20.0,20.0,40.0,1.1764705882352942,0.0,33.33333333333333,33.33333333333333,,,,,,,,,2.7450980392156863,0.0,0.0,14.285714285714285,,,,,,,,,0.39215686274509803,0.0,0.0,0.0,,,,,,,,,,,,
464,Mackenzie Mcdonald,54.43536179231002,7.842046718576196,6.979977753058954,9.788654060066742,45.56463820768998,3.4551495016611296,3.6877076411960132,9.20265780730897,48.122918558885864,5.630701478452344,6.920415224913495,10.349166404529726,36.45171056615199,2.1594684385382057,3.280730897009967,9.09468438538206,2.17983651226158,1.3888888888888888,2.7777777777777777,0.6944444444444444,5.737208598244021,1.0554089709762533,2.1108179419525066,8.179419525065963,1.8316681804420223,48.760330578512395,5.785123966942149,9.090909090909092,1.8468059339993945,30.327868852459016,14.754098360655737,15.573770491803279,0.6811989100817438,62.22222222222222,15.555555555555555,4.444444444444445,0.12110202845897669,25.0,0.0,0.0,0.7720254314259765,11.76470588235294,21.568627450980394,17.647058823529413,0.348168331819558,13.043478260869565,4.3478260869565215,17.391304347826086,0.4389948531637905,6.896551724137931,3.4482758620689653,0.0,0.6357856494096277,4.761904761904762,4.761904761904762,2.380952380952381,0.37844383893430217,20.0,4.0,0.0,0.4087193460490463,14.814814814814813,7.4074074074074066,11.11111111111111,0.030275507114744173,50.0,0.0,0.0,0.015137753557372086,0.0,100.0,0.0
465,Magnus Norman,51.97247706422018,8.031774051191528,3.971756398940865,12.003530450132391,48.027522935779814,4.202483285577841,3.5339063992359123,9.169054441260744,48.25688073394495,6.55893536121673,3.70722433460076,12.547528517110266,41.559633027522935,3.4216335540838854,2.980132450331126,9.492273730684326,1.5596330275229358,5.88235294117647,0.0,2.941176470588235,4.3119266055045875,3.1914893617021276,2.127659574468085,4.25531914893617,0.27522935779816515,66.66666666666666,0.0,16.666666666666664,0.8256880733944955,38.88888888888889,22.22222222222222,16.666666666666664,1.146788990825688,48.0,20.0,8.0,0.045871559633027525,0.0,0.0,0.0,0.1834862385321101,50.0,0.0,0.0,0.3211009174311927,28.57142857142857,28.57142857142857,42.857142857142854,0.3669724770642202,12.5,0.0,0.0,0.871559633027523,0.0,10.526315789473683,0.0,0.13761467889908258,33.33333333333333,0.0,0.0,0.09174311926605505,50.0,0.0,0.0,0.045871559633027525,0.0,100.0,0.0,,,,
466,Makoto Ochi,57.692307692307686,13.333333333333334,8.88888888888889,33.33333333333333,42.30769230769231,12.121212121212121,3.0303030303030303,12.121212121212121,51.28205128205128,10.0,10.0,35.0,35.8974358974359,14.285714285714285,3.571428571428571,14.285714285714285,2.564102564102564,0.0,0.0,50.0,5.128205128205128,0.0,0.0,0.0,,,,,,,,,,,,,,,,,2.564102564102564,50.0,0.0,0.0,1.282051282051282,0.0,0.0,0.0,,,,,,,,,,,,,,,,,1.282051282051282,100.0,0.0,0.0,,,,
467,Maks Kasnikowski,50.924369747899156,8.58085808580858,3.6303630363036308,10.891089108910892,48.57142857142857,3.4602076124567476,4.498269896193772,6.5743944636678195,43.529411764705884,7.722007722007722,3.474903474903475,11.96911196911197,40.67226890756302,3.3057851239669422,4.132231404958678,7.43801652892562,4.53781512605042,0.0,3.7037037037037033,0.0,6.890756302521009,4.878048780487805,4.878048780487805,2.4390243902439024,1.3445378151260505,62.5,0.0,0.0,0.5042016806722689,0.0,33.33333333333333,0.0,0.33613445378151263,50.0,50.0,0.0,,,,,0.8403361344537815,0.0,0.0,40.0,,,,,0.33613445378151263,0.0,0.0,0.0,0.5042016806722689,0.0,0.0,0.0,,,,,,,,,,,,,,,,
468,Malek Jaziri,46.291687406669986,9.247311827956988,7.849462365591398,11.935483870967742,52.961672473867594,4.323308270676692,3.007518796992481,9.022556390977442,42.75759084121453,8.032596041909198,8.032596041909198,11.990686845168801,22.399203583872573,4.888888888888889,3.5555555555555554,10.888888888888888,1.642608262817322,6.0606060606060606,0.0,3.0303030303030303,27.028372324539575,0.3683241252302026,1.6574585635359116,6.998158379373849,0.6968641114982579,64.28571428571429,0.0,21.428571428571427,1.3439522150323544,51.85185185185185,18.51851851851852,14.814814814814813,0.5973120955699354,50.0,16.666666666666664,25.0,0.09955201592832255,0.0,0.0,0.0,0.049776007964161276,0.0,100.0,0.0,1.443504230960677,24.137931034482758,0.0,13.793103448275861,0.24888003982080636,0.0,0.0,20.0,0.44798407167745147,0.0,11.11111111111111,0.0,0.1991040318566451,0.0,25.0,0.0,0.1991040318566451,25.0,25.0,25.0,0.09955201592832255,0.0,0.0,0.0,,,,
469,Marat Safin,46.579269063777765,8.615384615384615,6.0633484162895925,10.48868778280543,53.35750115921258,5.3720966977405595,5.040290725233055,8.91926054668984,41.200522699489945,5.6783302639656235,5.852261100879885,10.834868017188459,44.6107153395439,4.053670981763205,4.904091467447794,8.664839837475197,1.6271129283817392,1.2953367875647668,2.33160621761658,1.8134715025906734,4.856046874341356,1.5625,1.9097222222222223,6.857638888888889,1.6060363360451881,49.343832020997375,11.548556430446194,13.648293963254593,2.0907979597858617,34.87903225806452,11.491935483870968,16.93548387096774,0.9948151582852085,61.016949152542374,10.16949152542373,8.47457627118644,0.09695232474813471,26.08695652173913,17.391304347826086,13.043478260869565,0.27399570037516335,27.692307692307693,7.6923076923076925,9.230769230769232,0.6744509547696329,18.125,15.625,20.0,0.45525439446950217,4.62962962962963,6.481481481481481,2.7777777777777777,0.8177717826581798,8.24742268041237,3.608247422680412,5.154639175257731,0.1601821017577878,23.684210526315788,10.526315789473683,10.526315789473683,0.16861273869240823,22.5,5.0,7.5,0.2613497449732327,45.16129032258064,8.064516129032258,12.903225806451612,0.042153184673102057,0.0,20.0,10.0
470,Marc Andrea Huesler,54.918864097363084,9.787626962142197,5.8171745152354575,11.819021237303785,44.979716024340775,6.200676437429538,5.186020293122886,11.386696730552424,46.24746450304259,7.785087719298247,6.030701754385965,13.048245614035087,33.316430020283974,4.87062404870624,5.32724505327245,14.61187214611872,3.9553752535496955,0.0,2.564102564102564,2.564102564102564,7.150101419878297,0.7092198581560284,2.8368794326241136,2.127659574468085,2.434077079107505,41.66666666666667,12.5,8.333333333333332,2.941176470588235,36.206896551724135,10.344827586206897,3.4482758620689653,0.9634888438133874,68.42105263157895,0.0,5.263157894736842,0.15212981744421905,33.33333333333333,33.33333333333333,0.0,0.4056795131845842,0.0,0.0,25.0,0.2535496957403651,0.0,0.0,0.0,0.5070993914807302,0.0,0.0,0.0,0.9634888438133874,0.0,0.0,0.0,0.3042596348884381,16.666666666666664,0.0,0.0,0.2028397565922921,0.0,0.0,0.0,0.10141987829614604,50.0,0.0,0.0,,,,
471,Marc Gicquel,63.51351351351351,7.092198581560284,3.546099290780142,12.056737588652481,36.486486486486484,2.4691358024691357,1.2345679012345678,8.641975308641975,54.5045045045045,6.6115702479338845,4.132231404958678,11.570247933884298,27.927927927927925,1.6129032258064515,1.6129032258064515,8.064516129032258,4.954954954954955,0.0,0.0,0.0,6.306306306306306,0.0,0.0,7.142857142857142,1.3513513513513513,33.33333333333333,0.0,66.66666666666666,1.3513513513513513,0.0,0.0,33.33333333333333,0.9009009009009009,50.0,0.0,0.0,,,,,1.3513513513513513,0.0,0.0,33.33333333333333,,,,,0.45045045045045046,0.0,0.0,0.0,0.9009009009009009,50.0,0.0,0.0,,,,,,,,,,,,,,,,
472,Marc Lopez,62.745098039215684,8.854166666666668,5.208333333333334,6.25,37.254901960784316,5.263157894736842,3.508771929824561,7.894736842105263,53.92156862745098,6.0606060606060606,5.454545454545454,7.2727272727272725,24.836601307189543,3.9473684210526314,3.9473684210526314,9.210526315789473,4.57516339869281,0.0,7.142857142857142,0.0,7.18954248366013,4.545454545454546,0.0,0.0,2.287581699346405,71.42857142857143,0.0,0.0,0.6535947712418301,50.0,50.0,0.0,0.6535947712418301,50.0,0.0,0.0,,,,,0.32679738562091504,0.0,0.0,0.0,0.9803921568627451,0.0,0.0,33.33333333333333,0.9803921568627451,33.33333333333333,0.0,0.0,3.594771241830065,9.090909090909092,0.0,9.090909090909092,,,,,,,,,,,,,,,,
473,Marc Polmans,47.83319705641864,4.871794871794872,5.128205128205128,7.0085470085470085,51.7988552739166,4.183109707971586,3.0781373322809786,7.261247040252565,38.71627146361406,3.062302006335797,3.8014783526927136,7.074973600844774,37.53066230580539,3.7037037037037033,2.941176470588235,7.516339869281046,5.233033524121014,2.34375,3.125,2.34375,11.447260834014719,0.35714285714285715,2.142857142857143,5.357142857142857,0.8994276369582993,40.909090909090914,22.727272727272727,9.090909090909092,1.062959934587081,42.30769230769231,11.538461538461538,0.0,0.6132461161079313,46.666666666666664,26.666666666666668,6.666666666666667,0.04088307440719542,0.0,0.0,0.0,1.757972199509403,18.6046511627907,18.6046511627907,20.930232558139537,1.0220768601798855,24.0,12.0,32.0,0.5314799672935405,0.0,23.076923076923077,0.0,0.6132461161079313,6.666666666666667,0.0,0.0,0.08176614881439084,50.0,0.0,0.0,0.08176614881439084,0.0,0.0,0.0,,,,,,,,
474,Marc Rosset,47.85276073619632,11.538461538461538,3.8461538461538463,14.102564102564102,52.14723926380368,7.0588235294117645,3.5294117647058822,4.705882352941177,41.104294478527606,5.970149253731343,4.477611940298507,16.417910447761194,11.65644171779141,15.789473684210526,0.0,10.526315789473683,,,,,32.515337423312886,0.0,1.8867924528301887,1.8867924528301887,4.294478527607362,28.57142857142857,0.0,0.0,6.748466257668712,27.27272727272727,18.181818181818183,0.0,1.2269938650306749,100.0,0.0,0.0,,,,,,,,,,,,,0.6134969325153374,0.0,0.0,0.0,1.2269938650306749,0.0,0.0,50.0,0.6134969325153374,100.0,0.0,0.0,,,,,,,,,,,,
475,Marc Sieber,52.87356321839081,7.971014492753622,0.7246376811594203,8.695652173913043,47.12643678160919,6.504065040650407,2.4390243902439024,17.073170731707318,46.36015325670498,1.6528925619834711,0.8264462809917356,9.917355371900827,36.015325670498086,7.446808510638298,3.1914893617021276,17.02127659574468,1.1494252873563218,33.33333333333333,0.0,0.0,7.662835249042145,0.0,0.0,10.0,1.9157088122605364,60.0,0.0,0.0,1.9157088122605364,20.0,0.0,20.0,2.2988505747126435,66.66666666666666,0.0,0.0,,,,,0.7662835249042145,50.0,0.0,0.0,1.532567049808429,0.0,0.0,50.0,0.38314176245210724,0.0,0.0,0.0,,,,,,,,,,,,,,,,,,,,
476,Marcel Granollers,42.65536723163842,7.06401766004415,3.532008830022075,8.609271523178808,57.29755178907722,5.341002465078061,3.533278553820871,6.573541495480691,33.75706214689266,3.765690376569038,3.2078103207810322,8.507670850767084,36.25235404896422,2.5974025974025974,3.506493506493506,7.2727272727272725,4.613935969868174,3.061224489795918,0.0,4.081632653061225,16.0075329566855,1.4705882352941175,1.1764705882352942,6.470588235294119,1.647834274952919,45.714285714285715,5.714285714285714,11.428571428571429,3.0131826741996233,51.5625,9.375,3.125,1.1299435028248588,54.166666666666664,8.333333333333332,16.666666666666664,0.18832391713747645,0.0,0.0,0.0,0.2824858757062147,16.666666666666664,0.0,50.0,0.6591337099811676,21.428571428571427,7.142857142857142,0.0,0.847457627118644,5.555555555555555,22.22222222222222,5.555555555555555,0.7532956685499058,12.5,18.75,0.0,0.3766478342749529,37.5,12.5,12.5,0.423728813559322,22.22222222222222,22.22222222222222,0.0,,,,,,,,
477,Marcelo Arevalo,61.612021857923494,6.873614190687362,7.5388026607538805,11.529933481152993,37.84153005464481,3.2490974729241873,4.693140794223827,9.386281588447654,55.46448087431693,4.926108374384237,7.635467980295567,11.576354679802956,32.10382513661202,2.127659574468085,4.25531914893617,10.212765957446807,1.912568306010929,0.0,7.142857142857142,0.0,3.1420765027322406,0.0,0.0,4.3478260869565215,2.0491803278688523,53.333333333333336,6.666666666666667,13.333333333333334,1.912568306010929,28.57142857142857,14.285714285714285,7.142857142857142,0.6830601092896175,20.0,20.0,20.0,,,,,1.092896174863388,25.0,0.0,25.0,,,,,0.4098360655737705,0.0,0.0,0.0,0.6830601092896175,0.0,20.0,0.0,,,,,,,,,,,,,,,,
478,Marcelo Rios,51.23537061118335,9.644670050761421,6.091370558375635,11.928934010152284,48.764629388816644,3.2,4.8,14.133333333333335,47.724317295188555,6.811989100817439,6.267029972752043,12.534059945504087,45.38361508452536,2.292263610315186,5.157593123209169,14.899713467048711,0.13003901170351106,0.0,0.0,0.0,2.2106631989596877,11.76470588235294,0.0,0.0,0.6501950585175552,80.0,0.0,0.0,0.5201560468140443,50.0,0.0,0.0,1.3003901170351104,70.0,10.0,0.0,,,,,0.26007802340702213,0.0,0.0,50.0,0.26007802340702213,0.0,0.0,50.0,0.26007802340702213,0.0,0.0,0.0,0.26007802340702213,0.0,0.0,0.0,0.6501950585175552,0.0,0.0,0.0,0.13003901170351106,0.0,0.0,0.0,0.26007802340702213,100.0,0.0,0.0,,,,
479,Marco Cecchinato,52.740560292326435,11.547344110854503,5.581216320246344,11.778290993071593,45.452699959399105,5.404198302813756,2.9477445288075033,10.049129075480124,43.56475842468534,8.667287977632805,5.4520037278657965,12.301957129543336,32.663418595209095,3.480422622747048,2.610316967060286,10.316967060285892,3.1059683313032886,5.228758169934641,2.6143790849673203,0.0,8.911896061713358,2.050113895216401,2.733485193621868,7.972665148063782,0.9947218838814454,65.3061224489796,2.0408163265306123,10.204081632653061,1.2789281364190013,53.96825396825397,6.349206349206349,11.11111111111111,1.1368250101502233,50.0,7.142857142857142,7.142857142857142,0.06090133982947624,66.66666666666666,0.0,0.0,2.7405602923264314,27.40740740740741,11.851851851851853,22.22222222222222,1.4210312626877792,24.285714285714285,7.142857142857142,24.285714285714285,0.8526187576126675,7.142857142857142,4.761904761904762,2.380952380952381,1.0150223304912709,4.0,6.0,0.0,0.020300446609825416,0.0,0.0,0.0,0.10150223304912709,20.0,0.0,0.0,0.32480714575720665,37.5,6.25,12.5,,,,
480,Marco Trungelliti,48.35886214442014,7.6923076923076925,4.97737556561086,11.76470588235294,51.64113785557986,4.661016949152542,2.9661016949152543,10.16949152542373,37.85557986870897,2.312138728323699,4.046242774566474,10.982658959537572,40.70021881838075,1.6129032258064515,3.225806451612903,9.13978494623656,1.5317286652078774,0.0,0.0,0.0,7.00218818380744,0.0,0.0,12.5,0.437636761487965,100.0,0.0,0.0,2.1881838074398248,60.0,0.0,10.0,2.8446389496717726,30.76923076923077,0.0,38.46153846153847,,,,,3.7199124726477026,29.411764705882355,17.647058823529413,11.76470588235294,0.87527352297593,25.0,0.0,25.0,1.0940919037199124,40.0,0.0,0.0,0.437636761487965,0.0,50.0,0.0,0.437636761487965,0.0,50.0,0.0,0.437636761487965,50.0,0.0,50.0,0.437636761487965,0.0,0.0,0.0,,,,
481,Marcos Baghdatis,46.41819941916747,9.523809523809524,6.221758776503302,7.2992700729927,53.549532107131334,3.796324194034348,3.3142512805061766,8.104850858692378,40.35172636334302,7.317073170731707,5.557776889244302,7.876849260295882,43.93352694417554,3.2684539111274327,3.1215571061329417,8.409842085934631,2.5492094223943207,1.89873417721519,2.5316455696202533,0.0,7.082929977412069,0.9111617312072893,1.366742596810934,6.378132118451026,0.8389803162310423,50.0,11.538461538461538,5.769230769230769,0.8712487899322363,40.74074074074074,16.666666666666664,9.25925925925926,0.8067118425298484,52.0,18.0,6.0,,,,,1.1455308163923845,28.169014084507044,16.901408450704224,7.042253521126761,0.7583091319780575,19.148936170212767,10.638297872340425,12.76595744680851,0.29041626331074544,33.33333333333333,5.555555555555555,0.0,0.7744433688286544,2.083333333333333,6.25,2.083333333333333,0.20974507905776058,15.384615384615385,15.384615384615385,15.384615384615385,0.12907389480477574,12.5,25.0,0.0,0.22587931590835753,57.14285714285714,42.857142857142854,0.0,,,,
482,Marcos Daniel,39.33649289099526,8.433734939759036,2.4096385542168677,9.63855421686747,60.66350710900474,9.375,2.34375,10.15625,28.436018957345972,1.6666666666666667,0.0,10.0,36.492890995260666,9.090909090909092,1.2987012987012987,11.688311688311687,2.3696682464454977,0.0,0.0,0.0,15.165876777251185,3.125,3.125,3.125,5.687203791469194,33.33333333333333,16.666666666666664,8.333333333333332,6.6350710900473935,21.428571428571427,7.142857142857142,14.285714285714285,1.8957345971563981,50.0,0.0,25.0,,,,,,,,,0.9478672985781991,50.0,0.0,0.0,0.47393364928909953,0.0,0.0,0.0,0.47393364928909953,0.0,0.0,100.0,0.47393364928909953,0.0,0.0,0.0,0.9478672985781991,0.0,0.0,0.0,,,,,,,,
483,Marcos Giron,51.580538757559104,7.4606981081801225,6.261657340794032,10.178523847588595,48.40571742715778,2.9812606473594547,1.788756388415673,7.467348097671778,45.656954370533256,5.59903672486454,6.562311860325106,10.65623118603251,37.64431006047278,2.555677254472435,1.7524644030668126,7.849580138736766,2.9136888400219902,0.4716981132075472,0.9433962264150944,3.30188679245283,8.36998350742166,0.3284072249589491,1.6420361247947455,4.433497536945813,0.8383727322704784,60.65573770491803,3.278688524590164,8.19672131147541,0.9483232545354591,34.78260869565217,4.3478260869565215,17.391304347826086,0.6871907641561297,54.0,10.0,6.0,0.027487630566245192,100.0,0.0,0.0,0.8933479934029687,38.46153846153847,7.6923076923076925,16.923076923076923,0.2748763056624519,10.0,5.0,20.0,0.3710830126443101,3.7037037037037033,3.7037037037037033,0.0,1.0307861462341945,4.0,1.3333333333333335,6.666666666666667,0.16492578339747113,16.666666666666664,16.666666666666664,0.0,0.10995052226498077,25.0,0.0,0.0,0.054975261132490384,25.0,0.0,50.0,,,,
484,Marcus Willis,42.922374429223744,7.446808510638298,7.446808510638298,10.638297872340425,57.077625570776256,6.4,3.2,10.4,26.48401826484018,5.172413793103448,8.620689655172415,15.517241379310345,17.80821917808219,10.256410256410255,5.128205128205128,25.64102564102564,9.58904109589041,0.0,4.761904761904762,0.0,26.48401826484018,0.0,1.7241379310344827,3.4482758620689653,3.1963470319634704,28.57142857142857,14.285714285714285,14.285714285714285,3.1963470319634704,42.857142857142854,14.285714285714285,0.0,0.45662100456621,100.0,0.0,0.0,,,,,1.82648401826484,25.0,0.0,0.0,4.10958904109589,0.0,0.0,11.11111111111111,0.91324200913242,0.0,0.0,0.0,4.10958904109589,11.11111111111111,0.0,0.0,0.45662100456621,0.0,0.0,0.0,1.36986301369863,0.0,0.0,0.0,,,,,,,,
485,Mardy Fish,53.16455696202531,10.224089635854341,4.271708683473389,11.484593837535014,46.798212956068504,7.478122513922036,6.284805091487669,13.126491646778044,44.303797468354425,6.050420168067227,4.033613445378151,12.436974789915967,39.35219657483246,5.676442762535478,6.244087038789026,13.623462630085148,3.276247207743857,1.1363636363636365,1.1363636363636365,1.1363636363636365,2.8294862248696946,0.0,1.3157894736842104,5.263157894736842,3.1273268801191363,45.23809523809524,8.333333333333332,13.095238095238097,3.5740878629932986,31.25,10.416666666666668,15.625,1.4519731943410277,69.23076923076923,5.128205128205128,5.128205128205128,0.11169024571854058,33.33333333333333,0.0,0.0,0.22338049143708116,33.33333333333333,0.0,16.666666666666664,0.18615040953090098,0.0,20.0,40.0,0.2606105733432614,57.14285714285714,0.0,0.0,0.29784065524944153,12.5,0.0,0.0,0.4095309009679821,0.0,27.27272727272727,9.090909090909092,0.33507073715562175,11.11111111111111,0.0,0.0,0.11169024571854058,66.66666666666666,0.0,0.0,0.11169024571854058,33.33333333333333,33.33333333333333,0.0
486,Mariano Navone,50.967957276368494,5.566470203012443,4.322200392927308,10.740013097576949,48.73164218958612,2.808219178082192,3.767123287671233,6.712328767123288,45.26034712950601,4.351032448377581,4.351032448377581,11.209439528023598,43.55807743658211,2.681992337164751,3.3716475095785436,6.590038314176246,3.337783711615487,4.0,1.0,1.0,3.704939919893191,0.9009009009009009,3.6036036036036037,9.00900900900901,0.33377837116154874,50.0,10.0,0.0,0.30040053404539385,33.33333333333333,22.22222222222222,11.11111111111111,0.9345794392523363,39.285714285714285,3.571428571428571,17.857142857142858,0.03337783711615487,0.0,100.0,0.0,0.33377837116154874,30.0,20.0,30.0,0.4005340453938585,16.666666666666664,25.0,0.0,0.36715620827770357,0.0,0.0,0.0,0.5006675567423231,0.0,0.0,6.666666666666667,0.16688918558077437,40.0,0.0,20.0,0.20026702269692925,0.0,0.0,0.0,0.23364485981308408,14.285714285714285,28.57142857142857,28.57142857142857,0.03337783711615487,0.0,100.0,0.0
487,Mariano Puerta,53.62997658079626,7.860262008733625,7.423580786026202,9.606986899563319,46.37002341920375,4.545454545454546,2.0202020202020203,11.616161616161616,49.414519906323186,5.687203791469194,7.109004739336493,10.42654028436019,31.147540983606557,1.5037593984962405,0.7518796992481203,12.030075187969924,1.1709601873536302,0.0,0.0,0.0,11.475409836065573,0.0,6.122448979591836,10.204081632653061,1.405152224824356,33.33333333333333,33.33333333333333,0.0,2.107728337236534,66.66666666666666,0.0,0.0,0.936768149882904,100.0,0.0,0.0,,,,,,,,,1.405152224824356,16.666666666666664,0.0,16.666666666666664,0.234192037470726,0.0,0.0,0.0,,,,,0.468384074941452,0.0,0.0,0.0,0.234192037470726,0.0,0.0,100.0,,,,,,,,
488,Mariano Zabaleta,57.377049180327866,8.571428571428571,3.571428571428571,10.714285714285714,42.21311475409836,1.9417475728155338,5.825242718446602,14.563106796116504,51.63934426229508,3.968253968253968,2.380952380952381,10.317460317460316,34.01639344262295,0.0,4.819277108433735,15.66265060240964,0.819672131147541,0.0,0.0,0.0,4.918032786885246,0.0,0.0,8.333333333333332,2.0491803278688523,40.0,20.0,40.0,1.2295081967213115,0.0,33.33333333333333,33.33333333333333,1.2295081967213115,100.0,0.0,0.0,,,,,1.2295081967213115,66.66666666666666,33.33333333333333,0.0,1.2295081967213115,0.0,33.33333333333333,0.0,0.4098360655737705,0.0,0.0,0.0,0.819672131147541,100.0,0.0,0.0,,,,,,,,,,,,,,,,
489,Marin Cilic,54.93314424635333,10.91646690023972,7.016411580306103,12.281025262769685,45.051661264181526,4.305789769533446,3.7661607644744235,11.455874086565485,50.93192868719611,9.009546539379475,7.020684168655529,12.390612569610184,38.112844408427875,3.335548172757475,3.893687707641196,12.106312292358803,1.139586709886548,2.666666666666667,1.7777777777777777,3.5555555555555554,5.080024311183144,1.1964107676969093,1.4955134596211366,5.383848454636091,0.9521880064829822,51.59574468085106,6.914893617021277,14.893617021276595,1.038290113452188,40.0,9.75609756097561,13.658536585365855,1.053484602917342,61.057692307692314,10.096153846153847,13.942307692307693,0.03545380875202593,57.14285714285714,14.285714285714285,0.0,0.3596029173419773,28.169014084507044,7.042253521126761,22.535211267605636,0.4659643435980551,29.347826086956523,4.3478260869565215,25.0,0.22285251215559157,6.8181818181818175,13.636363636363635,9.090909090909092,0.21272285251215556,0.0,4.761904761904762,2.380952380952381,0.08610210696920584,41.17647058823529,0.0,0.0,0.08103727714748785,25.0,0.0,0.0,0.18739870340356563,48.64864864864865,16.216216216216218,2.7027027027027026,0.02532414910858995,60.0,0.0,40.0
490,Marinko Matosevic,45.826235093696766,7.6208178438661704,6.877323420074349,14.49814126394052,54.173764906303234,6.289308176100629,5.345911949685535,11.79245283018868,40.3747870528109,4.430379746835443,7.383966244725738,14.135021097046414,42.24872231686542,5.846774193548387,5.040322580645161,12.5,0.9369676320272573,0.0,9.090909090909092,0.0,8.17717206132879,1.0416666666666665,4.166666666666666,7.291666666666667,2.4701873935264054,31.03448275862069,0.0,24.137931034482758,2.1294718909710393,20.0,20.0,12.0,1.0221465076660987,66.66666666666666,0.0,25.0,0.08517887563884156,100.0,0.0,0.0,0.34071550255536626,25.0,0.0,25.0,0.34071550255536626,50.0,0.0,0.0,0.17035775127768313,50.0,0.0,0.0,0.6814310051107325,0.0,0.0,25.0,0.42589437819420783,0.0,20.0,0.0,0.5110732538330494,33.33333333333333,0.0,16.666666666666664,0.08517887563884156,100.0,0.0,0.0,,,,
491,Mario Ancic,48.95042429656096,8.485401459854014,6.660583941605839,9.854014598540147,51.04957570343903,5.599300087489064,5.511811023622047,11.286089238845145,41.491737382760164,5.489773950484392,6.243272335844995,9.795479009687837,35.55158552925413,2.638190954773869,4.0201005025125625,11.306532663316583,1.6078606520768202,0.0,0.0,0.0,7.6373380973648946,1.1695906432748537,2.923976608187134,7.602339181286549,3.974988834301027,29.213483146067414,13.48314606741573,16.853932584269664,5.582849486377847,28.799999999999997,15.2,18.4,0.8485931219294328,73.68421052631578,10.526315789473683,5.263157894736842,0.044662795891022775,0.0,0.0,0.0,0.08932559178204555,50.0,0.0,50.0,0.5806163465832961,7.6923076923076925,23.076923076923077,7.6923076923076925,0.08932559178204555,0.0,0.0,0.0,0.6252791424743189,21.428571428571427,7.142857142857142,14.285714285714285,0.7592675301473872,0.0,0.0,0.0,1.0272443054935239,4.3478260869565215,13.043478260869565,0.0,0.08932559178204555,50.0,50.0,0.0,,,,
492,Mario Vilella Martinez,55.24475524475524,10.126582278481013,6.329113924050633,6.329113924050633,41.95804195804196,1.6666666666666667,3.3333333333333335,3.3333333333333335,49.65034965034965,7.042253521126761,7.042253521126761,7.042253521126761,37.06293706293706,1.8867924528301887,3.7735849056603774,3.7735849056603774,3.4965034965034967,0.0,0.0,0.0,2.797202797202797,0.0,0.0,0.0,0.6993006993006993,100.0,0.0,0.0,,,,,0.6993006993006993,100.0,0.0,0.0,,,,,0.6993006993006993,100.0,0.0,0.0,,,,,,,,,2.097902097902098,0.0,0.0,0.0,,,,,,,,,,,,,,,,
493,Marius Copil,43.507751937984494,11.1358574610245,7.126948775055679,15.367483296213807,56.395348837209305,5.670103092783505,6.185567010309279,12.714776632302405,36.724806201550386,8.443271767810026,7.387862796833773,15.03957783641161,28.68217054263566,4.72972972972973,6.418918918918918,15.202702702702704,2.131782945736434,0.0,0.0,9.090909090909092,20.833333333333336,1.3953488372093024,1.8604651162790697,6.976744186046512,2.9069767441860463,46.666666666666664,10.0,13.333333333333334,3.5852713178294575,29.72972972972973,16.216216216216218,16.216216216216218,0.5813953488372093,50.0,0.0,16.666666666666664,0.09689922480620156,0.0,100.0,0.0,0.09689922480620156,0.0,0.0,100.0,1.4534883720930232,13.333333333333334,20.0,40.0,0.4844961240310077,0.0,0.0,20.0,0.9689922480620154,20.0,10.0,0.0,0.3875968992248062,0.0,25.0,50.0,0.7751937984496124,12.5,25.0,25.0,0.1937984496124031,50.0,0.0,50.0,,,,
494,Mark Lajal,58.455114822546975,8.214285714285714,6.785714285714286,9.285714285714286,41.33611691022965,3.0303030303030303,4.545454545454546,9.595959595959595,52.4008350730689,5.9760956175298805,7.171314741035857,9.56175298804781,33.194154488517746,2.515723270440252,4.40251572327044,10.69182389937107,2.7139874739039667,0.0,0.0,0.0,5.219206680584551,0.0,0.0,4.0,1.0438413361169103,80.0,0.0,20.0,0.8350730688935281,25.0,25.0,0.0,0.41753653444676403,50.0,0.0,50.0,0.20876826722338201,0.0,100.0,0.0,0.8350730688935281,50.0,25.0,0.0,1.0438413361169103,20.0,0.0,20.0,0.6263048016701461,0.0,0.0,0.0,0.6263048016701461,0.0,0.0,0.0,0.20876826722338201,0.0,0.0,0.0,0.20876826722338201,0.0,0.0,0.0,0.20876826722338201,100.0,0.0,0.0,,,,
495,Mark Philippoussis,42.84940411700975,14.285714285714285,9.355246523388116,10.11378002528445,57.15059588299025,5.402843601895735,5.402843601895735,7.772511848341232,34.66955579631636,9.375,8.90625,8.75,27.78981581798483,3.313840155945419,5.458089668615984,9.551656920077972,0.7583965330444203,0.0,0.0,0.0,21.072589382448538,1.0282776349614395,2.313624678663239,3.5989717223650386,4.821235102925243,40.44943820224719,13.48314606741573,17.97752808988764,5.90465872156013,30.275229357798167,14.678899082568808,13.761467889908257,1.2459371614301191,60.86956521739131,8.695652173913043,17.391304347826086,0.16251354279523295,33.33333333333333,33.33333333333333,0.0,0.054171180931744306,0.0,0.0,100.0,0.4875406283856988,0.0,22.22222222222222,22.22222222222222,0.37919826652221017,14.285714285714285,0.0,0.0,0.9209100758396532,0.0,5.88235294117647,0.0,0.8125677139761647,6.666666666666667,20.0,20.0,0.7583965330444203,7.142857142857142,0.0,14.285714285714285,0.10834236186348861,50.0,0.0,0.0,0.054171180931744306,100.0,0.0,0.0
496,Markus Eriksson,58.88157894736842,7.262569832402235,7.82122905027933,10.05586592178771,41.118421052631575,0.8,1.6,9.6,58.223684210526315,7.344632768361582,7.909604519774012,10.16949152542373,36.18421052631579,0.9090909090909091,1.8181818181818181,10.0,0.6578947368421052,0.0,0.0,0.0,3.9473684210526314,0.0,0.0,8.333333333333332,,,,,,,,,,,,,,,,,,,,,0.3289473684210526,0.0,0.0,0.0,,,,,0.6578947368421052,0.0,0.0,0.0,,,,,,,,,,,,,,,,
497,Markus Hipfl,57.7639751552795,16.129032258064516,6.451612903225806,10.75268817204301,42.2360248447205,5.88235294117647,5.88235294117647,14.705882352941178,40.37267080745342,15.384615384615385,9.230769230769232,13.846153846153847,11.180124223602485,16.666666666666664,5.555555555555555,22.22222222222222,11.180124223602485,0.0,0.0,0.0,24.22360248447205,0.0,2.564102564102564,7.6923076923076925,3.7267080745341614,50.0,0.0,16.666666666666664,3.7267080745341614,16.666666666666664,16.666666666666664,16.666666666666664,0.6211180124223602,100.0,0.0,0.0,,,,,0.6211180124223602,100.0,0.0,0.0,1.2422360248447204,0.0,0.0,100.0,1.2422360248447204,0.0,0.0,0.0,1.2422360248447204,0.0,50.0,0.0,,,,,0.6211180124223602,0.0,0.0,0.0,,,,,,,,
498,Marsel Ilhan,68.33333333333333,0.0,8.536585365853659,23.170731707317074,31.666666666666664,2.631578947368421,2.631578947368421,15.789473684210526,66.66666666666666,0.0,8.75,23.75,21.666666666666668,3.8461538461538463,3.8461538461538463,19.230769230769234,0.8333333333333334,0.0,0.0,0.0,8.333333333333332,0.0,0.0,10.0,,,,,1.6666666666666667,0.0,0.0,0.0,0.8333333333333334,0.0,0.0,0.0,,,,,,,,,,,,,,,,,,,,,,,,,,,,,,,,,,,,
499,Martin Borisiouk,44.48818897637795,2.6548672566371683,7.964601769911504,9.734513274336283,55.51181102362205,2.127659574468085,2.8368794326241136,4.964539007092199,43.30708661417323,2.727272727272727,8.181818181818182,8.181818181818182,45.66929133858268,0.8620689655172413,3.4482758620689653,3.4482758620689653,0.39370078740157477,0.0,0.0,100.0,7.480314960629922,0.0,0.0,5.263157894736842,0.39370078740157477,0.0,0.0,100.0,1.1811023622047243,66.66666666666666,0.0,0.0,0.39370078740157477,0.0,0.0,0.0,0.39370078740157477,0.0,0.0,0.0,,,,,,,,,,,,,0.7874015748031495,0.0,0.0,100.0,,,,,,,,,,,,,,,,
500,Martin Cuevas,48.75776397515528,5.095541401273886,0.6369426751592357,12.738853503184714,51.24223602484472,3.0303030303030303,3.6363636363636362,9.090909090909092,44.099378881987576,2.8169014084507045,0.7042253521126761,14.084507042253522,45.03105590062112,2.7586206896551726,4.137931034482759,9.655172413793103,2.484472049689441,12.5,0.0,0.0,4.3478260869565215,7.142857142857142,0.0,7.142857142857142,0.3105590062111801,100.0,0.0,0.0,0.3105590062111801,0.0,0.0,0.0,0.6211180124223602,100.0,0.0,0.0,,,,,,,,,,,,,1.2422360248447204,0.0,0.0,0.0,1.5527950310559007,0.0,0.0,0.0,,,,,,,,,,,,,,,,
501,Martin Klizan,51.908396946564885,9.647058823529411,5.9411764705882355,12.23529411764706,48.030534351145036,3.814367450731087,5.72155117609663,11.44310235219326,45.00763358778626,7.327001356852103,5.970149253731343,12.279511533242877,42.16793893129771,3.041274438812455,5.792903692976104,11.513396089790007,1.8931297709923665,0.0,4.838709677419355,3.225806451612903,3.6641221374045805,0.8333333333333334,2.5,5.0,1.2213740458015268,37.5,2.5,22.5,0.9465648854961832,38.70967741935484,9.67741935483871,19.35483870967742,0.6412213740458015,57.14285714285714,4.761904761904762,19.047619047619047,0.03053435114503817,0.0,0.0,0.0,2.351145038167939,32.467532467532465,6.493506493506493,12.987012987012985,0.3053435114503817,0.0,10.0,50.0,0.33587786259541985,0.0,0.0,0.0,0.7633587786259541,16.0,12.0,4.0,0.183206106870229,16.666666666666664,16.666666666666664,33.33333333333333,0.0916030534351145,33.33333333333333,0.0,33.33333333333333,0.2748091603053435,33.33333333333333,22.22222222222222,0.0,0.06106870229007634,0.0,0.0,100.0
502,Martin Landaluce,52.973977695167285,7.017543859649122,6.666666666666667,12.631578947368421,47.026022304832715,5.533596837944664,3.9525691699604746,13.438735177865613,47.39776951672863,4.705882352941177,6.666666666666667,12.941176470588237,41.2639405204461,4.504504504504505,3.153153153153153,13.963963963963963,2.7881040892193307,6.666666666666667,0.0,0.0,2.973977695167286,6.25,0.0,6.25,0.18587360594795538,100.0,0.0,0.0,1.1152416356877324,50.0,16.666666666666664,0.0,0.7434944237918215,75.0,0.0,25.0,,,,,1.3011152416356877,42.857142857142854,14.285714285714285,28.57142857142857,0.929368029739777,0.0,20.0,40.0,0.18587360594795538,0.0,0.0,0.0,0.5576208178438662,0.0,0.0,0.0,0.18587360594795538,0.0,0.0,0.0,0.18587360594795538,0.0,100.0,0.0,0.18587360594795538,0.0,100.0,0.0,,,,
503,Martin Redlicki,57.291666666666664,10.909090909090908,2.727272727272727,17.272727272727273,42.1875,4.938271604938271,4.938271604938271,17.28395061728395,47.91666666666667,3.260869565217391,3.260869565217391,19.565217391304348,26.041666666666668,0.0,6.0,22.0,1.0416666666666665,0.0,0.0,0.0,11.458333333333332,0.0,0.0,9.090909090909092,5.729166666666666,72.72727272727273,0.0,9.090909090909092,4.166666666666666,37.5,12.5,12.5,,,,,0.5208333333333333,100.0,0.0,0.0,1.0416666666666665,0.0,0.0,0.0,,,,,,,,,,,,,0.5208333333333333,0.0,0.0,0.0,,,,,1.0416666666666665,50.0,0.0,0.0,,,,
504,Martin Verkerk,49.883720930232556,5.827505827505827,3.7296037296037294,10.256410256410255,50.116279069767444,6.0324825986078885,2.784222737819025,11.1368909512761,43.139534883720934,3.7735849056603774,4.0431266846361185,11.05121293800539,38.95348837209303,5.970149253731343,2.9850746268656714,12.53731343283582,4.4186046511627906,0.0,0.0,2.631578947368421,9.534883720930234,0.0,1.2195121951219512,4.878048780487805,0.9302325581395349,62.5,12.5,12.5,0.813953488372093,28.57142857142857,14.285714285714285,28.57142857142857,0.5813953488372093,80.0,0.0,0.0,0.23255813953488372,100.0,0.0,0.0,0.23255813953488372,50.0,0.0,50.0,0.46511627906976744,50.0,0.0,0.0,0.46511627906976744,0.0,0.0,0.0,0.11627906976744186,0.0,0.0,0.0,,,,,,,,,0.11627906976744186,100.0,0.0,0.0,,,,
505,Marton Fucsovics,51.38878601585068,7.422888440472759,5.131161718074373,9.411934275007207,48.581586549144504,3.049245311785333,2.820551913401433,7.7755755450526,45.77438708243834,5.792880258899676,5.242718446601942,9.789644012944985,30.69402266498778,2.195945945945946,2.7027027027027026,8.252895752895753,2.99237093548626,0.7425742574257426,0.7425742574257426,1.7326732673267329,15.280349603733058,0.7270964614638876,1.4541929229277752,6.398448860882211,0.7851270276275831,55.660377358490564,8.49056603773585,13.20754716981132,1.1850974001925783,50.0,14.374999999999998,11.875,0.5481075475890675,58.108108108108105,6.756756756756757,6.756756756756757,0.029627435004814455,25.0,0.0,25.0,0.7332790163691578,36.36363636363637,11.11111111111111,19.19191919191919,0.5481075475890675,9.45945945945946,16.216216216216218,21.62162162162162,0.34812236130656987,4.25531914893617,2.127659574468085,4.25531914893617,0.7629064513739723,2.912621359223301,6.796116504854369,0.0,0.1036960225168506,42.857142857142854,14.285714285714285,0.0,0.08147544626323976,27.27272727272727,9.090909090909092,0.0,0.1036960225168506,57.14285714285714,7.142857142857142,7.142857142857142,,,,
506,Masamichi Imamura,54.13533834586466,8.333333333333332,6.944444444444445,9.722222222222223,45.86466165413533,4.918032786885246,6.557377049180328,8.19672131147541,48.1203007518797,7.8125,6.25,9.375,34.58646616541353,2.1739130434782608,8.695652173913043,10.869565217391305,1.5037593984962405,0.0,50.0,0.0,9.022556390977442,8.333333333333332,0.0,0.0,3.7593984962406015,20.0,0.0,20.0,1.5037593984962405,50.0,0.0,0.0,0.7518796992481203,0.0,0.0,0.0,,,,,,,,,,,,,,,,,0.7518796992481203,0.0,0.0,0.0,,,,,,,,,,,,,,,,
507,Mate Delic,56.68449197860963,9.433962264150944,0.9433962264150944,22.641509433962266,43.31550802139038,2.4691358024691357,1.2345679012345678,13.580246913580247,55.61497326203209,8.653846153846153,0.9615384615384616,23.076923076923077,37.4331550802139,0.0,1.4285714285714286,14.285714285714285,0.53475935828877,0.0,0.0,0.0,3.7433155080213902,0.0,0.0,0.0,,,,,1.06951871657754,50.0,0.0,50.0,0.53475935828877,100.0,0.0,0.0,,,,,,,,,1.06951871657754,50.0,0.0,0.0,,,,,,,,,,,,,,,,,,,,,,,,
508,Mate Valkusz,53.71900826446281,5.128205128205128,5.128205128205128,8.717948717948717,46.28099173553719,4.166666666666666,1.7857142857142856,7.738095238095238,48.209366391184574,2.857142857142857,5.714285714285714,9.142857142857142,41.59779614325069,3.9735099337748347,1.9867549668874174,7.28476821192053,3.3057851239669422,0.0,0.0,8.333333333333332,2.479338842975207,0.0,0.0,22.22222222222222,0.27548209366391185,100.0,0.0,0.0,0.5509641873278237,50.0,0.0,0.0,0.5509641873278237,100.0,0.0,0.0,,,,,0.5509641873278237,0.0,0.0,0.0,,,,,0.27548209366391185,0.0,0.0,0.0,1.6528925619834711,0.0,0.0,0.0,,,,,,,,,0.5509641873278237,100.0,0.0,0.0,,,,
509,Mateus Alves,59.51035781544256,6.645569620253164,7.9113924050632916,6.962025316455696,40.48964218455744,2.3255813953488373,2.7906976744186047,9.767441860465116,52.54237288135594,6.093189964157706,8.60215053763441,6.451612903225806,31.63841807909605,1.7857142857142856,2.976190476190476,6.547619047619048,4.8964218455743875,0.0,0.0,0.0,7.909604519774012,0.0,2.380952380952381,21.428571428571427,0.7532956685499058,100.0,0.0,0.0,0.18832391713747645,100.0,0.0,0.0,0.7532956685499058,0.0,0.0,75.0,,,,,0.3766478342749529,0.0,50.0,50.0,0.5649717514124294,33.33333333333333,0.0,0.0,,,,,0.18832391713747645,0.0,0.0,100.0,0.18832391713747645,0.0,0.0,0.0,,,,,,,,,,,,
510,Mathias Bourgue,41.17647058823529,10.38961038961039,10.38961038961039,18.181818181818183,58.82352941176471,3.6363636363636362,2.727272727272727,20.0,36.898395721925134,11.594202898550725,10.144927536231885,18.84057971014493,51.87165775401069,4.123711340206185,2.0618556701030926,17.525773195876287,3.2085561497326207,0.0,0.0,16.666666666666664,3.2085561497326207,0.0,0.0,33.33333333333333,,,,,2.13903743315508,0.0,25.0,50.0,0.53475935828877,0.0,100.0,0.0,,,,,,,,,0.53475935828877,0.0,0.0,100.0,0.53475935828877,0.0,0.0,0.0,1.06951871657754,0.0,0.0,0.0,,,,,,,,,,,,,,,,
511,Matt Reid,60.509554140127385,5.263157894736842,6.842105263157896,12.631578947368421,39.490445859872615,2.4193548387096775,0.8064516129032258,15.32258064516129,56.36942675159236,5.649717514124294,6.779661016949152,12.994350282485875,27.70700636942675,3.4482758620689653,0.0,12.643678160919542,0.9554140127388535,0.0,0.0,0.0,8.9171974522293,0.0,0.0,14.285714285714285,1.5923566878980893,0.0,0.0,0.0,0.6369426751592357,0.0,0.0,100.0,0.6369426751592357,0.0,50.0,50.0,,,,,0.3184713375796179,0.0,0.0,0.0,1.910828025477707,0.0,16.666666666666664,33.33333333333333,,,,,0.3184713375796179,0.0,0.0,0.0,0.6369426751592357,0.0,0.0,0.0,,,,,,,,,,,,
512,Matteo Arnaldi,51.00371747211896,10.641399416909621,5.1384839650145775,12.718658892128278,48.921933085501855,3.609422492401216,3.343465045592705,9.346504559270517,39.14498141263941,8.262108262108262,5.650522317188984,14.007597340930674,39.25650557620818,2.793560606060606,3.929924242424242,9.943181818181818,5.910780669144981,0.628930817610063,0.3144654088050315,1.8867924528301887,6.821561338289962,1.3623978201634876,0.0,5.177111716621254,1.7100371747211895,46.73913043478261,8.695652173913043,14.130434782608695,1.0223048327137547,40.0,1.8181818181818181,21.818181818181817,1.1152416356877324,63.33333333333333,5.0,13.333333333333334,0.03717472118959108,0.0,0.0,0.0,2.0817843866171004,18.75,7.142857142857142,19.642857142857142,0.5762081784386617,12.903225806451612,9.67741935483871,6.451612903225806,0.6691449814126395,13.88888888888889,0.0,0.0,1.0594795539033457,8.771929824561402,0.0,3.508771929824561,0.16728624535315986,44.44444444444444,11.11111111111111,22.22222222222222,0.13011152416356878,0.0,14.285714285714285,14.285714285714285,0.20446096654275092,45.45454545454545,9.090909090909092,27.27272727272727,0.01858736059479554,0.0,0.0,0.0
513,Matteo Berrettini,52.05905615607699,11.972044971133394,6.532968702522029,12.96465106857085,47.930398101766414,3.3663366336633667,2.838283828382838,10.68206820682068,43.480094911679416,9.592529711375212,6.791171477079796,13.909774436090224,25.789612443975745,2.637497444285422,2.8010631772643633,11.040686976078511,4.582124967044556,1.8411967779056386,1.380897583429229,2.3014959723820483,19.061428948062222,0.9128630705394192,2.0193637621023512,9.073305670816044,1.1916688636962827,58.849557522123895,6.637168141592921,15.04424778761062,1.1442130239915633,42.857142857142854,10.599078341013826,16.589861751152075,0.9227524387028736,71.42857142857143,8.571428571428571,8.571428571428571,0.03163722646981282,16.666666666666664,0.0,16.666666666666664,1.471131030846296,36.200716845878134,11.827956989247312,20.43010752688172,0.9280253097811759,21.022727272727273,7.954545454545454,32.95454545454545,0.18455048774057475,11.428571428571429,11.428571428571429,0.0,0.9069338254679673,4.651162790697675,4.069767441860465,3.488372093023256,0.1318217769575534,28.000000000000004,12.0,12.0,0.058001581861323495,45.45454545454545,27.27272727272727,9.090909090909092,0.09491167940943844,27.77777777777778,16.666666666666664,22.22222222222222,0.010545742156604272,0.0,50.0,50.0
514,Matteo Martineau,61.011904761904766,9.268292682926829,10.24390243902439,13.658536585365855,38.98809523809524,4.580152671755725,5.343511450381679,7.633587786259542,50.0,5.357142857142857,10.119047619047619,14.285714285714285,25.892857142857146,2.2988505747126435,5.747126436781609,6.896551724137931,3.273809523809524,9.090909090909092,0.0,0.0,8.630952380952381,0.0,0.0,6.896551724137931,1.488095238095238,80.0,0.0,0.0,2.6785714285714284,44.44444444444444,11.11111111111111,11.11111111111111,0.8928571428571428,66.66666666666666,0.0,33.33333333333333,,,,,4.166666666666666,14.285714285714285,28.57142857142857,14.285714285714285,1.488095238095238,0.0,0.0,20.0,0.2976190476190476,0.0,0.0,0.0,,,,,,,,,,,,,0.8928571428571428,33.33333333333333,0.0,33.33333333333333,0.2976190476190476,0.0,100.0,0.0
515,Matthew Ebden,55.59481743227326,9.322033898305085,8.898305084745763,13.347457627118645,44.40518256772673,3.4482758620689653,3.183023872679045,10.610079575596817,42.5206124852768,5.8171745152354575,9.695290858725762,13.850415512465375,26.97290930506478,1.7467248908296942,2.1834061135371177,12.22707423580786,5.1825677267373385,0.0,4.545454545454546,2.272727272727273,11.66077738515901,2.0202020202020203,3.0303030303030303,7.07070707070707,4.829210836277975,31.70731707317073,7.317073170731707,21.951219512195124,3.8869257950530036,18.181818181818183,9.090909090909092,6.0606060606060606,1.4134275618374559,66.66666666666666,0.0,8.333333333333332,0.11778563015312131,0.0,0.0,0.0,0.5889281507656066,20.0,20.0,40.0,0.8244994110718492,14.285714285714285,14.285714285714285,42.857142857142854,0.5889281507656066,0.0,0.0,0.0,0.8244994110718492,0.0,0.0,0.0,0.47114252061248524,25.0,25.0,0.0,0.11778563015312131,0.0,0.0,0.0,,,,,,,,
516,Matthias Bachinger,49.056603773584904,8.974358974358974,4.487179487179487,10.897435897435898,50.943396226415096,3.0864197530864197,4.938271604938271,9.876543209876543,38.9937106918239,5.64516129032258,3.225806451612903,12.096774193548388,36.16352201257861,0.8695652173913043,5.217391304347826,11.304347826086957,3.459119496855346,0.0,0.0,0.0,8.80503144654088,0.0,0.0,3.571428571428571,3.1446540880503147,70.0,10.0,10.0,4.088050314465408,30.76923076923077,7.6923076923076925,15.384615384615385,0.9433962264150944,0.0,66.66666666666666,33.33333333333333,,,,,0.3144654088050315,0.0,0.0,0.0,0.628930817610063,0.0,0.0,0.0,1.8867924528301887,0.0,0.0,0.0,1.257861635220126,0.0,25.0,0.0,0.3144654088050315,0.0,0.0,0.0,,,,,,,,,,,,
517,Mattia Bellucci,49.42184154175589,7.279029462738301,6.5857885615251295,9.445407279029462,50.40685224839401,3.3984706881903146,4.502973661852167,8.920985556499575,35.33190578158458,6.181818181818182,6.909090909090909,11.272727272727273,40.856531049250535,2.515723270440252,4.1928721174004195,9.643605870020965,8.865096359743042,0.4830917874396135,2.4154589371980677,1.4492753623188406,6.423982869379015,0.6666666666666667,3.3333333333333335,4.0,1.3276231263383298,32.25806451612903,12.903225806451612,9.67741935483871,1.070663811563169,28.000000000000004,12.0,20.0,0.9850107066381156,60.86956521739131,4.3478260869565215,13.043478260869565,,,,,1.9700214132762313,13.043478260869565,15.217391304347828,15.217391304347828,1.0278372591006424,16.666666666666664,16.666666666666664,8.333333333333332,0.7708779443254818,0.0,5.555555555555555,0.0,0.9421841541755889,18.181818181818183,4.545454545454546,0.0,0.1284796573875803,33.33333333333333,33.33333333333333,0.0,0.08565310492505353,0.0,0.0,0.0,0.042826552462526764,100.0,0.0,0.0,,,,
518,Matwe Middelkoop,54.0,20.98765432098765,6.172839506172839,11.11111111111111,46.0,4.3478260869565215,7.246376811594203,7.246376811594203,47.333333333333336,21.12676056338028,4.225352112676056,11.267605633802818,32.0,4.166666666666666,8.333333333333332,8.333333333333332,3.3333333333333335,0.0,20.0,20.0,11.333333333333332,0.0,0.0,0.0,1.3333333333333335,50.0,50.0,0.0,2.0,33.33333333333333,33.33333333333333,33.33333333333333,,,,,,,,,,,,,,,,,1.3333333333333335,0.0,0.0,0.0,0.6666666666666667,0.0,0.0,0.0,,,,,,,,,0.6666666666666667,100.0,0.0,0.0,,,,
519,Mauricio Echazu,64.6766169154229,6.153846153846154,2.307692307692308,20.0,35.32338308457712,5.633802816901409,1.4084507042253522,18.30985915492958,62.189054726368155,5.6000000000000005,2.4,19.2,32.33830845771145,1.5384615384615385,1.5384615384615385,20.0,0.9950248756218906,0.0,0.0,0.0,0.9950248756218906,0.0,0.0,0.0,0.4975124378109453,0.0,0.0,100.0,1.4925373134328357,100.0,0.0,0.0,0.9950248756218906,50.0,0.0,50.0,,,,,,,,,,,,,,,,,0.4975124378109453,0.0,0.0,0.0,,,,,,,,,,,,,,,,
520,Max Hans Rehberg,54.18994413407822,12.371134020618557,5.154639175257731,4.639175257731959,45.81005586592179,4.2682926829268295,0.6097560975609756,7.317073170731707,48.04469273743017,10.465116279069768,5.232558139534884,4.651162790697675,43.85474860335196,4.45859872611465,0.6369426751592357,7.643312101910828,3.910614525139665,7.142857142857142,7.142857142857142,0.0,1.3966480446927374,0.0,0.0,0.0,,,,,,,,,0.8379888268156425,100.0,0.0,0.0,,,,,0.27932960893854747,0.0,0.0,100.0,0.27932960893854747,0.0,0.0,0.0,0.27932960893854747,0.0,0.0,0.0,0.27932960893854747,0.0,0.0,0.0,,,,,,,,,0.8379888268156425,66.66666666666666,0.0,0.0,,,,
521,Max Houkes,50.0,12.206572769953052,6.103286384976526,12.676056338028168,45.07042253521127,4.6875,1.5625,8.854166666666668,44.36619718309859,8.994708994708994,5.291005291005291,13.227513227513226,39.671361502347416,1.7751479289940828,1.183431952662722,8.875739644970414,0.9389671361502347,0.0,0.0,0.0,3.051643192488263,7.6923076923076925,0.0,7.6923076923076925,2.3474178403755865,50.0,20.0,10.0,0.9389671361502347,100.0,0.0,0.0,1.1737089201877933,80.0,0.0,0.0,,,,,0.7042253521126761,0.0,0.0,33.33333333333333,0.7042253521126761,33.33333333333333,0.0,33.33333333333333,,,,,0.7042253521126761,0.0,33.33333333333333,0.0,0.2347417840375587,0.0,0.0,0.0,,,,,0.2347417840375587,0.0,100.0,0.0,,,,
522,Max Mirnyi,41.626331074540175,21.3953488372093,5.813953488372093,10.0,57.986447241045504,10.684474123539232,5.843071786310518,12.520868113522537,21.490803484995162,11.711711711711711,2.7027027027027026,9.45945945945946,18.973862536302033,9.693877551020408,6.122448979591836,23.46938775510204,1.452081316553727,6.666666666666667,0.0,0.0,18.68344627299129,0.0,1.5544041450777202,7.253886010362693,12.778315585672798,29.545454545454547,13.636363636363635,13.636363636363635,16.16650532429816,26.34730538922156,8.982035928143713,7.18562874251497,3.4849951597289452,69.44444444444444,2.7777777777777777,5.555555555555555,,,,,0.48402710551790895,20.0,0.0,40.0,0.3872216844143272,0.0,25.0,50.0,0.3872216844143272,0.0,0.0,0.0,1.0648596321393997,9.090909090909092,0.0,9.090909090909092,1.452081316553727,0.0,0.0,0.0,2.7105517909002903,0.0,14.285714285714285,0.0,0.0968054211035818,0.0,0.0,0.0,,,,
523,Max Purcell,48.67906066536204,8.944723618090453,4.723618090452261,11.85929648241206,51.32093933463796,4.194470924690181,5.4337464251668255,9.532888465204957,30.626223091976517,7.507987220447284,5.431309904153355,14.057507987220447,28.913894324853228,2.8764805414551606,5.414551607445008,11.336717428087987,12.181996086105675,0.0,1.2048192771084338,8.032128514056225,17.074363992172213,0.8595988538681949,3.4383954154727796,6.876790830945559,2.0058708414872797,48.78048780487805,9.75609756097561,12.195121951219512,2.8375733855185907,36.206896551724135,15.517241379310345,8.620689655172415,1.1741682974559686,58.333333333333336,4.166666666666666,4.166666666666666,,,,,1.4187866927592954,24.137931034482758,6.896551724137931,13.793103448275861,0.9295499021526419,10.526315789473683,10.526315789473683,10.526315789473683,0.9784735812133072,0.0,10.0,0.0,1.2720156555772992,0.0,7.6923076923076925,3.8461538461538463,0.2446183953033268,20.0,20.0,0.0,0.29354207436399216,16.666666666666664,0.0,16.666666666666664,0.04892367906066536,0.0,0.0,0.0,,,,
524,Maxime Cressy,47.77021919879063,16.257911392405063,6.962025316455696,12.776898734177214,52.19198790627362,8.508327299058653,8.037653874004343,11.947863866763216,26.68178382464097,5.807365439093484,4.2492917847025495,14.093484419263454,24.263038548752835,5.529595015576324,5.529595015576324,15.732087227414329,5.366591080876796,2.112676056338028,4.225352112676056,6.338028169014084,14.833711262282693,0.7643312101910829,4.713375796178345,5.987261146496816,10.714285714285714,38.447971781305114,13.227513227513226,13.403880070546737,10.789871504157219,26.26970227670753,17.68826619964974,11.558669001751314,2.758881330309902,59.589041095890416,9.58904109589041,11.643835616438356,0.0944822373393802,20.0,20.0,0.0,0.472411186696901,32.0,12.0,12.0,0.2834467120181406,13.333333333333334,0.0,33.33333333333333,0.30234315948601664,6.25,6.25,0.0,0.41572184429327286,0.0,0.0,0.0,1.455026455026455,11.688311688311687,14.285714285714285,12.987012987012985,1.492819349962207,5.063291139240507,15.18987341772152,12.658227848101266,0.01889644746787604,0.0,0.0,0.0,0.01889644746787604,100.0,0.0,0.0
525,Maximilian Marterer,55.54830287206266,10.223266745005875,5.992949471210341,9.9882491186839,43.929503916449086,2.526002971768202,3.268945022288262,10.549777117384844,50.65274151436031,9.149484536082474,5.670103092783505,9.922680412371134,37.27154046997389,1.926444833625219,3.1523642732049035,11.733800350262696,2.2845953002610964,0.0,8.571428571428571,0.0,5.1566579634464755,0.0,3.79746835443038,3.79746835443038,0.5221932114882507,25.0,0.0,37.5,0.5874673629242819,66.66666666666666,0.0,11.11111111111111,0.8485639686684074,53.84615384615385,30.76923076923077,7.6923076923076925,,,,,0.8485639686684074,46.15384615384615,0.0,30.76923076923077,0.13054830287206268,0.0,50.0,0.0,0.3263707571801566,0.0,0.0,0.0,0.6527415143603132,0.0,0.0,0.0,0.06527415143603134,100.0,0.0,0.0,0.13054830287206268,0.0,0.0,0.0,,,,,,,,
526,Maximilian Neuchrist,56.73758865248227,7.916666666666666,4.166666666666666,10.833333333333334,43.262411347517734,2.73224043715847,2.185792349726776,8.743169398907105,48.93617021276596,5.314009661835748,3.3816425120772946,12.077294685990339,22.22222222222222,1.0638297872340425,2.127659574468085,8.51063829787234,2.127659574468085,0.0,0.0,0.0,19.148936170212767,0.0,1.2345679012345678,9.876543209876543,1.6548463356973995,71.42857142857143,0.0,0.0,1.1820330969267139,80.0,20.0,0.0,1.8912529550827424,37.5,12.5,0.0,,,,,0.2364066193853428,0.0,0.0,100.0,0.2364066193853428,0.0,0.0,0.0,1.4184397163120568,0.0,0.0,0.0,0.4728132387706856,0.0,0.0,0.0,0.2364066193853428,0.0,100.0,0.0,,,,,0.2364066193853428,0.0,100.0,0.0,,,,
527,Maximo Gonzalez,45.876288659793815,10.112359550561797,6.741573033707865,3.3707865168539324,54.123711340206185,6.666666666666667,8.571428571428571,10.476190476190476,39.175257731958766,7.894736842105263,7.894736842105263,2.631578947368421,43.81443298969072,3.5294117647058822,9.411764705882353,10.588235294117647,1.0309278350515463,0.0,0.0,0.0,4.639175257731959,11.11111111111111,0.0,0.0,2.0618556701030926,25.0,0.0,0.0,1.0309278350515463,0.0,50.0,0.0,2.0618556701030926,50.0,0.0,25.0,0.5154639175257731,100.0,0.0,0.0,0.5154639175257731,0.0,0.0,0.0,2.5773195876288657,40.0,0.0,40.0,0.5154639175257731,0.0,0.0,0.0,1.5463917525773196,0.0,0.0,0.0,0.5154639175257731,0.0,0.0,0.0,,,,,,,,,,,,
528,Mees Rottgering,54.68277945619335,5.801104972375691,4.972375690607735,10.220994475138122,45.31722054380665,3.3333333333333335,4.0,6.333333333333334,49.244712990936556,4.9079754601226995,5.214723926380368,10.122699386503067,38.368580060422964,3.149606299212598,4.330708661417323,7.086614173228346,1.9637462235649545,0.0,7.6923076923076925,7.6923076923076925,4.833836858006042,0.0,0.0,0.0,0.7552870090634441,40.0,0.0,20.0,0.7552870090634441,20.0,20.0,0.0,0.906344410876133,33.33333333333333,0.0,16.666666666666664,,,,,0.6042296072507553,25.0,0.0,25.0,0.3021148036253776,0.0,0.0,50.0,1.2084592145015105,0.0,0.0,0.0,1.0574018126888218,14.285714285714285,0.0,0.0,,,,,,,,,,,,,,,,
529,Michael Berrer,47.633136094674555,10.973084886128365,4.761904761904762,9.730848861283643,52.366863905325445,6.591337099811676,5.084745762711865,7.344632768361582,38.95463510848126,6.582278481012659,4.050632911392405,9.620253164556962,24.7534516765286,4.780876494023905,3.9840637450199203,8.366533864541832,2.1696252465483234,0.0,4.545454545454546,4.545454545454546,20.51282051282051,1.9230769230769231,2.403846153846154,6.730769230769231,3.9447731755424065,35.0,15.0,10.0,4.043392504930966,36.58536585365854,24.390243902439025,4.878048780487805,1.3806706114398422,57.14285714285714,0.0,28.57142857142857,0.19723865877712032,100.0,0.0,0.0,0.19723865877712032,100.0,0.0,0.0,0.4930966469428008,20.0,20.0,0.0,0.8875739644970414,33.33333333333333,0.0,0.0,2.2682445759368837,4.3478260869565215,4.3478260869565215,8.695652173913043,0.09861932938856016,0.0,0.0,0.0,0.09861932938856016,0.0,0.0,0.0,,,,,,,,
530,Michael Geerts,62.913907284768214,6.315789473684211,4.2105263157894735,11.578947368421053,37.086092715231786,5.357142857142857,1.7857142857142856,8.928571428571429,56.29139072847682,5.88235294117647,4.705882352941177,9.411764705882353,19.867549668874172,3.3333333333333335,3.3333333333333335,6.666666666666667,1.9867549668874174,0.0,0.0,0.0,15.2317880794702,0.0,0.0,13.043478260869565,0.6622516556291391,100.0,0.0,0.0,1.3245033112582782,100.0,0.0,0.0,0.6622516556291391,0.0,0.0,100.0,,,,,1.3245033112582782,0.0,0.0,100.0,,,,,1.9867549668874174,0.0,0.0,0.0,0.6622516556291391,0.0,0.0,0.0,,,,,,,,,,,,,,,,
531,Michael Llodra,37.274220032840724,13.656387665198238,9.691629955947137,7.929515418502203,62.39737274220033,8.157894736842106,3.421052631578948,9.736842105263158,20.525451559934318,5.6000000000000005,8.799999999999999,9.6,17.4055829228243,3.7735849056603774,2.8301886792452833,20.754716981132077,4.761904761904762,3.4482758620689653,0.0,10.344827586206897,29.22824302134647,0.0,1.6853932584269662,5.056179775280898,7.224958949096879,27.27272727272727,15.909090909090908,4.545454545454546,10.673234811165845,41.53846153846154,9.230769230769232,6.153846153846154,1.8062397372742198,81.81818181818183,0.0,0.0,0.16420361247947454,0.0,0.0,0.0,0.49261083743842365,0.0,66.66666666666666,0.0,1.6420361247947455,0.0,0.0,20.0,0.8210180623973727,20.0,0.0,0.0,1.3136288998357963,0.0,0.0,0.0,1.6420361247947455,10.0,20.0,10.0,1.9704433497536946,0.0,8.333333333333332,0.0,,,,,,,,
532,Michael Mmoh,50.994431185361975,7.020280811232449,3.43213728549142,7.644305772230889,49.00556881463803,3.2467532467532463,3.0844155844155843,6.493506493506493,41.527446300715994,4.406130268199234,3.256704980842912,8.42911877394636,41.05011933174224,2.7131782945736433,2.7131782945736433,6.395348837209303,5.807478122513922,0.0,6.8493150684931505,2.73972602739726,5.648369132856006,4.225352112676056,1.4084507042253522,7.042253521126761,1.511535401750199,57.89473684210527,0.0,5.263157894736842,0.9546539379474941,25.0,8.333333333333332,16.666666666666664,0.47732696897374705,66.66666666666666,0.0,0.0,,,,,0.8750994431185362,63.63636363636363,0.0,18.181818181818183,0.23866348448687352,0.0,33.33333333333333,0.0,0.7955449482895784,0.0,0.0,0.0,1.1137629276054097,0.0,14.285714285714285,0.0,,,,,,,,,,,,,,,,
533,Michael Redlicki,64.76868327402136,3.296703296703297,0.5494505494505495,7.6923076923076925,34.519572953736656,2.0618556701030926,1.0309278350515463,5.154639175257731,63.345195729537366,2.247191011235955,0.5617977528089888,7.865168539325842,26.334519572953734,2.7027027027027026,1.3513513513513513,5.405405405405405,0.3558718861209964,0.0,0.0,0.0,6.761565836298933,0.0,0.0,5.263157894736842,0.3558718861209964,100.0,0.0,0.0,0.3558718861209964,0.0,0.0,0.0,,,,,,,,,,,,,,,,,0.3558718861209964,0.0,0.0,0.0,1.0676156583629894,0.0,0.0,0.0,,,,,,,,,0.3558718861209964,100.0,0.0,0.0,,,,
534,Michael Russell,48.81516587677725,6.067961165048544,4.368932038834951,5.825242718446602,50.59241706161137,3.9812646370023423,1.639344262295082,5.386416861826698,42.53554502369668,5.2924791086350975,4.456824512534819,5.8495821727019495,33.88625592417062,3.4965034965034967,1.048951048951049,5.944055944055944,4.502369668246446,7.894736842105263,0.0,0.0,13.033175355450238,0.9090909090909091,0.9090909090909091,4.545454545454546,0.35545023696682465,33.33333333333333,0.0,33.33333333333333,0.8293838862559242,42.857142857142854,14.285714285714285,0.0,0.11848341232227488,100.0,0.0,0.0,,,,,0.5924170616113744,20.0,20.0,20.0,1.1848341232227488,20.0,10.0,0.0,0.7109004739336493,0.0,16.666666666666664,16.666666666666664,1.4218009478672986,8.333333333333332,8.333333333333332,8.333333333333332,,,,,0.11848341232227488,0.0,0.0,0.0,,,,,0.11848341232227488,0.0,0.0,0.0
535,Michael Zheng,47.940074906367045,6.25,5.46875,13.28125,52.05992509363296,2.158273381294964,4.316546762589928,9.352517985611511,44.569288389513105,5.88235294117647,5.042016806722689,14.285714285714285,43.82022471910113,0.8547008547008548,4.273504273504273,10.256410256410255,1.8726591760299627,0.0,20.0,0.0,6.367041198501873,0.0,5.88235294117647,5.88235294117647,1.1235955056179776,33.33333333333333,0.0,0.0,0.7490636704119851,100.0,0.0,0.0,0.37453183520599254,0.0,0.0,0.0,,,,,,,,,,,,,,,,,1.1235955056179776,0.0,0.0,0.0,,,,,,,,,,,,,,,,
536,Michal Przysiezny,49.28909952606635,8.653846153846153,4.807692307692308,24.03846153846154,50.23696682464455,3.7735849056603774,0.0,20.754716981132077,40.28436018957346,3.5294117647058822,5.88235294117647,27.058823529411764,24.170616113744074,3.9215686274509802,0.0,27.450980392156865,4.739336492890995,0.0,0.0,10.0,22.274881516587676,0.0,0.0,14.893617021276595,1.8957345971563981,100.0,0.0,0.0,1.4218009478672986,33.33333333333333,0.0,33.33333333333333,0.47393364928909953,100.0,0.0,0.0,,,,,0.47393364928909953,0.0,0.0,0.0,1.8957345971563981,0.0,0.0,0.0,0.47393364928909953,0.0,0.0,100.0,,,,,0.47393364928909953,0.0,0.0,0.0,,,,,0.47393364928909953,100.0,0.0,0.0,0.47393364928909953,100.0,0.0,0.0
537,Michel Kratochvil,52.595155709342556,5.921052631578947,3.289473684210526,9.868421052631579,47.40484429065744,3.64963503649635,5.839416058394161,8.02919708029197,48.44290657439446,3.571428571428571,3.571428571428571,10.0,33.56401384083045,2.0618556701030926,5.154639175257731,8.24742268041237,1.0380622837370241,0.0,0.0,0.0,10.034602076124568,0.0,0.0,10.344827586206897,2.422145328719723,42.857142857142854,0.0,0.0,2.768166089965398,37.5,37.5,0.0,0.6920415224913495,50.0,0.0,50.0,,,,,,,,,,,,,,,,,1.0380622837370241,0.0,0.0,0.0,,,,,,,,,,,,,,,,
538,Mikael Ymer,46.89763163045606,5.926544240400668,3.4641068447412353,8.347245409015025,53.10236836954394,3.9808330261702913,3.2067821599705124,5.528934758569848,38.81385789782736,4.336863338376197,3.530005042864347,9.278870398386283,47.09336465061656,3.657522859517872,3.283458021612635,5.569409808811305,5.226071638285379,0.7490636704119851,0.37453183520599254,2.6217228464419478,4.149540027402622,0.9433962264150944,1.4150943396226416,4.716981132075472,0.5676257584654532,51.724137931034484,6.896551724137931,10.344827586206897,0.46975924838520255,37.5,12.5,8.333333333333332,0.6263456645136034,62.5,12.5,3.125,0.03914660403210021,0.0,0.0,0.0,0.9199451947543551,34.04255319148936,8.51063829787234,6.382978723404255,0.2544529262086514,15.384615384615385,15.384615384615385,15.384615384615385,0.6654922685457036,2.941176470588235,5.88235294117647,0.0,1.0569583088667058,9.25925925925926,0.0,3.7037037037037033,,,,,,,,,0.07829320806420043,50.0,0.0,50.0,0.03914660403210021,100.0,0.0,0.0
539,Mike Bryan,56.61764705882353,6.493506493506493,3.896103896103896,11.688311688311687,41.17647058823529,3.571428571428571,1.7857142857142856,7.142857142857142,38.970588235294116,1.8867924528301887,1.8867924528301887,13.20754716981132,17.647058823529413,8.333333333333332,0.0,12.5,0.7352941176470588,0.0,0.0,0.0,13.970588235294118,0.0,0.0,0.0,11.76470588235294,18.75,12.5,6.25,7.352941176470589,0.0,10.0,10.0,2.941176470588235,25.0,0.0,25.0,,,,,,,,,,,,,0.7352941176470588,0.0,0.0,0.0,0.7352941176470588,0.0,0.0,0.0,1.4705882352941175,0.0,0.0,0.0,1.4705882352941175,0.0,0.0,0.0,,,,,,,,
540,Mikhail Kukushkin,50.185253797702856,8.527131782945736,6.016980435585087,9.449981543004798,49.814746202297144,3.3469691335068803,3.7932316846411305,7.4005206396429895,45.97999258984809,6.970185334407736,5.801772763900081,9.790491539081387,40.94108929233049,2.48868778280543,3.3484162895927603,7.828054298642534,1.6117080400148203,2.2988505747126435,3.4482758620689653,1.1494252873563218,6.002223045572435,2.1604938271604937,2.7777777777777777,4.012345679012346,1.1300481659874029,57.377049180327866,6.557377049180328,6.557377049180328,0.8151167098925528,25.0,13.636363636363635,13.636363636363635,0.3705075954057058,60.0,10.0,10.0,0.037050759540570584,50.0,50.0,0.0,0.5001852537977028,14.814814814814813,25.925925925925924,11.11111111111111,1.0929974064468322,22.033898305084744,20.33898305084746,11.864406779661017,0.3890329751759911,19.047619047619047,9.523809523809524,0.0,0.8706928492034086,6.382978723404255,0.0,0.0,0.14820303816228234,0.0,0.0,25.0,0.05557613931085587,0.0,0.0,0.0,0.05557613931085587,33.33333333333333,33.33333333333333,33.33333333333333,,,,
541,Mikhail Youzhny,44.94765840220386,7.746996812944349,5.614121108114734,8.286344692326551,55.00826446280992,4.587339743589744,3.926282051282051,8.814102564102564,40.374655647382916,5.485807860262009,5.622270742358078,8.706331877729259,29.741046831955924,4.816598740274176,4.742497221193035,12.300852167469433,1.7079889807162536,1.2903225806451613,1.2903225806451613,0.6451612903225806,21.487603305785125,0.8205128205128205,1.3846153846153846,4.256410256410256,0.9807162534435261,56.17977528089888,7.865168539325842,6.741573033707865,1.4104683195592287,46.875,7.03125,7.03125,0.8154269972451791,59.45945945945946,6.756756756756757,10.81081081081081,0.11019283746556473,30.0,10.0,0.0,0.2644628099173554,20.833333333333336,16.666666666666664,4.166666666666666,1.234159779614325,14.285714285714285,21.428571428571427,10.714285714285714,0.5399449035812672,14.285714285714285,6.122448979591836,0.0,0.8044077134986225,4.10958904109589,6.8493150684931505,1.36986301369863,0.07713498622589532,0.0,14.285714285714285,14.285714285714285,0.1652892561983471,0.0,6.666666666666667,0.0,0.18732782369146006,41.17647058823529,5.88235294117647,11.76470588235294,0.055096418732782364,20.0,20.0,60.0
542,Mili Poljicak,43.30097087378641,13.004484304932735,7.623318385650224,12.10762331838565,56.310679611650485,4.137931034482759,5.172413793103448,10.689655172413794,34.95145631067961,8.88888888888889,7.222222222222221,13.333333333333334,45.24271844660194,1.2875536480686696,4.291845493562231,10.72961373390558,1.9417475728155338,0.0,0.0,0.0,4.854368932038835,8.0,0.0,8.0,0.7766990291262136,25.0,0.0,25.0,1.5533980582524272,50.0,25.0,12.5,0.7766990291262136,50.0,0.0,0.0,,,,,3.6893203883495143,47.368421052631575,10.526315789473683,10.526315789473683,2.912621359223301,6.666666666666667,20.0,20.0,0.5825242718446602,0.0,33.33333333333333,0.0,1.3592233009708738,0.0,0.0,0.0,0.5825242718446602,33.33333333333333,33.33333333333333,0.0,0.1941747572815534,100.0,0.0,0.0,,,,,0.1941747572815534,100.0,0.0,0.0
543,Miljan Zekic,56.23100303951368,9.18918918918919,4.324324324324325,9.72972972972973,43.76899696048632,3.4722222222222223,3.4722222222222223,9.027777777777777,49.848024316109424,6.707317073170732,4.2682926829268295,10.365853658536585,39.51367781155015,2.307692307692308,3.076923076923077,9.230769230769232,2.43161094224924,0.0,0.0,0.0,2.43161094224924,0.0,12.5,0.0,2.127659574468085,42.857142857142854,14.285714285714285,0.0,0.303951367781155,0.0,0.0,0.0,0.911854103343465,100.0,0.0,0.0,,,,,0.911854103343465,0.0,0.0,33.33333333333333,0.911854103343465,66.66666666666666,0.0,33.33333333333333,,,,,0.60790273556231,0.0,0.0,0.0,,,,,,,,,,,,,,,,
544,Milos Raonic,58.32725060827251,12.848055063093128,7.779747627489832,13.160913546772344,41.64233576642336,5.316973415132924,4.01694420099328,12.459830557990067,50.76034063260341,9.478729778310365,7.729179149191133,13.493109646494908,25.821167883211675,3.6984687868080095,3.510011778563015,13.239104829210838,1.9221411192214113,2.2151898734177213,2.2151898734177213,5.063291139240507,12.086374695863746,0.9562154001006542,3.271263210870659,9.662808253648716,3.1386861313868613,45.348837209302324,9.30232558139535,15.310077519379844,2.798053527980535,37.173913043478265,11.73913043478261,16.52173913043478,1.5267639902676398,65.73705179282868,11.155378486055776,7.171314741035857,0.030413625304136254,60.0,0.0,0.0,0.04257907542579076,42.857142857142854,14.285714285714285,28.57142857142857,0.2980535279805353,12.244897959183673,4.081632653061225,30.612244897959183,0.2068126520681265,5.88235294117647,2.941176470588235,2.941176470588235,0.28588807785888076,6.382978723404255,2.127659574468085,2.127659574468085,0.4257907542579075,11.428571428571429,14.285714285714285,18.571428571428573,0.3102189781021898,7.8431372549019605,5.88235294117647,13.725490196078432,0.30413625304136255,44.0,12.0,14.000000000000002,0.012165450121654502,50.0,50.0,0.0
545,Milos Sekulic,40.0,10.0,11.428571428571429,11.428571428571429,60.0,2.857142857142857,1.9047619047619049,12.380952380952381,37.142857142857146,9.230769230769232,12.307692307692308,12.307692307692308,48.57142857142857,3.5294117647058822,2.3529411764705883,12.941176470588237,1.7142857142857144,0.0,0.0,0.0,9.714285714285714,0.0,0.0,0.0,,,,,0.5714285714285714,0.0,0.0,100.0,1.1428571428571428,50.0,0.0,0.0,,,,,,,,,1.1428571428571428,0.0,0.0,50.0,,,,,,,,,,,,,,,,,,,,,,,,
546,Miloslav Mecir Jr,44.07894736842105,8.955223880597014,5.970149253731343,2.9850746268656714,55.92105263157895,7.0588235294117645,5.88235294117647,17.647058823529413,40.131578947368425,8.19672131147541,4.918032786885246,3.278688524590164,38.81578947368421,3.389830508474576,6.779661016949152,13.559322033898304,1.9736842105263157,0.0,0.0,0.0,13.815789473684212,4.761904761904762,4.761904761904762,28.57142857142857,1.3157894736842104,50.0,50.0,0.0,2.631578947368421,50.0,0.0,25.0,0.6578947368421052,0.0,0.0,0.0,,,,,,,,,,,,,,,,,0.6578947368421052,100.0,0.0,0.0,,,,,,,,,,,,,,,,
547,Minhtuan Pham,68.21428571428572,5.7591623036649215,6.282722513089005,9.424083769633508,31.785714285714285,6.741573033707865,0.0,13.48314606741573,64.64285714285715,3.867403314917127,6.629834254143646,9.392265193370166,17.857142857142858,8.0,0.0,16.0,0.7142857142857143,0.0,0.0,0.0,10.357142857142858,0.0,0.0,3.4482758620689653,0.7142857142857143,50.0,0.0,0.0,2.5,28.57142857142857,0.0,28.57142857142857,1.0714285714285714,100.0,0.0,0.0,,,,,0.35714285714285715,0.0,0.0,100.0,0.35714285714285715,0.0,0.0,100.0,0.7142857142857143,0.0,0.0,0.0,0.35714285714285715,0.0,0.0,0.0,,,,,0.35714285714285715,0.0,0.0,0.0,,,,,,,,
548,Miomir Kecmanovic,51.69532827403746,7.353535353535354,5.872053872053872,7.1380471380471375,48.2837847246397,3.7779379956741166,3.6914203316510457,6.676279740447008,46.27167026387245,6.2293108636774,5.988564550105326,7.14715618417093,39.55301817169115,3.5733145572962504,3.784544974476325,7.05861644076747,3.028615191812295,1.1494252873563218,1.839080459770115,2.0689655172413794,6.488895077630022,0.4291845493562232,1.1802575107296138,4.184549356223176,0.5221750330710855,45.33333333333333,10.666666666666668,10.666666666666668,0.7171203787509574,33.980582524271846,11.650485436893204,9.70873786407767,0.6196477059110214,52.80898876404494,10.112359550561797,13.48314606741573,0.06962333774281139,30.0,10.0,0.0,0.6335723734595836,31.868131868131865,8.791208791208792,16.483516483516482,0.49432569797396086,16.901408450704224,14.084507042253522,14.084507042253522,0.3759660238111815,9.25925925925926,1.8518518518518516,7.4074074074074066,0.85636705423658,1.6260162601626018,2.4390243902439024,1.6260162601626018,0.07658567151709253,18.181818181818183,9.090909090909092,9.090909090909092,0.06962333774281139,20.0,20.0,10.0,0.16709601058274734,41.66666666666667,12.5,25.0,0.034811668871405695,20.0,40.0,0.0
549,Mirza Basic,52.713815789473685,9.67238689547582,5.77223088923557,8.424336973478939,47.20394736842105,3.3101045296167246,4.181184668989547,9.059233449477352,45.39473684210527,7.065217391304348,6.159420289855073,8.695652173913043,30.92105263157895,2.393617021276596,4.787234042553192,8.77659574468085,2.7960526315789473,2.941176470588235,2.941176470588235,0.0,12.006578947368421,0.684931506849315,0.684931506849315,6.8493150684931505,1.644736842105263,40.0,0.0,10.0,1.3980263157894737,35.294117647058826,17.647058823529413,11.76470588235294,1.151315789473684,57.14285714285714,0.0,7.142857142857142,,,,,1.2335526315789473,26.666666666666668,13.333333333333334,20.0,1.5625,15.789473684210526,10.526315789473683,26.31578947368421,0.3289473684210526,0.0,0.0,0.0,0.9046052631578948,0.0,0.0,9.090909090909092,0.08223684210526315,100.0,0.0,0.0,0.41118421052631576,0.0,0.0,20.0,0.08223684210526315,100.0,0.0,0.0,,,,
550,Mischa Zverev,46.732880292733924,11.968680089485458,6.599552572706935,10.40268456375839,53.267119707266076,5.49558390578999,8.145240431795878,9.911678115799804,32.462101411395714,6.602254428341385,5.314009661835748,9.98389694041868,27.49607945635128,3.802281368821293,7.224334600760455,11.406844106463879,0.7841087297438577,13.333333333333334,0.0,0.0,13.904861474124411,0.37593984962406013,2.631578947368421,5.263157894736842,8.834291688447465,20.710059171597635,11.834319526627219,14.201183431952662,9.46157867224255,16.574585635359114,17.67955801104972,12.154696132596685,2.0909566126502876,65.0,7.5,7.5,0.052273915316257184,100.0,0.0,0.0,0.36591740721380034,28.57142857142857,0.0,14.285714285714285,0.31364349189754315,33.33333333333333,33.33333333333333,0.0,0.5227391531625719,0.0,10.0,0.0,0.4704652378463147,0.0,11.11111111111111,11.11111111111111,1.6204913748039729,3.225806451612903,6.451612903225806,9.67741935483871,1.5159435441714584,6.896551724137931,10.344827586206897,10.344827586206897,0.052273915316257184,0.0,0.0,0.0,0.052273915316257184,0.0,0.0,100.0
551,Mitchell Krueger,52.67605633802817,3.7433155080213902,5.88235294117647,13.903743315508022,46.76056338028169,4.216867469879518,8.433734939759036,4.819277108433735,48.45070422535211,1.744186046511628,5.232558139534884,13.372093023255813,40.0,4.225352112676056,7.746478873239436,5.633802816901409,1.6901408450704223,16.666666666666664,0.0,16.666666666666664,4.225352112676056,0.0,0.0,0.0,0.5633802816901409,0.0,100.0,0.0,1.1267605633802817,25.0,25.0,0.0,0.5633802816901409,50.0,0.0,0.0,,,,,0.28169014084507044,0.0,0.0,100.0,0.28169014084507044,0.0,100.0,0.0,0.28169014084507044,100.0,0.0,0.0,0.8450704225352111,0.0,33.33333333333333,0.0,0.28169014084507044,0.0,0.0,0.0,0.28169014084507044,0.0,0.0,0.0,0.5633802816901409,50.0,0.0,50.0,,,,
552,Moez Echargui,46.5564738292011,9.467455621301776,3.5502958579881656,8.284023668639055,52.34159779614325,3.1578947368421053,4.736842105263158,4.2105263157894735,43.25068870523416,7.643312101910828,3.821656050955414,8.280254777070063,44.62809917355372,3.0864197530864197,4.320987654320987,4.938271604938271,1.1019283746556474,0.0,0.0,0.0,6.0606060606060606,4.545454545454546,4.545454545454546,0.0,0.8264462809917356,100.0,0.0,0.0,0.27548209366391185,0.0,100.0,0.0,0.5509641873278237,50.0,0.0,0.0,,,,,0.5509641873278237,0.0,0.0,50.0,0.27548209366391185,0.0,0.0,0.0,0.27548209366391185,0.0,0.0,0.0,1.1019283746556474,0.0,0.0,0.0,,,,,,,,,,,,,,,,
553,Mohamed Safwat,56.919060052219315,10.206422018348624,5.848623853211009,14.105504587155963,43.08093994778068,1.0606060606060608,0.9090909090909091,15.303030303030301,52.74151436031331,8.16831683168317,5.9405940594059405,14.108910891089108,34.72584856396867,0.9398496240601504,0.9398496240601504,15.413533834586465,1.2402088772845952,5.263157894736842,10.526315789473683,10.526315789473683,6.723237597911227,0.0,0.0,14.563106796116504,0.5874673629242819,33.33333333333333,0.0,33.33333333333333,0.6527415143603132,10.0,0.0,30.0,0.8485639686684074,84.61538461538461,0.0,0.0,,,,,1.1749347258485638,22.22222222222222,5.555555555555555,16.666666666666664,0.5221932114882507,0.0,12.5,12.5,0.13054830287206268,50.0,0.0,50.0,0.3263707571801566,0.0,0.0,0.0,,,,,0.13054830287206268,50.0,0.0,0.0,0.19582245430809397,100.0,0.0,0.0,,,,
554,Murphy Cassone,55.72755417956656,7.222222222222221,6.666666666666667,14.444444444444443,44.27244582043344,5.594405594405594,2.797202797202797,10.48951048951049,52.94117647058824,5.847953216374268,7.017543859649122,14.619883040935672,37.77089783281733,5.737704918032787,2.459016393442623,11.475409836065573,1.238390092879257,0.0,0.0,0.0,4.3343653250774,0.0,0.0,7.142857142857142,0.9287925696594427,66.66666666666666,0.0,0.0,1.238390092879257,25.0,25.0,0.0,,,,,,,,,0.6191950464396285,50.0,0.0,50.0,0.30959752321981426,0.0,0.0,0.0,,,,,0.6191950464396285,0.0,0.0,0.0,,,,,,,,,,,,,,,,
555,N Sriram Balaji,36.054421768707485,7.547169811320755,3.7735849056603774,11.320754716981133,63.94557823129252,3.1914893617021276,2.127659574468085,7.446808510638298,30.612244897959183,6.666666666666667,4.444444444444445,13.333333333333334,55.78231292517006,3.6585365853658534,2.4390243902439024,8.536585365853659,2.7210884353741496,0.0,0.0,0.0,6.802721088435375,0.0,0.0,0.0,0.6802721088435374,0.0,0.0,0.0,1.3605442176870748,0.0,0.0,0.0,1.3605442176870748,50.0,0.0,0.0,,,,,,,,,,,,,,,,,,,,,0.6802721088435374,0.0,0.0,0.0,,,,,,,,,,,,
556,Naoki Nakagawa,56.476683937823836,10.091743119266056,7.339449541284404,8.256880733944955,43.523316062176164,3.571428571428571,4.761904761904762,9.523809523809524,52.84974093264248,5.88235294117647,7.8431372549019605,8.823529411764707,37.30569948186528,1.3888888888888888,5.555555555555555,8.333333333333332,1.0362694300518136,0.0,0.0,0.0,3.1088082901554404,0.0,0.0,0.0,2.072538860103627,100.0,0.0,0.0,2.5906735751295336,40.0,0.0,20.0,0.5181347150259068,100.0,0.0,0.0,,,,,,,,,0.5181347150259068,0.0,0.0,100.0,,,,,,,,,,,,,,,,,,,,,,,,
557,Nattan Benjasupawan,47.57281553398058,6.122448979591836,2.0408163265306123,12.244897959183673,52.42718446601942,0.0,3.7037037037037033,14.814814814814813,45.63106796116505,4.25531914893617,2.127659574468085,12.76595744680851,46.601941747572816,0.0,4.166666666666666,16.666666666666664,0.9708737864077669,0.0,0.0,0.0,4.854368932038835,0.0,0.0,0.0,,,,,0.9708737864077669,0.0,0.0,0.0,,,,,,,,,,,,,,,,,0.9708737864077669,100.0,0.0,0.0,,,,,,,,,,,,,,,,,,,,
558,Nicholas Alan Van Aken,55.208333333333336,3.7735849056603774,1.8867924528301887,7.547169811320755,43.75,2.380952380952381,0.0,23.809523809523807,46.875,4.444444444444445,2.2222222222222223,6.666666666666667,29.166666666666668,0.0,0.0,25.0,4.166666666666666,0.0,0.0,0.0,8.333333333333332,0.0,0.0,25.0,,,,,2.083333333333333,0.0,0.0,50.0,,,,,,,,,2.083333333333333,0.0,0.0,50.0,2.083333333333333,50.0,0.0,0.0,1.0416666666666665,0.0,0.0,0.0,2.083333333333333,0.0,0.0,0.0,,,,,,,,,1.0416666666666665,0.0,0.0,0.0,,,,
559,Nick Hardt,50.74626865671642,6.302521008403361,5.2521008403361344,7.142857142857142,49.25373134328358,3.463203463203463,1.948051948051948,5.627705627705628,46.26865671641791,5.0691244239631335,5.0691244239631335,7.373271889400922,37.63326226012793,2.5495750708215295,1.41643059490085,6.515580736543909,2.1321961620469083,5.0,5.0,0.0,7.995735607675907,0.0,1.3333333333333335,4.0,0.7462686567164178,42.857142857142854,14.285714285714285,14.285714285714285,1.3859275053304905,38.46153846153847,7.6923076923076925,0.0,0.31982942430703626,33.33333333333333,0.0,33.33333333333333,,,,,0.8528784648187633,25.0,0.0,0.0,1.5991471215351813,13.333333333333334,13.333333333333334,0.0,0.21321961620469082,0.0,50.0,0.0,0.6396588486140725,0.0,0.0,0.0,,,,,,,,,0.21321961620469082,50.0,0.0,0.0,,,,
560,Nick Kyrgios,51.49712472734483,10.52753176742395,6.099345398536774,11.151328455910667,48.00713860797144,5.667079719124328,4.26270136307311,10.590665014456837,43.501883799325796,8.761053879113867,6.208405506427204,11.350168657124623,39.46460440214158,4.2106320972766555,4.280976786252638,10.87327906743041,3.6287923854848305,1.639344262295082,2.0765027322404372,3.060109289617486,4.9573666468372,0.96,1.76,5.52,1.3484037279397185,41.76470588235294,8.529411764705882,13.823529411764707,1.9234582589728335,37.7319587628866,7.010309278350515,17.7319587628866,0.626611144160222,58.22784810126582,9.49367088607595,7.59493670886076,0.05155661312710688,46.15384615384615,23.076923076923077,0.0,1.8282768193535595,26.46420824295011,7.592190889370933,21.69197396963124,0.9438826095578029,19.747899159663866,8.403361344537815,14.285714285714285,0.19432877255601824,10.204081632653061,8.16326530612245,6.122448979591836,0.43624826492167357,8.181818181818182,4.545454545454546,0.9090909090909091,0.2379535990481856,20.0,8.333333333333332,11.666666666666666,0.21812413246083678,18.181818181818183,10.909090909090908,14.545454545454545,0.13087447947650208,54.54545454545454,12.121212121212121,18.181818181818183,0.01189767995240928,0.0,0.0,66.66666666666666
561,Nicola Kuhn,51.151315789473685,7.07395498392283,3.536977491961415,10.289389067524116,48.848684210526315,5.723905723905724,5.05050505050505,8.417508417508419,41.94078947368421,3.1372549019607843,3.5294117647058822,10.196078431372548,44.901315789473685,4.395604395604396,4.395604395604396,8.791208791208792,5.263157894736842,0.0,0.0,9.375,1.644736842105263,0.0,0.0,10.0,1.8092105263157896,36.36363636363637,9.090909090909092,18.181818181818183,1.151315789473684,57.14285714285714,28.57142857142857,0.0,1.9736842105263157,83.33333333333334,8.333333333333332,8.333333333333332,0.1644736842105263,0.0,0.0,0.0,0.1644736842105263,0.0,0.0,0.0,0.3289473684210526,0.0,0.0,0.0,,,,,0.4934210526315789,33.33333333333333,0.0,0.0,,,,,0.1644736842105263,0.0,100.0,0.0,,,,,,,,
562,Nicolai Budkov Kjaer,47.571189279731996,4.929577464788732,6.338028169014084,13.028169014084506,52.26130653266332,2.2435897435897436,1.6025641025641024,11.217948717948719,41.038525963149084,3.6734693877551026,6.938775510204081,13.46938775510204,47.403685092127304,2.1201413427561837,1.76678445229682,11.66077738515901,3.6850921273031827,0.0,0.0,4.545454545454546,3.5175879396984926,0.0,0.0,4.761904761904762,0.8375209380234505,20.0,0.0,40.0,0.33500837520938026,50.0,0.0,0.0,0.6700167504187605,50.0,25.0,0.0,,,,,0.5025125628140703,0.0,0.0,33.33333333333333,0.16750418760469013,0.0,0.0,100.0,0.6700167504187605,50.0,0.0,0.0,0.8375209380234505,0.0,0.0,0.0,0.16750418760469013,0.0,0.0,0.0,,,,,,,,,,,,
563,Nicolas Almagro,50.31514496668468,8.768790264853257,6.048675733715104,10.62992125984252,49.504772195209796,4.401600582029829,3.2375409239723534,10.331029465260094,46.947595894111295,7.13463751438435,5.830456463367856,10.740314537782893,44.08427876823339,4.166666666666666,3.3905228758169934,10.294117647058822,0.864397622906537,0.0,4.166666666666666,2.083333333333333,3.889789303079417,0.4629629629629629,0.4629629629629629,8.333333333333332,0.46821537907437416,53.84615384615385,7.6923076923076925,11.538461538461538,0.612281649558797,32.35294117647059,8.823529411764707,29.411764705882355,0.88240590671709,57.14285714285714,14.285714285714285,10.204081632653061,0.03601656762110571,50.0,0.0,0.0,0.48622366288492713,25.925925925925924,7.4074074074074066,11.11111111111111,0.5222402305060327,20.689655172413794,3.4482758620689653,13.793103448275861,0.14406627048442283,0.0,0.0,0.0,0.3061408247793985,0.0,0.0,0.0,0.12605798667387,0.0,28.57142857142857,28.57142857142857,0.05402485143165856,0.0,33.33333333333333,0.0,0.3961822438321628,45.45454545454545,9.090909090909092,13.636363636363635,,,,
564,Nicolas Alvarez Varona,58.63453815261044,5.47945205479452,3.4246575342465753,10.273972602739725,37.34939759036144,1.0752688172043012,4.301075268817205,13.978494623655912,53.01204819277109,3.0303030303030303,3.787878787878788,11.363636363636363,33.33333333333333,1.2048192771084338,2.4096385542168677,13.253012048192772,1.2048192771084338,0.0,0.0,0.0,2.4096385542168677,0.0,0.0,16.666666666666664,,,,,0.4016064257028112,0.0,100.0,0.0,0.8032128514056224,100.0,0.0,0.0,,,,,3.614457831325301,22.22222222222222,0.0,0.0,0.8032128514056224,0.0,50.0,50.0,,,,,0.4016064257028112,0.0,0.0,0.0,,,,,,,,,,,,,,,,
565,Nicolas Devilder,55.71776155717762,3.4934497816593884,3.9301310043668125,6.986899563318777,44.28223844282238,2.197802197802198,2.7472527472527473,9.89010989010989,52.55474452554745,2.314814814814815,3.7037037037037033,6.481481481481481,37.22627737226277,0.0,3.2679738562091507,9.15032679738562,0.48661800486618007,0.0,0.0,0.0,3.1630170316301705,0.0,0.0,0.0,1.70316301703163,28.57142857142857,14.285714285714285,28.57142857142857,0.7299270072992701,66.66666666666666,0.0,33.33333333333333,0.24330900243309003,100.0,0.0,0.0,,,,,0.7299270072992701,0.0,0.0,0.0,2.4330900243309004,20.0,0.0,30.0,,,,,0.7299270072992701,0.0,0.0,0.0,,,,,,,,,,,,,,,,
566,Nicolas Escude,38.35294117647059,4.294478527607362,7.975460122699387,7.975460122699387,61.64705882352941,4.580152671755725,3.435114503816794,8.015267175572518,34.8235294117647,2.027027027027027,7.4324324324324325,8.108108108108109,53.17647058823529,2.2123893805309733,3.5398230088495577,9.29203539823009,0.4705882352941176,0.0,0.0,0.0,4.235294117647059,5.555555555555555,5.555555555555555,0.0,1.8823529411764703,25.0,25.0,12.5,3.294117647058824,42.857142857142854,0.0,0.0,0.2352941176470588,100.0,0.0,0.0,0.4705882352941176,0.0,0.0,0.0,,,,,,,,,0.2352941176470588,0.0,0.0,0.0,0.2352941176470588,0.0,0.0,0.0,0.4705882352941176,0.0,0.0,0.0,0.2352941176470588,0.0,0.0,0.0,0.2352941176470588,100.0,0.0,0.0,,,,
567,Nicolas Jarry,54.16909620991254,13.670613562970937,7.2838177251524945,15.177610333692144,45.6754130223518,4.829787234042553,3.723404255319149,15.0,46.99708454810496,10.21505376344086,7.650951199338296,15.798180314309345,37.5315840621963,3.0813050233039876,4.091144484722942,14.888658726048678,2.4684159378036927,4.724409448818897,2.3622047244094486,5.511811023622047,5.500485908649174,1.0600706713780919,1.5901060070671376,14.487632508833922,2.0408163265306123,51.90476190476191,5.714285714285714,17.61904761904762,2.001943634596696,41.74757281553398,3.8834951456310676,18.446601941747574,1.4965986394557822,67.53246753246754,10.38961038961039,5.194805194805195,0.048590864917395525,20.0,0.0,20.0,0.7968901846452867,37.80487804878049,1.2195121951219512,18.29268292682927,0.28182701652089404,34.48275862068966,0.0,24.137931034482758,0.10689990281827015,9.090909090909092,9.090909090909092,18.181818181818183,0.18464528668610303,5.263157894736842,0.0,5.263157894736842,0.11661807580174927,25.0,0.0,16.666666666666664,0.1263362487852284,30.76923076923077,0.0,7.6923076923076925,0.1457725947521866,53.333333333333336,0.0,26.666666666666668,,,,
568,Nicolas Kiefer,48.92578125,7.784431137724551,5.9880239520958085,13.572854291417165,51.07421875,3.9196940726577436,3.2504780114722758,7.743785850860421,43.06640625,4.648526077097506,5.328798185941043,13.945578231292515,40.185546875,1.8226002430133657,2.4301336573511545,8.50546780072904,1.07421875,0.0,0.0,0.0,5.615234375,0.8695652173913043,2.608695652173913,5.217391304347826,2.392578125,40.816326530612244,14.285714285714285,16.3265306122449,2.63671875,33.33333333333333,9.25925925925926,7.4074074074074066,1.123046875,52.17391304347826,13.043478260869565,13.043478260869565,0.09765625,50.0,50.0,0.0,0.1953125,0.0,50.0,0.0,1.07421875,18.181818181818183,13.636363636363635,4.545454545454546,0.634765625,30.76923076923077,0.0,0.0,1.220703125,4.0,8.0,0.0,0.341796875,0.0,14.285714285714285,14.285714285714285,0.244140625,20.0,0.0,0.0,0.09765625,50.0,0.0,50.0,,,,
569,Nicolas Lapentti,47.61904761904761,5.0,5.0,8.75,52.38095238095239,1.1363636363636365,3.4090909090909087,11.363636363636363,44.047619047619044,4.054054054054054,5.405405405405405,9.45945945945946,35.714285714285715,1.6666666666666667,5.0,15.0,2.976190476190476,0.0,0.0,0.0,16.071428571428573,0.0,0.0,3.7037037037037033,,,,,,,,,,,,,,,,,,,,,,,,,0.5952380952380952,100.0,0.0,0.0,0.5952380952380952,0.0,0.0,0.0,,,,,,,,,,,,,,,,
570,Nicolas Mahut,50.659736105557776,14.206787687450669,9.234411996842937,8.83977900552486,49.2203118752499,8.773354995938261,8.610885458976442,6.417546709991877,38.384646141543385,8.958333333333334,7.8125,10.416666666666668,15.713714514194322,11.450381679389313,10.687022900763358,12.46819338422392,3.638544582167133,0.0,3.296703296703297,0.0,24.630147940823672,0.974025974025974,3.4090909090909087,2.75974025974026,5.1179528188724515,50.78125,22.65625,4.6875,5.7976809276289485,31.03448275862069,23.448275862068964,4.137931034482759,0.9596161535385845,58.333333333333336,12.5,8.333333333333332,0.11995201919232307,66.66666666666666,0.0,0.0,0.9996001599360257,32.0,12.0,12.0,0.9196321471411436,26.08695652173913,8.695652173913043,17.391304347826086,0.5597760895641744,14.285714285714285,7.142857142857142,0.0,0.9196321471411436,4.3478260869565215,4.3478260869565215,13.043478260869565,0.9196321471411436,17.391304347826086,13.043478260869565,0.0,1.1195521791283487,10.714285714285714,21.428571428571427,0.0,0.07996801279488205,50.0,0.0,50.0,,,,
571,Nicolas Massu,59.17517972001514,6.521739130434782,5.946291560102302,9.335038363171355,40.82482027998486,2.131603336422614,2.0389249304911954,8.063021316033364,56.75368898978434,5.666666666666666,5.866666666666666,9.333333333333334,29.701097237987135,1.910828025477707,2.038216560509554,9.554140127388536,0.4540295119182747,8.333333333333332,8.333333333333332,0.0,8.929247067726068,0.847457627118644,1.2711864406779663,3.8135593220338984,0.7188800605372683,47.368421052631575,5.263157894736842,21.052631578947366,0.5675368898978433,33.33333333333333,13.333333333333334,13.333333333333334,0.37835792659856227,50.0,10.0,20.0,0.037835792659856225,0.0,0.0,0.0,0.11350737797956867,0.0,0.0,0.0,0.3026863412788498,0.0,0.0,12.5,0.22701475595913734,0.0,0.0,0.0,1.0594021944759744,0.0,0.0,0.0,0.41619371925841847,0.0,9.090909090909092,0.0,0.22701475595913734,16.666666666666664,16.666666666666664,0.0,0.11350737797956867,66.66666666666666,33.33333333333333,0.0,,,,
572,Nicolas Mejia,53.28767123287671,5.526992287917738,5.784061696658098,7.840616966580977,46.3013698630137,2.6627218934911245,3.5502958579881656,6.656804733727811,46.849315068493155,2.923976608187134,4.678362573099415,8.187134502923977,35.205479452054796,1.9455252918287937,2.9182879377431905,8.365758754863812,1.9178082191780823,0.0,7.142857142857142,0.0,8.424657534246576,0.0,3.2520325203252036,0.8130081300813009,0.2054794520547945,33.33333333333333,66.66666666666666,0.0,0.9589041095890412,50.0,14.285714285714285,0.0,0.6164383561643836,77.77777777777779,11.11111111111111,11.11111111111111,,,,,2.6027397260273974,36.84210526315789,18.421052631578945,10.526315789473683,0.547945205479452,12.5,25.0,12.5,1.0273972602739725,6.666666666666667,6.666666666666667,0.0,1.1643835616438356,0.0,5.88235294117647,0.0,0.0684931506849315,0.0,0.0,0.0,,,,,,,,,,,,
573,Nicolas Moreno De Alboran,66.17647058823529,9.841269841269842,6.666666666666667,10.476190476190476,33.403361344537814,2.515723270440252,1.8867924528301887,10.062893081761008,60.29411764705882,7.665505226480835,6.968641114982578,11.149825783972126,27.73109243697479,1.5151515151515151,1.5151515151515151,11.363636363636363,2.100840336134454,0.0,0.0,0.0,3.7815126050420167,0.0,5.555555555555555,0.0,0.8403361344537815,50.0,25.0,0.0,0.8403361344537815,50.0,0.0,25.0,2.100840336134454,50.0,0.0,10.0,,,,,0.42016806722689076,0.0,0.0,0.0,0.6302521008403361,0.0,0.0,0.0,0.21008403361344538,100.0,0.0,0.0,0.42016806722689076,0.0,0.0,0.0,,,,,,,,,0.21008403361344538,100.0,0.0,0.0,,,,
574,Nicolas Thomann,59.60591133004927,8.264462809917356,4.958677685950414,13.223140495867769,40.39408866995074,6.097560975609756,4.878048780487805,14.634146341463413,55.66502463054187,5.3097345132743365,4.424778761061947,13.274336283185843,34.48275862068966,4.285714285714286,2.857142857142857,15.714285714285714,0.49261083743842365,0.0,0.0,0.0,3.9408866995073892,0.0,25.0,0.0,0.9852216748768473,100.0,0.0,0.0,1.477832512315271,33.33333333333333,0.0,33.33333333333333,1.9704433497536946,50.0,25.0,25.0,,,,,,,,,,,,,0.49261083743842365,0.0,0.0,0.0,,,,,,,,,0.49261083743842365,100.0,0.0,0.0,,,,,,,,
575,Niels Visker,64.79591836734694,9.448818897637794,4.724409448818897,13.385826771653544,35.204081632653065,4.3478260869565215,1.4492753623188406,18.84057971014493,48.46938775510204,8.421052631578947,4.2105263157894735,13.684210526315791,5.612244897959184,0.0,9.090909090909092,36.36363636363637,9.693877551020408,0.0,0.0,15.789473684210526,27.040816326530614,0.0,0.0,15.09433962264151,3.061224489795918,50.0,0.0,0.0,1.530612244897959,100.0,0.0,0.0,1.530612244897959,33.33333333333333,0.0,0.0,,,,,,,,,0.5102040816326531,0.0,0.0,100.0,0.5102040816326531,0.0,100.0,0.0,0.5102040816326531,0.0,0.0,0.0,,,,,,,,,1.530612244897959,0.0,33.33333333333333,33.33333333333333,,,,
576,Nikola Cacic,48.78048780487805,9.0,7.000000000000001,15.0,50.73170731707317,2.8846153846153846,1.9230769230769231,15.384615384615385,40.487804878048784,3.614457831325301,6.024096385542169,16.867469879518072,42.926829268292686,0.0,2.272727272727273,12.5,1.951219512195122,0.0,0.0,0.0,5.365853658536586,9.090909090909092,0.0,45.45454545454545,0.975609756097561,100.0,0.0,0.0,,,,,1.951219512195122,75.0,0.0,25.0,,,,,1.951219512195122,25.0,50.0,0.0,1.4634146341463417,66.66666666666666,0.0,0.0,0.975609756097561,0.0,0.0,0.0,0.4878048780487805,0.0,0.0,0.0,,,,,0.4878048780487805,0.0,0.0,0.0,0.4878048780487805,0.0,0.0,0.0,,,,
577,Nikola Milojevic,47.430058555627845,7.270233196159122,5.761316872427984,8.641975308641975,52.504879635653865,4.337050805452292,2.8500619578686495,10.780669144981413,43.9167208848406,5.185185185185185,5.481481481481482,9.037037037037036,47.69030579050097,3.4106412005457027,2.8649386084583903,10.368349249658936,1.3012361743656473,5.0,5.0,0.0,3.188028627195836,0.0,2.0408163265306123,10.204081632653061,0.5855562784645413,66.66666666666666,11.11111111111111,0.0,0.4554326610279766,57.14285714285714,0.0,28.57142857142857,0.6506180871828237,60.0,10.0,10.0,,,,,0.520494469746259,37.5,25.0,12.5,0.9759271307742355,40.0,6.666666666666667,20.0,0.32530904359141183,0.0,0.0,0.0,0.13012361743656475,0.0,0.0,0.0,0.06506180871828238,100.0,0.0,0.0,0.06506180871828238,0.0,0.0,100.0,0.06506180871828238,100.0,0.0,0.0,,,,
578,Nikolas Sanchez Izquierdo,50.55350553505535,2.18978102189781,8.02919708029197,10.948905109489052,49.44649446494465,2.2388059701492535,1.4925373134328357,8.955223880597014,43.542435424354245,0.0,6.779661016949152,10.16949152542373,46.125461254612546,2.4,1.6,9.6,1.8450184501845017,0.0,0.0,0.0,1.8450184501845017,0.0,0.0,0.0,1.8450184501845017,40.0,0.0,20.0,0.7380073800738007,0.0,0.0,0.0,0.36900369003690037,0.0,0.0,0.0,,,,,1.8450184501845017,0.0,20.0,40.0,,,,,0.36900369003690037,0.0,100.0,0.0,0.7380073800738007,0.0,0.0,0.0,0.7380073800738007,50.0,50.0,0.0,,,,,,,,,,,,
579,Nikolay Davydenko,51.38498816014098,8.444968384953382,6.869574536491266,9.238023791662203,48.581970372817885,4.828836998413058,3.967354341419179,8.331444116980277,47.62927473979845,6.544109145565962,6.890970054341543,9.631171233668633,43.934137342364664,3.7478064677864125,3.910754575081474,8.49837051892705,1.4538245498100115,0.7575757575757576,1.5151515151515151,0.0,2.863593810231841,0.9615384615384616,1.5384615384615385,3.2692307692307696,0.6663362519962553,57.85123966942148,8.264462809917356,8.264462809917356,0.8315435872019385,53.64238410596026,7.9470198675496695,13.245033112582782,0.8150228536813702,66.21621621621621,8.783783783783784,6.756756756756757,0.10463131229693265,42.10526315789473,10.526315789473683,10.526315789473683,0.12115204581750097,27.27272727272727,18.181818181818183,0.0,0.21476953576738808,25.64102564102564,10.256410256410255,28.205128205128204,0.1321658681645465,12.5,8.333333333333332,0.0,0.39099069332011677,12.676056338028168,9.859154929577464,1.4084507042253522,0.07158984525579602,23.076923076923077,0.0,0.0,0.038548378214659396,0.0,0.0,0.0,0.49562200561704944,44.44444444444444,13.333333333333334,10.0,0.20375571342034254,37.83783783783784,13.513513513513514,16.216216216216218
580,Nikoloz Basilashvili,53.41954406079189,8.80958322934864,5.64012977289743,14.000499126528576,46.58045593920811,5.180309101316543,3.949627933600458,12.535775615340583,51.41981069190774,7.8817733990147785,5.600207415089447,13.92273787918071,43.02093054259432,4.772234273318872,4.090486519987604,12.209482491478154,0.8132249033462204,4.918032786885246,3.278688524590164,14.754098360655737,2.3463538194907345,1.1363636363636365,1.1363636363636365,9.659090909090908,0.4532728969470737,55.88235294117647,5.88235294117647,23.52941176470588,0.6799093454206105,39.21568627450981,5.88235294117647,31.372549019607842,0.4799360085321957,61.111111111111114,5.555555555555555,13.88888888888889,0.013331555792560991,100.0,0.0,0.0,0.09332089054792694,14.285714285714285,28.57142857142857,0.0,0.3332888948140248,12.0,4.0,36.0,0.03999466737768298,33.33333333333333,0.0,0.0,0.06665777896280496,0.0,0.0,0.0,0.013331555792560991,100.0,0.0,0.0,0.06665777896280496,20.0,0.0,0.0,0.10665244634048793,25.0,25.0,25.0,0.053326223170243964,0.0,0.0,50.0
581,Nino Serdarusic,68.32298136645963,6.363636363636363,6.363636363636363,9.090909090909092,31.67701863354037,3.9215686274509802,1.9607843137254901,9.803921568627452,63.35403726708074,4.901960784313726,6.862745098039216,9.803921568627452,11.801242236024844,0.0,5.263157894736842,15.789473684210526,3.1055900621118013,0.0,0.0,0.0,16.77018633540373,0.0,0.0,7.4074074074074066,0.6211180124223602,100.0,0.0,0.0,1.2422360248447204,100.0,0.0,0.0,0.6211180124223602,100.0,0.0,0.0,,,,,,,,,,,,,0.6211180124223602,0.0,0.0,0.0,1.8633540372670807,0.0,0.0,0.0,,,,,,,,,,,,,,,,
582,Nishesh Basavareddy,48.32389046270066,8.842208109428432,6.790425012212994,7.767464582315584,51.652502360717655,5.027422303473491,7.541133455210238,5.621572212065813,42.51652502360718,6.551915602443087,7.107162687395892,7.606885063853415,40.745986779981116,4.113557358053303,7.76361529548088,5.330243337195829,2.525967894239849,0.9345794392523363,0.0,1.8691588785046727,7.436260623229461,0.9523809523809524,2.5396825396825395,6.349206349206349,1.534466477809254,44.61538461538462,7.6923076923076925,13.846153846153847,1.794145420207743,28.947368421052634,15.789473684210526,7.894736842105263,0.7790368271954674,57.57575757575758,15.151515151515152,12.121212121212121,0.0708215297450425,33.33333333333333,0.0,0.0,0.6137865911237016,34.61538461538461,0.0,15.384615384615385,1.3456090651558072,19.298245614035086,12.280701754385964,7.017543859649122,0.11803588290840415,20.0,0.0,40.0,0.11803588290840415,40.0,0.0,20.0,0.047214353163361665,0.0,0.0,0.0,0.047214353163361665,0.0,50.0,0.0,0.18885741265344666,50.0,12.5,12.5,0.09442870632672333,0.0,75.0,0.0
583,Noah Rubin,55.70469798657718,7.228915662650602,6.024096385542169,10.843373493975903,44.29530201342282,4.545454545454546,9.090909090909092,7.575757575757576,48.322147651006716,6.944444444444445,5.555555555555555,12.5,39.59731543624161,5.084745762711865,10.16949152542373,8.47457627118644,4.026845637583892,0.0,0.0,0.0,4.026845637583892,0.0,0.0,0.0,1.342281879194631,0.0,0.0,0.0,,,,,1.342281879194631,50.0,50.0,0.0,,,,,,,,,0.6711409395973155,0.0,0.0,0.0,0.6711409395973155,0.0,0.0,0.0,,,,,,,,,,,,,,,,,,,,
584,Norbert Gombos,49.84423676012461,7.5,3.125,13.750000000000002,50.155763239875384,2.484472049689441,3.7267080745341614,10.559006211180124,45.638629283489095,6.143344709897611,2.7303754266211606,13.993174061433447,45.638629283489095,1.7064846416382253,3.754266211604096,10.921501706484642,1.557632398753894,0.0,0.0,10.0,3.115264797507788,0.0,5.0,5.0,0.6230529595015576,75.0,0.0,25.0,0.3115264797507788,100.0,0.0,0.0,0.46728971962616817,33.33333333333333,0.0,0.0,0.1557632398753894,0.0,0.0,0.0,1.0903426791277258,14.285714285714285,14.285714285714285,14.285714285714285,0.1557632398753894,0.0,0.0,100.0,0.1557632398753894,0.0,100.0,0.0,0.46728971962616817,0.0,0.0,0.0,,,,,0.3115264797507788,50.0,0.0,0.0,0.3115264797507788,50.0,0.0,0.0,,,,
585,Novak Djokovic,49.84797741378719,7.635775787940978,6.239323098795015,7.064812373167012,50.13430566827072,3.907799639771095,4.293107772280614,7.124780556758852,45.139849349046145,5.91139865540686,6.138029702594229,7.253459605231506,41.404437230674276,2.924896821124408,4.146479495355225,7.110025259845128,1.9294295152422647,1.8364928909952605,1.6883886255924172,1.3329383886255926,5.576257043903666,0.6764374295377678,1.5681049502920978,4.181613200778928,0.9795741081532113,48.19136522753792,10.560093348891481,9.334889148191365,1.0704447517916948,37.960491190603314,12.920448478376937,9.98398291510945,0.8241224410483843,54.71567267683773,11.095700416088766,7.558945908460471,0.03486232240218547,24.59016393442623,9.836065573770492,11.475409836065573,0.2800416061814898,25.102040816326532,11.428571428571429,14.081632653061224,1.3533439253831998,17.31418918918919,10.684121621621621,20.18581081081081,0.45035262381839586,4.822335025380711,5.710659898477157,2.5380710659898478,0.6612410986775178,6.222990492653413,7.260155574762317,2.247191011235955,0.10572999417056247,20.0,12.432432432432433,6.486486486486487,0.09372821104849863,18.902439024390244,14.02439024390244,4.2682926829268295,0.21145998834112495,34.86486486486486,20.81081081081081,6.756756756756757,0.016002377496085133,39.285714285714285,14.285714285714285,7.142857142857142
586,Nuno Borges,56.239480644385665,7.182556648140231,6.626763574176999,9.405728943993159,43.73647511421015,2.9136888400219902,3.9032435404068173,9.455744914788346,48.016350084154844,4.707060590886329,6.71006509764647,9.313970956434652,37.533060831930754,1.9218449711723256,3.3311979500320303,10.121716848174248,3.798990141861024,1.2658227848101267,1.2658227848101267,0.6329113924050633,4.039432555902861,0.5952380952380952,3.571428571428571,3.571428571428571,0.7213272421255109,43.333333333333336,6.666666666666667,23.333333333333332,0.7453714835296946,51.61290322580645,12.903225806451612,6.451612903225806,1.178167828805001,55.10204081632652,10.204081632653061,12.244897959183673,0.1442654484251022,33.33333333333333,50.0,0.0,1.7552296225054098,34.24657534246575,10.95890410958904,24.65753424657534,0.4087521038711229,5.88235294117647,17.647058823529413,23.52941176470588,0.2644866554460207,18.181818181818183,9.090909090909092,0.0,0.6011060351045925,0.0,8.0,8.0,0.4087521038711229,17.647058823529413,17.647058823529413,11.76470588235294,0.2644866554460207,27.27272727272727,9.090909090909092,0.0,0.09617696561673479,50.0,0.0,0.0,,,,
587,Oleksandr Ovcharenko,41.333333333333336,3.225806451612903,0.0,12.903225806451612,58.666666666666664,1.1363636363636365,1.1363636363636365,7.386363636363637,36.0,2.7777777777777777,0.0,11.11111111111111,55.333333333333336,0.6024096385542169,0.6024096385542169,7.83132530120482,1.6666666666666667,0.0,0.0,0.0,2.0,0.0,0.0,0.0,0.6666666666666667,0.0,0.0,50.0,0.6666666666666667,50.0,0.0,0.0,,,,,,,,,2.0,16.666666666666664,0.0,50.0,0.33333333333333337,0.0,100.0,0.0,0.6666666666666667,0.0,0.0,0.0,0.33333333333333337,0.0,0.0,0.0,0.33333333333333337,0.0,0.0,0.0,,,,,,,,,,,,
588,Oleksii Krutykh,48.987854251012145,9.917355371900827,7.43801652892562,9.917355371900827,50.877192982456144,3.4482758620689653,1.3262599469496021,10.344827586206897,45.47908232118758,9.198813056379821,8.011869436201781,9.495548961424333,41.70040485829959,2.5889967637540456,1.6181229773462782,10.679611650485436,1.7543859649122806,0.0,0.0,15.384615384615385,7.6923076923076925,0.0,0.0,8.771929824561402,0.5398110661268556,50.0,0.0,0.0,0.6747638326585695,60.0,0.0,0.0,0.2699055330634278,100.0,0.0,0.0,0.1349527665317139,100.0,0.0,0.0,0.6747638326585695,0.0,0.0,40.0,0.4048582995951417,33.33333333333333,0.0,33.33333333333333,0.2699055330634278,50.0,0.0,0.0,0.2699055330634278,0.0,0.0,0.0,,,,,,,,,,,,,,,,
589,Olivier Rochus,51.92307692307693,8.148148148148149,8.88888888888889,9.62962962962963,47.69230769230769,7.258064516129033,2.4193548387096775,8.870967741935484,46.53846153846154,5.785123966942149,9.090909090909092,8.264462809917356,24.23076923076923,7.936507936507936,4.761904761904762,9.523809523809524,0.38461538461538464,0.0,0.0,0.0,18.076923076923077,0.0,0.0,4.25531914893617,2.307692307692308,16.666666666666664,16.666666666666664,16.666666666666664,3.076923076923077,50.0,0.0,37.5,1.153846153846154,66.66666666666666,0.0,0.0,,,,,1.153846153846154,0.0,0.0,66.66666666666666,,,,,,,,,2.307692307692308,0.0,0.0,0.0,,,,,,,,,0.38461538461538464,100.0,0.0,0.0,,,,
590,Omar Jasika,54.038997214484674,6.701030927835052,7.216494845360824,9.278350515463918,45.96100278551532,1.2121212121212122,5.454545454545454,7.878787878787878,47.353760445682454,4.705882352941177,7.0588235294117645,8.823529411764707,36.211699164345404,0.7692307692307693,4.615384615384616,6.923076923076923,2.5069637883008355,0.0,0.0,11.11111111111111,3.8997214484679668,0.0,7.142857142857142,0.0,1.1142061281337048,25.0,0.0,50.0,1.392757660167131,20.0,0.0,20.0,2.2284122562674096,37.5,25.0,0.0,,,,,0.2785515320334262,0.0,0.0,0.0,1.392757660167131,0.0,40.0,60.0,0.2785515320334262,0.0,0.0,0.0,3.064066852367688,0.0,0.0,0.0,,,,,,,,,0.2785515320334262,100.0,0.0,0.0,,,,
591,Oscar Otte,47.901591895803186,10.725075528700906,5.13595166163142,12.084592145015106,51.6642547033285,5.46218487394958,3.7815126050420167,7.8431372549019605,38.856729377713464,8.007448789571695,5.027932960893855,13.03538175046555,38.78437047756874,5.597014925373134,4.477611940298507,8.395522388059701,3.6903039073806077,0.0,3.9215686274509802,5.88235294117647,8.031837916063676,0.0,1.8018018018018018,6.306306306306306,1.9536903039073805,51.85185185185185,3.7037037037037033,7.4074074074074066,1.0130246020260492,42.857142857142854,7.142857142857142,0.0,1.3024602026049203,50.0,5.555555555555555,16.666666666666664,,,,,0.7959479015918958,18.181818181818183,18.181818181818183,18.181818181818183,1.447178002894356,15.0,0.0,20.0,0.9406657018813315,0.0,7.6923076923076925,0.0,2.098408104196816,0.0,0.0,0.0,0.0723589001447178,0.0,0.0,0.0,0.2894356005788712,0.0,0.0,0.0,0.2894356005788712,75.0,0.0,0.0,,,,
592,Otto Virtanen,49.77155041120926,11.505507955936352,6.731946144430845,13.035495716034271,50.22844958879074,3.395997574287447,5.336567616737416,8.671922377198301,42.857142857142854,9.737029140014215,6.467661691542288,12.935323383084576,41.12092598233323,2.3703703703703702,4.888888888888889,9.037037037037036,1.7362168748096252,5.263157894736842,0.0,3.508771929824561,5.178190679256777,0.5882352941176471,2.3529411764705883,2.3529411764705883,2.1321961620469083,38.57142857142858,12.857142857142856,22.857142857142858,1.85805665549802,29.508196721311474,18.0327868852459,18.0327868852459,0.6091989034419738,50.0,5.0,10.0,0.03045994517209869,100.0,0.0,0.0,1.85805665549802,16.39344262295082,11.475409836065573,18.0327868852459,0.5482790130977765,5.555555555555555,27.77777777777778,27.77777777777778,0.42643923240938164,0.0,7.142857142857142,0.0,1.0660980810234542,2.857142857142857,2.857142857142857,0.0,0.09137983551629607,0.0,33.33333333333333,0.0,0.42643923240938164,14.285714285714285,7.142857142857142,7.142857142857142,0.06091989034419738,50.0,0.0,0.0,,,,
593,Ozan Baris,47.42857142857143,4.819277108433735,1.2048192771084338,8.433734939759036,52.57142857142857,0.0,3.260869565217391,19.565217391304348,37.142857142857146,4.615384615384616,1.5384615384615385,6.153846153846154,41.714285714285715,0.0,4.10958904109589,17.80821917808219,6.857142857142858,0.0,0.0,16.666666666666664,9.142857142857142,0.0,0.0,25.0,0.5714285714285714,0.0,0.0,0.0,1.7142857142857144,0.0,0.0,33.33333333333333,0.5714285714285714,0.0,0.0,100.0,,,,,,,,,,,,,0.5714285714285714,0.0,0.0,0.0,,,,,1.7142857142857144,33.33333333333333,0.0,0.0,,,,,,,,,,,,
594,Pablo Andujar,51.489100399140305,9.66010733452594,5.008944543828265,9.123434704830053,47.80472827755604,4.624277456647398,3.982016698779704,6.551059730250482,45.01074608535462,6.2755798090040935,4.843110504774898,9.618008185538882,40.19035922628185,3.2085561497326207,3.590527119938885,6.3407181054239885,1.289530242554498,7.142857142857142,0.0,0.0,3.8992938286766963,0.0,2.3622047244094486,7.874015748031496,1.8114829597789377,42.3728813559322,8.47457627118644,8.47457627118644,1.7193736567393307,44.642857142857146,8.928571428571429,5.357142857142857,1.2281240405280933,67.5,2.5,0.0,0.030703101013202335,0.0,0.0,0.0,1.289530242554498,30.952380952380953,14.285714285714285,11.904761904761903,0.8903899293828677,13.793103448275861,13.793103448275861,17.24137931034483,0.6754682222904513,0.0,4.545454545454546,9.090909090909092,0.9517961314092724,0.0,6.451612903225806,3.225806451612903,0.092109303039607,66.66666666666666,0.0,0.0,0.092109303039607,33.33333333333333,0.0,0.0,0.092109303039607,0.0,0.0,0.0,0.030703101013202335,0.0,100.0,0.0
595,Pablo Carreno Busta,51.93719064686807,8.856391718698653,5.3236937232993755,8.790667104830758,48.037207714627066,3.9083318529046016,3.108900337537751,7.177118493515722,45.28929851510497,7.442999811569625,5.389108724326362,9.214245336348219,41.85014507595153,3.364600326264274,3.181076672104405,7.504078303425775,3.601297149684247,1.1848341232227488,1.4218009478672986,1.4218009478672986,4.471752858849633,1.1450381679389312,0.9541984732824428,3.816793893129771,0.8448540706605223,49.494949494949495,6.0606060606060606,13.131313131313133,0.7765830346475507,39.56043956043956,7.6923076923076925,12.087912087912088,0.6400409626216078,62.66666666666667,10.666666666666668,5.333333333333334,0.017067759003242877,100.0,0.0,0.0,1.169141491722137,27.00729927007299,12.408759124087592,13.86861313868613,0.29015190305512883,20.588235294117645,14.705882352941178,11.76470588235294,0.2474825055470217,3.4482758620689653,3.4482758620689653,3.4482758620689653,0.5803038061102577,4.411764705882353,2.941176470588235,1.4705882352941175,0.11094043352107869,23.076923076923077,0.0,15.384615384615385,0.051203277009728626,16.666666666666664,0.0,0.0,0.03413551800648575,50.0,0.0,25.0,,,,
596,Pablo Cuevas,55.98534201954397,6.472727272727273,7.8545454545454545,9.018181818181818,43.40390879478828,3.75234521575985,4.596622889305816,8.536585365853659,53.053745928338756,5.525709900230238,7.828089025326171,9.1327705295472,35.586319218241044,3.318077803203661,4.3478260869565215,8.695652173913043,1.0993485342019544,0.0,7.4074074074074066,0.0,6.311074918566775,1.935483870967742,4.516129032258064,7.741935483870968,0.6107491856677525,46.666666666666664,6.666666666666667,20.0,0.5700325732899023,35.714285714285715,7.142857142857142,7.142857142857142,0.6514657980456027,43.75,18.75,6.25,,,,,0.24429967426710095,33.33333333333333,0.0,16.666666666666664,0.36644951140065146,11.11111111111111,22.22222222222222,22.22222222222222,0.24429967426710095,0.0,0.0,0.0,0.4885993485342019,8.333333333333332,8.333333333333332,0.0,0.04071661237785017,0.0,0.0,0.0,0.08143322475570033,50.0,0.0,0.0,0.04071661237785017,100.0,0.0,0.0,,,,
597,Pablo Llamas Ruiz,51.6728624535316,12.949640287769784,2.158273381294964,5.0359712230215825,48.3271375464684,4.615384615384616,3.8461538461538463,13.076923076923078,37.174721189591075,8.0,3.0,7.000000000000001,31.59851301115242,2.3529411764705883,2.3529411764705883,15.294117647058824,5.5762081784386615,6.666666666666667,0.0,0.0,10.037174721189592,3.7037037037037033,0.0,3.7037037037037033,1.486988847583643,25.0,0.0,0.0,2.973977695167286,25.0,25.0,12.5,2.973977695167286,50.0,0.0,0.0,,,,,2.2304832713754648,66.66666666666666,0.0,0.0,1.858736059479554,20.0,0.0,40.0,2.2304832713754648,0.0,0.0,0.0,1.858736059479554,0.0,20.0,0.0,,,,,,,,,,,,,,,,
598,Paolo Lorenzi,50.219560878243506,7.631160572337042,4.610492845786964,8.34658187599364,49.54091816367266,5.157131345688961,3.7872683319903304,6.60757453666398,42.79441117764471,3.9179104477611943,4.104477611940299,9.235074626865671,37.24550898203593,3.215434083601286,3.215434083601286,6.752411575562702,3.43313373253493,2.3255813953488373,3.488372093023256,0.0,7.864271457085828,1.015228426395939,1.5228426395939088,3.0456852791878175,1.8363273453093811,50.0,10.869565217391305,8.695652173913043,2.19560878243513,40.0,9.090909090909092,12.727272727272727,1.3572854291417165,67.64705882352942,11.76470588235294,2.941176470588235,0.03992015968063872,0.0,0.0,100.0,0.23952095808383234,50.0,0.0,0.0,1.3972055888223553,25.71428571428571,22.857142857142858,14.285714285714285,0.27944111776447106,14.285714285714285,14.285714285714285,0.0,0.5988023952095809,6.666666666666667,6.666666666666667,0.0,0.23952095808383234,33.33333333333333,16.666666666666664,16.666666666666664,0.19960079840319359,0.0,0.0,0.0,0.03992015968063872,0.0,0.0,0.0,,,,
599,Paradorn Srichaphan,44.37412095639944,12.044374009508717,7.448494453248812,11.410459587955627,55.62587904360057,5.941845764854614,4.0455120101137805,8.470290771175728,37.552742616033754,10.674157303370785,7.677902621722846,11.610486891385769,36.849507735583686,6.297709923664121,4.007633587786259,10.687022900763358,3.4458509142053444,2.0408163265306123,0.0,2.0408163265306123,15.471167369901547,2.272727272727273,1.8181818181818181,3.1818181818181817,2.109704641350211,33.33333333333333,20.0,26.666666666666668,1.1251758087201125,43.75,25.0,0.0,0.35161744022503516,60.0,0.0,0.0,,,,,0.2812939521800281,75.0,0.0,25.0,0.7032348804500703,10.0,20.0,30.0,0.21097046413502107,0.0,0.0,0.0,1.1251758087201125,0.0,0.0,6.25,0.21097046413502107,33.33333333333333,0.0,0.0,0.35161744022503516,20.0,20.0,0.0,0.21097046413502107,33.33333333333333,0.0,0.0,,,,
600,Patrick Brady,53.289473684210535,3.7037037037037033,0.0,17.28395061728395,46.71052631578947,1.4084507042253522,1.4084507042253522,11.267605633802818,41.44736842105263,3.1746031746031744,0.0,17.46031746031746,40.78947368421053,0.0,1.6129032258064515,12.903225806451612,5.263157894736842,0.0,0.0,12.5,4.605263157894736,0.0,0.0,0.0,3.289473684210526,20.0,0.0,40.0,1.3157894736842104,50.0,0.0,0.0,1.3157894736842104,0.0,0.0,0.0,,,,,1.3157894736842104,0.0,0.0,0.0,,,,,0.6578947368421052,0.0,0.0,0.0,,,,,,,,,,,,,,,,,,,,
601,Patrick Kaukovalta,57.6271186440678,14.705882352941178,17.647058823529413,17.647058823529413,42.3728813559322,0.0,8.0,12.0,27.11864406779661,6.25,0.0,25.0,18.64406779661017,0.0,0.0,18.181818181818183,3.389830508474576,0.0,0.0,50.0,16.94915254237288,0.0,10.0,10.0,18.64406779661017,18.181818181818183,45.45454545454545,9.090909090909092,6.779661016949152,0.0,25.0,0.0,5.084745762711865,66.66666666666666,33.33333333333333,0.0,,,,,1.694915254237288,0.0,0.0,0.0,,,,,,,,,,,,,1.694915254237288,0.0,0.0,0.0,,,,,,,,,,,,
602,Patrick Kypson,52.98507462686567,7.042253521126761,6.103286384976526,6.103286384976526,47.01492537313433,1.0582010582010581,2.6455026455026456,10.052910052910052,46.26865671641791,6.989247311827956,6.989247311827956,6.989247311827956,34.57711442786069,1.4388489208633095,2.158273381294964,10.071942446043165,5.970149253731343,0.0,0.0,0.0,9.45273631840796,0.0,0.0,7.894736842105263,0.24875621890547264,100.0,0.0,0.0,0.7462686567164178,0.0,33.33333333333333,33.33333333333333,0.24875621890547264,100.0,0.0,0.0,,,,,,,,,0.9950248756218906,0.0,0.0,25.0,0.24875621890547264,0.0,0.0,0.0,1.2437810945273633,0.0,20.0,0.0,,,,,,,,,,,,,,,,
603,Patrick Rafter,40.378151260504204,21.644120707596255,5.931321540062435,10.509885535900104,59.57983193277311,10.437235543018335,5.712270803949225,9.94358251057828,22.478991596638657,11.401869158878505,5.046728971962617,10.841121495327103,13.025210084033615,10.32258064516129,4.838709677419355,17.741935483870968,4.285714285714286,3.9215686274509802,1.9607843137254901,4.901960784313726,28.949579831932777,1.1611030478955007,2.3222060957910013,6.2409288824383164,9.53781512605042,47.57709251101321,8.370044052863436,13.215859030837004,12.26890756302521,28.767123287671232,13.013698630136986,11.986301369863012,1.5966386554621848,65.78947368421053,7.894736842105263,10.526315789473683,0.5042016806722689,66.66666666666666,16.666666666666664,0.0,0.12605042016806722,33.33333333333333,33.33333333333333,33.33333333333333,1.0924369747899159,26.923076923076923,7.6923076923076925,19.230769230769234,0.5042016806722689,33.33333333333333,0.0,0.0,1.5546218487394958,8.108108108108109,10.81081081081081,2.7027027027027026,1.7647058823529411,11.904761904761903,9.523809523809524,4.761904761904762,2.0168067226890756,8.333333333333332,8.333333333333332,4.166666666666666,0.08403361344537816,0.0,50.0,50.0,0.16806722689075632,50.0,0.0,0.0
604,Paul Capdeville,44.70588235294118,7.894736842105263,2.631578947368421,8.771929824561402,55.294117647058826,3.546099290780142,5.673758865248227,11.347517730496454,38.03921568627451,3.0927835051546393,3.0927835051546393,9.278350515463918,41.96078431372549,2.803738317757009,4.672897196261682,14.018691588785046,1.1764705882352942,0.0,0.0,0.0,7.450980392156863,5.263157894736842,0.0,0.0,2.7450980392156863,28.57142857142857,0.0,14.285714285714285,2.7450980392156863,14.285714285714285,0.0,14.285714285714285,2.3529411764705883,50.0,0.0,0.0,,,,,,,,,,,,,0.39215686274509803,100.0,0.0,0.0,1.9607843137254901,0.0,60.0,0.0,,,,,1.1764705882352942,0.0,0.0,0.0,,,,,,,,
605,Paul Henri Mathieu,47.35673034207019,6.941838649155723,6.566604127579738,8.536585365853659,52.643269657929814,5.738396624472574,2.6160337552742616,9.282700421940929,44.73567303420702,5.958291956305859,6.454816285998014,8.838133068520357,48.023100844069305,5.45790934320074,2.8677150786308974,9.528214616096207,0.9329187027987561,0.0,0.0,0.0,3.109729009329187,0.0,0.0,2.857142857142857,0.888494002665482,35.0,10.0,10.0,0.8440693025322079,36.84210526315789,0.0,15.789473684210526,0.26654820079964464,83.33333333333334,0.0,0.0,,,,,0.2221235006663705,40.0,40.0,0.0,0.1776988005330964,0.0,0.0,25.0,0.3109729009329187,0.0,14.285714285714285,0.0,0.444247001332741,10.0,0.0,10.0,,,,,0.0444247001332741,100.0,0.0,0.0,,,,,,,,
606,Paul Jubb,54.56298200514139,9.77620730270907,7.538280329799764,9.422850412249705,45.30848329048843,5.531914893617021,4.680851063829787,9.929078014184398,48.97172236503856,7.874015748031496,7.217847769028872,9.580052493438322,34.19023136246786,3.9473684210526314,4.6992481203007515,10.526315789473683,2.442159383033419,0.0,7.894736842105263,2.631578947368421,7.455012853470437,0.8620689655172413,1.7241379310344827,5.172413793103448,0.8354755784061696,38.46153846153847,7.6923076923076925,23.076923076923077,1.7352185089974295,44.44444444444444,11.11111111111111,22.22222222222222,0.9640102827763496,73.33333333333333,20.0,0.0,0.06426735218508997,0.0,0.0,0.0,0.2570694087403599,75.0,0.0,0.0,0.5784061696658097,44.44444444444444,33.33333333333333,22.22222222222222,0.5784061696658097,22.22222222222222,11.11111111111111,0.0,1.2853470437017995,5.0,0.0,0.0,0.3213367609254499,40.0,0.0,20.0,,,,,0.1928020565552699,0.0,33.33333333333333,66.66666666666666,,,,
607,Pavel Kotov,50.95759233926128,8.859060402684564,6.174496644295302,9.93288590604027,49.04240766073871,2.510460251046025,3.0683403068340307,6.5550906555090656,43.70725034199726,7.981220657276995,6.259780907668231,10.015649452269171,43.16005471956224,2.694136291600634,2.694136291600634,6.180665610142631,3.556771545827633,1.9230769230769231,0.0,0.0,4.240766073871409,0.0,1.6129032258064515,4.838709677419355,0.957592339261286,28.57142857142857,7.142857142857142,21.428571428571427,0.7523939808481532,9.090909090909092,36.36363636363637,36.36363636363637,0.615595075239398,66.66666666666666,22.22222222222222,11.11111111111111,,,,,1.4363885088919288,19.047619047619047,9.523809523809524,23.809523809523807,0.2051983584131327,0.0,0.0,33.33333333333333,0.478796169630643,0.0,14.285714285714285,0.0,0.6839945280437756,0.0,0.0,0.0,,,,,,,,,0.2051983584131327,0.0,0.0,33.33333333333333,,,,
608,Pavel Tsoy,62.758620689655174,2.197802197802198,2.197802197802198,19.78021978021978,37.24137931034483,0.0,0.0,9.25925925925926,60.0,2.2988505747126435,2.2988505747126435,19.54022988505747,11.03448275862069,0.0,0.0,12.5,2.0689655172413794,0.0,0.0,0.0,25.517241379310345,0.0,0.0,8.108108108108109,,,,,,,,,,,,,,,,,,,,,,,,,,,,,0.6896551724137931,0.0,0.0,0.0,,,,,,,,,0.6896551724137931,0.0,0.0,100.0,,,,
609,Pedja Krstin,43.63636363636363,3.125,5.208333333333334,4.166666666666666,56.36363636363636,3.225806451612903,4.838709677419355,5.64516129032258,41.81818181818181,2.1739130434782608,5.434782608695652,4.3478260869565215,54.090909090909086,2.5210084033613445,5.042016806722689,5.88235294117647,1.3636363636363635,0.0,0.0,0.0,1.8181818181818181,0.0,0.0,0.0,0.45454545454545453,100.0,0.0,0.0,,,,,,,,,,,,,,,,,0.45454545454545453,100.0,0.0,0.0,,,,,,,,,,,,,,,,,,,,,,,,
610,Pedro Araujo,37.5,6.504065040650407,4.878048780487805,7.317073170731707,62.5,3.414634146341464,4.390243902439024,3.414634146341464,32.31707317073171,3.7735849056603774,3.7735849056603774,7.547169811320755,54.87804878048781,2.2222222222222223,3.888888888888889,3.888888888888889,1.8292682926829267,16.666666666666664,0.0,0.0,4.573170731707317,0.0,0.0,0.0,0.3048780487804878,0.0,100.0,0.0,0.6097560975609756,50.0,50.0,0.0,1.2195121951219512,75.0,0.0,25.0,,,,,1.524390243902439,0.0,20.0,0.0,2.1341463414634148,28.57142857142857,14.285714285714285,0.0,0.3048780487804878,0.0,0.0,0.0,0.3048780487804878,0.0,0.0,0.0,,,,,,,,,,,,,,,,
611,Pedro Cachin,46.48750589344649,8.113590263691684,4.563894523326572,9.22920892494929,52.33380480905233,4.054054054054054,3.423423423423423,10.18018018018018,39.603960396039604,5.595238095238096,4.880952380952381,10.0,42.38566713814239,3.225806451612903,3.0033370411568407,11.345939933259176,3.771805752003772,2.5,0.0,1.25,7.024988213107025,1.342281879194631,2.013422818791946,5.369127516778524,1.1315417256011315,58.333333333333336,4.166666666666666,4.166666666666666,1.2258368694012258,42.30769230769231,23.076923076923077,0.0,0.8015087223008015,76.47058823529412,0.0,0.0,,,,,0.5657708628005658,16.666666666666664,8.333333333333332,41.66666666666667,0.6600660066006601,21.428571428571427,0.0,21.428571428571427,0.3771805752003772,12.5,0.0,0.0,0.8486562942008486,0.0,5.555555555555555,0.0,0.04714757190004715,0.0,100.0,0.0,0.14144271570014144,0.0,33.33333333333333,0.0,0.1885902876001886,25.0,25.0,0.0,0.04714757190004715,0.0,0.0,0.0
612,Pedro Martinez,53.28325660285922,8.231014097316962,5.911778080945885,7.45793542519327,46.61982069299733,4.183991683991684,4.080041580041581,5.977130977130978,44.002907681124306,5.011013215859031,5.699339207048458,7.3788546255506615,32.96583474678943,3.381109886071297,4.189636163175303,5.990444689452407,3.5740247152895566,3.050847457627119,3.050847457627119,1.3559322033898304,10.467652047492125,0.8101851851851851,2.314814814814815,4.513888888888888,1.5265325902592684,49.2063492063492,10.317460317460316,6.349206349206349,1.3932638720620305,41.73913043478261,8.695652173913043,8.695652173913043,1.0298037315241095,64.70588235294117,10.588235294117647,3.5294117647058822,0.0484613520717228,25.0,0.0,0.0,2.410952265568209,22.110552763819097,10.552763819095476,22.110552763819097,0.8238429852192876,8.823529411764707,11.76470588235294,23.52941176470588,0.5936515628786043,10.204081632653061,0.0,2.0408163265306123,0.7269202810758421,5.0,5.0,3.3333333333333335,0.0969227041434456,25.0,12.5,0.0,0.1574993942330991,7.6923076923076925,15.384615384615385,0.0,0.0484613520717228,75.0,0.0,0.0,0.0363460140537921,100.0,0.0,0.0
613,Pedro Sousa,50.0,8.4070796460177,5.752212389380531,11.946902654867257,49.7787610619469,4.0,2.666666666666667,10.222222222222223,43.80530973451327,4.545454545454546,6.0606060606060606,11.616161616161616,46.017699115044245,4.326923076923077,2.8846153846153846,10.096153846153847,2.2123893805309733,10.0,0.0,10.0,2.433628318584071,0.0,0.0,9.090909090909092,0.4424778761061947,100.0,0.0,0.0,,,,,0.22123893805309736,100.0,0.0,0.0,,,,,2.6548672566371683,25.0,8.333333333333332,25.0,0.6637168141592921,0.0,0.0,33.33333333333333,,,,,0.6637168141592921,0.0,0.0,0.0,,,,,,,,,0.6637168141592921,100.0,0.0,0.0,,,,
614,Pete Sampras,38.48229877758374,21.16336633663366,9.447194719471948,13.490099009900991,61.51770122241626,8.258064516129032,5.754838709677419,11.019354838709678,26.03587871090649,12.439024390243903,7.987804878048781,14.75609756097561,25.24210192093983,6.666666666666667,4.276729559748428,15.59748427672956,1.0001587553579934,4.761904761904762,3.1746031746031744,3.1746031746031744,23.813303698999842,1.2,2.3333333333333335,6.133333333333333,7.731385934275282,39.630390143737166,14.168377823408623,12.525667351129362,9.604699158596603,29.256198347107436,16.198347107438018,12.066115702479339,1.9368153675186537,72.95081967213115,7.377049180327869,7.377049180327869,0.19050642959199873,50.0,8.333333333333332,0.0,0.09525321479599937,33.33333333333333,16.666666666666664,33.33333333333333,0.2222575011906652,21.428571428571427,14.285714285714285,28.57142857142857,0.19050642959199873,25.0,16.666666666666664,0.0,0.349261787585331,0.0,0.0,0.0,1.2065407207493253,11.842105263157894,15.789473684210526,11.842105263157894,2.0796951897126528,7.633587786259542,14.50381679389313,6.870229007633588,0.2857596443879981,55.55555555555556,16.666666666666664,11.11111111111111,0.015875535799333228,0.0,0.0,100.0
615,Peter Bertran,56.05095541401274,4.545454545454546,3.4090909090909087,21.59090909090909,43.94904458598726,2.898550724637681,0.0,7.246376811594203,49.044585987261144,1.2987012987012987,2.5974025974025974,22.07792207792208,31.210191082802545,0.0,0.0,6.122448979591836,1.910828025477707,0.0,0.0,0.0,9.554140127388536,0.0,0.0,6.666666666666667,1.910828025477707,33.33333333333333,0.0,66.66666666666666,2.547770700636943,50.0,0.0,25.0,,,,,,,,,1.2738853503184715,50.0,0.0,0.0,0.6369426751592357,0.0,0.0,0.0,0.6369426751592357,0.0,100.0,0.0,,,,,,,,,,,,,1.2738853503184715,50.0,0.0,0.0,,,,
616,Peter Fajta,52.459016393442624,9.375,3.125,12.5,47.540983606557376,5.172413793103448,3.4482758620689653,10.344827586206897,40.98360655737705,8.0,4.0,12.0,36.0655737704918,4.545454545454546,4.545454545454546,6.8181818181818175,6.557377049180328,0.0,0.0,0.0,9.01639344262295,0.0,0.0,18.181818181818183,0.819672131147541,100.0,0.0,0.0,,,,,0.819672131147541,0.0,0.0,0.0,,,,,2.459016393442623,0.0,0.0,66.66666666666666,2.459016393442623,33.33333333333333,0.0,33.33333333333333,,,,,,,,,,,,,,,,,0.819672131147541,100.0,0.0,0.0,,,,
617,Peter Gojowczyk,53.984962406015036,7.520891364902507,6.197771587743732,15.32033426183844,45.93984962406015,3.600654664484452,4.4189852700491,12.76595744680851,50.93984962406015,6.199261992619927,5.830258302583026,15.202952029520295,41.72932330827068,2.9729729729729732,4.324324324324325,12.882882882882882,0.7518796992481203,0.0,0.0,15.0,2.443609022556391,1.5384615384615385,1.5384615384615385,7.6923076923076925,0.9022556390977444,45.83333333333333,20.833333333333336,20.833333333333336,0.9774436090225564,26.923076923076923,11.538461538461538,26.923076923076923,0.5263157894736842,57.14285714285714,0.0,7.142857142857142,,,,,0.6015037593984963,31.25,25.0,12.5,0.41353383458646614,18.181818181818183,9.090909090909092,0.0,0.07518796992481204,0.0,0.0,0.0,0.3383458646616541,11.11111111111111,0.0,11.11111111111111,,,,,0.03759398496240602,0.0,100.0,0.0,0.18796992481203006,0.0,20.0,60.0,,,,
618,Peter Polansky,52.85575992255567,5.677655677655678,7.509157509157509,10.073260073260073,47.14424007744434,2.2587268993839835,2.2587268993839835,8.008213552361395,48.30590513068732,4.609218436873747,6.813627254509018,10.220440881763528,40.271055179090034,2.1634615384615383,2.1634615384615383,8.89423076923077,2.516940948693127,0.0,0.0,15.384615384615385,4.84027105517909,2.0,0.0,2.0,1.1616650532429817,41.66666666666667,33.33333333333333,0.0,0.6776379477250726,14.285714285714285,14.285714285714285,14.285714285714285,0.29041626331074544,66.66666666666666,33.33333333333333,0.0,,,,,0.0968054211035818,0.0,100.0,0.0,0.29041626331074544,0.0,0.0,0.0,0.48402710551790895,20.0,20.0,0.0,1.0648596321393997,0.0,9.090909090909092,0.0,,,,,,,,,,,,,,,,
619,Petros Tsitsipas,60.86956521739131,19.642857142857142,8.928571428571429,14.285714285714285,39.130434782608695,5.555555555555555,5.555555555555555,11.11111111111111,50.0,10.869565217391305,8.695652173913043,17.391304347826086,25.0,0.0,8.695652173913043,17.391304347826086,1.0869565217391304,0.0,0.0,0.0,6.521739130434782,0.0,0.0,0.0,1.0869565217391304,100.0,0.0,0.0,3.260869565217391,33.33333333333333,0.0,0.0,3.260869565217391,66.66666666666666,0.0,0.0,,,,,3.260869565217391,66.66666666666666,33.33333333333333,0.0,3.260869565217391,33.33333333333333,0.0,0.0,1.0869565217391304,0.0,0.0,0.0,,,,,,,,,1.0869565217391304,0.0,0.0,0.0,1.0869565217391304,100.0,0.0,0.0,,,,
620,Philipp Kohlschreiber,53.07723250201126,10.117468738158394,6.36604774535809,9.549071618037134,46.852373290426385,5.108392358875295,5.06546469199399,9.959218716462761,48.08930008045053,8.155583437892096,6.419907988289418,9.891258887494772,32.89420756234915,4.494038520330174,5.380617548150413,11.770100886579028,2.0313757039420755,2.4752475247524752,1.9801980198019802,2.9702970297029703,10.518905872888173,0.28680688336520077,2.294455066921606,3.824091778202677,0.8547868061142396,55.294117647058826,8.235294117647058,9.411764705882353,1.1564762670957363,46.08695652173913,7.82608695652174,11.304347826086957,0.8145615446500403,65.4320987654321,7.4074074074074066,7.4074074074074066,0.08045052292839903,37.5,0.0,0.0,0.6536604987932422,36.92307692307693,10.76923076923077,13.846153846153847,1.4279967819790829,18.30985915492958,11.267605633802818,17.6056338028169,0.2815768302493966,3.571428571428571,10.714285714285714,3.571428571428571,0.6134352373290426,4.918032786885246,11.475409836065573,1.639344262295082,0.1005631536604988,0.0,0.0,0.0,0.13073209975864844,15.384615384615385,23.076923076923077,0.0,0.251407884151247,56.00000000000001,8.0,4.0,0.030168946098149636,33.33333333333333,33.33333333333333,0.0
621,Philipp Petzschner,50.252951096121414,10.40268456375839,10.06711409395973,20.13422818791946,49.747048903878586,3.389830508474576,4.067796610169491,8.135593220338983,39.12310286677909,7.758620689655173,7.758620689655173,18.96551724137931,8.768971332209107,3.8461538461538463,9.615384615384617,7.6923076923076925,2.0236087689713322,0.0,0.0,16.666666666666664,32.377740303541316,0.5208333333333333,1.5625,7.8125,5.396290050590219,28.125,18.75,28.125,4.5531197301854975,25.925925925925924,7.4074074074074066,18.51851851851852,1.3490725126475547,25.0,37.5,12.5,0.5059021922428331,0.0,0.0,0.0,0.8431703204047217,20.0,20.0,40.0,1.3490725126475547,0.0,12.5,0.0,1.0118043844856661,0.0,33.33333333333333,0.0,1.3490725126475547,0.0,12.5,0.0,0.33726812816188867,0.0,0.0,100.0,0.8431703204047217,0.0,0.0,0.0,0.16863406408094433,100.0,0.0,0.0,,,,
622,Pierre Hugues Herbert,51.908396946564885,13.935574229691877,7.072829131652661,11.834733893557422,47.87350054525627,8.5041761579347,5.087319665907366,10.250569476082005,40.89422028353326,8.71111111111111,6.577777777777778,13.600000000000001,31.1886586695747,4.895104895104895,4.545454545454546,12.470862470862471,3.271537622682661,0.0,3.3333333333333335,0.0,10.032715376226827,1.4492753623188406,1.8115942028985508,5.797101449275362,4.580152671755725,45.23809523809524,11.904761904761903,7.936507936507936,4.180298073427845,45.21739130434783,13.91304347826087,6.086956521739131,1.4176663031624863,74.35897435897436,10.256410256410255,2.564102564102564,0.07270083605961468,50.0,0.0,0.0,0.5452562704471101,33.33333333333333,0.0,20.0,1.2359142130134497,23.52941176470588,17.647058823529413,11.76470588235294,0.2544529262086514,14.285714285714285,0.0,0.0,0.6179571065067249,17.647058823529413,0.0,0.0,0.5089058524173028,21.428571428571427,28.57142857142857,14.285714285714285,0.5452562704471101,13.333333333333334,6.666666666666667,6.666666666666667,0.43620501635768816,50.0,8.333333333333332,0.0,,,,
623,Pol Martin Tiffon,58.08383233532935,8.24742268041237,8.24742268041237,5.154639175257731,41.91616766467065,5.714285714285714,4.285714285714286,2.857142857142857,52.09580838323353,6.896551724137931,9.195402298850574,4.597701149425287,32.33532934131736,1.8518518518518516,3.7037037037037033,3.7037037037037033,2.3952095808383236,0.0,0.0,0.0,7.18562874251497,0.0,8.333333333333332,0.0,,,,,1.1976047904191618,100.0,0.0,0.0,,,,,,,,,3.592814371257485,33.33333333333333,0.0,16.666666666666664,1.1976047904191618,50.0,0.0,0.0,,,,,,,,,,,,,,,,,,,,,,,,
624,Potito Starace,56.11702127659575,8.056872037914692,8.530805687203792,8.530805687203792,43.61702127659575,4.878048780487805,1.2195121951219512,4.2682926829268295,48.138297872340424,6.077348066298343,7.734806629834254,8.287292817679557,34.840425531914896,3.0534351145038165,0.7633587786259541,4.580152671755725,2.925531914893617,0.0,9.090909090909092,0.0,6.382978723404255,8.333333333333332,4.166666666666666,0.0,1.0638297872340425,50.0,25.0,0.0,0.7978723404255319,33.33333333333333,0.0,0.0,0.5319148936170213,50.0,0.0,0.0,0.26595744680851063,100.0,0.0,0.0,3.1914893617021276,25.0,16.666666666666664,25.0,0.5319148936170213,0.0,0.0,50.0,0.26595744680851063,0.0,0.0,0.0,0.5319148936170213,0.0,0.0,0.0,,,,,0.26595744680851063,0.0,0.0,0.0,,,,,,,,
625,Prajnesh Gunneswaran,62.95479603087101,10.507880910683012,7.880910683012258,10.683012259194395,36.82469680264609,3.293413173652695,3.293413173652695,11.377245508982035,55.567805953693494,10.119047619047619,8.134920634920634,11.507936507936508,31.091510474090406,3.546099290780142,3.900709219858156,12.056737588652481,4.851157662624035,0.0,2.272727272727273,0.0,3.4178610804851157,0.0,0.0,3.225806451612903,0.7717750826901874,42.857142857142854,28.57142857142857,14.285714285714285,0.8820286659316428,12.5,0.0,25.0,0.4410143329658214,75.0,0.0,0.0,0.11025358324145534,0.0,0.0,0.0,0.7717750826901874,42.857142857142854,14.285714285714285,14.285714285714285,0.2205071664829107,0.0,0.0,0.0,0.4410143329658214,0.0,0.0,0.0,1.1025358324145533,0.0,0.0,10.0,,,,,,,,,0.11025358324145534,0.0,0.0,100.0,,,,
626,Preston Stearns,75.0,11.515151515151516,6.0606060606060606,19.393939393939394,25.0,7.2727272727272725,5.454545454545454,12.727272727272727,69.54545454545455,7.18954248366013,6.535947712418301,19.607843137254903,23.636363636363637,3.8461538461538463,5.769230769230769,11.538461538461538,1.3636363636363635,0.0,0.0,33.33333333333333,,,,,1.8181818181818181,75.0,0.0,25.0,0.9090909090909091,100.0,0.0,0.0,1.8181818181818181,100.0,0.0,0.0,,,,,,,,,0.45454545454545453,0.0,0.0,100.0,,,,,,,,,0.45454545454545453,100.0,0.0,0.0,,,,,,,,,,,,
627,Quentin Halys,46.484165324745035,15.242494226327944,7.390300230946882,14.780600461893764,52.65700483091788,4.281345565749235,5.5045871559633035,12.538226299694188,38.32528180354267,13.725490196078432,7.9831932773109235,16.80672268907563,38.91572732152442,3.0344827586206895,5.931034482758621,12.275862068965518,4.669887278582931,1.1494252873563218,1.1494252873563218,2.2988505747126435,9.447128287707999,0.5681818181818182,2.272727272727273,11.931818181818182,1.0198604401502953,68.42105263157895,10.526315789473683,5.263157894736842,1.8786902844873858,42.857142857142854,11.428571428571429,17.142857142857142,0.8051529790660225,73.33333333333333,13.333333333333334,0.0,0.05367686527106817,100.0,0.0,0.0,0.7514761137949544,35.714285714285715,0.0,14.285714285714285,1.288244766505636,12.5,0.0,25.0,0.4830917874396135,0.0,11.11111111111111,22.22222222222222,0.8051529790660225,0.0,13.333333333333334,0.0,0.2147074610842727,50.0,0.0,0.0,0.2683843263553409,0.0,20.0,20.0,0.2147074610842727,50.0,25.0,25.0,,,,
628,Radek Stepanek,44.92040520984081,11.211340206185568,6.572164948453609,8.505154639175258,55.07959479015919,5.4650551760378345,6.305832895428271,8.407777193904362,33.95079594790159,5.029838022165388,5.029838022165388,9.718670076726342,34.124457308248914,4.495335029686174,5.258693808312128,9.754028837998304,1.8523878437047756,1.5625,1.5625,1.5625,11.114327062228654,0.78125,3.90625,5.46875,5.557163531114327,36.97916666666667,13.541666666666666,7.8125,6.917510853835021,17.573221757322173,13.807531380753138,6.694560669456067,1.70767004341534,55.932203389830505,15.254237288135593,0.0,0.20260492040520983,28.57142857142857,0.0,0.0,0.5788712011577424,20.0,10.0,10.0,1.244573082489146,6.976744186046512,6.976744186046512,16.27906976744186,0.5209840810419681,11.11111111111111,5.555555555555555,0.0,0.6078147612156295,0.0,9.523809523809524,0.0,0.723589001447178,12.0,16.0,0.0,0.8104196816208393,3.571428571428571,14.285714285714285,3.571428571428571,0.02894356005788712,100.0,0.0,0.0,0.05788712011577424,0.0,50.0,0.0
629,Radu Albot,56.91112634224355,8.06904857486953,5.41951023685267,8.590927338418306,42.997486863148275,3.7194473963868226,3.028692879914984,9.139213602550477,51.2222983778844,5.709188224799287,5.619982158786797,8.608385370205173,32.87639936029244,2.7102154273801253,2.7102154273801253,9.381514940931202,2.2389764679003883,4.081632653061225,0.0,2.0408163265306123,7.767877541695226,1.1764705882352942,2.3529411764705883,6.470588235294119,1.3022618231665526,47.368421052631575,8.771929824561402,12.280701754385964,1.0052547406899703,43.18181818181818,11.363636363636363,15.909090909090908,0.8910212474297465,64.1025641025641,2.564102564102564,7.6923076923076925,,,,,0.6397075622572538,35.714285714285715,3.571428571428571,14.285714285714285,0.5483207676490748,16.666666666666664,8.333333333333332,25.0,0.3427004797806717,20.0,13.333333333333334,6.666666666666667,0.6397075622572538,3.571428571428571,7.142857142857142,7.142857142857142,0.09138679460817913,0.0,0.0,50.0,0.15992689056431345,42.857142857142854,14.285714285714285,0.0,0.18277358921635825,50.0,0.0,25.0,,,,
630,Rafael Arevalo,61.19402985074627,4.0650406504065035,2.4390243902439024,8.130081300813007,38.80597014925373,6.41025641025641,2.564102564102564,15.384615384615385,56.71641791044776,3.508771929824561,2.631578947368421,8.771929824561402,22.388059701492537,8.88888888888889,2.2222222222222223,20.0,2.4875621890547266,0.0,0.0,0.0,12.437810945273633,0.0,4.0,8.0,0.9950248756218906,50.0,0.0,0.0,0.9950248756218906,50.0,0.0,50.0,0.4975124378109453,0.0,0.0,0.0,0.4975124378109453,0.0,0.0,0.0,,,,,,,,,0.4975124378109453,0.0,0.0,0.0,1.9900497512437811,0.0,0.0,0.0,,,,,0.4975124378109453,0.0,0.0,0.0,,,,,,,,
631,Rafael Nadal,55.56868993164413,8.276518154431583,5.5758152317530785,6.548279689234185,44.41001769469673,3.8620507224812353,3.650431504811031,6.183249016301293,52.021674167945434,6.6249841220555235,5.502942712376329,6.6405092233215255,35.0230177901453,3.234733024464896,3.7483490912140205,6.932768705058594,1.2452367491684961,3.0660377358490565,1.3561320754716981,1.179245283018868,7.42222776966057,0.7913740231476902,1.4145810663764962,2.700563853991493,0.7180669461596634,57.873210633946826,9.815950920245399,7.157464212678937,0.7334855615679998,52.45245245245245,11.611611611611613,7.5075075075075075,0.7239407044104582,62.06896551724138,10.141987829614605,5.679513184584178,0.04699006600635834,39.0625,14.0625,0.0,0.4699006600635834,37.34375,10.0,12.812499999999998,0.3913391434592031,16.51031894934334,15.947467166979362,13.50844277673546,0.20558153877781776,7.857142857142857,3.571428571428571,1.7857142857142856,0.6754821988414011,5.326086956521739,5.217391304347826,0.8695652173913043,0.09985389026351149,20.588235294117645,11.76470588235294,3.6764705882352944,0.10132232982621019,15.942028985507244,10.869565217391305,2.1739130434782608,0.08443527485517514,44.34782608695652,10.434782608695652,11.304347826086957,0.01615283518968568,22.727272727272727,18.181818181818183,9.090909090909092
632,Rainer Schuettler,49.393326592517695,6.755373592630501,4.912998976458546,7.164790174002047,50.606673407482305,4.9950049950049955,3.296703296703297,8.391608391608392,46.1577350859454,4.70974808324206,4.600219058050383,7.228915662650602,35.38928210313448,3.428571428571429,3.2857142857142856,8.857142857142856,0.5055611729019212,30.0,0.0,0.0,11.526794742163801,1.3157894736842104,1.3157894736842104,4.824561403508771,1.5672396359959553,45.16129032258064,16.129032258064516,6.451612903225806,1.365015166835187,51.85185185185185,11.11111111111111,14.814814814814813,0.5561172901921132,45.45454545454545,9.090909090909092,9.090909090909092,0.10111223458038424,0.0,100.0,0.0,0.15166835187057634,33.33333333333333,0.0,0.0,1.5672396359959553,25.806451612903224,6.451612903225806,19.35483870967742,0.15166835187057634,0.0,0.0,0.0,0.40444893832153694,0.0,0.0,12.5,0.15166835187057634,0.0,0.0,0.0,0.2527805864509606,20.0,0.0,0.0,0.15166835187057634,0.0,0.0,33.33333333333333,,,,
633,Ramkumar Ramanathan,65.97938144329896,7.03125,4.6875,12.5,34.02061855670103,3.0303030303030303,3.0303030303030303,12.121212121212121,54.123711340206185,7.6190476190476195,4.761904761904762,14.285714285714285,17.525773195876287,2.941176470588235,0.0,17.647058823529413,6.701030927835052,0.0,0.0,0.0,12.886597938144329,0.0,0.0,8.0,2.5773195876288657,0.0,0.0,0.0,3.0927835051546393,16.666666666666664,33.33333333333333,0.0,1.0309278350515463,0.0,50.0,50.0,,,,,,,,,,,,,0.5154639175257731,0.0,0.0,0.0,,,,,0.5154639175257731,0.0,0.0,0.0,0.5154639175257731,0.0,0.0,0.0,0.5154639175257731,100.0,0.0,0.0,,,,
634,Raphael Collignon,60.544217687074834,4.775280898876404,7.02247191011236,5.337078651685393,39.37074829931973,1.2958963282937366,2.8077753779697625,4.967602591792657,55.01700680272109,3.7094281298299845,6.9551777434312205,5.1004636785162285,32.6530612244898,0.26041666666666663,2.34375,5.46875,2.6360544217687076,0.0,0.0,0.0,5.1020408163265305,1.6666666666666667,1.6666666666666667,3.3333333333333335,1.1054421768707483,23.076923076923077,15.384615384615385,30.76923076923077,0.935374149659864,27.27272727272727,18.181818181818183,0.0,1.2755102040816326,46.666666666666664,20.0,0.0,0.08503401360544217,100.0,0.0,0.0,0.08503401360544217,0.0,0.0,100.0,,,,,0.3401360544217687,0.0,0.0,0.0,0.5102040816326531,0.0,16.666666666666664,0.0,,,,,0.08503401360544217,0.0,0.0,0.0,0.08503401360544217,0.0,0.0,0.0,,,,
635,Raul Brancaccio,57.76699029126213,10.084033613445378,6.722689075630252,6.722689075630252,42.23300970873786,10.344827586206897,9.195402298850574,5.747126436781609,44.66019417475729,6.521739130434782,6.521739130434782,7.608695652173914,38.349514563106794,8.860759493670885,10.126582278481013,6.329113924050633,4.368932038834951,0.0,0.0,0.0,1.4563106796116505,0.0,0.0,0.0,1.4563106796116505,66.66666666666666,0.0,0.0,1.4563106796116505,33.33333333333333,0.0,0.0,0.48543689320388345,100.0,0.0,0.0,,,,,4.854368932038835,30.0,20.0,10.0,,,,,1.9417475728155338,0.0,0.0,0.0,0.9708737864077669,50.0,0.0,0.0,,,,,,,,,,,,,,,,
636,Rei Sakamoto,56.886227544910184,13.684210526315791,6.315789473684211,11.228070175438596,43.11377245508982,6.944444444444445,5.555555555555555,11.11111111111111,47.70459081836327,12.133891213389122,7.112970711297072,12.552301255230125,34.73053892215569,5.172413793103448,5.747126436781609,11.494252873563218,5.189620758483033,0.0,0.0,3.8461538461538463,5.788423153692615,0.0,3.4482758620689653,10.344827586206897,1.1976047904191618,33.33333333333333,16.666666666666664,16.666666666666664,1.3972055888223553,57.14285714285714,14.285714285714285,0.0,1.3972055888223553,57.14285714285714,0.0,0.0,,,,,0.7984031936127743,25.0,0.0,0.0,0.19960079840319359,0.0,0.0,0.0,,,,,0.19960079840319359,0.0,0.0,0.0,0.39920159680638717,100.0,0.0,0.0,0.7984031936127743,50.0,0.0,25.0,0.19960079840319359,100.0,0.0,0.0,,,,
637,Reilly Opelka,54.6771476698484,12.466625590470322,5.483672211953173,16.245635654138425,44.985962942167326,6.140788816774838,3.5696455317024465,16.00099850224663,47.074677147669846,10.114503816793894,5.677480916030534,17.342557251908396,35.519371139809095,4.900411002213089,3.3828643692696807,15.681315207081884,3.537338573834924,0.6349206349206349,2.2222222222222223,4.1269841269841265,5.929253228523301,0.5681818181818182,2.462121212121212,14.583333333333334,2.358225715889949,49.047619047619044,6.190476190476191,14.761904761904763,2.7175743964065133,28.09917355371901,9.090909090909092,23.96694214876033,0.9994385176866929,67.41573033707866,4.49438202247191,6.741573033707865,0.011229646266142616,0.0,0.0,0.0,0.5053340819764177,33.33333333333333,6.666666666666667,28.888888888888886,0.2582818641212802,39.130434782608695,0.0,26.08695652173913,0.13475575519371139,16.666666666666664,8.333333333333332,8.333333333333332,0.4042672655811342,27.77777777777778,2.7777777777777777,2.7777777777777777,0.044918585064570464,25.0,0.0,0.0,0.145985401459854,7.6923076923076925,0.0,23.076923076923077,0.022459292532285232,0.0,50.0,0.0,,,,
638,Renzo Olivo,59.87202925045704,6.106870229007633,4.885496183206107,9.31297709923664,39.57952468007313,2.3094688221709005,2.5404157043879905,7.852193995381063,53.29067641681902,3.9451114922813035,4.459691252144083,9.605488850771868,28.153564899451556,2.5974025974025974,1.948051948051948,9.090909090909092,2.83363802559415,3.225806451612903,0.0,0.0,9.414990859232175,0.0,2.912621359223301,4.854368932038835,0.4570383912248629,20.0,40.0,20.0,0.6398537477148081,28.57142857142857,14.285714285714285,0.0,0.9140767824497258,80.0,10.0,10.0,0.09140767824497258,0.0,0.0,0.0,1.736745886654479,36.84210526315789,5.263157894736842,15.789473684210526,0.5484460694698354,0.0,0.0,16.666666666666664,0.09140767824497258,0.0,0.0,0.0,0.6398537477148081,0.0,0.0,0.0,0.09140767824497258,0.0,0.0,0.0,0.09140767824497258,0.0,100.0,0.0,0.4570383912248629,0.0,40.0,0.0,,,,
639,Ricardas Berankis,49.8500299940012,11.552346570397113,9.025270758122744,11.552346570397113,50.089982003599275,5.269461077844311,4.6706586826347305,13.41317365269461,46.130773845230955,9.752925877763328,9.232769830949286,11.443433029908972,39.29214157168566,4.732824427480916,5.343511450381679,13.893129770992365,0.7198560287942412,8.333333333333332,0.0,0.0,7.318536292741452,0.819672131147541,0.0,6.557377049180328,1.7996400719856027,43.333333333333336,10.0,20.0,1.7396520695860829,34.48275862068966,3.4482758620689653,24.137931034482758,0.7198560287942412,50.0,0.0,16.666666666666664,0.11997600479904018,50.0,0.0,0.0,0.23995200959808036,25.0,25.0,0.0,1.0797840431913617,0.0,11.11111111111111,22.22222222222222,0.11997600479904018,0.0,0.0,0.0,0.1799640071985603,33.33333333333333,0.0,33.33333333333333,0.11997600479904018,0.0,0.0,0.0,0.3599280143971206,0.0,16.666666666666664,16.666666666666664,,,,,,,,
640,Ricardo Hocevar,47.4025974025974,6.8493150684931505,2.73972602739726,16.43835616438356,52.5974025974026,3.7037037037037033,2.4691358024691357,13.580246913580247,41.55844155844156,4.6875,3.125,17.1875,47.4025974025974,2.73972602739726,1.36986301369863,10.95890410958904,3.2467532467532463,0.0,0.0,20.0,2.5974025974025974,25.0,0.0,50.0,0.6493506493506493,100.0,0.0,0.0,1.2987012987012987,0.0,50.0,0.0,0.6493506493506493,100.0,0.0,0.0,,,,,0.6493506493506493,0.0,0.0,0.0,0.6493506493506493,0.0,0.0,100.0,0.6493506493506493,0.0,0.0,0.0,0.6493506493506493,0.0,0.0,0.0,,,,,,,,,,,,,,,,
641,Riccardo Bonadio,40.21164021164021,7.017543859649122,5.263157894736842,14.473684210526317,59.78835978835979,4.424778761061947,2.0648967551622417,9.144542772861357,36.33156966490299,5.825242718446602,5.339805825242718,15.048543689320388,49.029982363315696,5.0359712230215825,2.5179856115107913,9.352517985611511,2.821869488536155,6.25,0.0,12.5,9.523809523809524,0.0,0.0,9.25925925925926,0.5291005291005291,33.33333333333333,33.33333333333333,0.0,0.5291005291005291,33.33333333333333,0.0,0.0,0.5291005291005291,66.66666666666666,0.0,0.0,,,,,,,,,,,,,,,,,0.5291005291005291,0.0,0.0,0.0,,,,,0.1763668430335097,0.0,0.0,0.0,,,,,,,,
642,Richard Gasquet,45.640697488401855,8.271994391868208,4.95969155275149,7.7988082719943925,54.33530635098385,5.46150448991609,3.8863535992933897,7.07345797144119,39.205727083666616,5.498316841783128,4.865857390594716,8.08936039987759,39.23772196448569,4.872082356538579,4.22994597900316,7.889104066863724,2.859542473204287,1.6783216783216783,1.3986013986013985,3.076923076923077,11.486162214045754,0.383008356545961,0.9401114206128134,2.9596100278551534,1.3357862741961286,50.29940119760479,11.377245508982035,10.179640718562874,1.6917293233082706,37.35224586288416,10.874704491725769,11.347517730496454,0.9198528235482322,64.34782608695652,3.91304347826087,5.6521739130434785,0.09198528235482323,47.82608695652174,13.043478260869565,0.0,0.5439129739241721,36.029411764705884,10.294117647058822,13.970588235294118,1.0118381059030557,28.458498023715418,9.881422924901186,18.57707509881423,0.3679411294192929,3.260869565217391,6.521739130434782,1.0869565217391304,0.5439129739241721,0.7352941176470588,1.4705882352941175,1.4705882352941175,0.28395456726923696,18.30985915492958,11.267605633802818,2.8169014084507045,0.22796352583586624,14.035087719298245,12.280701754385964,8.771929824561402,0.12398016317389218,38.70967741935484,12.903225806451612,19.35483870967742,0.04399296112621981,27.27272727272727,27.27272727272727,0.0
643,Richard Krajicek,41.25874125874126,22.033898305084744,10.16949152542373,13.559322033898304,58.74125874125874,13.095238095238097,11.904761904761903,9.523809523809524,27.27272727272727,17.94871794871795,7.6923076923076925,2.564102564102564,25.874125874125873,13.513513513513514,8.108108108108109,2.7027027027027026,,,,,9.79020979020979,0.0,7.142857142857142,0.0,11.188811188811188,31.25,18.75,37.5,20.97902097902098,20.0,20.0,23.333333333333332,0.6993006993006993,100.0,0.0,0.0,,,,,,,,,,,,,,,,,1.3986013986013985,0.0,0.0,0.0,2.097902097902098,0.0,0.0,33.33333333333333,0.6993006993006993,0.0,0.0,0.0,,,,,,,,
644,Rinky Hijikata,52.22755311857436,10.039370078740157,6.102362204724409,10.761154855643044,47.77244688142564,6.169296987087518,2.582496413199426,8.393113342898136,46.641535298149414,8.082292432035269,5.9515062454077885,10.50698016164585,35.60657984921179,5.871029836381136,2.8873917228103942,8.950914340712224,1.7135023989033584,2.0,2.0,2.0,9.869773817683344,1.3888888888888888,0.6944444444444444,4.513888888888888,1.8505825908156273,42.592592592592595,14.814814814814813,20.37037037037037,1.439342015078821,40.476190476190474,9.523809523809524,19.047619047619047,0.9252912954078136,40.74074074074074,11.11111111111111,22.22222222222222,0.034270047978067174,100.0,0.0,0.0,0.411240575736806,33.33333333333333,0.0,8.333333333333332,0.17135023989033585,20.0,0.0,20.0,0.2741603838245374,25.0,0.0,0.0,0.3427004797806717,20.0,0.0,0.0,0.3084304318026045,22.22222222222222,0.0,22.22222222222222,0.3084304318026045,0.0,0.0,22.22222222222222,0.1028101439342015,0.0,0.0,0.0,,,,
645,Rio Noguchi,51.21951219512195,1.5873015873015872,4.761904761904762,9.523809523809524,48.78048780487805,3.3333333333333335,0.0,13.333333333333334,42.27642276422765,1.9230769230769231,5.769230769230769,11.538461538461538,39.02439024390244,2.083333333333333,0.0,12.5,8.94308943089431,0.0,0.0,0.0,6.504065040650407,0.0,0.0,0.0,,,,,2.4390243902439024,33.33333333333333,0.0,66.66666666666666,,,,,,,,,,,,,,,,,,,,,0.8130081300813009,0.0,0.0,0.0,,,,,,,,,,,,,,,,
646,Robby Ginepri,48.37239583333333,9.825033647375504,5.518169582772544,11.978465679676985,51.627604166666664,4.287515762925599,4.791929382093317,10.08827238335435,41.40625,6.918238993710692,5.9748427672955975,12.89308176100629,45.37760416666667,3.5868005738880915,4.447632711621234,9.612625538020087,3.1901041666666665,6.122448979591836,0.0,2.0408163265306123,3.7109375,1.7543859649122806,5.263157894736842,8.771929824561402,1.6276041666666667,36.0,12.0,16.0,1.3020833333333335,25.0,15.0,30.0,0.9765625,66.66666666666666,0.0,6.666666666666667,0.06510416666666666,0.0,0.0,100.0,0.6510416666666667,40.0,0.0,10.0,0.06510416666666666,0.0,100.0,0.0,0.06510416666666666,0.0,0.0,0.0,0.6510416666666667,10.0,0.0,0.0,0.26041666666666663,0.0,0.0,0.0,0.32552083333333337,20.0,0.0,20.0,0.1953125,100.0,0.0,0.0,0.13020833333333331,50.0,0.0,0.0
647,Robert Kendrick,51.64835164835166,10.638297872340425,9.574468085106384,18.085106382978726,48.35164835164835,9.090909090909092,4.545454545454546,15.909090909090908,35.16483516483517,7.8125,7.8125,23.4375,38.46153846153847,1.4285714285714286,5.714285714285714,18.571428571428573,8.241758241758241,0.0,13.333333333333334,0.0,1.098901098901099,0.0,0.0,0.0,4.945054945054945,44.44444444444444,11.11111111111111,22.22222222222222,7.142857142857142,53.84615384615385,0.0,7.6923076923076925,,,,,,,,,1.098901098901099,50.0,0.0,0.0,,,,,0.5494505494505495,0.0,0.0,0.0,1.6483516483516485,0.0,0.0,0.0,1.6483516483516485,0.0,33.33333333333333,0.0,,,,,,,,,,,,
648,Roberto Bautista Agut,52.36150867149352,7.589034488302918,5.482755848540879,7.066484444087146,47.59639669978111,2.2463960378526577,2.3348368267444948,6.615371009109401,47.01970028624348,5.872873769024172,5.461056401074306,7.278424350940018,38.4829095807375,1.5642091446073068,1.9908116385911179,7.077225989936557,2.3236235056406804,1.2681159420289856,1.0869565217391304,0.7246376811594203,7.143458494696077,0.8839127872716559,1.9446081319976427,3.2410135533294047,0.9008250547230173,46.26168224299065,6.5420560747663545,7.943925233644859,0.7366560026940562,33.714285714285715,10.285714285714285,13.142857142857142,0.6987708368412191,53.01204819277109,14.457831325301203,8.433734939759036,0.012628388617612393,100.0,0.0,0.0,0.8545209631251053,33.004926108374384,8.374384236453201,10.83743842364532,0.5430207105573329,20.155038759689923,13.953488372093023,14.728682170542637,0.29045293820508505,13.043478260869565,4.3478260869565215,0.0,0.6019531907728574,4.195804195804196,6.293706293706294,2.097902097902098,0.08839872032328676,14.285714285714285,4.761904761904762,4.761904761904762,0.07577033170567436,11.11111111111111,22.22222222222222,5.555555555555555,0.18521636639164843,34.090909090909086,15.909090909090908,18.181818181818183,,,,
649,Roberto Carballes Baena,55.00064193092823,5.46218487394958,4.831932773109244,5.555555555555555,44.781101553472844,3.182339449541284,2.6949541284403673,5.5045871559633035,49.133393246886634,3.5798275411549514,4.651162790697675,5.9576691925790435,37.54012068301451,2.291381668946648,2.2571819425444595,5.64295485636115,2.9015277956091925,3.982300884955752,1.3274336283185841,0.4424778761061947,4.352291693413789,1.1799410029498525,1.1799410029498525,3.8348082595870205,0.693285402490692,55.55555555555556,16.666666666666664,9.25925925925926,0.7318012581846193,42.10526315789473,21.052631578947366,0.0,0.8730260623956863,57.35294117647059,13.23529411764706,4.411764705882353,0.05135447425856978,25.0,25.0,0.0,0.3723199383746309,48.275862068965516,3.4482758620689653,3.4482758620689653,1.1811529079471048,9.782608695652174,8.695652173913043,15.217391304347828,0.6804467839260496,0.0,3.7735849056603774,0.0,0.783155732443189,8.19672131147541,1.639344262295082,0.0,0.24393375272820644,21.052631578947366,15.789473684210526,0.0,0.12838618564642446,0.0,20.0,0.0,0.10270894851713956,12.5,25.0,0.0,0.012838618564642445,100.0,0.0,0.0
650,Roberto Cid,60.066006600660074,6.593406593406594,4.945054945054945,10.43956043956044,39.93399339933993,2.479338842975207,1.6528925619834711,4.958677685950414,52.8052805280528,5.0,5.0,11.25,31.683168316831683,2.083333333333333,2.083333333333333,5.208333333333334,2.9702970297029703,0.0,0.0,0.0,6.6006600660066,0.0,0.0,5.0,1.65016501650165,40.0,20.0,0.0,0.6600660066006601,0.0,0.0,0.0,0.9900990099009901,33.33333333333333,0.0,0.0,,,,,1.3201320132013201,25.0,0.0,25.0,0.6600660066006601,50.0,0.0,0.0,,,,,0.33003300330033003,0.0,0.0,0.0,,,,,,,,,0.33003300330033003,0.0,0.0,0.0,,,,
651,Roberto Marcora,55.91397849462365,1.9230769230769231,13.461538461538462,25.0,43.01075268817204,5.0,5.0,20.0,49.46236559139785,2.1739130434782608,15.217391304347828,21.73913043478261,34.40860215053764,6.25,3.125,18.75,5.376344086021505,0.0,0.0,40.0,7.526881720430108,0.0,14.285714285714285,14.285714285714285,,,,,,,,,,,,,,,,,,,,,,,,,,,,,,,,,,,,,,,,,1.0752688172043012,0.0,0.0,100.0,1.0752688172043012,0.0,0.0,100.0
652,Roberto Quiroz,60.17316017316018,5.755395683453238,4.316546762589928,16.546762589928058,39.82683982683983,4.3478260869565215,2.1739130434782608,10.869565217391305,54.112554112554115,2.4,4.0,16.8,9.956709956709958,4.3478260869565215,4.3478260869565215,21.73913043478261,,,,,26.406926406926406,0.0,1.639344262295082,8.19672131147541,2.1645021645021645,80.0,0.0,20.0,1.7316017316017316,50.0,0.0,0.0,1.7316017316017316,25.0,25.0,25.0,,,,,,,,,0.8658008658008658,0.0,0.0,0.0,0.8658008658008658,0.0,0.0,0.0,0.4329004329004329,0.0,0.0,0.0,0.4329004329004329,0.0,0.0,0.0,0.4329004329004329,100.0,0.0,0.0,0.8658008658008658,0.0,0.0,0.0,,,,
653,Robin Bertrand,48.34437086092716,5.47945205479452,8.21917808219178,15.068493150684931,51.65562913907284,1.282051282051282,8.974358974358974,7.6923076923076925,45.6953642384106,4.3478260869565215,8.695652173913043,14.492753623188406,48.34437086092716,1.36986301369863,8.21917808219178,8.21917808219178,1.3245033112582782,0.0,0.0,0.0,0.6622516556291391,0.0,0.0,0.0,0.6622516556291391,100.0,0.0,0.0,0.6622516556291391,0.0,0.0,0.0,,,,,,,,,,,,,1.3245033112582782,0.0,0.0,0.0,,,,,,,,,,,,,,,,,0.6622516556291391,0.0,0.0,100.0,0.6622516556291391,0.0,100.0,0.0
654,Robin Haase,53.95977372721559,9.056493884682586,5.256260920209669,8.270238788584741,45.859522313010686,4.248757923590886,3.3064930615041974,8.754497173205413,45.22313010685104,6.931897150799165,4.9166087560806115,8.947185545517721,26.618478944060342,4.073199527744982,2.9811097992916173,10.979929161747345,3.975487115021999,0.7905138339920948,0.7905138339920948,2.5691699604743086,14.974858579509743,0.2098635886673662,1.7313746065057714,5.194123819517314,1.1313639220615965,45.13888888888889,13.88888888888889,5.555555555555555,1.257071024512885,36.25,14.374999999999998,6.25,0.9899434318038969,67.46031746031747,7.936507936507936,2.380952380952381,0.04714016341923319,50.0,16.666666666666664,0.0,1.3670647391577624,18.96551724137931,12.068965517241379,13.793103448275861,1.3356379635449402,19.411764705882355,13.529411764705882,15.294117647058824,0.6442489000628535,10.975609756097562,6.097560975609756,1.2195121951219512,1.4849151477058453,5.291005291005291,5.291005291005291,2.1164021164021163,0.07071024512884978,11.11111111111111,44.44444444444444,0.0,0.1257071024512885,0.0,12.5,0.0,0.5578252671275927,36.61971830985916,19.718309859154928,5.633802816901409,0.01571338780641106,100.0,0.0,0.0
655,Robin Soderling,56.17338781311068,8.633776091081593,6.41998734977862,10.879190385831752,43.82661218688932,4.823672476692339,4.661532225374949,10.741791649777058,53.135548054716644,6.65329321297225,6.218655967903711,11.066532932129723,38.99449280511636,3.644646924829157,4.69248291571754,10.888382687927107,0.6040149227216202,11.76470588235294,5.88235294117647,5.88235294117647,3.339847219754841,1.0638297872340425,2.6595744680851063,7.9787234042553195,0.9948481080120802,57.14285714285714,8.928571428571429,12.5,1.1724995558713802,43.93939393939394,10.606060606060606,16.666666666666664,1.0126132527980103,57.89473684210527,12.280701754385964,3.508771929824561,0.08882572392965003,100.0,0.0,0.0,0.12435601350151003,28.57142857142857,28.57142857142857,0.0,0.08882572392965003,40.0,0.0,0.0,0.17765144785930007,0.0,0.0,10.0,0.12435601350151003,14.285714285714285,0.0,0.0,0.017765144785930005,0.0,100.0,0.0,0.017765144785930005,0.0,0.0,0.0,0.10659086871558003,50.0,0.0,16.666666666666664,,,,
656,Robin Vik,47.096774193548384,2.73972602739726,2.73972602739726,8.21917808219178,52.903225806451616,2.4390243902439024,3.6585365853658534,8.536585365853659,37.41935483870968,0.0,1.7241379310344827,10.344827586206897,40.0,1.6129032258064515,3.225806451612903,11.29032258064516,3.870967741935484,0.0,0.0,0.0,9.67741935483871,0.0,0.0,0.0,1.2903225806451613,50.0,0.0,0.0,1.935483870967742,33.33333333333333,0.0,0.0,1.935483870967742,33.33333333333333,0.0,0.0,,,,,0.6451612903225806,0.0,0.0,0.0,0.6451612903225806,0.0,100.0,0.0,1.935483870967742,0.0,33.33333333333333,0.0,0.6451612903225806,0.0,0.0,0.0,,,,,,,,,,,,,,,,
657,Rodrigo Pacheco Mendez,61.88436830835118,7.26643598615917,2.768166089965398,6.5743944636678195,37.901498929336185,1.1299435028248588,3.389830508474576,3.389830508474576,56.53104925053534,4.924242424242424,3.0303030303030303,6.8181818181818175,31.47751605995717,1.3605442176870748,2.7210884353741496,3.4013605442176873,0.8565310492505354,0.0,0.0,0.0,4.496788008565311,0.0,0.0,4.761904761904762,1.284796573875803,66.66666666666666,0.0,0.0,0.4282655246252677,0.0,50.0,0.0,0.4282655246252677,0.0,0.0,50.0,,,,,0.4282655246252677,100.0,0.0,0.0,0.21413276231263384,0.0,0.0,0.0,1.9271948608137044,22.22222222222222,0.0,0.0,1.070663811563169,0.0,0.0,0.0,0.21413276231263384,0.0,0.0,0.0,0.21413276231263384,0.0,100.0,0.0,0.21413276231263384,0.0,0.0,0.0,,,,
658,Roger Federer,49.32793878656555,12.344280860702153,7.46193532150497,10.461351910955536,50.6466684723727,5.197539942509526,3.914031686610067,8.947790627715758,43.31719483568075,9.001498078551423,7.259818927896829,10.89559043835081,29.6677500902853,4.686548995739501,4.08361229458308,11.339774802191114,1.3277582159624415,4.462388440288993,1.9124521886952826,1.1049723756906076,17.021036475261827,0.6332051452062061,1.7239092958493567,4.601511735844053,1.9969980137233656,46.62333992653292,11.246114721672788,11.415654139587454,2.335003611412062,36.515224746254226,13.60560657322378,10.246495891735139,1.170887504514265,68.144578313253,9.301204819277109,5.590361445783133,0.11906374142289634,43.60189573459716,10.42654028436019,2.3696682464454977,0.40007674250631997,33.286318758815234,13.540197461212976,14.809590973201692,0.6748826291079812,24.08026755852843,12.959866220735785,16.97324414715719,0.3464698447092813,6.677524429967427,6.188925081433225,2.1172638436482085,0.4807692307692308,5.28169014084507,6.103286384976526,2.3474178403755865,0.31035572408811846,12.727272727272727,10.181818181818182,4.363636363636364,0.3210771036475262,9.490333919156415,8.260105448154658,3.690685413005272,0.45819790538100397,44.95073891625616,15.270935960591133,11.453201970443349,0.027085590465872153,41.66666666666667,14.583333333333334,16.666666666666664
659,Rogerio Dutra Silva,59.199999999999996,10.81081081081081,6.756756756756757,0.0,40.8,3.9215686274509802,0.0,3.9215686274509802,52.0,7.6923076923076925,4.615384615384616,0.0,34.4,4.651162790697675,0.0,4.651162790697675,,,,,6.4,0.0,0.0,0.0,0.8,100.0,0.0,0.0,,,,,1.6,50.0,50.0,0.0,,,,,2.4,33.33333333333333,33.33333333333333,0.0,,,,,1.6,0.0,0.0,0.0,,,,,,,,,,,,,0.8,0.0,0.0,0.0,,,,
660,Roman Andres Burruchaga,52.54237288135594,8.38709677419355,8.38709677419355,10.32258064516129,44.74576271186441,8.333333333333332,2.272727272727273,12.878787878787879,46.779661016949156,5.797101449275362,7.246376811594203,10.869565217391305,38.983050847457626,4.3478260869565215,2.608695652173913,13.043478260869565,2.3728813559322033,14.285714285714285,0.0,0.0,2.711864406779661,0.0,0.0,0.0,0.6779661016949152,0.0,100.0,0.0,1.0169491525423728,66.66666666666666,0.0,0.0,0.3389830508474576,0.0,0.0,100.0,,,,,1.694915254237288,60.0,20.0,0.0,2.0338983050847457,66.66666666666666,0.0,33.33333333333333,0.3389830508474576,0.0,0.0,0.0,,,,,0.3389830508474576,100.0,0.0,0.0,,,,,,,,,,,,
661,Roman Safiullin,51.52114766262677,9.745559289486318,5.088814210273643,11.85789726356217,48.47885233737323,3.9795918367346936,3.36734693877551,12.244897959183673,43.90304229532525,8.056338028169014,4.845070422535212,11.887323943661972,42.715805095226315,3.35842501447597,3.3005211349160395,11.928199189345687,4.081127875340094,0.6060606060606061,0.0,6.0606060606060606,3.536977491961415,1.3986013986013985,1.3986013986013985,11.888111888111888,1.5087806084590651,49.18032786885246,11.475409836065573,22.950819672131146,0.9151620084095969,37.83783783783784,8.108108108108109,18.91891891891892,0.7914914667326243,59.375,18.75,15.625,0.02473410833539451,0.0,0.0,0.0,0.6430868167202572,23.076923076923077,7.6923076923076925,23.076923076923077,0.6678209250556517,11.11111111111111,7.4074074074074066,29.629629629629626,0.37101162503091767,13.333333333333334,0.0,6.666666666666667,0.4699480583724957,5.263157894736842,0.0,0.0,0.04946821667078902,0.0,50.0,0.0,0.14840465001236705,0.0,33.33333333333333,33.33333333333333,0.17313875834776157,28.57142857142857,57.14285714285714,0.0,,,,
662,Roy Smith,61.76470588235294,12.380952380952381,5.238095238095238,16.19047619047619,37.94117647058823,7.751937984496124,2.3255813953488373,17.829457364341085,53.23529411764706,9.392265193370166,4.41988950276243,16.022099447513813,32.05882352941177,4.587155963302752,2.7522935779816518,17.431192660550458,2.0588235294117645,0.0,0.0,28.57142857142857,2.0588235294117645,0.0,0.0,42.857142857142854,2.941176470588235,40.0,10.0,20.0,2.6470588235294117,44.44444444444444,0.0,0.0,3.2352941176470593,36.36363636363637,18.181818181818183,9.090909090909092,,,,,,,,,0.5882352941176471,50.0,0.0,50.0,,,,,0.29411764705882354,0.0,0.0,0.0,0.29411764705882354,100.0,0.0,0.0,0.29411764705882354,0.0,0.0,0.0,,,,,,,,
663,Ruben Bemelmans,49.696969696969695,6.910569105691057,5.691056910569105,15.447154471544716,50.303030303030305,1.6064257028112447,6.024096385542169,12.449799196787147,45.25252525252525,4.910714285714286,6.25,15.625,29.6969696969697,0.6802721088435374,4.761904761904762,16.3265306122449,1.4141414141414141,0.0,0.0,14.285714285714285,16.565656565656568,0.0,4.878048780487805,4.878048780487805,0.6060606060606061,0.0,0.0,33.33333333333333,1.8181818181818181,22.22222222222222,11.11111111111111,11.11111111111111,1.2121212121212122,83.33333333333334,0.0,0.0,0.20202020202020202,100.0,0.0,0.0,0.40404040404040403,0.0,0.0,0.0,0.8080808080808081,0.0,75.0,0.0,0.40404040404040403,50.0,0.0,0.0,0.40404040404040403,0.0,0.0,0.0,,,,,0.6060606060606061,0.0,0.0,33.33333333333333,0.40404040404040403,0.0,0.0,50.0,0.20202020202020202,0.0,0.0,100.0
664,Ruben Gonzales,54.32098765432099,6.8181818181818175,4.545454545454546,25.0,45.67901234567901,8.108108108108109,5.405405405405405,8.108108108108109,44.44444444444444,2.7777777777777777,5.555555555555555,27.77777777777778,14.814814814814813,0.0,8.333333333333332,0.0,1.2345679012345678,0.0,0.0,0.0,13.580246913580247,0.0,0.0,9.090909090909092,6.172839506172839,20.0,0.0,20.0,16.049382716049383,23.076923076923077,7.6923076923076925,15.384615384615385,1.2345679012345678,100.0,0.0,0.0,1.2345679012345678,0.0,0.0,0.0,,,,,,,,,,,,,,,,,1.2345679012345678,0.0,0.0,0.0,,,,,,,,,,,,
665,Ruben Ramirez Hidalgo,50.782361308677096,4.481792717086835,5.042016806722689,8.96358543417367,48.364153627311524,1.7647058823529411,2.941176470588235,8.823529411764707,46.088193456614505,3.7037037037037033,4.938271604938271,9.876543209876543,42.67425320056899,1.3333333333333335,2.666666666666667,9.666666666666666,3.8406827880512093,0.0,3.7037037037037033,0.0,4.836415362731152,0.0,2.941176470588235,0.0,0.42674253200568996,66.66666666666666,0.0,0.0,0.42674253200568996,66.66666666666666,0.0,33.33333333333333,0.1422475106685633,0.0,100.0,0.0,,,,,,,,,0.1422475106685633,0.0,100.0,0.0,0.2844950213371266,100.0,0.0,0.0,0.2844950213371266,0.0,0.0,0.0,,,,,,,,,,,,,,,,
666,Rudolf Molleker,52.65151515151515,6.115107913669065,4.316546762589928,10.071942446043165,47.34848484848485,5.2,4.0,12.4,48.67424242424242,4.280155642023346,4.280155642023346,10.505836575875486,40.53030303030303,6.074766355140187,3.2710280373831773,14.018691588785046,1.3257575757575757,0.0,0.0,14.285714285714285,5.303030303030303,0.0,0.0,3.571428571428571,0.5681818181818182,66.66666666666666,0.0,0.0,0.3787878787878788,0.0,50.0,0.0,1.1363636363636365,50.0,0.0,0.0,,,,,,,,,0.3787878787878788,0.0,50.0,0.0,0.7575757575757576,0.0,25.0,0.0,0.7575757575757576,0.0,25.0,0.0,,,,,,,,,0.1893939393939394,100.0,0.0,0.0,,,,
667,Rudy Coco,49.504950495049506,15.0,6.0,20.0,50.495049504950494,1.9607843137254901,2.941176470588235,20.588235294117645,43.56435643564357,12.5,6.8181818181818175,21.59090909090909,39.10891089108911,2.5316455696202533,2.5316455696202533,21.518987341772153,3.4653465346534658,0.0,0.0,0.0,9.900990099009901,0.0,0.0,10.0,0.9900990099009901,100.0,0.0,0.0,0.49504950495049505,0.0,0.0,100.0,0.49504950495049505,100.0,0.0,0.0,,,,,,,,,,,,,,,,,,,,,0.9900990099009901,50.0,0.0,50.0,0.9900990099009901,0.0,50.0,50.0,,,,,,,,
668,Ryan Harrison,52.42494226327945,6.607929515418502,7.488986784140969,13.656387665198238,47.57505773672055,5.825242718446602,5.825242718446602,8.737864077669903,43.648960739030024,5.291005291005291,8.465608465608465,14.285714285714285,34.41108545034642,6.7114093959731544,6.7114093959731544,11.409395973154362,4.618937644341801,0.0,0.0,0.0,10.854503464203233,2.127659574468085,2.127659574468085,0.0,1.6166281755196306,28.57142857142857,0.0,14.285714285714285,1.1547344110854503,0.0,20.0,20.0,0.6928406466512702,66.66666666666666,0.0,33.33333333333333,,,,,0.6928406466512702,33.33333333333333,33.33333333333333,33.33333333333333,0.23094688221709006,0.0,0.0,0.0,0.9237875288683602,0.0,0.0,25.0,0.9237875288683602,25.0,0.0,0.0,,,,,,,,,0.23094688221709006,0.0,0.0,0.0,,,,
669,Ryan Seggerman,65.0,15.384615384615385,6.153846153846154,13.846153846153847,35.0,2.857142857142857,7.142857142857142,15.714285714285714,38.0,13.157894736842104,6.578947368421052,14.473684210526317,28.000000000000004,3.571428571428571,5.357142857142857,14.285714285714285,17.5,2.857142857142857,2.857142857142857,11.428571428571429,4.5,0.0,0.0,33.33333333333333,5.5,54.54545454545454,0.0,27.27272727272727,1.5,0.0,66.66666666666666,0.0,2.5,60.0,20.0,0.0,,,,,1.0,0.0,50.0,0.0,,,,,0.5,0.0,0.0,0.0,0.5,0.0,0.0,0.0,,,,,0.5,0.0,0.0,0.0,,,,,,,,
670,Saidalo Saidkarimov,58.06451612903226,13.88888888888889,1.3888888888888888,8.333333333333332,41.935483870967744,0.0,0.0,9.615384615384617,50.0,14.516129032258066,1.6129032258064515,9.67741935483871,24.193548387096776,0.0,0.0,16.666666666666664,6.451612903225806,0.0,0.0,0.0,16.93548387096774,0.0,0.0,0.0,0.8064516129032258,0.0,0.0,0.0,,,,,0.8064516129032258,100.0,0.0,0.0,,,,,,,,,0.8064516129032258,0.0,0.0,0.0,,,,,,,,,,,,,,,,,,,,,,,,
671,Salvatore Caruso,57.35294117647059,4.102564102564102,5.47008547008547,8.88888888888889,42.64705882352941,2.9885057471264367,3.4482758620689653,3.9080459770114944,53.72549019607843,2.737226277372263,5.291970802919708,8.94160583941606,36.96078431372549,1.0610079575596816,3.4482758620689653,3.4482758620689653,1.2745098039215685,0.0,0.0,0.0,4.215686274509804,2.3255813953488373,4.651162790697675,4.651162790697675,0.39215686274509803,50.0,25.0,0.0,0.8823529411764706,77.77777777777779,0.0,0.0,0.6862745098039216,28.57142857142857,28.57142857142857,14.285714285714285,,,,,0.49019607843137253,40.0,0.0,40.0,0.29411764705882354,33.33333333333333,0.0,66.66666666666666,,,,,0.29411764705882354,0.0,0.0,0.0,0.09803921568627451,100.0,0.0,0.0,,,,,0.6862745098039216,28.57142857142857,0.0,0.0,,,,
672,Sam Querrey,51.170009551098374,12.225851609892674,8.212785814279048,14.092393840410638,48.829990448901626,5.623471882640587,4.49877750611247,12.029339853300733,44.53199617956065,9.651474530831099,8.36461126005362,14.47721179624665,39.4937917860554,4.957678355501813,4.71584038694075,12.4546553808948,2.1251193887297037,1.1235955056179776,2.247191011235955,2.247191011235955,5.659025787965616,0.8438818565400843,0.8438818565400843,8.016877637130802,1.7908309455587392,45.33333333333333,9.333333333333334,10.666666666666668,2.1251193887297037,28.08988764044944,11.235955056179774,11.235955056179774,1.265520534861509,62.264150943396224,7.547169811320755,15.09433962264151,0.04775549188156638,50.0,0.0,0.0,0.8834765998089781,32.432432432432435,13.513513513513514,24.324324324324326,0.4775549188156638,15.0,5.0,45.0,0.28653295128939826,0.0,8.333333333333332,0.0,0.7402101241642789,0.0,0.0,3.225806451612903,0.19102196752626552,25.0,0.0,25.0,0.28653295128939826,16.666666666666664,8.333333333333332,8.333333333333332,0.09551098376313276,0.0,25.0,75.0,,,,
673,Samuel Groth,42.98642533936652,13.684210526315791,9.473684210526317,14.736842105263156,57.01357466063348,8.333333333333332,13.095238095238097,6.746031746031746,18.32579185520362,3.7037037037037033,4.938271604938271,28.39506172839506,25.791855203619914,6.140350877192982,10.526315789473683,7.894736842105263,9.049773755656108,0.0,10.0,0.0,17.647058823529413,2.564102564102564,6.41025641025641,7.6923076923076925,12.217194570135746,31.48148148148148,16.666666666666664,7.4074074074074066,11.538461538461538,19.607843137254903,31.372549019607842,3.9215686274509802,0.904977375565611,100.0,0.0,0.0,0.4524886877828055,100.0,0.0,0.0,0.4524886877828055,50.0,0.0,50.0,,,,,0.22624434389140274,0.0,0.0,0.0,0.904977375565611,0.0,0.0,0.0,1.809954751131222,12.5,12.5,0.0,0.6787330316742082,0.0,0.0,0.0,,,,,,,,
674,Sanam Singh,46.808510638297875,9.090909090909092,6.8181818181818175,15.909090909090908,53.191489361702125,6.0,2.0,14.000000000000002,34.04255319148936,9.375,6.25,18.75,43.61702127659575,4.878048780487805,2.4390243902439024,14.634146341463413,9.574468085106384,0.0,0.0,11.11111111111111,3.1914893617021276,0.0,0.0,0.0,,,,,2.127659574468085,50.0,0.0,0.0,1.0638297872340425,100.0,0.0,0.0,,,,,1.0638297872340425,0.0,100.0,0.0,1.0638297872340425,0.0,0.0,0.0,,,,,3.1914893617021276,0.0,0.0,33.33333333333333,1.0638297872340425,0.0,0.0,0.0,,,,,,,,,,,,
675,Sandro Ehrat,47.8134110787172,7.926829268292683,6.097560975609756,12.804878048780488,52.1865889212828,2.793296089385475,3.35195530726257,11.1731843575419,45.18950437317784,5.806451612903226,6.451612903225806,12.258064516129032,41.98250728862974,2.7777777777777777,4.166666666666666,12.5,0.5830903790087464,0.0,0.0,0.0,7.871720116618077,0.0,0.0,0.0,0.8746355685131195,66.66666666666666,0.0,33.33333333333333,0.5830903790087464,50.0,0.0,0.0,0.5830903790087464,50.0,0.0,50.0,,,,,0.2915451895043732,0.0,0.0,0.0,1.1661807580174928,0.0,0.0,50.0,,,,,0.5830903790087464,0.0,0.0,0.0,,,,,,,,,0.2915451895043732,100.0,0.0,0.0,,,,
676,Sanjar Fayziev,51.86915887850467,8.108108108108109,2.7027027027027026,11.711711711711711,48.13084112149533,0.0,3.8834951456310676,12.62135922330097,43.925233644859816,4.25531914893617,3.1914893617021276,12.76595744680851,37.850467289719624,0.0,3.7037037037037033,11.11111111111111,2.803738317757009,0.0,0.0,0.0,6.5420560747663545,0.0,0.0,7.142857142857142,3.7383177570093453,50.0,0.0,12.5,2.803738317757009,0.0,16.666666666666664,16.666666666666664,0.9345794392523363,50.0,0.0,0.0,,,,,,,,,0.9345794392523363,0.0,0.0,100.0,0.46728971962616817,0.0,0.0,0.0,,,,,,,,,,,,,,,,,,,,
677,Santiago Giraldo,49.58263772954925,5.387205387205387,6.0606060606060606,9.764309764309765,50.41736227045075,3.9735099337748347,3.642384105960265,9.271523178807946,46.91151919866444,3.9145907473309607,5.6939501779359425,10.320284697508896,48.080133555926544,3.8194444444444446,3.125,9.722222222222223,0.8347245409015025,0.0,0.0,0.0,1.8363939899833055,9.090909090909092,0.0,0.0,0.667779632721202,50.0,25.0,0.0,,,,,0.667779632721202,50.0,25.0,0.0,,,,,0.1669449081803005,100.0,0.0,0.0,0.5008347245409015,0.0,66.66666666666666,0.0,0.1669449081803005,0.0,0.0,0.0,,,,,0.1669449081803005,0.0,0.0,0.0,,,,,,,,,,,,
678,Sargis Sargsian,40.343347639484975,5.319148936170213,4.25531914893617,11.702127659574469,59.65665236051502,6.474820143884892,7.194244604316546,7.194244604316546,34.763948497854074,1.2345679012345678,4.938271604938271,11.11111111111111,46.3519313304721,2.7777777777777777,6.481481481481481,8.333333333333332,0.8583690987124464,0.0,0.0,0.0,8.15450643776824,0.0,10.526315789473683,0.0,2.575107296137339,66.66666666666666,0.0,0.0,3.862660944206009,55.55555555555556,11.11111111111111,11.11111111111111,,,,,0.4291845493562232,100.0,0.0,0.0,0.4291845493562232,0.0,0.0,100.0,0.4291845493562232,0.0,0.0,0.0,0.8583690987124464,0.0,0.0,0.0,0.4291845493562232,0.0,0.0,0.0,0.4291845493562232,0.0,0.0,0.0,,,,,0.4291845493562232,0.0,0.0,100.0,,,,
679,Sascha Gueymard Wayenburg,49.57627118644068,7.6923076923076925,2.564102564102564,11.965811965811966,50.42372881355932,1.680672268907563,1.680672268907563,17.647058823529413,43.22033898305085,5.88235294117647,2.941176470588235,10.784313725490197,44.06779661016949,1.9230769230769231,0.9615384615384616,19.230769230769234,2.9661016949152543,0.0,0.0,0.0,5.084745762711865,0.0,0.0,0.0,1.694915254237288,50.0,0.0,25.0,0.423728813559322,0.0,0.0,100.0,0.423728813559322,100.0,0.0,0.0,,,,,1.2711864406779663,0.0,0.0,66.66666666666666,0.847457627118644,0.0,50.0,0.0,,,,,,,,,,,,,,,,,,,,,,,,
680,Scott Griekspoor,56.80672268907563,9.467455621301776,6.508875739644971,12.1301775147929,41.84873949579832,4.417670682730924,2.0080321285140563,14.056224899598394,52.268907563025216,8.038585209003216,6.430868167202572,12.861736334405144,32.436974789915965,3.6269430051813467,2.072538860103627,13.471502590673575,2.5210084033613445,0.0,0.0,0.0,6.722689075630252,0.0,0.0,10.0,1.0084033613445378,66.66666666666666,16.666666666666664,0.0,1.5126050420168067,33.33333333333333,11.11111111111111,11.11111111111111,0.5042016806722689,66.66666666666666,0.0,0.0,,,,,0.33613445378151263,50.0,50.0,0.0,0.8403361344537815,0.0,0.0,60.0,,,,,0.16806722689075632,0.0,0.0,100.0,,,,,0.16806722689075632,100.0,0.0,0.0,0.16806722689075632,0.0,0.0,100.0,,,,
681,Scoville Jenkins,58.745874587458744,15.730337078651685,7.303370786516854,19.662921348314608,41.254125412541256,4.8,3.2,13.600000000000001,49.504950495049506,12.666666666666668,7.333333333333333,17.333333333333336,32.67326732673268,1.0101010101010102,3.0303030303030303,12.121212121212121,0.6600660066006601,0.0,0.0,0.0,4.9504950495049505,0.0,0.0,6.666666666666667,5.2805280528052805,12.5,12.5,50.0,2.9702970297029703,33.33333333333333,11.11111111111111,44.44444444444444,1.9801980198019802,83.33333333333334,0.0,0.0,,,,,0.33003300330033003,0.0,0.0,0.0,,,,,,,,,0.33003300330033003,100.0,0.0,0.0,0.9900990099009901,66.66666666666666,0.0,33.33333333333333,0.33003300330033003,100.0,0.0,0.0,,,,,,,,
682,Sebastian Baez,54.94200526577955,7.162284678150499,5.012304105685792,9.143893278072788,44.92279228634455,4.118485664501822,2.360209092349121,8.585458577538413,49.24215470006404,5.505780346820809,5.144508670520231,9.595375722543352,36.269835622287054,2.2366097704532075,2.216990386501864,8.59329017068864,3.024265281434569,1.411764705882353,0.9411764705882352,1.411764705882353,5.443677506582224,1.6993464052287581,1.1764705882352942,6.7973856209150325,0.5763893830498826,56.79012345679012,3.7037037037037033,13.580246913580247,0.6973599943072654,50.0,6.122448979591836,20.408163265306122,0.7614032590905856,54.20560747663551,12.149532710280374,7.476635514018691,0.06404326478332029,33.33333333333333,11.11111111111111,0.0,0.7614032590905856,45.794392523364486,7.476635514018691,12.149532710280374,1.3733722336867573,30.05181347150259,7.253886010362693,15.025906735751295,0.44118693517398416,8.064516129032258,1.6129032258064515,4.838709677419355,1.0033444816053512,13.47517730496454,2.8368794326241136,2.127659574468085,0.08539101971109372,25.0,8.333333333333332,8.333333333333332,0.06404326478332029,33.33333333333333,22.22222222222222,0.0,0.04981142816480467,71.42857142857143,14.285714285714285,0.0,0.00711591830925781,100.0,0.0,0.0
683,Sebastian Fanselow,44.73684210526316,11.76470588235294,9.803921568627452,7.8431372549019605,55.26315789473685,7.936507936507936,12.698412698412698,3.1746031746031744,41.228070175438596,10.638297872340425,10.638297872340425,8.51063829787234,51.75438596491229,5.084745762711865,13.559322033898304,3.389830508474576,2.631578947368421,0.0,0.0,0.0,1.7543859649122806,0.0,0.0,0.0,,,,,0.8771929824561403,100.0,0.0,0.0,0.8771929824561403,100.0,0.0,0.0,,,,,,,,,,,,,,,,,0.8771929824561403,100.0,0.0,0.0,,,,,,,,,,,,,,,,
684,Sebastian Korda,49.94552920472639,9.395973154362416,6.9127516778523495,11.627516778523491,50.02933042822425,4.1876046901172534,4.991624790619766,10.469011725293132,44.69957261376016,6.936632920884889,6.805399325084364,11.904761904761903,38.25525852677449,2.9353778751369113,4.88499452354874,10.909090909090908,1.9022877734014916,1.762114537444934,3.0837004405286343,2.643171806167401,8.30470124863823,0.30272452068617556,2.320887991927346,5.852674066599395,1.2486382301181598,54.36241610738255,10.738255033557047,12.751677852348994,2.0363697309980724,38.2716049382716,13.580246913580247,17.695473251028808,0.9469538255258527,66.3716814159292,7.964601769911504,11.504424778761061,0.05028073409871785,16.666666666666664,16.666666666666664,50.0,0.5111874633369647,27.86885245901639,9.836065573770492,22.950819672131146,0.6536495432833319,12.82051282051282,12.82051282051282,21.794871794871796,0.20950305874465766,12.0,20.0,0.0,0.4106259951395291,4.081632653061225,8.16326530612245,0.0,0.27654403754294815,15.151515151515152,15.151515151515152,9.090909090909092,0.30168440459230705,13.88888888888889,11.11111111111111,16.666666666666664,0.15084220229615353,27.77777777777778,5.555555555555555,16.666666666666664,0.016760244699572616,100.0,0.0,0.0
685,Sebastian Ofner,53.193517635843655,10.125448028673835,4.480286738351254,13.709677419354838,46.80648236415634,5.193482688391039,3.6659877800407332,10.386965376782078,48.90371782650143,8.57699805068226,4.483430799220272,13.54775828460039,40.371782650143,4.7225501770956315,3.3057851239669422,9.799291617473434,1.4299332697807436,6.666666666666667,0.0,0.0,4.480457578646329,1.0638297872340425,3.1914893617021276,11.702127659574469,0.8102955195424213,29.411764705882355,5.88235294117647,35.294117647058826,0.8102955195424213,41.17647058823529,5.88235294117647,17.647058823529413,1.1439466158245948,62.5,4.166666666666666,12.5,0.047664442326024785,0.0,100.0,0.0,0.3813155386081983,12.5,0.0,25.0,0.7626310772163966,6.25,18.75,31.25,0.09532888465204957,0.0,0.0,0.0,0.19065776930409914,0.0,0.0,0.0,0.14299332697807435,33.33333333333333,0.0,33.33333333333333,0.14299332697807435,66.66666666666666,0.0,0.0,0.2859866539561487,16.666666666666664,33.33333333333333,33.33333333333333,,,,
686,Sebastien Grosjean,52.51712838844206,8.90527509926262,5.955757231990924,11.457742484401589,47.45308310991957,3.2015065913371,3.389830508474576,6.96798493408663,47.4232946082812,7.4120603015075375,6.092964824120603,11.934673366834172,33.60142984807864,2.925531914893617,3.102836879432624,7.092198581560284,2.6511766458147155,1.1235955056179776,1.1235955056179776,1.1235955056179776,10.843014596365803,0.0,2.4725274725274726,3.8461538461538463,1.0425975573428656,54.285714285714285,8.571428571428571,11.428571428571429,1.370271075364909,23.91304347826087,15.217391304347828,23.91304347826087,0.5659815311289842,57.89473684210527,5.263157894736842,26.31578947368421,0.05957700327673518,50.0,0.0,0.0,0.3276735180220435,36.36363636363637,9.090909090909092,9.090909090909092,0.41703902293714623,14.285714285714285,7.142857142857142,28.57142857142857,0.2680965147453083,0.0,11.11111111111111,11.11111111111111,1.012809055704498,11.76470588235294,2.941176470588235,2.941176470588235,0.05957700327673518,50.0,0.0,0.0,0.11915400655347036,0.0,25.0,0.0,0.17873100983020554,50.0,16.666666666666664,0.0,0.02978850163836759,0.0,0.0,100.0
687,Seong Chan Hong,63.905325443786985,5.555555555555555,0.0,12.037037037037036,36.09467455621302,4.918032786885246,0.0,8.19672131147541,51.4792899408284,1.1494252873563218,0.0,13.793103448275861,15.976331360946746,0.0,0.0,7.4074074074074066,7.100591715976331,8.333333333333332,0.0,8.333333333333332,15.976331360946746,3.7037037037037033,0.0,7.4074074074074066,2.9585798816568047,60.0,0.0,0.0,1.7751479289940828,33.33333333333333,0.0,33.33333333333333,,,,,,,,,0.591715976331361,100.0,0.0,0.0,0.591715976331361,0.0,0.0,0.0,0.591715976331361,0.0,0.0,0.0,1.183431952662722,50.0,0.0,0.0,1.183431952662722,0.0,0.0,0.0,0.591715976331361,0.0,0.0,0.0,,,,,,,,
688,Sergey Fomin,48.04469273743017,7.55813953488372,3.1976744186046515,10.174418604651162,50.13966480446928,1.6713091922005572,3.3426183844011144,7.242339832869081,44.97206703910614,7.453416149068323,3.4161490683229814,10.869565217391305,43.85474860335196,1.2738853503184715,2.8662420382165608,7.32484076433121,1.8156424581005588,0.0,0.0,0.0,5.027932960893855,0.0,5.555555555555555,8.333333333333332,0.27932960893854747,0.0,0.0,0.0,0.27932960893854747,100.0,0.0,0.0,0.13966480446927373,100.0,0.0,0.0,,,,,0.27932960893854747,50.0,0.0,0.0,0.27932960893854747,0.0,0.0,0.0,0.5586592178770949,0.0,0.0,0.0,0.6983240223463687,0.0,20.0,0.0,,,,,,,,,,,,,,,,
689,Sergiy Stakhovsky,43.8828967642527,8.98876404494382,5.547752808988764,12.429775280898877,56.02465331278891,5.9405940594059405,5.665566556655666,9.24092409240924,33.68258859784283,3.110704483074108,4.117108874656908,13.632204940530649,25.331278890600924,4.257907542579075,5.7177615571776155,10.827250608272507,2.126348228043143,1.4492753623188406,2.898550724637681,7.246376811594203,21.818181818181817,0.847457627118644,2.401129943502825,7.344632768361582,3.5747303543913715,37.93103448275862,12.931034482758621,6.896551724137931,5.51617873651772,31.843575418994412,13.40782122905028,8.379888268156424,1.386748844375963,57.77777777777777,11.11111111111111,8.88888888888889,0.030816640986132512,100.0,0.0,0.0,1.5408320493066257,22.0,18.0,12.0,1.3559322033898304,18.181818181818183,11.363636363636363,22.727272727272727,0.9553158705701078,9.67741935483871,3.225806451612903,12.903225806451612,1.140215716486903,0.0,10.81081081081081,0.0,0.5238828967642527,35.294117647058826,11.76470588235294,5.88235294117647,0.7704160246533128,0.0,24.0,8.0,0.09244992295839753,100.0,0.0,0.0,0.061633281972265024,50.0,0.0,0.0
690,Shintaro Mochizuki,49.47643979057592,9.523809523809524,7.4074074074074066,14.285714285714285,50.523560209424076,10.880829015544041,5.181347150259067,12.435233160621761,38.481675392670155,6.122448979591836,6.122448979591836,14.285714285714285,41.62303664921466,10.062893081761008,5.660377358490567,12.578616352201259,4.450261780104712,5.88235294117647,5.88235294117647,5.88235294117647,3.664921465968586,0.0,0.0,14.285714285714285,2.356020942408377,44.44444444444444,0.0,33.33333333333333,0.7853403141361256,0.0,0.0,33.33333333333333,1.3089005235602094,40.0,40.0,0.0,,,,,1.3089005235602094,40.0,20.0,20.0,2.356020942408377,33.33333333333333,11.11111111111111,11.11111111111111,1.3089005235602094,0.0,0.0,20.0,1.832460732984293,14.285714285714285,0.0,0.0,,,,,0.2617801047120419,100.0,0.0,0.0,0.2617801047120419,0.0,100.0,0.0,,,,
691,Sho Katayama,54.629629629629626,8.47457627118644,16.94915254237288,3.389830508474576,45.370370370370374,10.204081632653061,6.122448979591836,6.122448979591836,50.92592592592593,5.454545454545454,16.363636363636363,3.6363636363636362,39.81481481481482,11.627906976744185,6.976744186046512,6.976744186046512,0.9259259259259258,0.0,0.0,0.0,3.7037037037037033,0.0,0.0,0.0,0.9259259259259258,100.0,0.0,0.0,,,,,0.9259259259259258,0.0,100.0,0.0,,,,,,,,,,,,,0.9259259259259258,100.0,0.0,0.0,1.8518518518518516,0.0,0.0,0.0,,,,,,,,,,,,,,,,
692,Sho Shimabukuro,52.32558139534884,4.444444444444445,8.88888888888889,16.666666666666664,47.674418604651166,3.6585365853658534,1.2195121951219512,19.51219512195122,47.674418604651166,3.6585365853658534,8.536585365853659,15.853658536585366,36.627906976744185,3.1746031746031744,1.5873015873015872,17.46031746031746,1.744186046511628,0.0,0.0,0.0,8.13953488372093,0.0,0.0,7.142857142857142,2.3255813953488373,25.0,0.0,50.0,2.3255813953488373,25.0,0.0,75.0,,,,,,,,,0.5813953488372093,0.0,100.0,0.0,,,,,,,,,,,,,,,,,0.5813953488372093,0.0,0.0,100.0,,,,,,,,
693,Simone Bolelli,60.752688172043015,10.619469026548673,7.669616519174041,16.224188790560472,39.247311827956985,5.0228310502283104,2.28310502283105,14.15525114155251,57.34767025089605,9.375,7.5,16.875,26.344086021505376,5.442176870748299,2.7210884353741496,15.646258503401361,1.2544802867383513,0.0,0.0,14.285714285714285,11.648745519713263,1.5384615384615385,1.5384615384615385,10.76923076923077,0.7168458781362007,75.0,25.0,0.0,0.5376344086021506,33.33333333333333,0.0,0.0,0.8960573476702508,60.0,0.0,0.0,,,,,,,,,,,,,0.35842293906810035,0.0,50.0,0.0,0.35842293906810035,50.0,0.0,0.0,0.17921146953405018,0.0,0.0,0.0,0.17921146953405018,0.0,0.0,0.0,,,,,0.17921146953405018,0.0,0.0,100.0
694,Sjeng Schalken,45.3023758099352,7.270560190703218,7.270560190703218,9.296781883194278,54.6976241900648,5.034550839091807,4.244817374136229,7.601184600197433,41.84665226781858,5.290322580645161,7.225806451612904,9.806451612903226,44.16846652267819,4.034229828850855,3.7897310513447433,8.557457212713937,1.0259179265658747,0.0,5.263157894736842,0.0,7.397408207343413,3.64963503649635,1.4598540145985401,2.9197080291970803,1.0259179265658747,47.368421052631575,10.526315789473683,10.526315789473683,1.8898488120950323,34.285714285714285,25.71428571428571,5.714285714285714,0.6479481641468683,75.0,16.666666666666664,0.0,,,,,,,,,,,,,0.32397408207343414,16.666666666666664,0.0,0.0,0.593952483801296,0.0,9.090909090909092,9.090909090909092,0.26997840172786175,0.0,0.0,0.0,0.593952483801296,0.0,0.0,0.0,0.16198704103671707,33.33333333333333,0.0,0.0,0.05399568034557236,100.0,0.0,0.0
695,Somdev Devvarman,58.21917808219178,3.1372549019607843,4.705882352941177,6.666666666666667,41.78082191780822,1.639344262295082,1.092896174863388,8.19672131147541,55.70776255707762,1.639344262295082,4.508196721311475,6.967213114754098,29.68036529680365,0.7692307692307693,0.7692307692307693,6.923076923076923,0.684931506849315,0.0,0.0,0.0,9.817351598173515,0.0,0.0,6.976744186046512,0.684931506849315,66.66666666666666,0.0,0.0,1.36986301369863,33.33333333333333,16.666666666666664,50.0,0.684931506849315,66.66666666666666,33.33333333333333,0.0,,,,,0.228310502283105,0.0,0.0,0.0,0.228310502283105,0.0,0.0,0.0,0.228310502283105,0.0,0.0,0.0,0.684931506849315,0.0,0.0,0.0,,,,,,,,,,,,,,,,
696,Soon Woo Kwon,49.85285462036492,8.736717827626919,5.785123966942149,10.625737898465172,50.088287227781045,5.052878965922444,3.525264394829612,8.225616921269095,41.965862271924664,6.5918653576437585,5.890603085553997,11.50070126227209,41.43613890523837,3.5511363636363638,3.835227272727273,8.664772727272728,3.531489111241907,1.6666666666666667,1.6666666666666667,1.6666666666666667,5.826957033549147,2.0202020202020203,0.0,7.07070707070707,1.1183048852266038,57.89473684210527,5.263157894736842,10.526315789473683,0.7651559741024131,53.84615384615385,7.6923076923076925,7.6923076923076925,1.0005885815185402,23.52941176470588,23.52941176470588,5.88235294117647,0.05885815185403178,0.0,0.0,0.0,1.2948793407886992,36.36363636363637,4.545454545454546,13.636363636363635,1.353737492642731,30.434782608695656,8.695652173913043,4.3478260869565215,0.7651559741024131,15.384615384615385,0.0,7.6923076923076925,0.5885815185403178,20.0,0.0,0.0,0.11771630370806356,0.0,0.0,0.0,0.05885815185403178,0.0,0.0,0.0,0.05885815185403178,100.0,0.0,0.0,,,,
697,Stan Wawrinka,50.1443622733259,9.470175261376838,5.41441486943785,10.808626698318097,49.80498429743694,4.881769641495042,3.544368166793796,10.043224002034071,42.229763955019756,8.132421734436848,5.757466714645556,11.760825236895766,32.8690102319927,5.293573740175682,4.137771613499769,12.020342117429497,4.964036065241617,1.1224489795918366,1.9897959183673468,2.3979591836734695,14.557795562759598,0.7132915796798887,1.4439805149617257,5.549756437021572,1.0789180427514942,54.22535211267606,4.225352112676056,14.319248826291082,1.089048728598926,40.93023255813954,10.0,12.093023255813954,0.8661736399554251,52.33918128654971,8.771929824561402,8.47953216374269,0.06331678654644919,40.0,16.0,4.0,0.2912572181136663,32.17391304347826,6.086956521739131,19.130434782608695,0.38243339074055316,19.867549668874172,7.28476821192053,23.178807947019866,0.4305541485158545,4.705882352941177,4.117647058823529,0.5882352941176471,0.6939519805490832,0.7299270072992701,4.014598540145985,0.7299270072992701,0.10383952993617668,29.268292682926827,7.317073170731707,7.317073170731707,0.13169891601661432,19.230769230769234,11.538461538461538,9.615384615384617,0.1798196737919157,42.25352112676056,11.267605633802818,22.535211267605636,0.017728700233005774,57.14285714285714,28.57142857142857,14.285714285714285
698,Stefan Edberg,37.121212121212125,6.122448979591836,10.204081632653061,6.122448979591836,61.36363636363637,6.172839506172839,8.641975308641975,8.641975308641975,19.696969696969695,0.0,0.0,7.6923076923076925,27.27272727272727,0.0,5.555555555555555,2.7777777777777777,3.0303030303030303,0.0,0.0,25.0,18.939393939393938,0.0,0.0,16.0,9.090909090909092,25.0,33.33333333333333,0.0,10.606060606060606,28.57142857142857,28.57142857142857,14.285714285714285,1.5151515151515151,0.0,50.0,0.0,0.7575757575757576,0.0,0.0,0.0,0.7575757575757576,0.0,0.0,0.0,1.5151515151515151,50.0,50.0,0.0,2.272727272727273,0.0,0.0,0.0,,,,,0.7575757575757576,0.0,0.0,0.0,2.272727272727273,0.0,0.0,0.0,,,,,,,,
699,Stefan Koubek,57.065217391304344,0.9523809523809524,2.857142857142857,9.523809523809524,42.934782608695656,6.329113924050633,3.79746835443038,10.126582278481013,52.17391304347826,0.0,3.125,10.416666666666668,35.869565217391305,4.545454545454546,3.0303030303030303,10.606060606060606,2.717391304347826,0.0,0.0,0.0,4.3478260869565215,12.5,0.0,12.5,0.5434782608695652,100.0,0.0,0.0,1.6304347826086956,33.33333333333333,0.0,0.0,0.5434782608695652,0.0,0.0,0.0,1.0869565217391304,0.0,50.0,0.0,,,,,,,,,1.0869565217391304,0.0,0.0,0.0,,,,,,,,,,,,,,,,,,,,
700,Stefan Kozlov,62.5,8.88888888888889,7.222222222222221,8.055555555555555,37.32638888888889,6.976744186046512,5.5813953488372094,6.046511627906977,54.513888888888886,6.369426751592357,7.006369426751593,9.235668789808917,26.90972222222222,6.451612903225806,6.451612903225806,7.096774193548387,0.6944444444444444,0.0,0.0,0.0,5.208333333333334,0.0,3.3333333333333335,6.666666666666667,1.3888888888888888,37.5,25.0,0.0,1.215277777777778,42.857142857142854,0.0,0.0,0.1736111111111111,0.0,0.0,0.0,,,,,2.430555555555556,42.857142857142854,14.285714285714285,0.0,0.1736111111111111,100.0,0.0,0.0,2.951388888888889,11.76470588235294,0.0,0.0,3.4722222222222223,5.0,5.0,0.0,0.1736111111111111,0.0,0.0,0.0,0.3472222222222222,0.0,0.0,0.0,0.1736111111111111,100.0,0.0,0.0,,,,
701,Stefano Napolitano,50.48543689320388,23.076923076923077,9.615384615384617,9.615384615384617,49.51456310679612,7.8431372549019605,11.76470588235294,11.76470588235294,40.77669902912621,21.428571428571427,11.904761904761903,7.142857142857142,37.86407766990291,10.256410256410255,15.384615384615385,7.6923076923076925,0.9708737864077669,0.0,0.0,0.0,7.766990291262135,0.0,0.0,12.5,5.825242718446602,50.0,0.0,33.33333333333333,1.9417475728155338,0.0,0.0,100.0,,,,,,,,,,,,,,,,,1.9417475728155338,0.0,0.0,0.0,1.9417475728155338,0.0,0.0,0.0,,,,,,,,,0.9708737864077669,0.0,0.0,0.0,,,,
702,Stefano Travaglia,52.800000000000004,5.303030303030303,5.303030303030303,12.121212121212121,47.199999999999996,1.694915254237288,1.694915254237288,12.711864406779661,49.6,4.032258064516129,5.64516129032258,11.29032258064516,40.8,1.9607843137254901,1.9607843137254901,13.725490196078432,1.6,0.0,0.0,0.0,6.0,0.0,0.0,0.0,1.6,50.0,0.0,50.0,,,,,,,,,,,,,,,,,0.4,0.0,0.0,100.0,,,,,,,,,,,,,,,,,,,,,,,,
703,Stefanos Sakellaridis,55.14563106796116,5.28169014084507,5.633802816901409,8.098591549295776,44.85436893203884,4.329004329004329,1.7316017316017316,7.35930735930736,52.23300970873787,4.089219330855019,5.204460966542751,8.178438661710038,39.22330097087379,3.4653465346534658,0.9900990099009901,6.9306930693069315,1.1650485436893203,0.0,0.0,0.0,3.4951456310679614,0.0,0.0,5.555555555555555,0.7766990291262136,25.0,25.0,25.0,1.3592233009708738,42.857142857142854,14.285714285714285,28.57142857142857,0.3883495145631068,100.0,0.0,0.0,,,,,0.1941747572815534,0.0,0.0,0.0,,,,,,,,,0.7766990291262136,0.0,25.0,0.0,,,,,,,,,0.3883495145631068,50.0,50.0,0.0,,,,
704,Stefanos Tsitsipas,54.20055870511873,10.410429378102853,7.28388979421685,9.19013150414977,45.78300879138937,3.616133518776078,3.023913141011261,8.968549508726277,47.109933448360856,7.447133202528885,7.294528013952474,9.587965990843689,33.12176485087503,2.4248062015503877,2.914728682170543,9.711627906976744,2.417632076246816,1.6142735768903995,2.2939677145284625,1.3593882752761257,9.00706597650152,0.5017103762827821,1.1402508551881414,5.40478905359179,1.6165475310163504,50.31766200762389,9.91105463786531,10.419313850063533,1.4974118807000245,39.91769547325103,11.385459533607682,13.168724279835391,1.2755730835592802,67.31078904991948,9.178743961352657,5.636070853462158,0.030810944047325612,6.666666666666667,20.0,13.333333333333334,0.571029496343768,33.45323741007194,8.992805755395683,19.784172661870503,1.01059896475228,15.447154471544716,10.365853658536585,18.69918699186992,0.571029496343768,3.597122302158273,5.0359712230215825,2.158273381294964,0.9941664612603731,2.066115702479339,2.479338842975207,1.0330578512396695,0.19308191602990715,17.02127659574468,12.76595744680851,11.702127659574469,0.11091939857037221,24.074074074074073,7.4074074074074066,1.8518518518518516,0.44573165721797714,40.09216589861751,16.589861751152075,9.67741935483871,0.01027031468244187,40.0,20.0,0.0
705,Stephane Robert,46.95121951219512,9.090909090909092,4.1558441558441555,10.649350649350648,52.6829268292683,4.861111111111112,3.935185185185185,8.101851851851851,44.51219512195122,8.493150684931507,4.10958904109589,10.684931506849315,44.146341463414636,3.867403314917127,3.591160220994475,5.524861878453039,0.6097560975609756,0.0,0.0,20.0,4.2682926829268295,2.857142857142857,2.857142857142857,20.0,0.4878048780487805,25.0,0.0,25.0,1.097560975609756,22.22222222222222,22.22222222222222,22.22222222222222,0.3658536585365854,100.0,0.0,0.0,0.12195121951219512,0.0,0.0,0.0,0.3658536585365854,0.0,0.0,0.0,1.951219512195122,25.0,0.0,37.5,0.6097560975609756,0.0,20.0,0.0,1.097560975609756,0.0,11.11111111111111,0.0,,,,,,,,,,,,,,,,
706,Steve Darcis,48.833333333333336,7.963594994311718,4.2093287827076225,9.215017064846416,51.16666666666667,3.257328990228013,3.040173724212812,7.81758957654723,40.77777777777778,5.5858310626703,3.9509536784741144,10.490463215258854,9.722222222222223,5.714285714285714,4.571428571428571,9.714285714285714,5.166666666666667,3.225806451612903,1.0752688172043012,2.1505376344086025,38.166666666666664,0.8733624454148471,1.455604075691412,7.278020378457059,1.277777777777778,65.21739130434783,8.695652173913043,4.3478260869565215,1.5555555555555556,35.714285714285715,25.0,3.571428571428571,0.6666666666666667,33.33333333333333,16.666666666666664,0.0,0.1111111111111111,100.0,0.0,0.0,0.5,33.33333333333333,22.22222222222222,11.11111111111111,0.6111111111111112,9.090909090909092,9.090909090909092,36.36363636363637,0.2222222222222222,50.0,0.0,0.0,0.8333333333333334,6.666666666666667,13.333333333333334,0.0,0.05555555555555555,100.0,0.0,0.0,0.16666666666666669,0.0,0.0,0.0,0.16666666666666669,33.33333333333333,33.33333333333333,0.0,,,,
707,Steve Johnson,54.921724211880765,11.597032409215151,6.55993752440453,12.02655212807497,45.013939523911645,3.573130061934254,3.430204859456884,9.81419723677942,46.92258202873686,10.23765996343693,6.809872029250457,13.208409506398539,12.180999356637358,7.21830985915493,4.753521126760563,11.443661971830986,4.20330259489599,2.0408163265306123,1.0204081632653061,2.0408163265306123,29.76624490671242,0.6484149855907781,1.6570605187319885,8.645533141210375,1.0079348059189364,46.808510638297875,10.638297872340425,17.02127659574468,1.4368432339695476,35.82089552238806,17.91044776119403,14.925373134328357,0.8792622775037529,60.97560975609756,19.51219512195122,2.4390243902439024,,,,,0.6648080634784473,19.35483870967742,6.451612903225806,19.35483870967742,0.6433626420759168,0.0,16.666666666666664,36.666666666666664,0.8363714346986918,7.6923076923076925,2.564102564102564,0.0,0.922153120308814,2.3255813953488373,9.30232558139535,0.0,0.19300879262277504,44.44444444444444,11.11111111111111,0.0,0.06433626420759168,0.0,33.33333333333333,0.0,0.2144542140253056,90.0,0.0,0.0,,,,
708,Steven Diez,47.3186119873817,7.000000000000001,5.0,9.333333333333334,52.36593059936908,2.710843373493976,4.518072289156627,9.63855421686747,43.375394321766564,4.7272727272727275,5.454545454545454,9.090909090909092,49.21135646687697,2.2435897435897436,3.8461538461538463,10.256410256410255,1.7350157728706623,9.090909090909092,0.0,0.0,1.4195583596214512,11.11111111111111,11.11111111111111,0.0,0.31545741324921134,100.0,0.0,0.0,0.31545741324921134,0.0,0.0,0.0,0.6309148264984227,75.0,0.0,25.0,,,,,0.9463722397476341,33.33333333333333,0.0,33.33333333333333,0.47318611987381703,33.33333333333333,33.33333333333333,0.0,0.31545741324921134,0.0,0.0,0.0,0.9463722397476341,0.0,16.666666666666664,0.0,,,,,,,,,,,,,,,,
709,Strong Kirchheimer,64.04494382022472,3.508771929824561,7.894736842105263,7.894736842105263,35.95505617977528,3.125,1.5625,9.375,60.1123595505618,1.8691588785046727,8.411214953271028,7.476635514018691,28.651685393258425,3.9215686274509802,1.9607843137254901,7.8431372549019605,,,,,4.49438202247191,0.0,0.0,12.5,1.6853932584269662,0.0,0.0,33.33333333333333,,,,,1.1235955056179776,100.0,0.0,0.0,,,,,0.5617977528089888,0.0,0.0,0.0,,,,,0.5617977528089888,0.0,0.0,0.0,2.8089887640449436,0.0,0.0,20.0,,,,,,,,,,,,,,,,
710,Sumit Nagal,63.864042933810374,7.8431372549019605,6.442577030812324,8.96358543417367,34.883720930232556,2.564102564102564,2.564102564102564,8.205128205128204,60.64400715563506,6.1946902654867255,5.899705014749262,9.43952802359882,31.305903398926656,1.7142857142857144,2.857142857142857,8.571428571428571,0.17889087656529518,0.0,100.0,0.0,1.2522361359570662,0.0,0.0,14.285714285714285,0.7155635062611807,0.0,50.0,0.0,0.5366726296958855,66.66666666666666,0.0,0.0,1.4311270125223614,75.0,0.0,0.0,,,,,0.17889087656529518,0.0,0.0,0.0,,,,,0.5366726296958855,0.0,0.0,0.0,1.7889087656529516,0.0,0.0,0.0,,,,,,,,,0.17889087656529518,100.0,0.0,0.0,,,,
711,Takao Suzuki,44.67005076142132,14.772727272727273,10.795454545454545,13.068181818181818,55.32994923857868,6.422018348623854,3.669724770642202,9.63302752293578,21.065989847715734,6.024096385542169,6.024096385542169,9.63855421686747,10.152284263959391,12.5,0.0,22.5,5.32994923857868,0.0,19.047619047619047,9.523809523809524,29.187817258883246,0.8695652173913043,3.4782608695652173,6.086956521739131,13.451776649746192,26.41509433962264,13.20754716981132,16.9811320754717,11.421319796954315,15.555555555555555,4.444444444444445,8.88888888888889,2.284263959390863,55.55555555555556,11.11111111111111,22.22222222222222,0.5076142131979695,0.0,0.0,0.0,,,,,0.5076142131979695,0.0,50.0,50.0,0.25380710659898476,0.0,0.0,0.0,1.015228426395939,0.0,25.0,0.0,2.284263959390863,22.22222222222222,22.22222222222222,22.22222222222222,2.5380710659898478,10.0,0.0,0.0,,,,,,,,
712,Tallon Griekspoor,53.36725291454669,11.440582538848435,7.702124465130246,11.200360333308309,46.320259604983775,4.644525168655942,4.436948624805397,10.880470506832728,45.462922158567366,8.635882974973564,7.833979555868876,12.310539302079663,31.701454268659106,4.018703399469228,4.4357386579047136,13.130291924680904,3.1449060534433713,1.1464968152866242,1.019108280254777,1.6560509554140128,10.656624333960979,0.6390977443609023,1.8421052631578945,5.939849624060151,1.7146748928328193,57.009345794392516,10.74766355140187,6.5420560747663545,1.7787748888265695,34.68468468468468,18.46846846846847,7.207207207207207,1.3581186651175834,58.11209439528023,12.684365781710916,7.079646017699115,0.04807499699531269,41.66666666666667,25.0,8.333333333333332,0.677056207683987,27.218934911242602,8.875739644970414,13.609467455621301,0.49276871920195503,13.008130081300814,5.691056910569105,21.138211382113823,0.6209687111894555,12.903225806451612,5.161290322580645,0.6451612903225806,1.44625615960899,5.540166204986149,3.0470914127423825,0.0,0.18428748848203197,19.565217391304348,17.391304347826086,4.3478260869565215,0.18028123873242258,13.333333333333334,20.0,2.2222222222222223,0.20431873723007893,37.254901960784316,17.647058823529413,7.8431372549019605,0.01602499899843756,25.0,25.0,25.0
713,Taro Daniel,49.317295188556564,5.471324983520105,4.746209624258404,8.371786420566908,50.61768530559168,3.5966602440590876,3.4682080924855487,8.285163776493256,44.40832249674902,3.4407027818448026,4.538799414348463,8.638360175695462,44.31079323797139,2.347762289068232,3.59501100513573,8.363903154805575,2.2106631989596877,1.4705882352941175,1.4705882352941175,2.941176470588235,4.031209362808843,1.6129032258064515,3.225806451612903,4.032258064516129,0.8452535760728219,73.07692307692307,7.6923076923076925,3.8461538461538463,1.0728218465539663,54.54545454545454,0.0,18.181818181818183,0.5851755526657998,38.88888888888889,22.22222222222222,5.555555555555555,0.1625487646293888,20.0,0.0,40.0,0.6501950585175552,35.0,15.0,15.0,0.1950585175552666,16.666666666666664,16.666666666666664,16.666666666666664,0.45513654096228867,0.0,0.0,0.0,0.7802340702210664,8.333333333333332,0.0,4.166666666666666,0.032509752925877766,0.0,0.0,100.0,0.032509752925877766,0.0,0.0,0.0,0.13003901170351106,50.0,0.0,25.0,0.032509752925877766,0.0,0.0,0.0
714,Taylor Dent,47.43202416918429,15.286624203821656,7.643312101910828,11.464968152866243,52.567975830815705,10.919540229885058,5.172413793103448,13.793103448275861,10.876132930513595,11.11111111111111,2.7777777777777777,8.333333333333332,3.927492447129909,7.6923076923076925,7.6923076923076925,15.384615384615385,15.105740181268882,2.0,2.0,6.0,30.815709969788518,3.9215686274509802,1.9607843137254901,10.784313725490197,14.501510574018129,27.083333333333332,16.666666666666664,22.916666666666664,13.595166163141995,28.888888888888886,11.11111111111111,20.0,3.625377643504532,50.0,16.666666666666664,8.333333333333332,0.3021148036253776,0.0,0.0,0.0,0.3021148036253776,0.0,0.0,0.0,0.3021148036253776,0.0,0.0,100.0,0.6042296072507553,0.0,0.0,0.0,1.5105740181268883,20.0,20.0,0.0,2.416918429003021,0.0,0.0,0.0,2.1148036253776437,0.0,0.0,14.285714285714285,,,,,,,,
715,Taylor Fritz,51.39640298289223,8.741109530583214,5.768136557610242,9.978662873399715,48.55973095481795,3.3724781692261367,3.816621499548329,7.746160794941283,44.65930691621582,7.244004256364082,5.852500613898666,10.444462634034542,44.29375639713408,2.96277956589915,3.7798134851861023,7.840224478006107,3.538529024711215,0.6198347107438017,1.3429752066115703,3.71900826446281,2.672174294487498,0.4103967168262654,1.915184678522572,4.240766073871409,0.8188331627430911,48.214285714285715,10.267857142857142,9.821428571428571,0.7566895744991957,31.40096618357488,10.628019323671497,17.874396135265698,0.7859336160257347,60.0,10.69767441860465,5.5813953488372094,0.029244041526538967,50.0,37.5,0.0,0.9394648340400644,22.56809338521401,10.894941634241246,19.06614785992218,0.1864307647316859,15.686274509803921,7.8431372549019605,17.647058823529413,0.36920602427255444,12.871287128712872,2.9702970297029703,3.9603960396039604,0.5190817370960668,4.225352112676056,2.112676056338028,0.0,0.11697616610615587,9.375,0.0,6.25,0.07311010381634742,5.0,10.0,10.0,0.16815323877759908,58.69565217391305,13.043478260869565,4.3478260869565215,0.029244041526538967,25.0,12.5,0.0
716,Tennys Sandgren,52.39717055279015,6.4,5.0,9.6,47.57663086193345,5.011013215859031,3.7995594713656384,9.361233480176212,44.668587896253605,5.043988269794721,5.102639296187683,10.263929618768328,36.10165051087241,3.991291727140784,3.991291727140784,9.65166908563135,5.187319884726225,0.5050505050505051,1.5151515151515151,4.040404040404041,8.750327482315955,0.8982035928143712,1.1976047904191618,5.9880239520958085,0.9693476552266178,56.75675675675676,10.81081081081081,2.7027027027027026,1.2575320932669636,43.75,14.583333333333334,14.583333333333334,0.7597589730154571,51.724137931034484,10.344827586206897,13.793103448275861,0.052397170552790154,0.0,50.0,0.0,0.3143830233167409,16.666666666666664,8.333333333333332,16.666666666666664,0.8121561435682474,25.806451612903224,3.225806451612903,32.25806451612903,0.3143830233167409,8.333333333333332,0.0,0.0,0.6025674613570867,17.391304347826086,4.3478260869565215,0.0,0.026198585276395077,0.0,100.0,0.0,,,,,0.15719151165837045,33.33333333333333,16.666666666666664,33.33333333333333,,,,
717,Teymuraz Gabashvili,49.20520231213873,11.16005873715125,5.580029368575625,9.104258443465492,50.72254335260116,4.131054131054131,1.7094017094017095,9.116809116809117,46.459537572254334,9.17573872472784,5.132192846034215,9.486780715396579,42.99132947976879,3.0252100840336134,1.680672268907563,9.411764705882353,0.4335260115606936,0.0,0.0,0.0,4.76878612716763,0.0,3.0303030303030303,7.575757575757576,1.1560693641618496,56.25,6.25,0.0,1.6618497109826589,34.78260869565217,0.0,8.695652173913043,0.7225433526011561,70.0,20.0,10.0,0.1445086705202312,50.0,0.0,0.0,0.0722543352601156,0.0,100.0,0.0,0.4335260115606936,16.666666666666664,0.0,16.666666666666664,0.0722543352601156,0.0,0.0,0.0,0.5057803468208093,14.285714285714285,0.0,0.0,0.2167630057803468,0.0,33.33333333333333,0.0,0.2167630057803468,0.0,0.0,0.0,0.0722543352601156,100.0,0.0,0.0,,,,
718,Thai Son Kwiatkowski,60.42944785276073,4.060913705583756,5.0761421319796955,5.0761421319796955,34.04907975460122,5.405405405405405,0.0,8.108108108108109,39.87730061349693,3.8461538461538463,6.153846153846154,6.153846153846154,15.950920245398773,9.615384615384617,0.0,5.769230769230769,17.791411042944784,1.7241379310344827,1.7241379310344827,3.4482758620689653,15.030674846625766,0.0,0.0,12.244897959183673,0.6134969325153374,100.0,0.0,0.0,0.3067484662576687,100.0,0.0,0.0,,,,,,,,,,,,,,,,,1.5337423312883436,0.0,0.0,0.0,2.7607361963190185,0.0,0.0,0.0,,,,,,,,,0.6134969325153374,0.0,50.0,0.0,,,,
719,Thanasi Kokkinakis,54.96777658431794,10.112359550561797,6.863702979970689,11.26038104543234,44.79054779806659,3.0875299760191846,3.207434052757794,8.363309352517986,47.6906552094522,9.346846846846848,7.1509009009009015,11.88063063063063,34.65359828141783,2.9445951181712515,3.409531189461449,9.453700116234018,4.363587540279269,1.2307692307692308,2.1538461538461537,2.4615384615384617,8.16326530612245,0.6578947368421052,1.8092105263157896,5.263157894736842,0.550483351235231,43.90243902439025,9.75609756097561,21.951219512195124,0.4430719656283566,51.515151515151516,9.090909090909092,3.0303030303030303,0.9532760472610097,45.07042253521127,9.859154929577464,15.492957746478872,0.06713211600429646,60.0,0.0,0.0,0.24167561761546724,33.33333333333333,5.555555555555555,22.22222222222222,0.18796992481203006,14.285714285714285,7.142857142857142,14.285714285714285,0.550483351235231,2.4390243902439024,2.4390243902439024,2.4390243902439024,1.1949516648764769,0.0,3.3707865168539324,0.0,0.06713211600429646,0.0,0.0,0.0,0.06713211600429646,0.0,20.0,0.0,0.550483351235231,51.21951219512195,17.073170731707318,14.634146341463413,0.01342642320085929,100.0,0.0,0.0
720,Thiago Agustin Tirante,59.318637274549104,7.263513513513513,6.25,9.797297297297296,40.6813627254509,2.2167487684729066,2.4630541871921183,8.620689655172415,54.408817635270545,5.156537753222836,6.261510128913445,9.392265193370166,34.3687374749499,1.4577259475218658,1.749271137026239,8.454810495626822,1.1022044088176353,0.0,0.0,0.0,4.909819639278557,6.122448979591836,4.081632653061225,8.16326530612245,0.6012024048096193,83.33333333333334,16.666666666666664,0.0,0.2004008016032064,0.0,0.0,50.0,0.8016032064128256,37.5,0.0,37.5,,,,,1.6032064128256511,37.5,12.5,25.0,0.501002004008016,20.0,40.0,20.0,0.7014028056112225,0.0,0.0,0.0,0.7014028056112225,0.0,0.0,0.0,,,,,,,,,0.1002004008016032,100.0,0.0,0.0,,,,
721,Thiago Monteiro,54.90261920752183,7.706422018348624,6.7889908256880735,9.602446483180428,44.59368703828073,3.2379518072289155,4.442771084337349,8.433734939759036,49.79852249832102,6.136210384356035,7.0128118678354685,9.97977073499663,33.982538616521154,1.7786561264822136,5.0395256916996045,9.387351778656127,2.384150436534587,2.8169014084507045,0.0,0.0,8.562793821356616,2.3529411764705883,1.1764705882352942,4.313725490196078,0.6715916722632639,50.0,5.0,20.0,0.6380120886501007,63.1578947368421,10.526315789473683,10.526315789473683,0.7051712558764271,61.904761904761905,14.285714285714285,4.761904761904762,0.0671591672263264,100.0,0.0,0.0,0.6715916722632639,40.0,5.0,20.0,0.5708529214237743,23.52941176470588,11.76470588235294,17.647058823529413,0.5036937541974479,0.0,6.666666666666667,0.0,0.7387508394895903,4.545454545454546,4.545454545454546,4.545454545454546,0.10073875083948958,66.66666666666666,0.0,0.0,0.0335795836131632,0.0,0.0,0.0,0.0671591672263264,0.0,50.0,0.0,,,,
722,Thiago Seyboth Wild,56.73005219985085,10.187315149523496,5.389418337167269,11.304633585277687,43.251304996271436,3.9655172413793105,3.4482758620689653,10.431034482758621,48.639075316927666,8.202376389421234,5.672671521655807,11.805289382905327,35.60775540641312,3.0890052356020945,3.193717277486911,11.30890052356021,3.560775540641312,4.18848167539267,1.5706806282722512,4.712041884816754,4.511558538404175,2.066115702479339,2.8925619834710745,3.71900826446281,1.1558538404175989,50.0,6.451612903225806,6.451612903225806,0.8948545861297539,33.33333333333333,18.75,16.666666666666664,0.8762117822520507,48.93617021276596,4.25531914893617,10.638297872340425,0.05592841163310962,33.33333333333333,0.0,33.33333333333333,1.6219239373601788,36.7816091954023,6.896551724137931,17.24137931034483,0.7643549589858314,19.51219512195122,7.317073170731707,19.51219512195122,0.727069351230425,0.0,2.564102564102564,0.0,1.249067859806115,2.9850746268656714,0.0,0.0,0.07457121551081282,0.0,0.0,25.0,0.16778523489932887,11.11111111111111,0.0,0.0,0.07457121551081282,50.0,0.0,50.0,,,,
723,Thiemo De Bakker,57.1157495256167,8.305647840531561,4.152823920265781,12.624584717607974,42.69449715370019,6.0,4.444444444444445,11.555555555555555,47.34345351043643,5.61122244488978,3.6072144288577155,13.026052104208416,32.82732447817837,5.491329479768786,4.335260115606936,13.294797687861271,3.415559772296015,0.0,0.0,0.0,6.261859582542694,1.5151515151515151,3.0303030303030303,6.0606060606060606,1.8975332068311195,40.0,20.0,15.0,1.6129032258064515,29.411764705882355,17.647058823529413,11.76470588235294,0.5692599620493358,16.666666666666664,0.0,16.666666666666664,,,,,3.130929791271347,33.33333333333333,6.0606060606060606,21.21212121212121,0.5692599620493358,0.0,0.0,0.0,0.3795066413662239,25.0,25.0,0.0,1.1385199240986716,16.666666666666664,0.0,0.0,0.3795066413662239,25.0,0.0,0.0,0.09487666034155598,0.0,0.0,0.0,,,,,0.18975332068311196,0.0,0.0,0.0
724,Thijs Boogaard,46.27659574468085,8.045977011494253,6.896551724137931,13.793103448275861,53.72340425531915,5.9405940594059405,6.9306930693069315,8.91089108910891,42.02127659574468,5.063291139240507,7.59493670886076,13.924050632911392,50.0,5.319148936170213,7.446808510638298,8.51063829787234,1.5957446808510638,0.0,0.0,33.33333333333333,2.127659574468085,0.0,0.0,0.0,1.0638297872340425,0.0,0.0,0.0,1.5957446808510638,33.33333333333333,0.0,33.33333333333333,1.0638297872340425,100.0,0.0,0.0,,,,,,,,,,,,,,,,,,,,,0.5319148936170213,100.0,0.0,0.0,,,,,,,,,,,,
725,Thomas Enqvist,47.44268077601411,12.267657992565056,9.293680297397769,12.267657992565056,52.557319223985886,6.375838926174497,6.7114093959731544,8.389261744966444,44.97354497354497,10.196078431372548,9.803921568627452,11.76470588235294,43.738977072310405,5.241935483870968,7.258064516129033,8.870967741935484,0.5291005291005291,0.0,0.0,33.33333333333333,5.996472663139329,0.0,0.0,5.88235294117647,0.7054673721340388,75.0,0.0,0.0,2.2927689594356258,46.15384615384615,15.384615384615385,7.6923076923076925,0.7054673721340388,75.0,0.0,25.0,,,,,,,,,,,,,,,,,0.1763668430335097,0.0,0.0,0.0,0.1763668430335097,0.0,0.0,0.0,0.3527336860670194,0.0,0.0,0.0,0.3527336860670194,50.0,0.0,50.0,,,,
726,Thomas Fabbiano,60.19777503090234,10.130047912388775,7.597535934291582,7.871321013004791,39.71981870622167,4.045643153526971,5.29045643153527,9.439834024896266,55.74783683559951,8.573540280857355,7.5388026607538805,8.27790096082779,31.520395550061803,3.5294117647058822,4.967320261437909,9.934640522875817,1.9365471775854965,4.25531914893617,2.127659574468085,2.127659574468085,6.427688504326329,1.282051282051282,3.8461538461538463,7.051282051282051,0.865265760197775,52.38095238095239,23.809523809523807,0.0,0.4944375772558714,50.0,41.66666666666667,0.0,0.865265760197775,71.42857142857143,9.523809523809524,4.761904761904762,,,,,0.16481252575195715,25.0,0.0,25.0,0.3708281829419036,0.0,11.11111111111111,44.44444444444444,0.4120313143798929,20.0,10.0,0.0,0.7828594973217964,15.789473684210526,5.263157894736842,0.0,,,,,0.08240626287597858,0.0,0.0,0.0,0.20601565718994644,20.0,0.0,0.0,0.04120313143798929,100.0,0.0,0.0
727,Thomas Johansson,50.32835820895522,7.591933570581258,6.168446026097272,9.727164887307236,49.67164179104478,6.009615384615385,6.3701923076923075,8.774038461538462,44.656716417910445,4.679144385026738,6.149732620320856,10.026737967914439,39.64179104477612,5.421686746987952,6.475903614457831,9.487951807228916,1.9104477611940298,6.25,0.0,0.0,6.865671641791045,1.7391304347826086,3.4782608695652173,2.608695652173913,1.3134328358208955,50.0,13.636363636363635,13.636363636363635,1.1940298507462688,35.0,15.0,15.0,1.0149253731343284,52.94117647058824,11.76470588235294,5.88235294117647,0.11940298507462686,0.0,50.0,0.0,0.3582089552238806,33.33333333333333,0.0,16.666666666666664,0.835820895522388,21.428571428571427,14.285714285714285,28.57142857142857,0.5970149253731344,10.0,0.0,10.0,0.8955223880597015,13.333333333333334,0.0,0.0,0.11940298507462686,50.0,0.0,0.0,0.11940298507462686,0.0,0.0,0.0,0.3582089552238806,50.0,16.666666666666664,16.666666666666664,,,,
728,Thomas Muster,60.0,3.9215686274509802,7.8431372549019605,6.862745098039216,39.411764705882355,2.9850746268656714,2.9850746268656714,8.955223880597014,53.529411764705884,3.296703296703297,8.791208791208792,7.6923076923076925,25.294117647058822,4.651162790697675,4.651162790697675,11.627906976744185,3.5294117647058822,0.0,0.0,0.0,12.941176470588237,0.0,0.0,0.0,1.1764705882352942,50.0,0.0,0.0,1.1764705882352942,0.0,0.0,50.0,0.5882352941176471,0.0,0.0,0.0,,,,,,,,,,,,,,,,,,,,,0.5882352941176471,0.0,0.0,0.0,,,,,0.5882352941176471,0.0,0.0,0.0,,,,
729,Thomaz Bellucci,53.00825796303579,8.160237388724036,5.267062314540059,11.201780415430267,46.95241840346048,2.9313232830820772,3.6013400335008376,11.809045226130653,48.171451042076285,6.204081632653061,4.979591836734694,11.428571428571429,41.40778607943374,2.184235517568851,3.798670465337132,12.155745489078823,1.533621706645694,0.0,2.564102564102564,2.564102564102564,3.853716083366103,0.0,2.0408163265306123,7.142857142857142,0.5898545025560362,53.333333333333336,13.333333333333334,6.666666666666667,0.7078254030672434,38.88888888888889,5.555555555555555,16.666666666666664,0.47188360204482893,66.66666666666666,25.0,0.0,,,,,1.533621706645694,41.02564102564102,7.6923076923076925,20.51282051282051,0.39323633503735744,40.0,0.0,30.0,0.5505308690523004,14.285714285714285,7.142857142857142,7.142857142857142,0.5112072355485646,7.6923076923076925,0.0,0.0,0.11797090051120723,0.0,0.0,0.0,0.07864726700747149,0.0,0.0,0.0,0.039323633503735744,0.0,0.0,0.0,,,,
730,Ti Chen,48.06201550387597,11.29032258064516,8.064516129032258,3.225806451612903,51.93798449612403,2.9850746268656714,5.970149253731343,2.9850746268656714,44.18604651162791,8.771929824561402,7.017543859649122,3.508771929824561,47.286821705426355,1.639344262295082,6.557377049180328,1.639344262295082,1.550387596899225,0.0,0.0,0.0,3.875968992248062,0.0,0.0,20.0,2.3255813953488373,66.66666666666666,33.33333333333333,0.0,0.7751937984496124,100.0,0.0,0.0,,,,,,,,,,,,,,,,,,,,,,,,,,,,,,,,,,,,,,,,
731,Tim Henman,47.884980988593156,11.3151364764268,8.138957816377172,12.109181141439205,52.11501901140685,6.383948928408572,6.657546739626083,9.347925216598266,36.71577946768061,6.084142394822006,7.313915857605179,13.074433656957929,12.333650190114069,6.9364161849710975,6.551059730250482,13.680154142581888,2.328897338403042,3.061224489795918,1.0204081632653061,5.1020408163265305,29.348859315589355,0.5668016194331984,3.724696356275304,7.773279352226721,5.418250950570342,35.08771929824561,16.666666666666664,12.719298245614036,7.057984790874524,28.619528619528616,15.824915824915825,9.764309764309765,1.4020912547528517,62.71186440677966,5.084745762711865,8.47457627118644,0.4990494296577947,28.57142857142857,19.047619047619047,4.761904761904762,0.04752851711026616,0.0,0.0,50.0,0.4990494296577947,4.761904761904762,28.57142857142857,14.285714285714285,0.7842205323193916,21.21212121212121,9.090909090909092,6.0606060606060606,1.3783269961977187,5.172413793103448,5.172413793103448,8.620689655172415,1.1169201520912548,12.76595744680851,10.638297872340425,0.0,0.9743346007604563,4.878048780487805,14.634146341463413,0.0,0.07129277566539924,33.33333333333333,33.33333333333333,0.0,0.02376425855513308,0.0,0.0,0.0
732,Tim Smyczek,55.739644970414204,6.794055201698514,3.1847133757961785,13.588110403397028,44.260355029585796,3.7433155080213902,2.406417112299465,12.566844919786096,51.83431952662721,5.47945205479452,2.5114155251141552,13.926940639269406,36.33136094674556,2.2801302931596092,2.6058631921824107,13.680781758957655,2.2485207100591715,0.0,0.0,5.263157894736842,6.153846153846154,1.9230769230769231,0.0,9.615384615384617,1.0650887573964496,66.66666666666666,22.22222222222222,11.11111111111111,0.8284023668639053,57.14285714285714,14.285714285714285,0.0,0.35502958579881655,66.66666666666666,33.33333333333333,0.0,,,,,0.2366863905325444,0.0,50.0,50.0,,,,,,,,,0.8284023668639053,28.57142857142857,0.0,0.0,,,,,0.1183431952662722,0.0,0.0,0.0,,,,,,,,
733,Tim Van Rijthoven,51.589715233619025,12.165058949624866,7.877813504823152,13.558413719185422,48.299695880564,4.235832856325128,3.7206639954207215,11.333714939896966,44.567320984241086,9.739454094292805,7.6923076923076925,15.136476426799009,27.260160353884434,3.4482758620689653,4.563894523326572,15.517241379310345,3.372961017417749,0.0,5.737704918032787,4.098360655737705,18.191871716892454,1.3677811550151975,1.6717325227963524,5.927051671732523,0.9400055294442908,52.94117647058824,14.705882352941178,0.0,1.3270666298037046,56.25,6.25,8.333333333333332,1.050594415261266,86.8421052631579,5.263157894736842,0.0,0.0552944429084877,0.0,50.0,0.0,0.9123583079900469,42.42424242424242,21.21212121212121,6.0606060606060606,0.5529444290848771,10.0,20.0,10.0,0.33176665745092615,8.333333333333332,8.333333333333332,0.0,0.9123583079900469,6.0606060606060606,3.0303030303030303,0.0,,,,,,,,,0.41470832181365774,26.666666666666668,6.666666666666667,13.333333333333334,,,,
734,Timofey Skatov,60.985915492957744,6.928406466512701,4.387990762124711,12.471131639722865,35.49295774647888,2.7777777777777777,1.984126984126984,12.3015873015873,57.605633802816904,5.623471882640587,4.400977995110025,11.7359413202934,29.577464788732392,2.857142857142857,2.380952380952381,12.857142857142856,1.4084507042253522,20.0,0.0,10.0,4.084507042253521,0.0,0.0,6.896551724137931,0.5633802816901409,50.0,0.0,50.0,0.28169014084507044,50.0,0.0,0.0,0.7042253521126761,60.0,20.0,20.0,,,,,0.28169014084507044,0.0,0.0,100.0,,,,,0.28169014084507044,0.0,0.0,0.0,1.5492957746478873,0.0,0.0,18.181818181818183,,,,,,,,,0.14084507042253522,0.0,0.0,0.0,,,,
735,Titouan Droguet,44.099378881987576,9.859154929577464,4.225352112676056,16.901408450704224,44.72049689440994,0.0,1.3888888888888888,11.11111111111111,34.78260869565217,3.571428571428571,3.571428571428571,19.642857142857142,32.298136645962735,0.0,0.0,15.384615384615385,3.1055900621118013,0.0,0.0,0.0,9.937888198757763,0.0,0.0,0.0,2.484472049689441,50.0,0.0,25.0,,,,,,,,,,,,,1.2422360248447204,100.0,0.0,0.0,1.8633540372670807,0.0,33.33333333333333,0.0,2.484472049689441,25.0,25.0,0.0,0.6211180124223602,0.0,0.0,0.0,,,,,,,,,,,,,,,,
736,Tobias Kamke,52.49169435215947,7.59493670886076,5.69620253164557,8.544303797468354,47.50830564784053,5.944055944055944,0.6993006993006993,5.944055944055944,48.17275747508305,5.172413793103448,5.862068965517241,8.96551724137931,38.87043189368771,3.8461538461538463,0.8547008547008548,5.555555555555555,1.6611295681063125,10.0,0.0,0.0,6.146179401993355,0.0,0.0,8.108108108108109,0.4983388704318937,66.66666666666666,0.0,0.0,0.8305647840531563,60.0,0.0,0.0,0.9966777408637874,33.33333333333333,16.666666666666664,0.0,0.16611295681063123,100.0,0.0,0.0,0.16611295681063123,0.0,0.0,100.0,0.8305647840531563,40.0,0.0,20.0,0.6644518272425249,50.0,0.0,0.0,0.33222591362126247,0.0,0.0,0.0,,,,,0.16611295681063123,100.0,0.0,0.0,0.33222591362126247,100.0,0.0,0.0,0.16611295681063123,100.0,0.0,0.0
737,Todd Martin,47.474747474747474,11.48936170212766,8.085106382978724,12.340425531914894,52.52525252525253,7.6923076923076925,6.153846153846154,13.846153846153847,34.34343434343434,7.0588235294117645,6.470588235294119,12.941176470588237,28.888888888888886,6.993006993006993,3.4965034965034967,13.986013986013987,2.4242424242424243,0.0,8.333333333333332,8.333333333333332,13.333333333333334,0.0,4.545454545454546,9.090909090909092,8.080808080808081,27.500000000000004,15.0,12.5,7.6767676767676765,23.684210526315788,18.421052631578945,15.789473684210526,0.8080808080808081,75.0,0.0,0.0,0.20202020202020202,0.0,0.0,0.0,0.40404040404040403,50.0,0.0,0.0,0.40404040404040403,50.0,0.0,0.0,0.20202020202020202,0.0,0.0,0.0,,,,,1.2121212121212122,0.0,16.666666666666664,16.666666666666664,2.0202020202020203,0.0,10.0,40.0,,,,,,,,
738,Todd Reid,54.36507936507936,2.9197080291970803,3.64963503649635,14.5985401459854,45.63492063492063,0.8695652173913043,1.7391304347826086,6.956521739130435,50.39682539682539,2.3622047244094486,3.937007874015748,15.748031496062993,41.66666666666667,0.9523809523809524,1.9047619047619049,7.6190476190476195,3.1746031746031744,0.0,0.0,0.0,2.7777777777777777,0.0,0.0,0.0,,,,,0.3968253968253968,0.0,0.0,0.0,0.3968253968253968,100.0,0.0,0.0,,,,,0.3968253968253968,0.0,0.0,0.0,,,,,,,,,0.7936507936507936,0.0,0.0,0.0,,,,,,,,,,,,,,,,
739,Tomas Barrios Vera,47.63406940063091,8.609271523178808,5.960264900662252,15.45253863134658,51.9453207150368,5.870445344129554,4.4534412955465585,12.348178137651821,39.64248159831756,6.631299734748011,5.835543766578249,15.384615384615385,47.003154574132495,4.921700223713646,4.026845637583892,13.19910514541387,1.2618296529968454,0.0,0.0,0.0,1.8927444794952681,0.0,5.555555555555555,0.0,1.6824395373291272,31.25,6.25,12.5,1.2618296529968454,33.33333333333333,0.0,0.0,1.1566771819137749,36.36363636363637,9.090909090909092,27.27272727272727,0.10515247108307045,100.0,0.0,0.0,3.2597266035751837,9.67741935483871,6.451612903225806,19.35483870967742,0.5257623554153523,20.0,20.0,0.0,0.31545741324921134,33.33333333333333,33.33333333333333,0.0,0.8412197686645636,12.5,12.5,12.5,0.10515247108307045,0.0,0.0,0.0,,,,,0.2103049421661409,50.0,0.0,50.0,0.31545741324921134,0.0,33.33333333333333,33.33333333333333
740,Tomas Behrend,49.122807017543856,10.714285714285714,3.571428571428571,21.428571428571427,50.877192982456144,6.896551724137931,3.4482758620689653,27.586206896551722,45.614035087719294,7.6923076923076925,1.9230769230769231,21.153846153846153,39.473684210526315,6.666666666666667,4.444444444444445,26.666666666666668,,,,,9.649122807017543,0.0,0.0,27.27272727272727,0.8771929824561403,100.0,0.0,0.0,,,,,0.8771929824561403,0.0,100.0,0.0,,,,,0.8771929824561403,0.0,0.0,100.0,1.7543859649122806,50.0,0.0,50.0,,,,,,,,,0.8771929824561403,100.0,0.0,0.0,,,,,,,,,,,,
741,Tomas Berdych,53.287514318442156,10.249355116079107,6.096302665520207,10.361134995700775,46.712485681557844,3.6194212849436,3.9725355566454144,9.23982344286415,48.85681557846506,7.915220857169652,6.152114789458876,10.62552752508675,37.805269186712486,3.029935765361774,4.047994182523331,9.671554963034785,1.5395189003436427,2.380952380952381,1.488095238095238,0.8928571428571428,7.074455899198168,0.3238341968911917,1.8134715025906734,6.0880829015544045,1.168384879725086,54.509803921568626,6.666666666666667,11.76470588235294,1.140893470790378,38.55421686746988,12.449799196787147,14.859437751004014,0.9942726231386025,64.97695852534562,7.373271889400922,6.451612903225806,0.027491408934707903,33.33333333333333,50.0,0.0,0.16494845360824742,30.555555555555557,8.333333333333332,16.666666666666664,0.16494845360824742,16.666666666666664,13.88888888888889,25.0,0.07331042382588775,18.75,6.25,0.0,0.3711340206185567,8.641975308641975,0.0,2.4691358024691357,0.11912943871706758,26.923076923076923,11.538461538461538,23.076923076923077,0.11454753722794961,12.0,8.0,4.0,0.3711340206185567,48.148148148148145,9.876543209876543,16.049382716049383,0.013745704467353952,0.0,66.66666666666666,33.33333333333333
742,Tomas Machac,47.376093294460645,10.4,6.43076923076923,12.123076923076923,52.4198250728863,5.422691879866518,4.588431590656285,9.204671857619577,40.37900874635568,6.9675090252707585,6.678700361010831,12.888086642599278,44.34402332361516,4.503616042077581,4.273504273504273,9.171597633136095,3.0466472303206995,0.9569377990430622,0.4784688995215311,4.30622009569378,5.029154518950437,1.1594202898550725,2.898550724637681,5.507246376811594,1.8367346938775513,55.55555555555556,11.11111111111111,11.11111111111111,1.7784256559766762,31.967213114754102,9.836065573770492,16.39344262295082,1.239067055393586,70.58823529411765,4.705882352941177,7.0588235294117645,0.13119533527696794,11.11111111111111,33.33333333333333,11.11111111111111,0.37900874635568516,19.230769230769234,7.6923076923076925,23.076923076923077,0.641399416909621,22.727272727272727,18.181818181818183,22.727272727272727,0.21865889212827988,13.333333333333334,6.666666666666667,6.666666666666667,0.40816326530612246,7.142857142857142,3.571428571428571,7.142857142857142,0.16034985422740525,18.181818181818183,9.090909090909092,0.0,0.043731778425655975,33.33333333333333,0.0,0.0,0.11661807580174927,50.0,12.5,12.5,0.043731778425655975,33.33333333333333,33.33333333333333,0.0
743,Tomas Martin Etcheverry,56.7194685743485,6.426426426426427,4.714714714714715,6.666666666666667,43.229432805314254,2.52167060677699,2.955082742316785,7.171000788022066,51.4392778061659,4.13907284768212,4.403973509933775,6.986754966887417,36.19485607221938,1.5058823529411764,2.4941176470588236,7.294117647058823,2.0269119400442857,0.0,1.680672268907563,0.0,4.53074433656958,0.37593984962406013,2.2556390977443606,6.390977443609022,0.8516436722875149,57.99999999999999,16.0,2.0,0.8686765457332651,33.33333333333333,15.686274509803921,9.803921568627452,0.9538409129620167,67.85714285714286,8.928571428571429,5.357142857142857,0.034065746891500596,0.0,50.0,0.0,0.6131834440470108,44.44444444444444,8.333333333333332,16.666666666666664,0.630216317492761,27.027027027027028,13.513513513513514,13.513513513513514,0.39175608925225686,0.0,0.0,0.0,0.8005450519502639,2.127659574468085,2.127659574468085,0.0,0.22142735479475387,7.6923076923076925,23.076923076923077,7.6923076923076925,0.13626298756600239,25.0,12.5,0.0,0.22142735479475387,38.46153846153847,23.076923076923077,0.0,0.034065746891500596,50.0,0.0,0.0
744,Tomas Zib,45.378151260504204,11.11111111111111,3.7037037037037033,11.11111111111111,54.621848739495796,0.0,4.615384615384616,15.384615384615385,40.33613445378151,4.166666666666666,4.166666666666666,12.5,45.378151260504204,0.0,5.555555555555555,16.666666666666664,0.8403361344537815,0.0,0.0,0.0,9.243697478991598,0.0,0.0,9.090909090909092,3.361344537815126,75.0,0.0,0.0,,,,,,,,,,,,,,,,,,,,,,,,,,,,,0.8403361344537815,100.0,0.0,0.0,,,,,,,,,,,,
745,Tomasz Berkieta,50.68493150684932,13.513513513513514,6.306306306306306,10.81081081081081,48.858447488584474,3.7383177570093453,4.672897196261682,14.953271028037381,40.182648401826484,10.227272727272728,5.681818181818182,12.5,41.0958904109589,2.2222222222222223,4.444444444444445,15.555555555555555,4.5662100456621,0.0,10.0,0.0,4.10958904109589,0.0,11.11111111111111,11.11111111111111,1.36986301369863,100.0,0.0,0.0,0.91324200913242,50.0,0.0,0.0,2.28310502283105,40.0,20.0,0.0,,,,,0.45662100456621,0.0,0.0,100.0,0.45662100456621,0.0,0.0,100.0,1.36986301369863,0.0,0.0,0.0,2.28310502283105,20.0,0.0,0.0,,,,,,,,,0.45662100456621,100.0,0.0,0.0,,,,
746,Tommy Haas,46.15684364344862,7.766990291262135,5.698607007176023,9.983115238497255,53.823672674135416,4.778280542986425,3.819004524886878,9.55656108597285,40.370189965903556,5.622586872586872,5.670849420849421,10.81081081081081,32.17730150998539,4.72297910990009,4.420224038752649,11.262488646684831,2.484169508037019,3.1372549019607843,1.1764705882352942,0.39215686274509803,16.75596687773989,0.46511627906976744,1.1046511627906976,5.930232558139535,1.5489527520701412,40.25157232704403,9.433962264150944,9.433962264150944,2.0263029712615683,35.57692307692308,11.538461538461538,12.01923076923077,0.7014125669751583,63.888888888888886,8.333333333333332,9.722222222222223,0.04870920603994155,20.0,40.0,0.0,0.04870920603994155,40.0,20.0,0.0,1.227471992206527,14.285714285714285,11.904761904761903,19.841269841269842,0.6527033609352167,13.432835820895523,10.44776119402985,0.0,1.2664393570384802,3.8461538461538463,3.076923076923077,1.5384615384615385,0.25328787140769604,11.538461538461538,3.8461538461538463,0.0,0.3117389186556259,3.125,3.125,6.25,0.0974184120798831,30.0,20.0,20.0,0.00974184120798831,100.0,0.0,0.0
747,Tommy Paul,53.03083479568814,8.698118559137752,6.287227001985441,10.333743027323438,46.95913762847832,4.292120435618194,3.929105274396754,8.520179372197308,45.32464276761093,6.393805309734512,6.482300884955753,11.117256637168142,38.24517422913011,3.2249606712113263,4.037755637126376,8.50812794965915,4.251692153421911,1.2971698113207548,1.179245283018868,1.5330188679245282,6.136876410127852,0.7352941176470588,1.4705882352941175,6.290849673202614,1.459012283780396,56.3573883161512,8.934707903780069,14.776632302405499,1.4740536475307093,40.476190476190474,7.8231292517006805,16.3265306122449,1.0879919779393332,59.907834101382484,12.442396313364055,6.912442396313365,0.04512409125094008,22.22222222222222,11.11111111111111,11.11111111111111,0.26573075958886944,26.41509433962264,7.547169811320755,18.867924528301888,0.4211581850087741,19.047619047619047,14.285714285714285,22.61904761904762,0.3008272750062672,1.6666666666666667,8.333333333333332,1.6666666666666667,0.5314615191777389,5.660377358490567,2.8301886792452833,0.9433962264150944,0.20556530458761593,17.073170731707318,12.195121951219512,9.75609756097561,0.1002757583354224,20.0,15.0,10.0,0.13537227375282024,55.55555555555556,7.4074074074074066,7.4074074074074066,0.00501378791677112,0.0,0.0,100.0
748,Tommy Robredo,57.8621612579458,6.967331598727957,5.464006938421509,8.355015900549292,42.00401472064236,3.106332138590203,2.867383512544803,7.726005575467941,51.65607226497156,5.4404145077720205,5.505181347150259,8.905440414507773,30.545332887253263,2.7382256297918945,3.0668127053669223,8.981380065717415,3.345600535296086,0.5,1.5,0.5,9.116761458681834,0.9174311926605505,1.2844036697247707,3.1192660550458715,0.5687520910003346,41.17647058823529,11.76470588235294,14.705882352941178,0.6189360990297759,43.24324324324324,10.81081081081081,16.216216216216218,0.9033121445299431,62.96296296296296,16.666666666666664,3.7037037037037033,0.10036801605888257,66.66666666666666,0.0,0.0,0.33456005352960855,55.00000000000001,5.0,15.0,0.2843760455001673,0.0,5.88235294117647,29.411764705882355,0.7193041150886584,16.27906976744186,4.651162790697675,0.0,1.2378721980595517,4.054054054054054,4.054054054054054,2.7027027027027026,0.06691201070592172,0.0,0.0,25.0,0.06691201070592172,0.0,0.0,0.0,0.26764804282368687,37.5,0.0,12.5,0.03345600535296086,0.0,50.0,0.0
749,Tristan Schoolkate,60.26894865525673,11.156186612576064,7.505070993914807,14.198782961460447,39.60880195599022,3.3950617283950617,3.7037037037037033,8.024691358024691,51.46699266503667,8.31353919239905,7.600950118764846,16.152019002375297,25.4278728606357,2.8846153846153846,3.3653846153846154,10.096153846153847,4.278728606356968,0.0,0.0,0.0,10.757946210268948,0.0,4.545454545454546,3.4090909090909087,2.078239608801956,47.05882352941176,17.647058823529413,0.0,2.3227383863080684,26.31578947368421,0.0,10.526315789473683,1.3447432762836184,72.72727272727273,9.090909090909092,9.090909090909092,0.24449877750611246,0.0,50.0,0.0,0.6112469437652812,80.0,20.0,0.0,0.24449877750611246,0.0,0.0,0.0,0.36674816625916873,0.0,0.0,0.0,0.6112469437652812,0.0,0.0,0.0,0.12224938875305623,0.0,0.0,100.0,,,,,,,,,,,,
750,Tsung Hua Yang,55.10204081632652,4.713804713804714,5.387205387205387,8.080808080808081,44.89795918367347,3.3057851239669422,2.479338842975207,6.6115702479338845,49.90723562152134,2.973977695167286,4.4609665427509295,8.550185873605948,37.84786641929499,2.941176470588235,1.9607843137254901,7.352941176470589,2.782931354359926,0.0,6.666666666666667,0.0,5.380333951762523,0.0,0.0,3.4482758620689653,0.5565862708719851,66.66666666666666,0.0,0.0,0.927643784786642,20.0,40.0,0.0,1.2987012987012987,42.857142857142854,42.857142857142854,14.285714285714285,,,,,0.1855287569573284,0.0,0.0,0.0,0.7421150278293136,25.0,0.0,0.0,0.1855287569573284,100.0,0.0,0.0,,,,,0.1855287569573284,0.0,0.0,0.0,,,,,,,,,,,,
751,Tung Lin Wu,53.35689045936396,12.582781456953644,11.920529801324504,9.271523178807946,46.28975265017668,6.106870229007633,7.633587786259542,3.0534351145038165,52.29681978798587,11.486486486486488,12.162162162162163,9.45945945945946,41.342756183745585,5.982905982905983,7.6923076923076925,3.418803418803419,,,,,4.240282685512367,0.0,8.333333333333332,0.0,0.35335689045936397,0.0,0.0,0.0,0.7067137809187279,50.0,0.0,0.0,0.35335689045936397,100.0,0.0,0.0,,,,,,,,,,,,,,,,,,,,,,,,,,,,,0.35335689045936397,100.0,0.0,0.0,,,,
752,Ty Trombetta,48.64864864864865,5.555555555555555,4.62962962962963,10.185185185185185,51.35135135135135,5.263157894736842,3.508771929824561,16.666666666666664,44.5945945945946,5.05050505050505,5.05050505050505,11.11111111111111,47.74774774774775,3.7735849056603774,3.7735849056603774,17.92452830188679,3.6036036036036037,0.0,0.0,0.0,1.3513513513513513,0.0,0.0,0.0,0.45045045045045046,100.0,0.0,0.0,0.9009009009009009,100.0,0.0,0.0,,,,,,,,,,,,,0.45045045045045046,0.0,0.0,0.0,,,,,0.9009009009009009,0.0,0.0,0.0,,,,,,,,,,,,,,,,
753,Ugo Blanchet,61.79401993355482,11.29032258064516,9.13978494623656,6.451612903225806,38.205980066445186,1.7391304347826086,2.608695652173913,5.217391304347826,53.820598006644516,9.25925925925926,9.25925925925926,6.790123456790123,29.568106312292358,1.1235955056179776,0.0,5.617977528089887,4.318936877076411,0.0,0.0,0.0,6.64451827242525,0.0,5.0,5.0,0.9966777408637874,66.66666666666666,33.33333333333333,0.0,0.33222591362126247,0.0,100.0,0.0,1.3289036544850499,50.0,25.0,0.0,,,,,0.9966777408637874,33.33333333333333,0.0,33.33333333333333,0.9966777408637874,0.0,33.33333333333333,0.0,0.33222591362126247,100.0,0.0,0.0,0.6644518272425249,50.0,0.0,0.0,,,,,,,,,,,,,,,,
754,Ugo Humbert,52.758710574333136,10.046113306982871,5.813570487483531,11.824769433465086,47.206534016856374,5.043254187373458,4.932817964292288,9.7736057426836,47.00669041619602,8.983364140480592,6.007393715341959,12.476894639556377,40.272829959162394,4.25026968716289,5.372168284789644,10.032362459546926,3.623251368494222,0.9592326139088728,1.9184652278177456,2.6378896882494005,5.1003562429403075,1.5332197614991483,1.192504258943782,5.621805792163544,0.9383960378833955,53.70370370370371,7.4074074074074066,18.51851851851852,1.0252845599096359,48.30508474576271,7.627118644067797,12.711864406779661,0.6516639151968026,60.0,6.666666666666667,8.0,0.03475540881049614,0.0,0.0,75.0,0.2780432704839691,37.5,12.5,15.625,0.3649317925102094,14.285714285714285,4.761904761904762,26.190476190476193,0.1303327830393605,0.0,0.0,6.666666666666667,0.34755408810496136,5.0,0.0,7.5,0.06951081762099227,37.5,25.0,0.0,0.04344426101312017,40.0,20.0,0.0,0.06082196541836824,28.57142857142857,14.285714285714285,0.0,0.01737770440524807,50.0,0.0,50.0
755,Uladzimir Ignatik,39.6551724137931,6.521739130434782,3.260869565217391,21.73913043478261,60.3448275862069,5.714285714285714,2.857142857142857,14.285714285714285,33.62068965517241,3.8461538461538463,3.8461538461538463,23.076923076923077,46.55172413793103,6.481481481481481,2.7777777777777777,16.666666666666664,2.1551724137931036,0.0,0.0,0.0,10.344827586206897,0.0,0.0,0.0,2.1551724137931036,20.0,0.0,40.0,1.293103448275862,33.33333333333333,0.0,33.33333333333333,0.43103448275862066,100.0,0.0,0.0,,,,,0.8620689655172413,50.0,0.0,0.0,1.7241379310344827,0.0,0.0,25.0,0.43103448275862066,0.0,0.0,0.0,,,,,,,,,,,,,,,,,0.43103448275862066,0.0,100.0,0.0
756,Ulises Blanch,61.111111111111114,14.14141414141414,7.07070707070707,11.11111111111111,38.88888888888889,12.698412698412698,4.761904761904762,4.761904761904762,56.79012345679012,11.956521739130435,7.608695652173914,11.956521739130435,33.33333333333333,12.962962962962962,5.555555555555555,3.7037037037037033,1.2345679012345678,0.0,0.0,0.0,4.320987654320987,0.0,0.0,14.285714285714285,1.8518518518518516,66.66666666666666,0.0,0.0,0.6172839506172839,100.0,0.0,0.0,,,,,,,,,0.6172839506172839,100.0,0.0,0.0,,,,,,,,,0.6172839506172839,0.0,0.0,0.0,0.6172839506172839,0.0,0.0,0.0,,,,,,,,,,,,
757,Vaclav Safranek,55.08274231678487,7.296137339055794,4.721030042918455,10.300429184549357,44.91725768321513,3.684210526315789,2.631578947368421,12.105263157894736,52.00945626477541,6.8181818181818175,4.545454545454546,9.545454545454547,28.841607565011824,4.098360655737705,2.459016393442623,12.295081967213115,1.1820330969267139,0.0,0.0,0.0,13.47517730496454,0.0,1.7543859649122806,10.526315789473683,0.7092198581560284,33.33333333333333,0.0,33.33333333333333,0.9456264775413712,50.0,25.0,0.0,0.9456264775413712,25.0,25.0,25.0,,,,,0.2364066193853428,0.0,0.0,100.0,1.4184397163120568,0.0,0.0,33.33333333333333,,,,,0.2364066193853428,0.0,0.0,0.0,,,,,,,,,,,,,,,,
758,Valentin Royer,57.720588235294116,9.766454352441615,8.067940552016985,9.341825902335456,41.544117647058826,4.424778761061947,4.71976401179941,9.144542772861357,52.57352941176471,6.993006993006993,8.158508158508159,9.557109557109557,37.377450980392155,3.278688524590164,4.918032786885246,9.180327868852459,1.1029411764705883,0.0,0.0,0.0,1.715686274509804,0.0,0.0,0.0,0.7352941176470588,83.33333333333334,0.0,16.666666666666664,1.3480392156862746,45.45454545454545,9.090909090909092,18.181818181818183,1.9607843137254901,56.25,12.5,6.25,,,,,1.1029411764705883,11.11111111111111,11.11111111111111,11.11111111111111,0.24509803921568626,0.0,0.0,50.0,,,,,0.6127450980392157,0.0,0.0,0.0,0.24509803921568626,50.0,0.0,0.0,0.24509803921568626,0.0,0.0,0.0,,,,,,,,
759,Valentin Vacherot,52.9320987654321,8.16326530612245,5.539358600583091,10.204081632653061,46.60493827160494,3.3112582781456954,2.6490066225165565,9.602649006622517,48.30246913580247,5.7507987220447285,5.7507987220447285,10.543130990415335,39.660493827160494,1.9455252918287937,2.7237354085603114,10.116731517509727,2.1604938271604937,0.0,0.0,0.0,4.320987654320987,0.0,3.571428571428571,7.142857142857142,1.3888888888888888,55.55555555555556,0.0,22.22222222222222,1.0802469135802468,71.42857142857143,0.0,0.0,0.6172839506172839,75.0,25.0,0.0,0.30864197530864196,0.0,0.0,0.0,0.15432098765432098,100.0,0.0,0.0,0.7716049382716049,0.0,0.0,20.0,0.15432098765432098,0.0,0.0,0.0,0.4629629629629629,0.0,0.0,0.0,,,,,,,,,0.15432098765432098,100.0,0.0,0.0,,,,
760,Vasek Pospisil,52.787356321839084,12.629286880783885,6.477953184540011,14.262384322264563,47.1551724137931,4.996953077391835,3.7781840341255335,10.664229128580134,45.60344827586207,8.443604284814114,6.61625708884688,15.563957151858855,29.56896551724138,2.7210884353741496,3.69290573372206,12.050534499514091,1.9540229885057472,2.941176470588235,1.4705882352941175,0.0,13.275862068965516,0.8658008658008658,1.7316017316017316,4.761904761904762,2.8735632183908044,53.0,9.0,10.0,3.0172413793103448,39.04761904761905,11.428571428571429,22.857142857142858,1.0057471264367817,74.28571428571429,0.0,5.714285714285714,,,,,0.6609195402298851,39.130434782608695,8.695652173913043,13.043478260869565,0.3735632183908046,23.076923076923077,23.076923076923077,23.076923076923077,0.25862068965517243,0.0,0.0,0.0,0.4885057471264368,11.76470588235294,0.0,5.88235294117647,0.20114942528735633,28.57142857142857,14.285714285714285,0.0,0.43103448275862066,26.666666666666668,6.666666666666667,6.666666666666667,0.22988505747126436,75.0,12.5,0.0,,,,
761,Victor Estrella,58.922068463219226,6.798516687268233,4.8207663782447465,11.372064276885045,40.78659868900218,2.142857142857143,1.607142857142857,8.392857142857142,52.00291332847778,5.46218487394958,5.322128851540616,12.324929971988796,5.826656955571741,5.0,2.5,18.75,4.369992716678805,0.0,1.6666666666666667,1.6666666666666667,32.99344501092498,0.6622516556291391,1.3245033112582782,6.181015452538632,0.9468317552804079,69.23076923076923,0.0,0.0,0.3641660597232338,60.0,0.0,20.0,0.5826656955571741,62.5,0.0,12.5,,,,,0.29133284777858703,25.0,0.0,50.0,0.6554989075018208,11.11111111111111,0.0,33.33333333333333,0.5098324836125273,0.0,0.0,0.0,0.9468317552804079,7.6923076923076925,7.6923076923076925,0.0,0.07283321194464676,0.0,0.0,0.0,,,,,0.14566642388929352,50.0,0.0,0.0,,,,
762,Victor Hanescu,48.17391304347826,5.054151624548736,7.9422382671480145,4.693140794223827,51.65217391304348,4.040404040404041,3.7037037037037033,9.764309764309765,41.56521739130435,2.092050209205021,7.531380753138076,5.02092050209205,37.21739130434783,3.7383177570093453,5.14018691588785,9.345794392523365,2.4347826086956523,0.0,0.0,7.142857142857142,9.565217391304348,0.0,0.0,3.6363636363636362,1.391304347826087,62.5,12.5,0.0,2.2608695652173916,30.76923076923077,0.0,23.076923076923077,1.2173913043478262,42.857142857142854,14.285714285714285,0.0,,,,,1.391304347826087,12.5,12.5,0.0,1.0434782608695654,0.0,0.0,50.0,0.17391304347826086,0.0,100.0,0.0,1.2173913043478262,0.0,0.0,0.0,,,,,0.34782608695652173,0.0,0.0,50.0,,,,,,,,
763,Viktor Durasovic,58.252427184466015,12.083333333333334,5.0,11.666666666666666,41.74757281553398,3.488372093023256,8.13953488372093,13.953488372093023,50.24271844660194,7.246376811594203,5.314009661835748,12.560386473429952,33.25242718446602,3.64963503649635,7.2992700729927,16.05839416058394,2.669902912621359,0.0,0.0,9.090909090909092,6.067961165048544,0.0,4.0,4.0,2.1844660194174756,66.66666666666666,0.0,0.0,1.4563106796116505,16.666666666666664,16.666666666666664,16.666666666666664,1.9417475728155338,62.5,12.5,12.5,,,,,0.48543689320388345,100.0,0.0,0.0,0.7281553398058253,0.0,66.66666666666666,0.0,0.24271844660194172,0.0,0.0,0.0,0.24271844660194172,0.0,0.0,0.0,,,,,,,,,0.48543689320388345,50.0,0.0,0.0,,,,
764,Viktor Troicki,48.656979304271246,5.610859728506788,3.2579185520361995,10.04524886877828,51.34302069572876,4.459691252144083,4.459691252144083,11.49228130360206,40.422721268163805,2.7233115468409586,2.6143790849673203,10.348583877995644,45.882870981946276,3.8387715930902107,3.8387715930902107,11.036468330134356,3.786878027300748,2.3255813953488373,0.0,6.976744186046512,3.126376045794804,1.4084507042253522,2.8169014084507045,18.30985915492958,2.2016732716864817,32.0,8.0,10.0,1.5411712901805372,28.57142857142857,25.71428571428571,11.428571428571429,0.9247027741083224,71.42857142857143,9.523809523809524,4.761904761904762,0.044033465433729636,100.0,0.0,0.0,0.6164685160722149,28.57142857142857,14.285714285714285,21.428571428571427,0.044033465433729636,0.0,0.0,100.0,0.26420079260237783,0.0,16.666666666666664,0.0,0.5724350506384853,0.0,0.0,0.0,0.3522677234698371,0.0,12.5,12.5,0.13210039630118892,0.0,33.33333333333333,33.33333333333333,0.08806693086745927,0.0,100.0,0.0,,,,
765,Vilius Gaubas,59.74729241877257,3.927492447129909,3.3232628398791544,7.552870090634441,40.25270758122744,3.1390134529147984,1.7937219730941705,5.829596412556054,55.415162454873645,3.5830618892508146,3.5830618892508146,7.81758957654723,37.18411552346571,2.912621359223301,1.9417475728155338,6.310679611650485,2.166064981949458,0.0,0.0,0.0,1.6245487364620936,11.11111111111111,0.0,0.0,0.18050541516245489,0.0,0.0,0.0,,,,,0.18050541516245489,0.0,0.0,0.0,,,,,1.083032490974729,33.33333333333333,0.0,16.666666666666664,,,,,0.7220216606498195,0.0,0.0,0.0,1.444043321299639,0.0,0.0,0.0,,,,,,,,,,,,,,,,
766,Vincent Millot,58.82352941176471,9.090909090909092,1.8181818181818181,14.545454545454545,41.17647058823529,2.5974025974025974,2.5974025974025974,14.285714285714285,54.54545454545454,5.88235294117647,1.9607843137254901,15.686274509803921,36.898395721925134,2.898550724637681,2.898550724637681,14.492753623188406,1.06951871657754,0.0,0.0,0.0,3.7433155080213902,0.0,0.0,0.0,2.13903743315508,50.0,0.0,0.0,0.53475935828877,0.0,0.0,100.0,1.06951871657754,100.0,0.0,0.0,,,,,,,,,,,,,,,,,,,,,,,,,,,,,,,,,,,,
767,Vincent Spadea,37.41496598639456,4.242424242424243,3.0303030303030303,5.454545454545454,62.585034013605444,2.1739130434782608,2.1739130434782608,4.710144927536232,33.78684807256236,3.3557046979865772,2.684563758389262,5.369127516778524,58.27664399092971,1.556420233463035,2.3346303501945527,5.058365758754864,1.3605442176870748,16.666666666666664,0.0,0.0,2.947845804988662,0.0,0.0,0.0,0.45351473922902497,50.0,0.0,0.0,0.6802721088435374,66.66666666666666,0.0,0.0,0.45351473922902497,0.0,0.0,0.0,,,,,0.45351473922902497,0.0,0.0,50.0,,,,,0.6802721088435374,0.0,33.33333333333333,0.0,0.45351473922902497,0.0,0.0,0.0,0.22675736961451248,0.0,0.0,0.0,0.22675736961451248,0.0,0.0,0.0,,,,,,,,
768,Vincenzo Santopadre,52.55813953488372,12.389380530973451,1.7699115044247788,9.734513274336283,47.44186046511628,4.901960784313726,0.9803921568627451,4.901960784313726,40.46511627906977,10.344827586206897,2.2988505747126435,11.494252873563218,8.837209302325581,0.0,0.0,5.263157894736842,4.651162790697675,0.0,0.0,10.0,33.95348837209302,0.0,1.36986301369863,5.47945205479452,0.46511627906976744,0.0,0.0,0.0,0.9302325581395349,50.0,0.0,0.0,0.9302325581395349,50.0,0.0,0.0,,,,,3.7209302325581395,50.0,0.0,0.0,2.3255813953488373,80.0,0.0,0.0,1.8604651162790697,0.0,0.0,0.0,1.3953488372093024,0.0,0.0,0.0,0.46511627906976744,0.0,0.0,0.0,,,,,,,,,,,,
769,Vit Kopriva,46.402877697841724,6.2015503875969,6.976744186046512,10.077519379844961,53.597122302158276,6.7114093959731544,5.369127516778524,4.697986577181208,44.60431654676259,5.64516129032258,6.451612903225806,9.67741935483871,40.647482014388494,6.1946902654867255,6.1946902654867255,3.5398230088495577,0.7194244604316548,0.0,0.0,0.0,11.151079136690647,0.0,3.225806451612903,6.451612903225806,0.3597122302158274,100.0,0.0,0.0,,,,,0.3597122302158274,0.0,0.0,100.0,,,,,0.3597122302158274,0.0,100.0,0.0,1.7985611510791366,60.0,0.0,20.0,,,,,,,,,,,,,,,,,,,,,,,,
770,Vladimir Ivanov,44.585091420534454,11.987381703470032,6.624605678233439,7.886435331230284,55.27426160337553,2.5445292620865136,3.307888040712468,9.414758269720101,40.225035161744024,9.44055944055944,6.293706293706294,8.041958041958042,48.10126582278481,2.046783625730994,3.508771929824561,8.771929824561402,1.2658227848101267,0.0,0.0,0.0,6.329113924050633,2.2222222222222223,0.0,15.555555555555555,0.2812939521800281,100.0,0.0,0.0,0.2812939521800281,50.0,0.0,0.0,0.8438818565400843,50.0,16.666666666666664,0.0,,,,,0.9845288326300985,57.14285714285714,0.0,28.57142857142857,0.2812939521800281,50.0,50.0,0.0,0.5625879043600562,0.0,25.0,0.0,0.2812939521800281,0.0,0.0,0.0,,,,,,,,,0.42194092827004215,66.66666666666666,33.33333333333333,0.0,,,,
771,Vladimir Voltchkov,51.470588235294116,17.142857142857142,8.571428571428571,11.428571428571429,48.529411764705884,9.090909090909092,7.575757575757576,10.606060606060606,43.38235294117647,15.254237288135593,6.779661016949152,11.864406779661017,25.0,5.88235294117647,2.941176470588235,11.76470588235294,2.2058823529411766,0.0,33.33333333333333,0.0,10.294117647058822,0.0,7.142857142857142,7.142857142857142,4.411764705882353,33.33333333333333,16.666666666666664,16.666666666666664,10.294117647058822,28.57142857142857,21.428571428571427,14.285714285714285,0.7352941176470588,100.0,0.0,0.0,0.7352941176470588,0.0,0.0,0.0,,,,,0.7352941176470588,0.0,0.0,0.0,0.7352941176470588,0.0,0.0,0.0,1.4705882352941175,0.0,0.0,0.0,,,,,,,,,,,,,,,,
772,Wayne Arthurs,45.45454545454545,8.88888888888889,12.222222222222221,11.11111111111111,54.54545454545454,12.962962962962962,4.62962962962963,13.88888888888889,30.303030303030305,1.6666666666666667,5.0,8.333333333333332,22.727272727272727,0.0,4.444444444444445,15.555555555555555,1.0101010101010102,0.0,0.0,50.0,15.656565656565657,6.451612903225806,6.451612903225806,9.67741935483871,11.616161616161616,30.434782608695656,34.78260869565217,13.043478260869565,11.11111111111111,40.909090909090914,4.545454545454546,13.636363636363635,0.5050505050505051,0.0,0.0,100.0,2.525252525252525,40.0,0.0,20.0,,,,,1.0101010101010102,50.0,0.0,50.0,1.0101010101010102,0.0,0.0,0.0,1.0101010101010102,0.0,0.0,0.0,1.0101010101010102,0.0,0.0,0.0,0.5050505050505051,0.0,0.0,0.0,,,,,,,,
773,Wayne Ferreira,47.75086505190311,8.695652173913043,7.246376811594203,12.862318840579709,52.24913494809689,1.8211920529801324,3.145695364238411,11.258278145695364,43.59861591695502,6.746031746031746,7.341269841269842,13.690476190476192,40.05190311418685,1.7278617710583155,3.8876889848812093,13.174946004319654,1.8166089965397925,0.0,4.761904761904762,0.0,10.121107266435986,0.0,0.0,4.273504273504273,1.124567474048443,53.84615384615385,7.6923076923076925,0.0,1.2110726643598615,21.428571428571427,0.0,14.285714285714285,0.6055363321799307,57.14285714285714,14.285714285714285,14.285714285714285,0.08650519031141869,0.0,100.0,0.0,,,,,0.17301038062283738,0.0,0.0,0.0,0.08650519031141869,0.0,0.0,0.0,0.6055363321799307,0.0,0.0,0.0,0.08650519031141869,100.0,0.0,0.0,,,,,0.43252595155709345,40.0,0.0,20.0,,,,
774,Wayne Odesnik,49.77168949771689,10.091743119266056,1.834862385321101,16.51376146788991,50.2283105022831,3.6363636363636362,2.727272727272727,12.727272727272727,46.118721461187214,8.91089108910891,1.9801980198019802,16.831683168316832,43.37899543378995,2.1052631578947367,3.1578947368421053,13.684210526315791,1.82648401826484,0.0,0.0,0.0,5.47945205479452,0.0,0.0,8.333333333333332,,,,,0.45662100456621,100.0,0.0,0.0,1.36986301369863,33.33333333333333,0.0,33.33333333333333,,,,,0.45662100456621,100.0,0.0,0.0,0.45662100456621,0.0,0.0,0.0,,,,,,,,,,,,,0.45662100456621,100.0,0.0,0.0,,,,,,,,
775,Werner Eschauer,46.42857142857143,3.8461538461538463,7.6923076923076925,26.923076923076923,53.57142857142857,7.777777777777778,3.3333333333333335,14.444444444444443,41.07142857142857,2.898550724637681,4.3478260869565215,27.536231884057973,32.73809523809524,3.6363636363636362,0.0,12.727272727272727,1.1904761904761905,0.0,0.0,0.0,16.071428571428573,3.7037037037037033,11.11111111111111,18.51851851851852,2.976190476190476,0.0,60.0,40.0,1.1904761904761905,100.0,0.0,0.0,,,,,,,,,,,,,2.380952380952381,50.0,0.0,25.0,0.5952380952380952,0.0,0.0,0.0,1.1904761904761905,0.0,0.0,0.0,0.5952380952380952,100.0,0.0,0.0,,,,,,,,,,,,
776,Wesley Moodie,42.471042471042466,10.0,4.545454545454546,8.181818181818182,57.52895752895753,6.7114093959731544,5.369127516778524,14.093959731543624,28.57142857142857,2.7027027027027026,5.405405405405405,9.45945945945946,22.779922779922778,5.084745762711865,5.084745762711865,18.64406779661017,5.7915057915057915,0.0,0.0,0.0,22.00772200772201,0.0,0.0,8.771929824561402,5.405405405405405,42.857142857142854,7.142857142857142,14.285714285714285,11.196911196911197,20.689655172413794,17.24137931034483,13.793103448275861,,,,,,,,,0.3861003861003861,100.0,0.0,0.0,0.3861003861003861,100.0,0.0,0.0,1.1583011583011582,66.66666666666666,0.0,0.0,0.3861003861003861,0.0,0.0,100.0,1.1583011583011582,0.0,0.0,0.0,0.7722007722007722,0.0,0.0,0.0,,,,,,,,
777,Xavier Malisse,46.774193548387096,8.189655172413794,6.0344827586206895,11.206896551724139,52.82258064516129,2.6717557251908395,6.106870229007633,7.633587786259542,41.12903225806452,4.901960784313726,6.372549019607843,12.745098039215685,36.49193548387097,2.209944751381215,5.524861878453039,7.734806629834254,2.620967741935484,7.6923076923076925,0.0,0.0,14.31451612903226,1.4084507042253522,5.633802816901409,7.042253521126761,1.0080645161290323,80.0,0.0,0.0,1.0080645161290323,40.0,40.0,20.0,1.411290322580645,57.14285714285714,0.0,0.0,,,,,,,,,0.4032258064516129,0.0,0.0,0.0,0.20161290322580644,0.0,0.0,0.0,0.6048387096774194,0.0,0.0,0.0,0.20161290322580644,0.0,0.0,0.0,,,,,0.20161290322580644,0.0,100.0,0.0,,,,
778,Yannick Hanfmann,54.674025526043465,9.905362776025237,5.299684542586751,11.608832807570977,45.325974473956535,5.32724505327245,4.5662100456621,10.578386605783866,44.98102794066919,6.441717791411043,5.138036809815951,12.269938650306749,37.59917212832011,3.211009174311927,4.495412844036697,11.100917431192661,3.104518799586064,3.3333333333333335,2.2222222222222223,4.444444444444445,4.622283546050363,0.0,0.7462686567164178,8.208955223880597,1.9317005864091064,50.0,7.142857142857142,8.928571428571429,1.8627112797516383,50.0,11.11111111111111,7.4074074074074066,0.758882373232149,59.09090909090909,4.545454545454546,4.545454545454546,,,,,3.2769920662297345,24.210526315789473,7.368421052631578,14.736842105263156,0.758882373232149,27.27272727272727,13.636363636363635,13.636363636363635,0.2759572266298724,25.0,12.5,0.0,0.2414625733011383,0.0,14.285714285714285,0.0,0.17247326664367024,40.0,0.0,0.0,0.2414625733011383,28.57142857142857,0.0,0.0,0.17247326664367024,40.0,40.0,0.0,,,,
779,Yannick Maden,46.239554317548745,4.518072289156627,6.325301204819277,9.036144578313253,53.760445682451255,4.145077720207254,2.33160621761658,5.958549222797927,42.33983286908078,2.9605263157894735,6.578947368421052,9.210526315789473,52.22841225626741,4.0,2.4,5.866666666666666,1.9498607242339834,0.0,0.0,7.142857142857142,0.8356545961002786,0.0,0.0,16.666666666666664,0.1392757660167131,0.0,0.0,0.0,0.5571030640668524,25.0,0.0,0.0,0.9749303621169917,57.14285714285714,14.285714285714285,0.0,0.1392757660167131,0.0,0.0,0.0,0.8356545961002786,33.33333333333333,0.0,16.666666666666664,,,,,,,,,,,,,,,,,,,,,,,,,,,,
780,Yannick Mertens,45.141065830721004,7.638888888888889,4.861111111111112,11.805555555555555,54.858934169278996,2.2857142857142856,2.857142857142857,9.714285714285714,42.63322884012539,5.88235294117647,5.147058823529411,11.76470588235294,47.96238244514107,1.3071895424836601,3.2679738562091507,9.15032679738562,1.2539184952978055,0.0,0.0,25.0,6.583072100313479,4.761904761904762,0.0,14.285714285714285,0.6269592476489028,100.0,0.0,0.0,0.3134796238244514,100.0,0.0,0.0,,,,,,,,,0.3134796238244514,0.0,0.0,0.0,,,,,0.3134796238244514,100.0,0.0,0.0,,,,,,,,,,,,,,,,,,,,
781,Yasutaka Uchiyama,51.57068062827225,11.6751269035533,4.568527918781726,7.614213197969544,48.42931937172775,4.594594594594595,4.864864864864865,5.9459459459459465,46.8586387434555,9.217877094972067,4.4692737430167595,8.379888268156424,37.56544502617801,4.529616724738676,4.529616724738676,6.968641114982578,2.486910994764398,5.263157894736842,0.0,0.0,7.853403141361256,0.0,1.6666666666666667,0.0,1.0471204188481675,87.5,0.0,0.0,1.832460732984293,28.57142857142857,21.428571428571427,7.142857142857142,0.6544502617801047,80.0,20.0,0.0,,,,,0.3926701570680628,0.0,33.33333333333333,0.0,0.3926701570680628,0.0,33.33333333333333,33.33333333333333,0.13089005235602094,100.0,0.0,0.0,0.7853403141361256,0.0,0.0,0.0,,,,,,,,,,,,,,,,
782,Yen Hsun Lu,44.107744107744104,5.343511450381679,5.343511450381679,3.816793893129771,55.892255892255896,4.216867469879518,1.8072289156626504,6.626506024096386,41.07744107744108,4.918032786885246,5.737704918032787,4.098360655737705,48.821548821548824,4.137931034482759,2.0689655172413794,7.586206896551724,1.3468013468013467,0.0,0.0,0.0,5.05050505050505,6.666666666666667,0.0,0.0,,,,,,,,,0.33670033670033667,0.0,0.0,0.0,,,,,,,,,0.33670033670033667,0.0,0.0,0.0,1.3468013468013467,25.0,0.0,0.0,1.6835016835016834,0.0,0.0,0.0,,,,,,,,,,,,,,,,
783,Yevgeny Kafelnikov,45.310051488694874,9.239130434782608,6.966403162055336,12.154150197628459,54.64517573315424,4.916018025399427,4.178615321589513,10.569438754608768,41.549138124020594,6.734913793103449,6.573275862068965,12.176724137931034,42.93709424669801,3.388946819603754,4.37956204379562,12.043795620437956,0.4029550033579583,5.555555555555555,5.555555555555555,5.555555555555555,8.081486456234611,1.662049861495845,1.3850415512465373,3.32409972299169,2.0147750167897915,35.55555555555556,12.222222222222221,16.666666666666664,2.193866129393329,35.714285714285715,11.224489795918368,10.204081632653061,0.8059100067159166,61.111111111111114,13.88888888888889,2.7777777777777777,0.24625027982986344,45.45454545454545,0.0,0.0,0.04477277815088426,50.0,50.0,0.0,0.2686366689053056,41.66666666666667,8.333333333333332,33.33333333333333,0.08954555630176853,0.0,0.0,0.0,0.5372733378106112,0.0,4.166666666666666,4.166666666666666,0.15670472352809492,0.0,14.285714285714285,14.285714285714285,0.3581822252070741,18.75,0.0,0.0,0.24625027982986344,54.54545454545454,0.0,18.181818181818183,0.02238638907544213,100.0,0.0,0.0
784,Yibing Wu,56.663800515907134,11.532625189681335,7.587253414264036,11.380880121396055,43.336199484092866,5.158730158730158,5.753968253968254,10.515873015873016,51.67669819432502,9.650582362728786,6.988352745424292,10.8153078202995,35.511607910576096,4.116222760290557,6.053268765133172,9.927360774818402,1.5477214101461736,0.0,5.555555555555555,5.555555555555555,4.729148753224419,1.8181818181818181,3.6363636363636362,9.090909090909092,1.3757523645743766,43.75,25.0,25.0,1.2897678417884781,33.33333333333333,6.666666666666667,13.333333333333334,1.117798796216681,69.23076923076923,7.6923076923076925,0.0,0.08598452278589853,0.0,0.0,100.0,0.4299226139294927,0.0,20.0,60.0,1.0318142734307825,16.666666666666664,8.333333333333332,25.0,0.17196904557179707,0.0,50.0,0.0,0.4299226139294927,0.0,0.0,20.0,0.08598452278589853,0.0,0.0,100.0,0.17196904557179707,0.0,0.0,0.0,0.2579535683576956,66.66666666666666,0.0,33.33333333333333,0.08598452278589853,100.0,0.0,0.0
785,Yoshihito Nishioka,53.640776699029125,5.719457013574661,3.819004524886878,8.126696832579187,46.33980582524272,4.357846218311335,3.855017808506181,7.668133249528599,47.66019417475728,4.338969240171115,3.6871053167651255,8.209411285394173,39.57281553398058,3.851815505397448,4.121687929342492,7.728164867517173,3.1067961165048543,1.25,1.25,1.25,4.524271844660195,0.0,0.4291845493562232,3.648068669527897,0.8834951456310679,47.25274725274725,8.791208791208792,17.582417582417584,0.7766990291262136,40.0,7.5,23.75,0.6407766990291262,56.060606060606055,9.090909090909092,13.636363636363635,0.13592233009708737,42.857142857142854,7.142857142857142,7.142857142857142,0.5242718446601942,22.22222222222222,5.555555555555555,27.77777777777778,0.33980582524271846,20.0,5.714285714285714,25.71428571428571,0.5922330097087379,1.639344262295082,6.557377049180328,0.0,0.912621359223301,3.1914893617021276,5.319148936170213,2.127659574468085,0.17475728155339806,22.22222222222222,16.666666666666664,11.11111111111111,0.04854368932038835,0.0,0.0,60.0,0.05825242718446602,33.33333333333333,33.33333333333333,0.0,0.02912621359223301,100.0,0.0,0.0
786,Yosuke Watanuki,51.2630014858841,14.782608695652174,8.115942028985506,19.420289855072465,48.736998514115896,4.2682926829268295,4.573170731707317,11.28048780487805,41.90193164933135,10.28368794326241,8.865248226950355,20.921985815602838,42.79346210995542,3.8194444444444446,4.861111111111112,11.805555555555555,4.3090638930163445,0.0,6.896551724137931,13.793103448275861,3.863298662704309,0.0,0.0,3.8461538461538463,2.823179791976226,84.21052631578947,0.0,5.263157894736842,1.040118870728083,28.57142857142857,14.285714285714285,28.57142857142857,0.44576523031203563,33.33333333333333,33.33333333333333,0.0,,,,,0.8915304606240713,33.33333333333333,0.0,50.0,0.2971768202080238,50.0,0.0,0.0,0.5943536404160475,25.0,0.0,0.0,0.7429420505200593,0.0,0.0,0.0,0.1485884101040119,100.0,0.0,0.0,,,,,0.1485884101040119,100.0,0.0,0.0,,,,
787,Younes El Aynaoui,55.56640625,13.708260105448156,8.611599297012303,9.84182776801406,44.43359375,4.175824175824175,2.417582417582418,5.054945054945055,47.55859375,10.677618069815194,9.44558521560575,10.472279260780287,13.76953125,5.673758865248227,2.8368794326241136,6.382978723404255,3.515625,2.7777777777777777,5.555555555555555,0.0,27.05078125,1.083032490974729,2.166064981949458,4.693140794223827,2.05078125,76.19047619047619,0.0,9.523809523809524,1.7578125,38.88888888888889,5.555555555555555,0.0,0.68359375,71.42857142857143,14.285714285714285,14.285714285714285,,,,,0.09765625,0.0,0.0,100.0,0.68359375,0.0,0.0,14.285714285714285,1.07421875,18.181818181818183,0.0,0.0,0.9765625,0.0,0.0,0.0,,,,,0.09765625,0.0,0.0,0.0,0.5859375,33.33333333333333,0.0,16.666666666666664,0.09765625,100.0,0.0,0.0
788,Younes Lalami Laaroussi,55.23809523809524,13.793103448275861,5.172413793103448,17.24137931034483,39.04761904761905,4.878048780487805,7.317073170731707,14.634146341463413,31.428571428571427,0.0,6.0606060606060606,30.303030303030305,34.285714285714285,5.555555555555555,5.555555555555555,16.666666666666664,11.428571428571429,8.333333333333332,0.0,0.0,2.857142857142857,0.0,0.0,0.0,6.666666666666667,42.857142857142854,14.285714285714285,0.0,,,,,0.9523809523809524,100.0,0.0,0.0,,,,,1.9047619047619049,50.0,0.0,0.0,0.9523809523809524,0.0,100.0,0.0,0.9523809523809524,0.0,0.0,0.0,0.9523809523809524,0.0,0.0,0.0,1.9047619047619049,100.0,0.0,0.0,,,,,,,,,,,,
789,Yu Hsiou Hsu,55.98377281947262,6.884057971014493,7.246376811594203,13.043478260869565,44.01622718052739,4.6082949308755765,3.686635944700461,16.129032258064516,49.89858012170386,3.2520325203252036,7.317073170731707,14.227642276422763,33.062880324543606,3.6809815950920246,4.294478527607362,17.791411042944784,1.4198782961460445,0.0,0.0,0.0,7.302231237322515,0.0,0.0,13.88888888888889,2.028397565922921,30.0,10.0,10.0,2.231237322515213,27.27272727272727,9.090909090909092,0.0,1.8255578093306288,55.55555555555556,11.11111111111111,0.0,,,,,0.2028397565922921,100.0,0.0,0.0,0.6085192697768762,33.33333333333333,0.0,33.33333333333333,0.4056795131845842,50.0,0.0,0.0,0.8113590263691683,0.0,0.0,0.0,,,,,,,,,0.2028397565922921,100.0,0.0,0.0,,,,
790,Yuichi Ito,55.23255813953488,3.1578947368421053,3.1578947368421053,10.526315789473683,44.76744186046512,2.5974025974025974,5.194805194805195,7.792207792207792,48.25581395348838,0.0,2.4096385542168677,12.048192771084338,36.627906976744185,1.5873015873015872,6.349206349206349,7.936507936507936,4.069767441860465,14.285714285714285,0.0,0.0,5.232558139534884,0.0,0.0,11.11111111111111,1.744186046511628,33.33333333333333,33.33333333333333,0.0,2.3255813953488373,25.0,0.0,0.0,1.1627906976744187,50.0,0.0,0.0,,,,,,,,,,,,,,,,,0.5813953488372093,0.0,0.0,0.0,,,,,,,,,,,,,,,,
791,Yuichi Sugita,51.597817614964924,4.531722054380665,4.531722054380665,9.667673716012084,48.32424006235386,2.741935483870968,4.67741935483871,7.258064516129033,49.337490257209666,4.107424960505529,4.423380726698262,9.636650868878357,42.40062353858145,2.389705882352941,4.963235294117647,7.169117647058823,0.46765393608729544,0.0,0.0,0.0,4.286827747466875,0.0,1.8181818181818181,7.2727272727272725,0.1558846453624318,50.0,0.0,0.0,0.3117692907248636,75.0,0.0,0.0,0.7014809041309431,33.33333333333333,11.11111111111111,22.22222222222222,,,,,0.1558846453624318,0.0,0.0,50.0,0.3897116134060795,0.0,20.0,40.0,0.5455962587685114,0.0,0.0,0.0,0.9353078721745909,8.333333333333332,0.0,0.0,0.1558846453624318,0.0,50.0,0.0,,,,,0.0779423226812159,0.0,0.0,0.0,,,,
792,Yuki Bhambri,52.71317829457365,13.23529411764706,8.823529411764707,6.61764705882353,47.286821705426355,4.098360655737705,4.098360655737705,4.098360655737705,49.224806201550386,11.811023622047244,7.874015748031496,6.299212598425196,33.72093023255814,3.4482758620689653,3.4482758620689653,3.4482758620689653,1.550387596899225,0.0,25.0,0.0,9.689922480620156,0.0,4.0,4.0,0.3875968992248062,100.0,0.0,0.0,1.937984496124031,40.0,20.0,20.0,0.7751937984496124,50.0,50.0,0.0,,,,,,,,,1.1627906976744187,0.0,0.0,0.0,,,,,0.7751937984496124,0.0,0.0,0.0,,,,,,,,,0.7751937984496124,50.0,0.0,50.0,,,,
793,Zachary Svajda,45.819397993311036,8.02919708029197,4.37956204379562,5.839416058394161,54.18060200668896,1.8518518518518516,1.8518518518518516,9.876543209876543,38.12709030100335,7.894736842105263,4.385964912280701,6.140350877192982,47.82608695652174,1.3986013986013985,2.097902097902098,9.79020979020979,5.016722408026756,0.0,0.0,0.0,5.016722408026756,0.0,0.0,0.0,2.0066889632107023,16.666666666666664,16.666666666666664,16.666666666666664,1.0033444816053512,33.33333333333333,0.0,33.33333333333333,0.6688963210702341,50.0,0.0,0.0,,,,,,,,,0.33444816053511706,0.0,0.0,100.0,,,,,,,,,,,,,,,,,,,,,,,,
794,Zdenek Kolar,52.026286966046,8.631578947368421,5.052631578947368,8.421052631578947,47.64512595837897,5.057471264367816,4.137931034482759,9.655172413793103,46.54983570646221,6.11764705882353,5.647058823529412,9.176470588235293,39.64950711938664,1.6574585635359116,2.7624309392265194,10.220994475138122,2.5191675794085433,0.0,0.0,0.0,3.1763417305585984,0.0,0.0,0.0,0.547645125958379,80.0,0.0,0.0,0.6571741511500547,66.66666666666666,0.0,16.666666666666664,0.9857612267250823,66.66666666666666,0.0,0.0,0.10952902519167579,0.0,100.0,0.0,0.8762322015334063,50.0,0.0,12.5,2.9572836801752467,33.33333333333333,18.51851851851852,14.814814814814813,0.32858707557502737,0.0,0.0,0.0,0.9857612267250823,33.33333333333333,11.11111111111111,0.0,,,,,0.10952902519167579,0.0,100.0,0.0,0.21905805038335158,50.0,0.0,0.0,,,,
795,Ze Zhang,52.74542429284526,7.570977917981073,3.7854889589905363,12.302839116719243,47.088186356073216,4.240282685512367,2.4734982332155475,12.014134275618375,48.75207986688852,5.1194539249146755,3.754266211604096,12.627986348122866,40.26622296173045,2.066115702479339,2.8925619834710745,13.636363636363635,0.6655574043261231,0.0,0.0,0.0,4.825291181364393,0.0,0.0,3.4482758620689653,1.1647254575707155,28.57142857142857,14.285714285714285,14.285714285714285,1.3311148086522462,87.5,0.0,0.0,1.3311148086522462,87.5,0.0,12.5,,,,,,,,,0.16638935108153077,0.0,0.0,0.0,0.49916805324459235,0.0,0.0,0.0,0.49916805324459235,0.0,0.0,0.0,0.16638935108153077,0.0,0.0,0.0,,,,,0.16638935108153077,0.0,0.0,0.0,,,,
796,Zeljko Krajan,48.223350253807105,8.421052631578947,7.368421052631578,11.578947368421053,51.776649746192895,2.941176470588235,0.9803921568627451,14.705882352941178,45.17766497461929,6.741573033707865,7.865168539325842,10.112359550561797,35.025380710659896,4.3478260869565215,0.0,17.391304347826086,1.015228426395939,50.0,0.0,0.0,14.720812182741117,0.0,3.4482758620689653,6.896551724137931,1.015228426395939,50.0,0.0,50.0,1.015228426395939,0.0,0.0,50.0,0.5076142131979695,0.0,0.0,100.0,,,,,,,,,,,,,0.5076142131979695,0.0,0.0,0.0,1.015228426395939,0.0,0.0,0.0,,,,,,,,,,,,,,,,
797,Zhe Li,50.54704595185996,9.090909090909092,5.194805194805195,10.822510822510822,49.23413566739606,4.444444444444445,3.5555555555555554,12.0,47.921225382932164,8.21917808219178,5.47945205479452,10.95890410958904,43.32603938730853,2.525252525252525,3.535353535353535,13.131313131313133,0.87527352297593,0.0,0.0,0.0,4.157549234135667,10.526315789473683,0.0,5.263157894736842,1.0940919037199124,20.0,0.0,20.0,1.312910284463895,50.0,0.0,0.0,0.437636761487965,100.0,0.0,0.0,,,,,,,,,0.2188183807439825,0.0,100.0,0.0,,,,,0.2188183807439825,0.0,0.0,0.0,0.2188183807439825,0.0,0.0,0.0,,,,,,,,,,,,
798,Zhizhen Zhang,53.24446187022153,9.609720176730487,5.927835051546391,12.960235640648014,46.716330131346794,4.532102391942929,3.9446076374318086,9.94544691565254,46.08900215643991,7.783921735431731,5.827307528711187,13.908974904296045,38.03175847872966,3.350515463917526,3.7628865979381443,10.618556701030927,3.5483238580670458,2.209944751381215,1.1049723756906076,3.867403314917127,6.13605175455793,1.2779552715654952,3.5143769968051117,4.472843450479233,1.274259949029602,47.69230769230769,7.6923076923076925,9.230769230769232,1.3722799451088021,38.57142857142858,8.571428571428571,18.571428571428573,1.0194079592236818,57.692307692307686,15.384615384615385,5.769230769230769,0.0588119976475201,33.33333333333333,0.0,0.0,0.8625759654969614,27.27272727272727,15.909090909090908,15.909090909090908,0.5489119780435209,35.714285714285715,14.285714285714285,3.571428571428571,0.3724759851009606,0.0,5.263157894736842,5.263157894736842,0.4508919819643208,0.0,0.0,4.3478260869565215,0.01960399921584003,0.0,0.0,0.0,0.1176239952950402,16.666666666666664,0.0,33.33333333333333,0.0588119976475201,33.33333333333333,33.33333333333333,33.33333333333333,,,,
799,Zizou Bergs,57.33927907840951,10.045366169799093,5.573558003888529,12.572909915748543,42.25195094760312,4.661389621811785,3.781882145998241,10.466138962181178,50.98476402824229,7.288629737609329,5.393586005830904,12.973760932944606,32.069862504645116,3.0127462340672073,3.5921205098493627,11.123986095017381,1.7837235228539576,0.0,0.0,2.083333333333333,6.800445930880714,0.546448087431694,1.639344262295082,4.918032786885246,1.5235971757710889,46.34146341463415,12.195121951219512,14.634146341463413,1.89520624303233,39.21568627450981,9.803921568627452,15.686274509803921,1.0033444816053512,55.55555555555556,14.814814814814813,7.4074074074074066,,,,,1.7465626161278336,42.5531914893617,4.25531914893617,12.76595744680851,0.63173541434411,29.411764705882355,5.88235294117647,23.52941176470588,0.11148272017837235,0.0,0.0,0.0,0.63173541434411,5.88235294117647,11.76470588235294,5.88235294117647,0.11148272017837235,33.33333333333333,0.0,33.33333333333333,0.2229654403567447,0.0,16.666666666666664,16.666666666666664,0.07432181345224824,0.0,50.0,0.0,,,,
800,Zsombor Piros,51.930501930501926,8.921933085501859,9.293680297397769,12.267657992565056,47.68339768339768,6.882591093117409,4.4534412955465585,7.28744939271255,43.82239382239382,7.488986784140969,11.013215859030836,13.215859030837004,38.030888030888036,6.091370558375635,3.5532994923857872,7.614213197969544,5.212355212355212,0.0,0.0,7.4074074074074066,5.7915057915057915,0.0,0.0,10.0,0.19305019305019305,0.0,0.0,0.0,0.9652509652509652,80.0,0.0,0.0,0.3861003861003861,100.0,0.0,0.0,,,,,1.1583011583011582,50.0,0.0,16.666666666666664,1.5444015444015444,12.5,50.0,0.0,1.1583011583011582,33.33333333333333,0.0,0.0,1.3513513513513513,0.0,0.0,0.0,,,,,,,,,,,,,,,,
