player_name,rating,last_match
Jannik Sinner,2366.5823193405404,2024-11-24
Novak Djokovic,2201.1443653282154,2024-10-02
Robin Soderling,2140.3589217921212,2011-07-11
Alexander Zverev,2103.4575474566345,2024-11-11
Taylor Fritz,2097.24988751845,2024-11-21
Carlos Alcaraz,2076.1952447925046,2024-11-19
Roger Federer,2042.1371100120944,2021-06-28
Jack Draper,2030.6924196306948,2024-10-28
Nick Kyrgios,2009.1800675894465,2023-06-12
Daniil Medvedev,1982.1058519031562,2024-11-11
Holger Rune,1979.8477784395413,2024-10-28
Ugo Humbert,1971.9897849349788,2024-10-28
Karen Khachanov,1959.467475023231,2024-10-28
Sebastian Korda,1953.4567919750718,2024-08-26
Andy Roddick,1947.5530891128321,2012-08-27
Grigor Dimitrov,1942.6595567114819,2024-10-28
Alex De Minaur,1926.195884436868,2024-11-23
Juan Martin del Potro,1922.311896682857,2022-02-07
Stefanos Tsitsipas,1913.2835254861727,2024-10-28
Tomas Machac,1907.0596717210506,2024-10-28
Alexei Popyrin,1904.340445870042,2024-10-28
Matteo Berrettini,1903.011089443433,2024-11-24
Tommy Paul,1901.5091196800788,2024-10-28
Patrick Rafter,1891.6802121264825,2001-11-30
Pete Sampras,1881.6674819292953,2002-08-26
David Goffin,1878.231775041319,2024-10-21
Hubert Hurkacz,1874.9561792629418,2024-10-28
Ben Shelton,1870.7054742630603,2024-11-21
Denis Shapovalov,1868.0234387562384,2024-11-20
Gael Monfils,1866.795843774892,2024-10-21
Flavio Cobolli,1863.2426997291839,2024-10-21
Arthur Fils,1861.7783169283814,2024-12-18
Jordan Thompson,1858.1506917455768,2024-10-28
Rafael Nadal,1853.1076599100911,2024-11-19
Lorenzo Musetti,1852.7462775405554,2024-11-21
Andre Agassi,1835.4916600301533,2006-08-28
Frances Tiafoe,1831.4988410737997,2024-10-28
Jiri Lehecka,1828.8480106431812,2024-11-04
Giovanni Mpetshi Perricard,1828.1619994008274,2024-10-28
Jan Lennard Struff,1825.4761207053484,2024-11-22
Thanasi Kokkinakis,1821.305100474598,2024-11-23
Milos Raonic,1814.6307543872115,2024-07-29
Francisco Cerundolo,1814.0339959483542,2024-11-21
Roberto Bautista Agut,1813.4025975753182,2024-11-04
Tallon Griekspoor,1812.6324410984976,2024-11-24
David Nalbandian,1810.2170036315115,2013-03-20
Marcos Giron,1809.1323915237754,2024-10-28
Radek Stepanek,1806.1773442716387,2017-01-16
Kei Nishikori,1805.6106882491815,2024-10-21
Marat Safin,1802.055948193355,2009-11-08
Jenson Brooksby,1798.4002690927412,2023-01-16
Felix Auger Aliassime,1798.3329932043168,2024-10-21
Hyeon Chung,1793.4142998589793,2019-10-21
Alex Michelsen,1791.7837996908422,2024-12-18
Alexandr Dolgopolov,1790.0705012694639,2018-05-14
Jerzy Janowicz,1789.7975124481607,2020-03-06
Yannick Hanfmann,1784.993040009793,2024-09-18
Hamad Medjedovic,1783.877247571663,2024-11-04
Joao Fonseca,1780.8265575715789,2024-12-18
Nicolas Escude,1776.75535262102,2004-07-26
Mardy Fish,1776.0804658503166,2015-08-31
Mario Ancic,1775.0482040115069,2010-05-02
David Ferrer,1773.3654618121793,2019-05-06
Jakub Mensik,1773.0848234017926,2024-12-18
Casper Ruud,1769.9588112788135,2024-11-11
Brandon Nakashima,1767.475835318607,2024-11-04
Jurgen Melzer,1766.791263634066,2018-10-22
Tomas Berdych,1766.0742838726133,2019-08-26
Cameron Norrie,1760.6500531540617,2024-11-04
Alex Molcan,1758.850071416632,2024-02-26
Aleksandar Vukic,1753.6948129439584,2024-10-14
Matteo Arnaldi,1752.8545718943599,2024-10-28
Julien Benneteau,1752.50251500031,2018-08-27
Arthur Rinderknech,1750.2095892800107,2024-10-28
Gilles Simon,1748.3237718721598,2022-10-31
Nicolas Mahut,1746.61759461984,2021-02-02
Bu Yunchaokete,1740.7805602144574,2024-11-04
Borna Gojo,1740.4889275259466,2024-09-13
Pablo Carreno Busta,1740.0175655760884,2024-10-02
Mark Philippoussis,1739.81471627745,2006-09-22
Andrey Rublev,1739.4351312641259,2024-11-11
Roman Safiullin,1738.3840474097422,2024-11-04
Jean Julien Rojer,1737.0636558619422,2007-04-06
Michael Mmoh,1735.6197297757355,2024-04-01
Marcelo Arevalo,1732.0863557479317,2024-09-14
Zizou Bergs,1722.5541450860724,2024-11-04
Takao Suzuki,1722.5267305303132,2009-10-05
Juan Carlos Ferrero,1721.6372764364437,2012-10-21
Miomir Kecmanovic,1721.0061575443012,2024-11-04
Nicolas Almagro,1720.5022632012997,2018-07-23
Emil Ruusuvuori,1719.305728524549,2024-07-29
Tomas Martin Etcheverry,1719.299495308196,2024-11-04
Benjamin Bonzi,1716.1890532945015,2024-11-04
Joachim Johansson,1715.478610976225,2013-10-14
Botic Van De Zandschulp,1715.2494355289182,2024-11-24
Roberto Carballes Baena,1715.1083566070888,2024-11-04
Dominik Koepfer,1714.5889151995752,2024-10-14
Alejandro Tabilo,1713.167958253956,2024-10-28
Taylor Dent,1710.491527800597,2010-10-25
Yoshihito Nishioka,1708.799119306905,2024-10-02
Mikael Ymer,1707.1256680335598,2023-07-03
Jiri Novak,1706.8551500005383,2006-10-23
Alejandro Davidovich Fokina,1704.7081038349547,2024-10-21
Juan Monaco,1702.9958063351398,2017-04-10
Nuno Borges,1702.5079611813812,2024-11-04
Ricardas Berankis,1700.9799592322765,2024-02-03
Christopher Oconnell,1698.6242143322836,2024-11-04
Ryan Sweeting,1697.203482398008,2013-02-11
Jan Hernych,1696.353173849403,2016-06-20
Jeremy Chardy,1695.8671263287765,2023-07-03
Cristian Garin,1694.1455364705516,2024-09-15
Nicolas Kiefer,1691.298684115228,2010-06-21
Zsombor Piros,1688.6220029426097,2024-09-13
Quentin Halys,1687.8667404704447,2024-11-04
Febi Widhiyanto,1687.1870315588117,2006-04-07
Learner Tien,1686.0798183104607,2024-12-18
Marin Cilic,1683.2758019255057,2024-11-04
Fabian Marozsan,1682.8831914211748,2024-11-04
Dominic Stricker,1681.9355743069939,2024-10-21
Horacio Zeballos,1681.3760830542287,2018-09-14
Rinky Hijikata,1681.1844906479596,2024-10-02
Arthur Cazaux,1680.868915151187,2024-10-28
Thiago Seyboth Wild,1679.2366867075382,2024-10-21
Max Purcell,1678.4676485059256,2024-08-26
Timofey Skatov,1678.1669799867734,2024-10-14
Frederico Gil,1677.6258057079544,2013-04-05
Vasek Pospisil,1676.0949111387783,2024-08-05
Younes El Aynaoui,1675.3790870156142,2010-01-04
Raemon Sluiter,1675.2880477486256,2009-06-14
Marcos Baghdatis,1675.1063935288016,2019-07-01
Stan Wawrinka,1675.0504755554464,2024-11-04
Matthias Bachinger,1674.2623360869416,2021-01-05
Richard Krajicek,1672.945318281428,2003-06-16
Laslo Djere,1672.8360391321335,2024-11-04
Ivan Ljubicic,1671.9582558041943,2012-04-15
Fernando Gonzalez,1668.317389935147,2012-03-21
Kamil Majchrzak,1666.1992863048308,2024-09-13
Corentin Moutet,1666.1992749044887,2024-11-04
Alex Bolt,1665.322160243686,2024-07-15
Yibing Wu,1664.2158843240275,2024-10-02
Dusan Lajovic,1661.7075043441876,2024-11-04
Marton Fucsovics,1661.6623823258071,2024-11-04
Reilly Opelka,1661.0262364902485,2024-10-02
Wayne Arthurs,1660.8915557878747,2007-06-25
Jarkko Nieminen,1660.7464301948576,2016-07-15
Jose Acasuso,1660.297356987292,2011-02-14
Michael Llodra,1660.1845407419014,2014-08-25
John Millman,1659.352558557005,2023-01-16
Alexander Shevchenko,1658.1482509869652,2024-11-04
Yosuke Watanuki,1658.0115217214889,2024-10-02
Jared Donaldson,1657.0906530192456,2019-03-04
Hugo Gaston,1656.91219955676,2024-11-04
Gabriel Diallo,1656.6820872416965,2024-11-20
Darian King,1655.8638987989114,2024-09-14
Ramon Delgado,1654.377082985466,2010-06-21
Christopher Rungkat,1654.186031141764,2023-02-04
Simone Bolelli,1652.424157498255,2019-05-27
Victor Hanescu,1650.1509583076631,2015-03-12
Edouard Roger-Vasselin,1648.5056935900345,2016-06-27
Mohammad Ghareeb,1648.5035872816966,2017-02-03
Bjorn Phau,1647.7163959519366,2014-02-10
Guillaume Rufin,1646.8182090284383,2013-08-26
Wayne Black,1646.5263418998995,2005-09-23
Frederik Nielsen,1645.7628961473768,2020-03-06
Zhizhen Zhang,1645.3195612697593,2024-10-28
James Blake,1643.6354583270663,2013-08-26
Orest Tereshchuk,1643.5701342983764,2006-04-07
Jozef Kovalik,1642.5808813494396,2024-09-15
Eduardo Schwank,1641.5684628410893,2012-07-09
Lorenzo Sonego,1641.5439031271803,2024-11-04
Lleyton Hewitt,1639.1199866324334,2016-01-18
Franco Squillari,1637.9868237484063,2004-09-13
Juncheng Shang,1637.7938084489833,2024-12-18
Simon Greul,1637.6056762980008,2011-04-18
Pierre Hugues Herbert,1637.1617015069714,2024-11-04
Tim Henman,1636.7631630843573,2007-09-21
Flavio Saretta,1636.621697582146,2009-02-09
Arnaud Clement,1635.667869706804,2012-05-27
Matthew Barton,1634.405500952569,2017-01-09
Karol Kucera,1634.1685191522165,2005-12-02
Tobias Kamke,1633.9471457740367,2019-08-26
Robby Ginepri,1633.9448026909265,2014-08-17
Alexandre Muller,1633.6726318054202,2024-11-04
Liang Chi Huang,1633.0253798847375,2016-07-15
Marko Tkalec,1633.02403182353,2008-07-18
John Isner,1632.9284276507965,2023-08-28
Lucas Pouille,1632.9255699245173,2024-07-01
Andrea Vavassori,1631.872022301329,2024-07-29
Thomas Johansson,1631.5532074802743,2009-03-06
Fernando Meligeni,1631.3137216716798,2003-04-21
Nicolas Jarry,1630.9326928000146,2024-10-28
Jack Sock,1630.6343560331434,2023-04-03
Antony Dupuis,1630.4779084124855,2007-07-09
Christopher Eubanks,1630.385280385393,2024-08-26
Gijs Brouwer,1629.6157614517535,2024-06-24
Adrian Mannarino,1629.30004039464,2024-11-04
Jiri Vesely,1628.9212335584534,2024-01-15
Yong Kyu Lim,1628.7432343026305,2016-07-15
Tim Van Rijthoven,1628.672539838238,2024-06-10
Ricardo Rodriguez,1628.3363908003219,2021-09-18
Magnus Gustafsson,1627.2013088070287,2001-10-22
Marcelo Rios,1626.4060369564945,2003-07-11
Robin Haase,1626.1672768587555,2024-07-29
Altug Celikbilek,1626.0151749001905,2024-02-02
Sebastian Baez,1625.490346322057,2024-11-21
Jan Frode Andersen,1624.5650852662968,2006-07-21
Hee Seok Chung,1623.8631536832734,2006-02-10
Leander Paes,1623.8423314370045,2008-04-11
Alexander Bublik,1622.433998350808,2024-10-28
Peter Wessels,1622.3789645220184,2007-10-07
Ivan Sergeyev,1621.867790505356,2010-03-05
Marcel Granollers,1621.6845891844946,2019-09-16
Andy Murray,1621.5517037004915,2024-06-17
Franco Agamenone,1621.4724551776505,2022-07-25
Mackenzie Mcdonald,1620.7570146815847,2024-09-13
Wesley Moodie,1620.7513860099004,2007-10-01
Andrey Kuznetsov,1620.0632667348193,2023-08-21
Sebastian Ofner,1618.8468801995286,2024-08-26
Amer Delic,1618.8312367137303,2012-04-06
Yevgeny Kafelnikov,1618.306547750955,2003-10-20
Jimmy Wang,1617.8349414004242,2015-09-18
Mariano Puerta,1617.4692972904966,2005-11-14
Matthew Ebden,1617.3730682570615,2024-07-29
Pavol Cervenak,1617.1290743807185,2012-07-22
Lukasz Kubot,1617.108965653,2015-10-11
Martin Alund,1616.1194733014067,2014-02-10
Irakli Labadze,1615.916499745077,2009-03-06
Dudi Sela,1615.2544854881835,2019-09-16
Bassam Beidas,1615.0802651593385,2013-04-05
Fabrice Santoro,1614.6588273623563,2010-01-18
Xavier Malisse,1614.4995493333686,2013-08-26
Soon Woo Kwon,1614.399542433386,2024-09-13
Thiago Monteiro,1614.2050215094334,2024-11-04
Otto Virtanen,1613.3044833671809,2024-10-14
Facundo Bagnis,1613.0993264116912,2024-04-22
Tung Lin Wu,1612.1166306556568,2024-09-14
Marcel Felder,1611.6446184080216,2013-04-05
Sjeng Schalken,1611.5872373660295,2005-07-18
Kevin Anderson,1610.6859939096285,2023-07-31
Ruben Gonzales,1609.7038199178403,2017-02-03
Aslan Karatsev,1609.6250025136646,2024-10-14
Filip Misolic,1609.236160856942,2024-07-22
Ryan Harrison,1609.1609934754013,2021-01-04
Jurij Rodionov,1608.7121227950468,2024-09-13
Egor Gerasimov,1608.5438238283623,2024-10-02
Nikolay Davydenko,1608.1085049155674,2014-05-26
Albert Montanes,1607.1013486561367,2017-04-24
Rainer Schuettler,1606.085901410096,2011-06-20
Mattia Bellucci,1605.6269078388339,2024-10-02
Nam Hoang Ly,1605.5783684233686,2024-02-02
Greg Rusedski,1604.5892463397977,2006-09-22
Guido Pella,1604.2160006581325,2023-08-28
Adam Pavlasek,1604.1637868415094,2018-05-28
Harshana Godamanna,1604.0494250707025,2016-03-04
Janko Tipsarevic,1604.0328341895429,2019-10-14
Yuri Schukin,1603.5340648081544,2011-01-31
Albert Costa,1603.3105998738506,2006-04-24
Jonas Bjorkman,1602.3314595764846,2008-10-06
Philipp Kohlschreiber,1602.1592489395032,2022-04-25
Liam Broady,1601.7096689374093,2024-07-01
Izak Van Der Merwe,1601.2398119619843,2012-09-14
Thiago Agustin Tirante,1601.0590395377224,2024-10-14
Josselin Ouanna,1600.7985954381447,2013-04-08
Beibit Zhukayev,1600.7846086580164,2024-10-14
Facundo Diaz Acosta,1600.0336373807663,2024-10-14
Joao Domingues,1599.4327046796077,2020-02-17
Ivan Dodig,1599.3365278786075,2017-07-17
Dustin Brown,1599.3328137106912,2021-06-07
Scott Draper,1599.2336889747223,2005-06-20
Luka Gregorc,1599.1770948697101,2010-03-05
Ben Qiang Zhu,1598.5440503569691,2004-09-27
Philipp Petzschner,1597.8187178250441,2014-09-22
Lamine Ouahab,1597.800739554836,2020-03-06
Marius Copil,1596.3394295531684,2024-02-03
Fabio Fognini,1596.2885946638066,2024-11-04
Oleg Ogorodov,1596.2528475845788,2003-04-04
Todd Widom,1596.163390777053,2009-03-12
Cedrik Marcel Stebe,1596.000402369595,2022-02-07
Wing Luen Wong,1595.7264424133382,2007-02-09
Potito Starace,1595.543525512319,2014-05-26
Ivo Minar,1595.3072503849673,2012-09-14
Ilya Ivashka,1595.0157112475613,2023-08-28
Lukas Klein,1594.6305420906474,2024-11-04
Jonas Forejtek,1593.8663979127014,2020-11-09
Martin Damm,1592.5851810887514,2024-03-18
Olivier Rochus,1592.4102393608093,2013-06-24
Bernard Tomic,1592.1526828264875,2021-02-08
Daniel King Turner,1592.0637588578732,2013-04-05
Jesse Levine,1591.2236885331406,2013-08-05
Yu Hsiou Hsu,1591.1422773773802,2024-02-03
Benjamin Hassan,1590.979488904598,2024-10-14
Borna Coric,1590.668965894698,2024-10-14
Juan Manuel Cerundolo,1590.0383226285066,2024-02-26
Todd Martin,1589.742087025754,2004-08-30
Christian Harrison,1589.3093794750623,2022-06-27
Felix Mantilla,1588.663529550588,2007-07-23
Julio Cesar Campozano,1588.5788171039642,2014-04-04
Diego Nargiso,1588.3960074116583,2000-11-20
Bing Chao Lin,1588.3106036625607,2000-04-07
Blaise Bicknell,1588.264455658046,2024-02-03
Lloyd Harris,1588.1937754393916,2024-07-01
Michael Quintero,1587.7012025375534,2007-09-21
G D Jones,1587.613701524344,2009-07-10
Lukas Lacko,1587.5106180287157,2021-06-14
Ryan Peniston,1587.1098104744806,2023-07-03
Daniel Altmaier,1586.8536086359918,2024-11-22
Pablo Llamas Ruiz,1586.3726158585569,2024-04-22
Billy Harris,1586.2631030313732,2024-10-02
Rajeev Ram,1586.069000638484,2017-07-17
Marco Trungelliti,1585.8694730518077,2024-09-18
Jason Kubler,1584.8264881014925,2024-01-15
Elmer Moller,1584.5855259305445,2024-09-14
Alibek Kachmazov,1583.9800524718805,2024-09-18
Sebastien De Chaunac,1583.60192058948,2009-09-21
Steve Darcis,1582.7463949178443,2020-01-06
Radu Albot,1582.6933102927585,2024-08-26
Gregoire Barrere,1582.2986597374017,2024-11-04
Cyril Saulnier,1582.0532080241906,2007-02-12
Daniel Garza,1581.0708266491902,2015-03-06
Maximilian Marterer,1581.0341764201844,2024-10-14
Ryan Russell,1580.99453845036,2007-04-06
Nicolas Lapentti,1580.7830474822167,2010-05-24
Daniel Nestor,1580.7762142014938,2006-08-07
Henrique Rocha,1580.6365418662865,2024-09-13
Pablo Cuevas,1580.4522854923466,2022-05-23
Mark Nielsen,1580.4408937989654,2008-04-11
Sam Querrey,1580.3701697212603,2022-08-29
Luca Van Assche,1580.2890035300366,2024-12-18
Sergio Galdos,1580.1929497577937,2014-01-31
Wayne Ferreira,1579.1266721801435,2005-03-04
Thiemo De Bakker,1579.0125958873593,2019-06-10
Frank Dancevic,1578.042662562915,2017-07-17
Julien Jeanpierre,1578.038480884247,2004-07-19
Toshihide Matsui,1577.737465447488,2007-09-24
Jose De Armas,1577.7035291265008,2010-09-17
Alexey Kedryuk,1577.5599525399673,2009-07-10
Alistair Hunt,1577.3915817313878,2003-04-04
Antoine Bellier,1577.3235368037156,2023-02-06
Janez Semrajc,1577.1256067094516,2014-01-31
Andrej Martin,1577.0656581859723,2022-01-31
Filip Krajinovic,1576.887785171717,2023-05-29
Juan Sebastian Cabal,1576.7016366461314,2014-07-14
Tommy Haas,1576.2230793324354,2017-07-31
Francisco Comesana,1576.0315261205849,2024-08-26
Mariano Navone,1575.8701624761447,2024-11-04
Ruben Bemelmans,1575.729991395084,2021-09-18
Hyung Taik Lee,1575.5594419266833,2009-07-10
Filip Polasek,1575.2253885897867,2008-09-19
Sebastian Decoud,1573.9198842198603,2011-07-04
Juan Carlos Saez,1573.901337874032,2015-09-18
Colin Obrien,1573.571847767294,2013-04-05
Ricardo Ojeda Lara,1573.3434829731832,2018-04-30
Magnus Larsson,1573.1094903041087,2003-02-24
Dimitar Kutrovsky,1573.0369177205848,2015-09-18
Daniel Evans,1572.9199011665564,2024-10-14
Lukas Rosol,1572.9123024481073,2022-10-17
Gaston Etlis,1572.7561296975168,2003-09-08
Tihomir Grozdanov,1572.5961852454334,2015-07-17
Bjorn Fratangelo,1571.9311666014721,2023-07-31
Paradorn Srichaphan,1571.929774880977,2007-03-19
Yannick Maden,1571.8687078467103,2020-02-03
Reda El Amrani,1571.4076174779914,2017-04-10
Ian Flanagan,1571.116706319444,2004-06-07
Alex Bogomolov Jr,1571.0654505696843,2014-04-07
Bob Bryan,1571.0187480871177,2009-07-10
Pedro Martinez,1570.5338818128298,2024-11-04
Pavel Kotov,1570.2915199447,2024-11-04
Sam Groth,1570.1133620050562,2017-07-17
Sergei Bubka,1570.0262672769873,2012-09-14
Hady Habib,1569.8867347011574,2024-09-14
Francisco Rodriguez,1569.8539458493012,2006-04-07
Chris Guccione,1569.6801191578218,2014-06-16
Romain Arneodo,1569.3365285734885,2024-09-14
Michael Brown B395,1569.3058857332671,2004-04-09
Albert Portas,1569.1361955098853,2007-04-15
Mohamed Safwat,1569.0806855895,2024-09-13
Jhonson Garcia,1568.795481412278,2011-07-08
Matheus Pucinelli De Almeida,1568.558972065813,2023-02-03
Federico Dondo,1567.535469421839,2003-04-04
Diego Galeano,1567.5214917854796,2014-01-31
Steve Johnson,1567.4185259580752,2024-02-05
Solon Peppas,1567.097224171304,2003-09-19
Alexis Galarneau,1566.4863049977123,2023-09-16
Genaro Alberto Olivieri,1566.4709712263682,2023-05-29
Simon Stadler,1566.4275787905249,2011-01-17
Alberto Martin,1566.0391253238163,2010-05-03
Go Soeda,1565.621850469915,2020-08-31
Aqeel Khan,1564.9432726852817,2024-09-14
James Auckland,1564.9180890818177,2006-09-25
Mitchell Krueger,1564.7915777396552,2024-09-18
Daniel Brands,1564.7732022425096,2019-02-04
Mario Vilella Martinez,1563.9652679357616,2021-07-26
Henri Kontinen,1563.9045815673326,2011-09-16
Jo-Wilfried Tsonga,1563.8235936341816,2022-05-23
Mariano Sanchez,1563.7183215319876,2000-07-21
Danai Udomchoke,1563.5925589697913,2015-03-06
Hicham Arazi,1562.6215099943286,2005-04-04
Oliver Ojakaar,1562.2055627424304,2024-03-15
Aleksandre Bakshi,1562.060099666385,2024-09-14
Juan Manuel Elizondo,1561.5724409930128,2007-07-20
Jan Mertl,1561.2420036423703,2016-07-18
Gianluca Mager,1560.9678234334212,2022-01-31
Mathieu Montcourt,1560.9426943669032,2009-05-25
Daniel Gimeno Traver,1560.8263560250418,2018-04-30
Tucker Vorster,1560.7955898857035,2016-07-15
Sergiy Stakhovsky,1560.572207033799,2021-11-26
Carl Sundberg,1560.3790805081937,2006-07-21
Marco Osorio,1560.343450059573,2000-04-07
Paul Goldstein,1560.0708667451358,2007-08-27
Federico Delbonis,1559.8879399938755,2023-02-06
Kepler Orellana,1559.7930890579685,2004-07-16
Guillermo Garcia Lopez,1559.7498549854254,2019-08-26
Dominik Hrbaty,1559.3661296829787,2010-02-01
Manuel Guinard,1559.3130128814373,2024-11-04
Nikola Milojevic,1559.1779730813046,2022-01-31
Cezar Cretu,1559.0434609206711,2024-09-13
Grega Zemlja,1558.7643623112735,2017-04-07
Roberto Marcora,1558.5180091128314,2021-10-04
Prakash Amritraj,1558.512203807624,2013-07-08
Andreas Seppi,1558.1842598431742,2022-06-06
Marcelo Barboza,1558.06109005746,2001-07-20
Bruno Soares,1557.95635916909,2011-07-08
Aljaz Bedene,1557.2742910896013,2022-09-16
Bruno Rodriguez,1557.2507098688304,2012-09-14
Jurabek Karimov,1557.2010170765975,2019-09-13
Mikael Tillstrom,1556.9974184664622,2000-10-16
Iztok Bozic,1556.8999472419373,2002-07-12
Martin Vilarrubi,1555.889054819507,2007-02-09
Olaf Pieczkowski,1555.7703728459721,2022-09-16
Viktor Troicki,1555.7061608729875,2021-06-14
Kyle Edmund,1555.6030634198455,2023-05-08
Omar Hedayet,1555.512783515087,2009-07-10
Jerome Golmard,1555.2107171156072,2004-09-13
Romano Tatuhey,1555.0464877061786,2009-07-10
Mikhail Filima,1554.8971003098304,2005-09-23
Dragos Dima,1554.7280782194339,2019-04-05
Ivo Karlovic,1554.5149709438638,2021-08-30
Carlos Moya,1554.4413209785143,2010-05-09
Leandro Riedi,1554.1457112228668,2024-07-15
Kenny De Schepper,1554.0427849356406,2018-09-17
Stefan Koubek,1554.0384377880039,2011-03-04
Jerome Kym,1553.7491855572252,2024-10-21
David Souto,1553.2947002262838,2018-04-07
Carlos Cuadrado,1553.277788246984,2006-04-24
Gilles Muller,1553.0238057125327,2018-08-27
Rainer Eitzinger,1552.8124094501845,2008-05-18
Jason Stoltenberg,1552.7292964358603,2001-06-25
Donald Young,1552.7153243502237,2021-01-04
Nicolas Coutelot,1552.4886538824517,2003-05-26
Jaume Munar,1552.1535314965515,2024-10-14
August Holmgren,1552.0444080996156,2024-09-14
Karsten Braasch,1551.724569103599,2000-06-19
Magnus Norman,1551.1002231706752,2003-09-22
Marc Lopez,1550.968443570857,2016-09-16
Wayne Odesnik,1550.51641366951,2014-08-25
James Duckworth,1550.4532678518765,2024-11-04
Tristan Lamasine,1550.3499391869861,2021-01-05
Peter Gojowczyk,1549.8088053791028,2022-08-29
Brian Baker,1549.5662335594775,2016-08-29
Kim Tiilikainen,1549.56230044155,2003-07-11
Vladimir Voltchkov,1549.1682183364667,2008-07-18
Daniel Vallejo,1548.9729277062952,2024-02-03
Duje Ajdukovic,1548.7051692569776,2024-11-04
Young Jun Kim,1548.5985597521083,2011-09-16
Adam Chadaj,1548.502614401823,2005-08-01
Mose Navarra,1548.4784027326098,2002-04-05
Luis Manuel Flores,1548.4007184600785,2009-07-10
Jonathan Chu,1548.3065801310004,2012-04-06
David Sanchez,1548.2810715543728,2005-09-26
Dominik Meffert,1548.2462094204718,2011-06-06
Thomas Schoorel,1548.2176449808123,2012-04-06
Demetris Azoides,1548.1132733142326,2024-09-14
Inigo Cervantes Huegun,1548.0741723116967,2017-02-27
Elias Ymer,1547.7129154997656,2024-10-14
Nicolas Moreno De Alboran,1547.6429320745292,2024-07-22
Jean Jacques Rakotohasy,1547.2539497509622,2017-02-03
Filip Cristian Jianu,1547.1644915547656,2023-02-03
Matej Dodig,1547.1492752025022,2024-09-13
Jurgen Zopp,1547.0321477566838,2018-10-15
Lukas Pokorny,1546.823234854058,2024-02-02
Jorge Aguilar,1546.5761036905894,2014-04-04
Sun Yong Kim Jr,1546.3272408690339,2007-02-09
Gyorgy Balazs,1546.272891839105,2011-09-16
Miguel Gallardo Valles,1546.2505536696092,2014-04-04
Dimitri Mazur,1545.9060212485297,2004-04-09
Cedric Pioline,1545.8935983621413,2002-10-21
Yuki Bhambri,1545.66563942271,2023-02-03
Yanaki Milev,1545.4479804158152,2024-09-14
Travis Rettenmaier,1545.3937088202824,2006-02-13
Paul Jubb,1545.2310798852127,2024-07-01
Antoine Hoang,1545.0968511381468,2021-09-20
Treat Conrad Huey,1545.0889072236573,2015-03-06
Patrik Rosenholm,1544.8417349667686,2017-02-03
Matteo Donati,1544.5353398926811,2015-05-10
Attila Balazs,1544.1708194894695,2023-08-28
Dick Norman,1544.0457592251134,2009-06-14
Michael Russell,1543.6678148998135,2015-01-19
Simone Vagnozzi,1543.3294550200085,2011-07-25
Jae Sung An,1543.282167222226,2008-02-08
Terence Atmane,1543.153374115761,2024-10-02
Yuichi Sugita,1543.0603724477892,2021-08-30
Louk Sorensen,1542.7465852446915,2014-07-07
Jacob Fearnley,1542.6343096022683,2024-10-14
Alexander Bury,1542.0488621818936,2012-09-14
Aisam Ul Haq Qureshi,1542.0102748426693,2024-02-03
Alejandro Falla,1541.9244352063981,2017-02-06
Dusan Vemic,1541.744459315339,2008-08-04
Austin Krajicek,1541.6063064072914,2017-07-17
Francis Casey Alcantara,1541.463060135848,2016-07-15
Jared Palmer,1541.2925739649506,2000-11-06
Igor Andreev,1540.9972123675682,2013-06-24
Andrei Luzgin,1540.9575453794992,2005-03-04
Coleman Wong,1540.8553001657642,2024-10-14
Renzo Olivo,1540.8149636733856,2022-02-21
Evgeny Korolev,1540.4958977350966,2013-07-15
Ernests Gulbis,1540.2751833311859,2023-02-04
Thomas Yaka Kofi Setodji,1540.212972693682,2024-09-14
Tennys Sandgren,1540.162237434987,2024-02-05
Mathieu Rodrigues,1539.7907786478531,2011-09-19
Lukas Neumayer,1539.4305119393841,2024-09-13
Marco Cecchinato,1539.1816247475617,2023-08-28
Hugo Armando,1538.841066918624,2008-04-14
Adam Thompson,1538.8031573428486,2009-03-06
Alex Knaff,1538.4857246871832,2024-09-14
Damir Dzumhur,1538.4405168395122,2024-10-14
Aristotelis Thanos,1538.1912533533437,2024-09-14
Pruchya Isarow,1538.1433090597227,2016-09-16
Nicolas Renavand,1537.7540530104313,2011-09-19
Gonzalo Escobar,1537.6005975846779,2024-09-14
Guillermo Canas,1537.566952655189,2009-07-13
Florin Mergea,1537.5183254519272,2016-07-15
Kenneth Carlsen,1537.4975586501098,2007-10-07
Matija Pecotic,1537.291083144837,2023-02-13
Somdev Devvarman,1537.2275084950813,2016-01-04
Giles Hussey,1537.1935102073292,2024-06-24
Alexander Erler,1537.1720561772274,2021-07-26
Luciano Darderi,1536.623628079862,2024-11-04
Alexander Ritschard,1536.4872591109952,2024-04-01
Pedja Krstin,1536.4576989120021,2021-05-24
Diogo Rocha,1536.4427897979726,2005-03-04
Jose Bernard,1536.042817457835,2004-02-06
Thomas Enqvist,1535.8820008738967,2005-10-24
Vincent Millot,1535.8760649294472,2018-07-30
Miguel Angel Lopez Jaen,1535.8594514590568,2008-05-25
Luis Felipe Noriega,1535.6339360232175,2002-07-12
Marcus Willis,1535.5763326462825,2016-06-27
Markos Kalovelonis,1535.4832975221043,2014-04-04
Miguel Angel Reyes Varela,1535.3389751153316,2014-09-12
Paul Haarhuis,1535.08882267329,2000-07-14
Chris Brandi,1535.0734191495053,2011-07-08
Mik Ledvonova,1535.0627331677786,2003-07-11
Mariano Zabaleta,1535.0260246747089,2008-01-28
Luis Diego Chavez Villalpando,1534.9786448855466,2018-02-03
Michal Mertinak,1534.9785469709166,2008-06-09
Marsel Ilhan,1534.8147001770203,2021-01-05
Amir Hadad,1534.5581761684507,2005-09-12
Jacopo Berrettini,1534.4513350428276,2023-02-27
Daniele Bracciali,1534.3220698455884,2011-09-16
Chris Eaton,1534.2618287244352,2009-03-06
Chieh Fu Wang,1533.8893121358944,2015-09-18
Caio Zampieri,1533.8170934133211,2011-01-31
Ignacio Buse,1533.6450802534393,2024-09-13
Edouard Roger Vasselin,1533.6217491593065,2010-10-25
Kasper Warming,1533.5641242929348,2002-05-03
Balazs Veress,1533.345679013691,2002-07-12
Ergi Kirkin,1533.245083342195,2023-02-03
Rui Machado,1533.2442795178533,2015-09-18
Iliyan Radulov,1533.2055471453416,2024-09-14
Nicolas Devilder,1532.9809497842184,2012-05-27
Matt Klinger,1532.9729457035187,2003-04-04
Benjamin Lock,1532.910926914473,2024-02-03
Grzegorz Panfil,1532.6099044356454,2012-02-10
Markus Eriksson,1532.6045045011651,2019-09-13
Juan Ignacio Chela,1532.3896369962104,2012-06-25
Clement Reix,1532.3240637074714,2012-09-17
Dennis Novikov,1532.2842453393514,2017-07-31
Bruno Abdel Nour,1532.259276945597,2011-07-08
Christian Garay,1532.2470074422422,2015-07-17
Aissa Benchakroun,1532.1176277048721,2020-03-06
Konstantinos Economidis,1532.0377019721413,2011-07-08
Ari Fahresi,1531.996884181474,2019-09-14
Jack Loutit,1531.9603525905568,2024-09-14
Carlos Avellan,1531.2489160292623,2009-05-08
Baris Ergun,1530.9905437431119,2001-04-27
Arklon Huertas Del Pino,1530.8743739023585,2023-02-03
Duck Hee Lee,1530.7354570743705,2019-08-19
Matwe Middelkoop,1530.6989413567826,2023-02-04
Nikola Cacic,1530.6365857113071,2016-07-18
Coenie Van Wyk,1530.5304984710244,2011-07-08
Luis Carlos Alvarez Valdes,1530.5304984710244,2022-09-16
Matija Zgaga,1530.5304984710244,2002-05-03
Leonardo Kirche,1530.5304984710244,2004-09-24
Maurice Ruah,1530.5304984710244,2000-02-04
Skyler Butts,1530.5304984710244,2018-02-03
Sarp Agabigun,1530.5304984710244,2018-02-03
Jad Ayoub,1530.5304984710244,2001-02-09
Conner Huertas Del Pino,1530.5304984710244,2023-02-03
Mustapha El Natour,1530.5304984710244,2023-09-15
Aljaz Radinski,1530.5304984710244,2015-07-17
Michael Mora,1530.5304984710244,2002-02-08
Martyn Pawelski,1530.5304984710244,2024-09-13
Freddy Murray,1530.5304984710244,2023-09-16
Digvijaypratap Singh,1530.5304984710244,2023-09-16
Boris Arias,1530.5304984710244,2024-02-03
Sylvestre Monnou,1530.5304984710244,2022-03-04
Johannes Seeman,1530.5304984710244,2023-02-04
Faisal Aidil,1530.5304984710244,2006-02-10
Edris Fetisleam,1530.5304984710244,2018-04-07
Andre Gaspar Murta,1530.5304984710244,2013-02-01
Cristian Rodriguez,1530.5304984710244,2018-02-02
Benedict Badza,1530.5304984710244,2024-02-03
Raphael Calzi,1530.5304984710244,2023-02-04
Ayoub Chakrouni,1530.5304984710244,2014-04-04
Martin Stiegwardt,1530.5304984710244,2002-07-12
Pau Gerbaud Farras,1530.5304984710244,2003-07-11
Juan Lorenzo Gonzalez,1530.5304984710244,2006-02-10
Laurent Hild,1530.5304984710244,2003-09-19
Pierre Ludovic Duclos,1530.3247601262808,2012-06-17
Yuttana Charoenphon,1530.2909906585867,2023-02-03
Alejandro Gomez Gb42,1530.2319628574326,2015-07-20
Tobias Clemens,1530.1689376748445,2006-10-23
Hyun Joon Kim,1530.136163418062,2011-03-04
Joao Sousa,1530.0717653467384,2024-04-01
Michael Ray Pallares Gonzalez,1529.9503245613582,2004-04-09
Mats Moraing,1529.7977809880413,2021-05-24
Radoslav Lukaev,1529.7364527317704,2005-09-23
Soong Jae Cho,1529.7009491255596,2011-03-04
Aleksandar Kovacevic,1529.6436538015848,2024-11-04
Mikhail Kukushkin,1529.623751998821,2024-10-14
Alejandro Hernandez,1529.4782103286207,2005-03-04
Mantas Bugailiskis,1529.4567927003118,2014-01-31
Victor Romero,1529.312941799022,2005-07-15
Niki Kaliyanda Poonacha,1529.291641305134,2024-02-03
Devin Mullings,1529.2773301010307,2009-07-10
Remy Bertola,1529.2651234452137,2024-09-13
Oh Hee Kwon,1529.1844987797488,2002-09-20
Carlos Palencia,1529.1454350657887,2006-09-22
Jonathan Erlich,1529.0170964497704,2003-09-22
Ioannis Xilas,1529.0043416309916,2024-09-14
Simon Shen,1528.9027917317173,2002-04-05
Enrique Olivares,1528.8966553843095,2012-02-10
Lukas Dlouhy,1528.8775046586222,2010-07-09
Nutthanon Kadchapanan,1528.8683539062067,2014-02-14
Florent Serra,1528.7196339504123,2014-09-15
Kevin Kung,1528.6753977397861,2012-04-06
Jonas Froberg,1528.4578976225425,2000-11-20
Yanquiel Medina Sobrino,1528.246245540907,2002-04-05
Marcelo Melo,1528.242562978322,2010-05-07
Daniel Langre,1528.2355312731152,2004-02-06
Mohamed Wafa,1528.2115094877645,2002-07-12
Tommy Robredo,1528.2057428447445,2022-04-18
Anthony Jackie Tang,1528.1870478426672,2018-02-03
Dmitro Tolok,1528.1549988568281,2004-07-16
Jose Benitez,1528.1507252776773,2012-02-10
Tapio Nurminen,1528.143575186584,2001-04-06
Luis Horna,1528.1258014860175,2009-09-18
Stefan Kozlov,1528.0275393720065,2022-09-19
Harry Bourchier,1527.9499669563725,2021-02-01
Saeid Ahmadvand,1527.8739306203415,2004-04-09
Nicolas Xiviller,1527.7926213180801,2015-10-30
Marc Vilanova,1527.7515223816818,2003-04-04
Rodrigo Rappaccioli,1527.7180819540815,2010-07-09
Illya Marchenko,1527.6747605480098,2023-08-21
Diego Fernandez Flores,1527.6257501967825,2022-03-04
Mazen Osama,1527.4846748695632,2014-04-04
Guillermo Carter,1527.4343891561728,2003-02-07
Yasutaka Uchiyama,1527.3543124971334,2024-09-18
Giulio Zeppieri,1527.3390979475732,2024-05-27
Daniel Llarenas,1527.2753064829558,2012-04-06
Lovro Zovko,1527.1911074518405,2012-05-21
Carsten Ball,1526.9544846365766,2011-01-17
Brian Hung,1526.8711430203764,2009-07-10
Sam Warburg,1526.8310022569676,2008-08-25
Alexander Waske,1526.5618897825755,2007-08-27
Mauricio Hadad,1526.4190561051514,2001-04-06
West Nott,1526.3024378285525,2011-07-08
Y Wang,1526.1947159578217,2000-10-06
Ivan Navarro,1526.1840256998566,2012-04-30
J J Wolf,1526.1613335640404,2024-07-29
Stefano Ianni,1526.1559653173433,2006-07-24
Ze Zhang,1526.1234747252274,2019-10-07
Khumoun Sultanov,1526.04430664059,2024-09-13
Tatsuma Ito,1525.9912284683412,2020-01-20
Andrea Stoppini,1525.9470557780776,2009-02-09
Nikos Rovas,1525.8877060975508,2006-04-07
William Lock,1525.8779252968723,2006-07-21
Hans Podlipnik Castillo,1525.7929101884997,2016-03-04
Scott Barron,1525.7864977284446,2001-07-20
Andrei Karatchenia,1525.6620609858712,2009-05-08
Richard Gasquet,1525.651035954204,2024-11-04
Andrew Harris,1525.6034893803158,2021-02-01
Miljan Zekic,1525.5867254738755,2017-07-31
Alejandro Gonzalez,1525.5265180437184,2022-03-04
Danilo Petrovic,1525.503673245513,2021-04-19
Santiago Giraldo,1525.4697389783228,2020-03-06
Siu Fai Kelvin Lam,1525.3719027067154,2010-03-05
Malek Jaziri,1525.2936139492303,2023-02-27
Jesper De Jong,1525.092181912774,2024-11-04
Jing Zhu Yang,1524.9486610421347,2001-02-09
Bogdan Borza,1524.8701353290096,2018-02-03
Daniel Elahi Galan,1524.8481673920373,2024-07-29
Orlando Luz,1524.8418222813216,2021-09-18
Rogelio Siller,1524.6468041256728,2013-04-05
Younes Rachidi,1524.4684865514091,2014-01-31
Andres Andrade,1524.4492953035183,2024-09-14
Justin Engel,1524.148887547082,2024-10-14
Axel Michon,1524.067567735959,2014-05-26
Denis Kudla,1524.0642944288047,2024-04-01
Liova Ayite Ajavon,1523.830315297052,2024-09-14
Jorge Brian Panta Herreros,1523.7779670517998,2018-02-03
F Egyir,1523.7754171512058,2002-07-12
Guido Andreozzi,1523.3289528065507,2024-07-22
Carlos Drada,1523.1933985073856,2000-07-21
Marat Deviatiarov,1523.1259234388258,2015-09-18
Benjamin Balleret,1522.8734927173232,2024-09-14
Raven Klaasen,1522.785997310165,2011-09-16
Yassine Idmbarek,1522.76950295701,2015-07-17
Florian Mayer,1522.6326545631446,2018-08-27
Agustin Calleri,1522.5992075455742,2009-06-22
Peter Nagy,1522.3946178657764,2019-02-01
Luis Adrian Morejon,1522.3297648572848,2002-07-12
Youssef Hossam,1522.2351855495883,2018-04-07
Martin Sayer,1522.2296262061254,2011-03-04
Michael Joyce,1522.0936469724866,2003-07-28
Fritz Wolmarans,1522.030453353626,2015-07-17
Denis Gremelmayr,1521.5424606039353,2012-01-02
Nicolas Alvarez,1521.5001072196396,2022-09-17
Christopher Diaz Figueroa,1521.3453490566144,2018-02-03
Marc Rosset,1521.265662937208,2004-10-25
Andrew Whittington,1521.2579168842271,2017-07-03
Saketh Myneni,1521.1247609885618,2017-01-02
Matias Silva,1521.1157566741235,2008-02-08
Omni Kumar,1520.852106279635,2024-08-19
Yan Bai,1520.650131489851,2019-09-23
Rhett Purcell,1520.6024277052472,2019-09-14
Michael Mcclune,1520.5759587421758,2012-08-19
Harold Mayot,1520.341868136307,2024-11-04
Tim Puetz,1520.1760792357716,2015-01-19
Ramin Raziyani,1519.6296208685212,2001-04-06
Yen Hsun Lu,1519.5567170602178,2021-07-24
Vladimir Pavicevic,1519.5565829619507,2002-07-12
Frederico Ferreira Silva,1519.3808197642595,2021-02-08
Rio Noguchi,1519.0324508450026,2022-10-03
Bobby Reynolds,1518.9957540091348,2013-08-18
Austen Childs,1518.7200389248978,2010-07-09
Goran Ivanisevic,1518.5694606446746,2004-06-21
Alvaro Raposo De Oliveira,1518.4393084684937,2010-03-05
Konstantin Don Gruber,1518.3269593098394,2004-10-11
Joseph Sirianni,1518.3126942450556,2009-06-08
Andrea Arnaboldi,1518.3039900537876,2021-01-05
Ivan Gakhov,1518.298512541918,2024-04-15
Michael Geerts,1518.2911712779712,2022-10-17
Tomas Zib,1518.2355637344638,2008-08-25
Andrey Golubev,1518.0362141673636,2015-09-21
Syrym Abdukhalikov,1517.9284379681178,2008-09-19
Carl Soderlund,1517.7439442904356,2016-07-11
Kaichi Uchida,1517.667791769586,2022-10-03
Shahab Hassani Nafez,1517.6593393359087,2007-02-09
Albano Olivetti,1517.6361681836975,2016-06-27
Rok Jarc,1517.5452739132738,2006-04-07
Bastian Trinker,1517.470867851628,2015-07-20
Francisco Llanes,1517.4157626304225,2021-09-18
Blaz Rola,1517.4121862589243,2023-09-15
Mirza Basic,1517.2504253514874,2024-09-14
Nicolas Alvarez Varona,1517.1548490028545,2022-10-10
Francesco Passaro,1517.0421634510044,2024-05-06
Sergio Gutierrez Ferrol,1516.8981766033712,2012-04-09
Gustavo Marcaccio,1516.720337556757,2006-05-01
Fitriadi M Rifqi,1516.707191816662,2024-02-03
Pascal Schaul,1516.5876278330607,2002-05-03
Gustavo Heide,1516.576618176794,2024-07-22
Anton Tsymbalov,1516.532174448516,2006-09-22
Mousa Alkotop,1516.4872714955548,2023-02-03
Kristof Vliegen,1516.3607345826956,2010-09-20
John Doran,1516.3007820756427,2003-07-11
Rogerio Dutra Silva,1516.219151711726,2019-02-11
Nicolas Kicker,1516.1015887543974,2022-02-21
Dmitry Tursunov,1515.9863089342346,2017-08-28
Mauricio Echazu,1515.8706399411985,2018-02-03
Alexandros Skorilas,1515.8570594218118,2023-09-16
Eric Taino,1515.7674208425335,2008-04-11
Felipe Meligeni Alves,1515.5011297703045,2024-07-15
Evgeny Donskoy,1515.492821534806,2021-10-18
Israel Morales,1515.4868009553434,2006-04-07
Walid Jallali,1515.4623383594044,2008-07-18
Mikhail Elgin,1515.394622482724,2013-09-16
Petar Jelenic,1515.330584661277,2010-02-01
Juan Albert Viloca Puig,1515.176207941271,2001-04-09
Daniil Ostapenkov,1514.9645029313551,2021-09-18
Gabriel Trujillo Soler,1514.7507435526356,2008-04-28
Philip Sekulic,1514.7361447232106,2023-10-02
Hiroki Moriya,1514.504020635085,2022-10-03
Alex Llompart,1514.4572667536381,2015-07-17
Gilles Elseneer,1514.4240796215604,2006-04-07
Andres Martin,1514.357441924911,2024-07-22
Miguel Tobon,1514.1410170359063,2001-04-06
Mehdi Tahiri,1514.1288967751045,2006-09-22
Michael Lai,1514.0223238532683,2009-03-06
Marc Andrea Huesler,1513.9227287703668,2024-10-14
Oscar Otte,1513.8592223063092,2024-06-17
Rob Cheyne,1513.811879127175,2003-04-04
Nicolai Budkov Kjaer,1513.8112989256585,2024-09-13
Cayetano March,1513.7846350751797,2022-03-04
Kalle Flygt,1513.7781210479861,2001-07-09
Alexander Donski,1513.7547869870023,2020-03-06
Daniil Glinka,1513.655622326761,2021-09-17
Andis Juska,1513.580949983168,2014-09-12
Wishaya Trongcharoenchaikul,1513.57645235221,2024-02-03
Petr Nesterov,1513.5017679966693,2024-09-14
Philip Davydenko,1513.4352432067,2014-07-07
Rabie Chaki,1513.4212673201573,2009-04-06
Rudolf Molleker,1513.1890166451735,2024-07-15
Nicolas Salama,1513.0754662581817,2010-03-05
Tim Smyczek,1512.9992578844688,2019-07-29
Wesley Whitehouse,1512.890766566693,2007-07-29
Daniel Cukierman,1512.8844550605156,2024-09-13
Kevin Kim,1512.878541998648,2010-08-01
Vladyslav Orlov,1512.8754448487905,2024-02-01
Taro Daniel,1512.755991437723,2024-10-14
Mikael Torpegaard,1512.6400147247414,2022-03-04
Salvador Navarro,1512.5381679970985,2004-04-26
Dinu Pescariu,1512.51354992652,2001-09-10
Franco Roncadelli,1512.4685211518606,2024-09-13
Robert Strombachs,1512.4120909685917,2024-02-02
Nishesh Basavareddy,1512.2885923116787,2024-12-18
Julien Boutter,1512.2457829929176,2004-06-21
Kornel Bardoczky,1512.240802494347,2010-03-05
Jonathan Mridha,1512.0607721707968,2018-09-14
Denis Yevseyev,1511.836624597061,2024-09-18
Ugo Blanchet,1511.7496519685546,2024-07-15
Yohny Romero,1511.721990958085,2010-03-05
Diego Hartfield,1511.6334314550086,2008-04-14
Zdenek Kolar,1511.632995097994,2022-06-27
Suwandi Suwandi,1511.327041474496,2006-09-22
Peter Bothwell,1511.085948464187,2018-02-03
Nils Langer,1511.0119209189247,2013-10-14
Palaphoom Kovapitukted,1510.887255372279,2019-04-05
Romain Jouan,1510.8508681402188,2011-08-29
Michael Kohlmann,1510.7247865071972,2007-06-11
Matteo Viola,1510.6988697275556,2019-09-16
Patrick Kypson,1510.673351297681,2024-04-01
Dmitry Popko,1510.4859208997127,2024-02-03
Jean Michel Durango,1510.4852140360508,2007-04-06
Thomas Oger,1510.475138748976,2017-02-03
Amir Weintraub,1509.930766856423,2019-08-19
Di Wu,1509.791663967198,2019-09-23
Mark Merklein,1509.6570900842253,2004-02-06
Todd Reid,1509.6372749214472,2005-01-17
Brian Macphie,1509.5343738269648,2000-02-14
Noah Rubin,1509.5092383186595,2021-08-23
Mischa Zverev,1509.3595650118095,2021-03-22
Ryler Deheart,1509.1728132620228,2010-09-27
Andrea Pellegrino,1509.1622564663357,2024-07-15
Michael Sell,1509.0441594736599,2000-01-10
Robert Farah,1509.032391303611,2014-04-04
Dalibor Svrcina,1508.9755249735426,2024-01-29
Dane Sweeny,1508.9241482883986,2024-01-15
Viktor Galovic,1508.8048895484635,2019-07-15
Manuel Sanchez,1508.7371435279524,2020-03-06
Davide Sanguinetti,1508.54740918084,2007-09-24
Reginald Willems,1508.4576641967355,2000-04-10
Rohan Bopanna,1508.4355262655417,2016-07-15
Moez Echargui,1508.4328259065408,2024-07-29
Viacheslav Bielinskyi,1508.373056054556,2024-02-01
Krystian Pfeiffer,1508.2135110051408,2001-07-23
Gastao Elias,1508.1296485651715,2021-09-18
Louis Wessels,1508.1144015296848,2023-06-19
Omar Jasika,1508.030839007116,2024-01-15
Yi Zhou,1508.0282684636036,2024-10-02
Kacper Zuk,1507.891419586559,2023-01-02
Gergely Kisgyorgy,1507.854411508977,2005-07-15
Marcin Gawron,1507.8434910170831,2011-03-04
Norbert Gombos,1507.7932737978,2024-09-15
Prima Simpatiaji,1507.7707856739673,2009-03-06
Juan Pablo Ficovich,1507.6472082522016,2022-01-31
Jan Vacek,1507.338890766997,2008-06-09
Colin Sinclair,1507.2280111483303,2023-02-03
Vimuktha De Alwis,1507.0169091255266,2012-02-10
Luis David Martinez,1506.9531782020777,2020-03-06
Nicolas Thomann,1506.8780882313824,2006-10-23
Juan Pablo Varillas,1506.7624224940066,2024-09-13
Arvind Parmar,1506.735071066346,2006-04-07
Sergei Yaroshenko,1506.6875243014108,2005-09-23
Diego Cubas,1506.6806650076867,2004-07-16
Miguel Angel Este,1506.4258349349125,2016-03-04
Hermes Gamonal,1506.3194993323953,2004-09-24
Sho Shimabukuro,1506.2311270181433,2023-10-16
David Jorda Sanchis,1506.2204372958001,2024-04-01
John Bryan Decasa Otico,1506.148937534986,2019-04-05
Hugo Nys,1505.9912518360843,2024-09-14
Ti Chen,1505.9097897107613,2018-02-03
Oriol Roca Batalla,1505.8727839824192,2023-05-22
Jean Rene Lisnard,1505.818453209668,2013-04-05
Matteo Gigante,1505.7956497332348,2024-05-06
Yshai Oliel,1505.7274525670866,2024-09-13
Stephane Robert,1505.709254587644,2020-01-13
Richey Reneberg,1505.6767299047485,2000-02-14
Vladyslav Manafov,1505.4117931801022,2015-09-18
Dong Hyun Kim,1505.3136328811,2003-04-04
Thomas Fabbiano,1505.2383860235268,2022-02-14
Radoslaw Nijaki,1505.1173466720286,2003-07-11
Stephen Nugent,1505.075615656689,2006-07-21
Dominic Thiem,1504.8235084374116,2024-10-21
Sargis Sargsian,1504.8168463260115,2006-02-27
Alun Jones,1504.7872731640687,2008-02-08
Alexandar Lazarov,1504.5585300486543,2023-11-06
Ilia Kushev,1504.4556488117669,2006-07-21
Andrej Kracman,1504.2902653310693,2009-03-06
Santiago Gonzalez,1504.2640128083453,2012-02-27
Carlos Taberner,1504.200051238985,2024-04-15
Jirat Navasirisomboon,1504.1758807482897,2020-03-06
Soren Wedege,1504.076967638329,2011-03-04
Diego Veronelli,1504.0689831250122,2004-04-12
Nerman Fatic,1503.8195976436564,2024-02-03
Wen Lung Chang,1503.8011739241097,2002-04-05
Edgardo Massa,1503.7719019910767,2006-10-02
Barry King,1503.7387764731777,2011-07-08
Hazem Naw,1503.6562381118815,2020-03-06
Alen Avidzba,1503.645535022204,2019-10-14
Shao Xuan Zeng,1503.6408687717726,2009-10-11
Ainius Sabaliauskas,1503.3962352880644,2022-09-17
Jan Hajek,1503.2251890790064,2014-02-17
Chuhan Wang,1503.2070110202226,2015-03-06
Ilou Lonfo,1503.2025288369414,2001-07-20
Roberto Quiroz,1503.2018149790124,2022-09-17
Colin Fleming,1502.9573673407403,2011-09-16
Alexandre Sidorenko,1502.9516230591357,2016-09-19
Johan Ortegren,1502.914973090758,2000-11-20
Rene Busch,1502.80875629409,2000-04-28
Teymuraz Gabashvili,1502.780116182449,2017-10-16
M Abid Ali Khan Akbar,1502.730125695091,2018-02-02
Raimonds Sproga,1502.6750486743172,2000-07-21
Bob Borella,1502.6750486743172,2000-07-21
John Morrissey,1502.620513058451,2014-01-31
Bertrand Madsen,1502.5272062659392,2004-04-09
Jesse Witten,1502.4913619759393,2010-06-21
Rafael Arevalo,1502.484552478511,2017-04-07
Juan Alejandro Hernandez Serrano,1502.4665034676152,2022-08-01
Martin Slanar,1502.3474956346417,2008-09-29
Americo Venero Montes,1502.2670642179228,2000-04-06
Hong Kit Jack Wong,1502.216246908757,2024-02-03
Marco Chiudinelli,1502.034845914711,2017-10-23
Bjorn Rehnquist,1501.86563945176,2009-01-19
Francisco Fogues,1501.85386924295,2005-05-16
Franco Ferreiro,1501.8503980665369,2009-05-25
Julien Varlet,1501.732685399599,2003-05-26
Stefano Travaglia,1501.6362597220498,2023-08-28
Jing Yi Li,1501.4751224383906,2004-04-09
Maximo Gonzalez,1501.1795487109237,2017-04-10
Alejandro Moro Canas,1501.1728726259971,2024-07-01
Luis Haddock,1501.1351650070235,2004-04-09
Chris Rodesch,1501.014518542535,2024-09-14
Marcus Daniell,1500.9972904480442,2015-07-17
Justin Barki,1500.9674360957883,2021-09-17
Abdullah Maqdas,1500.878619431975,2017-02-03
Sean Cooper,1500.8098857791313,2003-04-04
Claude Ngoran,1500.7234341086034,2005-07-15
Gerald Melzer,1500.6988628692768,2022-07-25
Hendri Susilo Pramono,1500.5792137639505,2000-10-06
Federico Luzzi,1500.3360350158673,2007-07-23
Daniel Kosakowski,1500.3331537736196,2014-03-06
Riccardo Bonadio,1500.2907611184994,2023-04-03
Stylianos Christodoulou,1500.2340894361407,2024-02-03
Marcin Matkowski,1500.2196752977065,2012-09-14
Jacobo Chavez,1500.2000972983178,2002-04-05
Hamid Reza Nadaf,1500.1149816916152,2024-03-15
Stefano Napolitano,1500.0681771982458,2024-07-15
Gonzales Austin,1499.871972083494,2011-07-08
Peter Bertran,1499.7693370380825,2022-09-16
Mustafa Azkara,1499.7628546811081,2001-07-20
Ricardo Mena,1499.5710293259547,2008-04-11
Rolandas Murashka,1499.4538526187962,2000-07-21
Alex Corretja,1499.3104601351454,2005-04-25
Cheuk Wai Hui,1499.2737546019362,2010-03-05
Mikhail Youzhny,1499.1174706254262,2018-09-17
Oscar Posada,1499.0845468322566,2001-07-20
Simon Larose,1499.0403701642451,2004-09-24
Petros Tsitsipas,1498.9238054800965,2024-07-29
Alessio Di Mauro,1498.8620994294836,2010-05-03
Christian Lindell,1498.6465703534668,2017-04-07
Aldin Setkic,1498.6041503695499,2017-10-16
Nicholas Sayer,1498.4813038415905,2012-02-10
Augustin Gensse,1498.3676161551489,2011-08-29
Ante Pavic,1498.2369770873584,2017-02-03
Brendan Evans,1498.2350858008504,2010-06-21
Hans Hach Verdugo,1498.0368230541476,2016-03-04
Denis Matsukevitch,1498.0108085751813,2008-07-14
Paul Capdeville,1497.9984168288536,2013-09-13
Mateus Alves,1497.9844357472787,2023-02-20
Bastian Knittel,1497.91094521574,2013-06-24
Martin Klizan,1497.795298217161,2020-11-09
Gert Vilms,1497.761327672788,2001-07-20
Suk Young Jeong,1497.700897893003,2013-09-23
Michael Berrer,1497.6432999694844,2016-10-17
Henry Estrella,1497.5991629654386,2008-02-08
Alvaro Guillen Meza,1497.471316006677,2024-02-02
Rodrigo Banzer,1497.4505851904275,2017-02-03
Asif Ismail,1497.395473757874,2003-02-07
Uros Vico,1497.3486252420307,2005-09-26
Juan Carlos Fuentes Vasquez,1497.3249513256828,2024-09-14
Kuan Yi Lee,1497.2944454786034,2018-02-03
Grant Stafford,1497.2560351257343,2000-01-17
Emilio Gomez,1497.2435243489772,2024-02-02
Kevin Sorensen,1497.144733581129,2006-07-21
Zachary Svajda,1497.1207352651747,2024-10-02
Arnau Brugues Davi,1497.0668183752077,2013-02-04
Sina Moghimi,1496.981584305264,2024-03-15
Germain Gigounon,1496.834649961879,2015-05-24
Vasilis Mazarakis,1496.6113297402849,2006-03-06
Feliciano Lopez,1496.5946969032457,2023-06-26
Federico Agustin Gomez,1496.494995772393,2024-09-18
Santiago Fa Rodriguez Taverna,1496.4436516864184,2022-05-23
Ville Liukko,1496.436899219871,2001-04-06
Deniss Pavlovs,1496.402402336752,2012-04-06
Benito Jose Suriano,1496.378814092309,2007-04-06
Lars Uebel,1496.308025317592,2005-06-13
Peter Polansky,1496.3005146700616,2019-08-05
Thomaz Bellucci,1496.272892524596,2023-02-20
Scott Griekspoor,1496.2273180736777,2018-09-14
Alberto Brause,1496.1222760366632,2000-04-07
Mario Monroy,1496.05416358297,2003-02-07
Marin Draganja,1495.862082674676,2016-09-16
Franko Skugor,1495.8519076151867,2019-02-11
Benjamin Becker,1495.8270720948076,2017-03-20
Gianni Mina,1495.8088705167113,2015-05-17
Pedro Cachin,1495.736289733355,2024-07-15
Titouan Droguet,1495.66041517805,2024-11-04
Albert Ramos,1495.6212695502265,2024-08-26
Pablo Galdon,1495.5691513627332,2011-02-14
Peter Handoyo,1495.5670341111381,2003-04-04
Kyrian Jacquet,1495.5605237735942,2024-08-26
Vladimir Ivanov,1495.5205011921137,2021-09-17
Francisco Cabral,1495.500961876126,2024-07-29
Gabi Adrian Boitan,1495.3928637306913,2024-09-13
Adolfo Daniel Vallejo,1495.3228189436757,2021-09-17
Adrian Ungur,1495.2897180609637,2018-09-15
Adrian Menendez Maceiras,1495.1551488476632,2019-04-08
Leonardo Tavares,1495.0449079812367,2011-07-08
Fred Hemmes,1495.0282185761585,2004-01-12
Joaquin  Aguilar Cardozo ,1494.9349108845934,2024-09-13
Miloslav Mecir Jr,1494.721425084895,2014-10-13
Akash Wagh,1494.7020377558729,2006-09-25
Ryan Shane,1494.6669075920076,2015-08-31
Carlos Gimeno Valero,1494.5482556485995,2022-05-02
Eddy Chala,1494.4947096447781,2009-03-06
Melle Van Gemerden,1494.4141014747252,2006-06-26
Juan Ignacio Londero,1494.280082820115,2022-05-23
Zack Fleishman,1494.231612375597,2008-08-04
Daniel Smethurst,1494.2298196874774,2014-06-23
Jimy Szymanski,1494.0313907281927,2006-02-10
David Martin,1493.953786789724,2007-09-24
Lukas Hellum Lilleengen,1493.8560262093335,2022-09-16
Jan Zielinski,1493.7743173567683,2022-01-03
Clement Morel,1493.7455727652411,2009-07-10
Piero Luisi,1493.6852223776168,2013-04-05
Lionel Roux,1493.5852996970498,2002-08-12
Michel Koning,1493.4363596245269,2007-06-17
Rhyne Williams,1493.4348467735315,2015-01-04
Juan Andres Gomez,1493.4045040732776,2006-09-22
Bohdan Ulihrach,1493.3692080921335,2007-06-25
Jean Segodo,1493.2624438122255,2013-04-05
Yuta Shimizu,1493.133480951971,2022-10-03
Andrea Basso,1493.0761695508018,2019-05-13
Jung Woong Na,1492.9345757314304,2012-04-06
Sebastien Grosjean,1492.925051586172,2010-02-22
Marzio Martelli,1492.7865717147947,2001-07-16
Arthur De Greef,1492.7148410705497,2019-02-01
Aziz Ouakaa,1492.6461412318922,2021-11-26
Jiri Vanek,1492.5672598920783,2009-05-25
Christophe Pognon,1492.4491544273053,2000-09-18
Luis Perez Chete,1492.4293339669357,2002-04-05
Soteris Hadjistyllis,1492.4169834561478,2013-02-01
Frantisek Cermak,1492.412054592243,2012-02-10
Guillermo Olaso,1492.334514014017,2013-04-22
Francisco Clavet,1492.3336402468938,2003-07-14
Enrique Lopez Perez,1492.2414488429692,2016-07-18
Johny De Leon,1492.05781266115,2005-04-29
Rodrigo Senattore,1492.0220571823377,2014-09-12
Maks Kasnikowski,1492.0175707512162,2024-09-13
Eduardo Rincon,1491.9647628202372,2001-02-09
Igor Kornienko,1491.8915274652672,2000-11-06
Mousa Shanan Zayed,1491.8414768901573,2013-12-30
Kirati Siributwong,1491.8406464580232,2008-04-11
Artem Sitak,1491.715364349023,2017-01-09
Alexander Zgirovsky,1491.5349835104516,2021-09-18
Juan Giner,1491.519267397734,2003-09-22
Evan Furness,1491.4893743283033,2022-09-19
Jason Jung,1491.4513887048504,2023-07-31
Josko Topic,1491.4393482808384,2013-07-22
Patrick Kaukovalta,1491.3535747821468,2023-11-21
Uladzimir Ignatik,1491.2049919077313,2015-09-18
Oscar Serrano,1491.1959645225054,2003-02-10
Andrew Anderson,1491.1741928956983,2009-02-02
Kwasi Ahenkora,1491.1314055602968,2003-07-11
Nicolas Meister,1491.0619215287402,2012-07-23
Stefanos Sakellaridis,1491.0547495338594,2024-01-01
Sascha Kloer,1491.0506909648723,2009-05-03
Nicola Kuhn,1490.9886248526518,2022-07-18
Jamie Baker,1490.9445001860026,2013-06-10
Nicholas David Ionel,1490.9250957831102,2024-02-03
Martin Emmrich,1490.8256920926947,2010-06-13
Ricardo Chile Fonte,1490.7552997045298,2005-07-15
Stefano Tarallo,1490.5563694351217,2000-09-25
Ulises Blanch,1490.4483779061427,2020-08-31
Emilio Daniel Baez Britez,1490.4460641083629,2007-09-21
Alastair Gray,1490.423351331948,2022-06-27
Sanam Singh,1490.4135941135337,2014-04-04
Leos Friedl,1490.363082209977,2006-01-30
Victor Baluda,1490.3488658434576,2014-10-13
Raymond Sarmiento,1490.3455554568309,2019-08-19
Adria Soriano Barrera,1490.3237948249498,2024-09-14
Michel Kratochvil,1490.3040752616953,2007-07-09
Nikolas Sanchez Izquierdo,1490.278803266519,2024-05-20
Boris Pashanski,1490.2011769782139,2013-02-01
James Lemke,1490.1701327602336,2010-01-11
David Szintai,1490.003066003284,2019-02-01
Gabriel Montilla,1489.945113212072,2004-04-09
Alexander Sarkissian,1489.8083958734082,2021-07-19
Seong Chan Hong,1489.7328269691263,2024-09-13
Gonzalo Lama,1489.64943003091,2023-07-31
Marc Gicquel,1489.5548900750007,2014-02-03
Rodrigo Pacheco Mendez,1489.4372999804664,2024-09-14
Andreja Petrovic,1489.2348952325935,2023-02-03
Alessandro Giannessi,1489.2001987328997,2023-04-03
Hugo Grenier,1489.1574730128552,2024-08-26
Alex Rybakov,1489.1343290631926,2023-02-06
Ilya Belyaev,1489.0678576444525,2010-10-18
Guillermo Alcaide,1489.0400057387244,2010-06-21
Denys Molchanov,1489.0168596911844,2013-09-13
Dino Prizmic,1488.9914054310307,2024-02-12
Adam Neff,1488.9231747776762,2024-02-05
Wilfredo Gonzalez,1488.9193149234638,2020-03-06
Gabriel Pitta,1488.9135823414579,2004-09-24
Roman Andres Burruchaga,1488.9069055544603,2024-05-27
Alexander Reichel,1488.7919965370845,2004-02-09
Evan King,1488.7763187832666,2018-03-05
Mykyta Mashtakov,1488.7486742073227,2017-04-07
Matt Reid,1488.7281609171032,2013-06-24
Jan Satral,1488.7011492515026,2017-02-03
Sam Riffice,1488.6670472605442,2021-08-30
Heve Kelley,1488.62518727132,2024-02-02
Gregoire Burquier,1488.610140031283,2014-09-22
Rayane Roumane,1488.607628563825,2019-09-16
Noam Behr,1488.5980057115403,2001-10-01
Ye Cong Mo,1488.4359563652044,2023-09-20
Michael Agwi,1488.3127635805226,2024-09-13
Jean Francois Bachelot,1488.3059881815327,2002-06-24
Artem Derepasko,1488.2501637342286,2001-06-25
Sebo Kiss,1488.1773593584014,2011-09-16
William Blumberg,1488.1495564617007,2022-07-11
Noam Okun,1488.115424865652,2013-02-01
Jan Michael Gambill,1488.0295232292015,2007-04-09
Alexander Sadecky,1488.018603229238,2011-07-25
Antso Rakotondramanga,1487.957187392849,2017-02-03
Yusuke Takahashi,1487.9285523784674,2017-10-02
Roberto Carretero,1487.8080142379154,2001-09-24
Guillermo Rivera Aranguiz,1487.796437622079,2011-03-04
Alexander Popp,1487.7794015553245,2005-10-24
Ya Nan Ma,1487.7718401995928,2012-02-10
Jay Gooding,1487.7663741851813,2003-03-03
George Bastl,1487.5142069522701,2009-02-16
Rik De Voest,1487.499784953561,2014-04-04
Santiago Maresca,1487.3790976271011,2016-03-04
Andres Pedroso,1487.352051732365,2004-09-13
Jim Courier,1487.3305482206756,2000-03-20
Luke Smith,1487.2669791698665,2001-01-01
Isaac Becroft,1487.2375898788516,2022-09-16
Filip Veger,1487.0825023767932,2013-02-04
Eliot Spizzirri,1487.0435386763675,2024-08-26
Tripp Phillips,1487.018892337125,2004-03-01
Leonardo Olguin,1486.942346012725,2002-02-18
Gonzalo Villanueva,1486.938654433292,2022-08-01
Javier Barranco Cosano,1486.9022618120935,2024-05-20
Marko Tepavac,1486.742623253273,2017-02-06
Alex Diaz,1486.701440562842,2018-02-03
Francesco Maestrelli,1486.686541180541,2022-10-10
Herkko Pollanen,1486.6599181281101,2014-01-31
Karam Hatamleh,1486.6507675104426,2023-02-03
Yassine Dlimi,1486.5165166008878,2024-09-14
Cole Gromley,1486.4631527006525,2019-07-22
Darwin Blanch,1486.4128023337817,2024-04-22
Patrik Langvardt,1486.3811925979674,2002-07-12
Patrick Chucri,1486.2836916241595,2012-04-06
Robert Lindstedt,1486.2527922538527,2011-07-08
Julian Lenz,1486.2091906728426,2019-09-16
Trent Bryde,1486.1183489928592,2021-07-26
Mario Radic,1486.051746393804,2003-07-21
Artem Dubrivnyy,1485.9472395818166,2019-10-14
Mark Lajal,1485.8812113135946,2024-09-13
Frederic Niemeyer,1485.8674138721933,2009-08-10
Roman Valent,1485.8245498633878,2009-09-21
Mohammed Abdulla,1485.7897474698652,2005-01-03
Patrick Ciorcila,1485.7667914290173,2014-04-21
Gianluigi Quinzi,1485.6778519531279,2017-11-06
Jan Choinski,1485.673271468589,2024-08-26
Nathan Healey,1485.6664660019292,2007-07-29
Christopher Koderisch,1485.6267072711312,2003-06-09
Yann Marti,1485.5900390565353,2016-07-18
Kristijan Mesaros,1485.4908606280298,2012-01-30
Dusan Lojda,1485.4465197474083,2010-08-30
Bartlomiej Dabrowski,1485.430727981727,2004-04-09
Brian Dabul,1485.4177712658714,2011-07-04
Martin Pedersen,1485.3585690407567,2015-03-06
Finn Reynolds,1485.2513136105586,2021-09-17
Henri Squire,1485.2134761711577,2024-09-14
Simon Aspelin,1485.0962859144327,2011-03-04
Mikal Oliver Statham,1485.0720700920415,2009-09-18
Wojciech Marek,1485.0476393805984,2021-03-05
Roberto Ortega Olmedo,1485.0358155662548,2016-05-16
Alexander Blom,1485.0011496298168,2011-07-08
Eric Quigley,1484.9683477872663,2015-02-16
Gerardo Lopez Villasenor,1484.8297767367108,2022-09-16
Pedro Sakamoto,1484.7132679339543,2019-02-25
Benjamin Hannestad,1484.6961671372355,2017-09-15
Johan Settergren,1484.6857057922564,2004-10-25
Maxim Shin,1484.6786404041552,2024-02-02
Adrian Cruciat,1484.6618088456,2008-09-08
Jaime Cortes,1484.5729056759965,2000-03-06
Bostjan Osabnik,1484.4526655560576,2005-09-23
Nicolaas Scholtz,1484.4308832418653,2018-02-02
Raul Brancaccio,1484.3758290905853,2021-05-24
Duilio Beretta,1484.2764260801534,2018-02-03
Pablo Andujar,1484.2067302353425,2023-04-17
Theo Papamalamis,1484.1428516573953,2024-11-04
Matthew Forbes,1484.1326039314572,2024-08-26
Jonathan Marray,1484.1146121908262,2007-06-25
Wei Jen Cheng,1484.108341965051,2003-09-19
Chak Lam Coleman Wong,1484.0529980826873,2024-01-01
Federico Coria,1483.9800951655573,2024-08-26
Philipp Oswald,1483.9766877058548,2014-09-22
Jacob Adaktusson,1483.9481361170049,2006-01-16
Igor Sijsling,1483.9457911820946,2016-08-01
Thomas Fancutt,1483.9134982108976,2021-02-01
Gleb Sakharov,1483.889306154679,2019-01-14
Mathias Bourgue,1483.8078656229009,2023-11-06
Rodrigo Arus,1483.7724750326533,2018-02-03
Peter Luczak,1483.7197308735017,2011-07-25
Danylo Kalenichenko,1483.6346221517356,2016-09-16
Andrei Daescu,1483.596331079646,2012-04-06
Stefano Cobolli,1483.5931411717975,2000-07-24
Scoville Jenkins,1483.5805596366802,2009-04-06
Bowen Ouyang,1483.5707174404456,2014-09-22
Juan Luis Tati Rascon,1483.5426280422366,2004-10-18
Wolfgang Schranz,1483.1575012865221,2000-07-17
Nathan Pasha,1483.1099484319188,2014-07-21
Raphael Durek,1483.0886743169517,2003-01-06
Evgeny Karlovskiy,1483.0749617940323,2018-10-15
Israel Matos Gil,1483.0721423748746,2005-04-04
Bruno Britez,1483.0467384104354,2017-02-03
Jason Sankey,1482.9721740202212,2006-04-07
Kamil Capkovic,1482.9281589357995,2005-03-04
Marcelo Demoliner,1482.8696527345471,2023-09-15
Robert Kendrick,1482.7941970695206,2012-02-20
Nick Van Der Meer,1482.7713745301348,2004-07-12
Alan Fernando Rubio Fierros,1482.7546643050607,2024-09-14
N Sriram Balaji,1482.6059393445087,2024-09-14
Yaraslav Shyla,1482.4964506372492,2018-02-02
Kasparas Zemaitelis,1482.4494939782735,2013-04-05
Federico Sansonetti,1482.378533736654,2009-09-18
Clay Thompson,1482.3610715404361,2014-07-07
Sebastian Fanselow,1482.3247019565738,2024-05-20
Andre Ghem,1482.1267779805514,2016-07-18
Mike Bryan,1482.097401262745,2008-02-08
Michael Vrbensky,1481.9845418726761,2021-01-05
Amr Elsayed Abdou Ahmed Mohamed,1481.9373852255276,2024-09-13
Byron Black,1481.8512677029726,2002-09-20
Nick Hardt,1481.7962334192484,2024-07-15
Tomislav Ternar,1481.7521264456466,2017-04-07
Andrei Medvedev,1481.6922862572555,2001-10-22
Steven Korteling,1481.689916766367,2005-07-18
Adrian Andreev,1481.6309641186424,2021-09-27
Daniel Masur,1481.6201697395004,2021-06-28
Dmitry Vlasov,1481.5552876619522,2001-07-09
Alexios Halebian,1481.5229525340917,2017-07-31
Joshua Eagle,1481.2331751845438,2001-02-26
John El Khoury,1481.2294712183884,2006-04-07
Julien Mathieu,1481.1032738406511,2006-10-23
Lucas Miedler,1481.0980042088981,2024-02-03
Carlos Berlocq,1481.0488012322105,2019-04-08
Hendrik Dreekmann,1481.0282265852172,2003-06-09
Will Farah Lebar,1480.991996374314,2004-04-09
Jui Chen Hung,1480.9789241567048,2016-03-04
Nomi Qamar,1480.9203203818147,2004-02-06
Paulo Carvallo,1480.8272461860865,2010-03-05
Oliver Anderson,1480.8208750623255,2016-01-04
Tomislav Peric,1480.7233581567982,2006-04-24
Romain Bogaerts,1480.6605251494839,2013-08-18
Sebastian Fitz,1480.6031104719812,2004-06-14
Hasan Ibrahim,1480.5867144081003,2020-03-06
Marc Abdulnour,1480.5606981158219,2013-04-05
Mathias Hellstrom,1480.4784381490294,2004-07-05
Kj Hippensteel,1480.4532623700084,2004-08-30
Yousaf Khalil,1480.4283732646145,2024-09-14
Mohd Assri Merzuki,1480.4039414399542,2016-03-04
Austin Smith,1480.3846053739535,2016-08-01
William Ward,1480.3744975462057,2004-04-09
Hector Moretti,1480.3161076599501,2000-07-24
Osgar Ohoisin,1480.185923277565,2024-02-03
Justin Lunn,1480.168920850275,2017-02-03
Alessandro Bega,1480.1607264646816,2017-07-31
Zach Dailey,1480.1561913915941,2005-02-14
Joel Schwaerzler,1480.1526087327395,2024-10-21
Yannick Mertens,1480.1488553891368,2012-10-15
Alexandr Zotov,1480.145800716186,2006-04-07
Richard Bloomfield,1480.073161721522,2011-07-04
Edward Corrie,1480.0370334534407,2013-06-10
Camilo Ugo Carabelli,1479.9287453873537,2024-08-26
N Vijay Sundar Prashanth,1479.8984152732733,2015-01-05
Martin Vaisse,1479.824352791865,2014-05-18
Andrei Pavel,1479.8157356520042,2009-09-21
Diego Schwartzman,1479.7872594163678,2024-08-26
Evgenii Tiurnev,1479.7200538489767,2021-10-25
Valentin Vacherot,1479.7105455411042,2024-05-27
Caleb Chakravarthi,1479.5306920109012,2022-02-07
Kyle Johnson,1479.5209456013613,2019-04-05
Erik Arutiunian,1479.4380880155495,2021-09-18
Nuno Matias,1479.2624892258384,2002-04-08
Sheil Kotecha,1479.2296433912109,2020-03-06
Amer Naow,1479.2247511170378,2020-03-06
Phillip Harboe,1479.1739512150077,2005-01-31
David Miketa,1479.1535013895143,2000-07-17
Sebastian Dominguez,1479.148752277369,2019-09-13
Marinko Matosevic,1479.1471882315254,2015-08-03
Ashkan Shokoofi,1479.0882685804338,2007-04-06
Clint Bowles,1479.08064828612,2008-02-11
Tegar Abdi Satrio Wibowo,1478.9947888859913,2022-09-16
Jun Chao Xu,1478.9816912564795,2008-09-22
Catalin Gard,1478.877524851525,2007-09-10
Mohamed Redha Ouahab,1478.8748188692832,2007-04-06
Gian Marco Moroni,1478.8538430617384,2022-04-18
Eric Nunez,1478.758256610636,2005-01-31
Adam Kellner,1478.7131291574015,2012-04-06
Chase Buchanan,1478.7094088603471,2014-08-10
Philip Henning,1478.7031474032374,2024-09-14
Adelo Abadia,1478.6898597487773,2004-04-09
Emin Agaev,1478.6042594817125,2002-08-12
Tomas Barrios Vera,1478.6020973680338,2024-09-12
Alvaro Lopez San Martin,1478.5438301881786,2023-05-22
Tobias Klein,1478.5108508159942,2005-06-13
Toni Androic,1478.5077045630203,2015-07-20
Zbynek Mlynarik,1478.4887105251837,2000-10-09
Robert Yim,1478.381220120829,2003-08-25
Flavio Cipolla,1478.3674658590942,2013-07-08
Ivan Endara,1478.3195834378464,2018-02-02
Chris Numbers,1478.2282587265993,2002-02-08
Tomas Tenconi,1478.1931736976308,2005-05-23
Nathan Anthony Barki,1478.1162793855578,2022-09-16
Nikola Mektic,1477.9003664498405,2019-11-20
Ross Hutchins,1477.8692052758122,2009-02-02
Carlos Gomez Herrera,1477.8528626531515,2012-04-30
Michael Lammer,1477.77733946558,2015-03-06
Todd Woodbridge,1477.7631540167445,2005-03-04
Daniel Yoo,1477.7558948160122,2004-08-16
Taso Vasiliadis,1477.7246588156972,2002-04-05
Marco Crugnola,1477.7224656580718,2011-01-17
Adrian Bohane,1477.6341907617802,2004-09-13
Francisco Yim Kim,1477.613696813367,2016-03-04
Michael Ryderstedt,1477.5970214413676,2012-09-14
Frederik Fetterlein,1477.585219885045,2003-09-19
Nuno Marques,1477.556448247037,2000-04-10
Sekou Bangoura,1477.5422231315715,2017-07-31
Kyu Tae Im,1477.4786195815375,2011-07-08
Matt Simpson,1477.4469459502584,2007-04-06
Marcello Craca,1477.3554153216537,2002-09-23
Filip Peliwo,1477.3172257556223,2015-08-10
Brian Shi,1477.2402858382936,2020-02-10
Greg Jones,1477.1816720837612,2013-01-07
Lester Cook,1477.1811976442052,2004-07-12
Massimo Dellacqua,1477.1364150494117,2008-06-15
Hao Lu,1477.102439868282,2005-07-15
Pedro Braga,1477.0094305961961,2004-02-23
Oleksii Krutykh,1476.9977268736172,2024-09-13
Dennis Peschek,1476.993693002943,2000-07-17
Arthur Fery,1476.9898183925884,2024-07-01
Luke Milligan,1476.9594768049833,2001-06-25
Giovani Samaha,1476.9517029498934,2015-07-17
Javier Garcia Sintes,1476.5155253362338,2001-09-24
Liam Krall,1476.4754770574136,2023-02-06
Matias Boeker,1476.459642168141,2005-04-18
Soren Hess Olesen,1476.3763516029787,2018-02-03
Jose Hernandez,1476.3727744814553,2020-03-06
Rodrigo Vallejo,1476.3550600341532,2001-04-06
Samir Saadeldin,1476.2719035005662,2001-04-06
Igor Gaudi,1476.256017867997,2000-06-26
Juan Lugo,1476.2495804574444,2019-09-14
Damar Johnson,1476.2249933447677,2009-03-06
Andreas Bjerrehus,1476.1971739001913,2016-09-16
Oliver Freelove,1476.1395586005087,2000-11-20
George Kallis,1476.0935451868409,2008-07-18
Emanuel Couto,1476.0754279628015,2003-04-04
Loic Didavi,1476.0363098848363,2013-02-01
Daniel Michalski,1476.0172050358208,2023-01-02
Bruno Echagaray,1475.9953850743475,2009-03-06
Adam Moundir,1475.9465653680434,2023-09-16
Jan Minar,1475.927501571714,2008-08-25
Armin Sandbichler,1475.8915548901748,2006-07-24
Prajnesh Gunneswaran,1475.8609692644843,2023-02-03
Taras Demyanekno,1475.8480657673917,2001-09-21
Andreas Fasching,1475.7609773704594,2000-07-24
John Paul Fruttero,1475.7550025580883,2005-09-26
Vasuthevan Ortchuan,1475.7231028673702,2000-04-07
Nicolas Todero,1475.5646224461202,2002-07-08
Jeff Morrison,1475.550219833845,2006-08-28
Ilija Bozoljac,1475.5480568844216,2014-01-31
Pavel Katliarov,1475.4720687857694,2008-07-18
Syed Mohd Agil Syed Naguib,1475.4554909143244,2016-03-04
Oliver Marach,1475.4508707538841,2015-07-17
Boy Westerhof,1475.3918140886165,2013-07-22
Juan Carlos Prado Angelo,1475.315510986502,2024-02-03
Evgeny Kirillov,1475.1931528640844,2011-06-12
Jaan Kononov,1475.1759378218383,2013-02-01
Navdeep Singh,1475.1447495591108,2007-09-24
Manuel Castellanos,1475.1274602566507,2016-03-04
Hernan Casanova,1475.0488019336979,2022-07-25
Frederick Sletting Johnsen,1474.9878543749708,2007-07-20
Takuto Niki,1474.972669221742,2015-09-28
Lawal Shehu,1474.9634334212947,2007-07-20
Lleyton Cronje,1474.900382275085,2022-09-16
Sumit Nagal,1474.8878416046011,2024-11-04
Sami Ghorbel,1474.7811533543268,2011-03-04
Karim Hossam,1474.7789034154816,2014-01-31
Matthew Behrmann,1474.6561638407675,2003-07-21
Jonathan Printzlau,1474.6418961666216,2002-07-12
Ingo Neumuller,1474.6328725971857,2003-07-21
Tao Mu,1474.6039218756034,2023-09-20
Thomas Schiessling,1474.5528228963014,2004-07-19
Daniel Chavez Morales,1474.5136008776756,2000-04-07
Diego Hidalgo,1474.507882357988,2012-02-10
Mariano Delfino,1474.458559455169,2003-05-26
Amir Milushev,1474.4372454495808,2023-02-03
Alex Fairbanks,1474.436446135777,2018-02-03
Sergey Makashin,1474.4304368703968,2003-04-04
Diego Duran,1474.377318131159,2024-02-02
Antoine Escoffier,1474.1863166375988,2024-01-29
Todd Perry,1474.1131684876816,2001-01-15
Attila Savolt,1474.0402650453389,2004-09-27
Xin Gao,1473.9966427643758,2014-09-22
Aziz Dougaz,1473.995234210714,2024-09-13
Andre Sa,1473.9908877620833,2007-09-21
Eddy Gonzalez Gonzalez,1473.9845718711315,2004-04-09
Walter Trusendi,1473.9790166588634,2012-07-09
Samir Iftikhar,1473.960173679914,2015-09-18
Nik Razborsek,1473.9415550394326,2020-03-06
Nikoloz Basilashvili,1473.8997475302797,2023-03-06
Julio Peralta,1473.89432100009,2003-02-10
Clement Chidekh,1473.824896263753,2023-02-06
Nasser Ghanim Al Khulaifi,1473.7891674337795,2001-12-31
Komlavi Loglo,1473.7164058488343,2024-02-03
Serge Dakessian,1473.6893935438839,2001-04-06
Kento Takeuchi,1473.6588386965523,2014-09-22
Devin Britton,1473.598101046052,2010-02-08
Frank Condor,1473.562266287315,2005-04-25
Dino Marcan,1473.5510647634314,2013-02-04
Javier Sanchez,1473.5144288660117,2000-01-03
David Luque Velasco,1473.5138910079886,2006-05-01
Felipe Rios,1473.2918952465952,2011-01-31
Matteo Marrai,1473.2618844247695,2008-04-28
Orel Kimhi,1473.254476576119,2024-02-03
Julen Uriguen,1473.242962495067,2010-07-09
Luke Bourgeois,1473.216713226257,2007-01-08
Demetrios Leontis,1473.0192065808087,2009-07-10
Woong Sun Jun,1472.9961093649515,2008-09-19
Tom Diederich,1472.981794299488,2016-03-04
Tetsuya Chaen,1472.9662282560175,2006-10-02
Lior Mor,1472.877992538483,2000-08-14
Andy Fahlke,1472.8281258969823,2000-05-01
Arsenije Zlatanovic,1472.823621575862,2009-05-04
Alexander Peya,1472.7855210301611,2012-04-06
Marco Antonio Rojas,1472.7771184225437,2010-03-05
Igor Chaldounov,1472.758563296418,2006-04-07
Matteo Martineau,1472.7275993746603,2024-06-10
Sid Ali Akkal,1472.6936695018885,2009-07-10
Siddharth Vishwakarma,1472.6833089285183,2024-09-14
Abedallah Shelbayh,1472.6145143810795,2024-04-01
Jean Andersen,1472.59287187421,2014-04-04
Colin Ebelthite,1472.5019675119268,2009-01-19
Chia Yen Tsai,1472.5011600938897,2000-10-06
Yuichi Ito,1472.4927093876797,2008-09-29
Frederick Sundsten,1472.4847003776495,2004-04-09
Takahiro Ittogi,1472.4845589124675,2005-10-03
Fabiano De Paula,1472.474332288473,2014-07-21
Roberto Maytin,1472.4250134476158,2007-07-20
Henry Adjei Darko,1472.4064499590602,2005-07-15
Davin Russell,1472.3336484338963,2003-09-19
Charles Irie,1472.3031669100037,2005-07-15
George Loffhagen,1472.2693972553404,2023-07-03
Stefan Wauters,1472.2676714672994,2006-04-07
Bruno Rosa,1472.257203681214,2004-07-16
Alberto Lim,1472.1905614610316,2020-03-06
David Vega Hernandez,1472.1744407476588,2015-04-27
Marco Aurelio Nunez,1472.1282212748215,2011-10-28
Elvis Henry,1472.1260693796585,2006-02-10
Alexandru Andronachi,1472.1260693796585,2002-07-12
Tyler Mayers,1472.1260693796585,2002-02-08
Carlos Salamanca,1472.0893116256836,2013-07-15
Ching Lam,1472.0785518483272,2020-03-06
Spencer Newman,1472.0017933082447,2017-02-03
Sean Karam,1471.9929850616486,2002-09-20
Minh Quan Do,1471.9594578308256,2014-04-04
Michael Yani,1471.8708695360306,2012-09-24
Aymeric Mara,1471.8639243959424,2012-02-10
Alexander Tavkhelidze,1471.8525461330673,2009-07-10
Blaz Kavcic,1471.8464350723793,2020-03-06
Dominic Pagon,1471.8083828910155,2009-07-10
Hayk Hakobyan,1471.8011278630154,2002-05-03
Abdulrahman Alawadhi,1471.772815368516,2016-03-04
Purav Raja,1471.7560146129713,2007-09-24
Christian Ruud,1471.7380762106268,2001-05-28
Mariano Albert Ferrando,1471.6812472257059,2002-04-29
Lars Poerschke,1471.5985953582453,2010-02-08
Andreas Haider Maurer,1471.5460778151428,2018-05-28
Dimitar Kuzmanov,1471.528064209417,2024-02-03
Sebastian Arcila,1471.5257553019867,2018-02-03
Jose Perdomo,1471.4829343439374,2012-02-10
Lucky Candra Kurniawan,1471.3035448549247,2022-09-16
Thomas Haug,1471.2878878770725,2003-07-11
Dmitri Tomashevich,1471.254658930487,2001-09-10
Juan Sebastian Vivanco,1471.2213162986438,2011-09-16
Nejc Podkrajsek,1471.1944851338842,2003-07-11
Viktor Durasovic,1471.1695405550417,2024-02-02
Egor Matvievici,1471.136697899413,2015-07-17
Blake Strode,1471.1326275205763,2012-02-13
Michael Hill,1471.123349837683,2000-06-12
Kevin Ullyett,1471.120312249053,2004-02-06
Hisham Hemeda,1471.1054122109904,2000-07-21
Selvam Veerasingam,1471.08526410069,2006-04-07
Federico Browne,1471.0693825904357,2004-05-17
Dmitrii Baskov,1471.0566449582584,2015-07-17
Vishnu Vardhan,1471.0455337368537,2012-09-14
Henry Searle,1471.0338067808027,2024-07-01
Francisco Cabello,1470.9974504365046,2000-07-24
Luis Javier Cuellar Contreras,1470.9097753971785,2007-04-06
Adrians Zguns,1470.8974252682929,2009-07-10
Mohammed Nazreen Fuzi Nasruddin,1470.8852499338288,2000-04-07
Jaime Oncins,1470.8703210027163,2001-09-10
Irakli Metreveli,1470.869363067294,2016-03-04
Michal Tabara,1470.7902661622932,2008-05-18
Christopher Kas,1470.7413156218101,2013-02-01
Dennis Lajola,1470.7288097114815,2012-02-13
Blake Mott,1470.6523932664477,2021-02-01
Eric Jr. Olivarez,1470.6375540796598,2020-03-06
Marvin Moeller,1470.599820186507,2016-07-11
Julius Gotovskis,1470.5876564101566,2011-07-08
Adrian Forberg Skogeng,1470.5463148313836,2010-07-09
Christian Sigsgaard,1470.5274282204057,2022-09-17
Nickolai Dyachok,1470.5131422588383,2003-07-11
Luis Delgado,1470.4706440389857,2011-03-04
Lluis Miralles,1470.4701951778886,2021-03-05
Abdulhamid Mubarak,1470.4627805140397,2016-03-04
Jack Mingjie Lin,1470.4618618662048,2019-02-11
Erik Chvojka,1470.447866200233,2012-04-23
Leroy Tujeehut,1470.4355394649162,2003-02-07
Jack Cheng,1470.416875465782,2024-09-14
Radomir Vasek,1470.4066905534123,2000-07-24
Mikk Irdoja,1470.3741102705208,2005-07-15
Victor Ionita,1470.3515013634226,2006-09-11
Patrick Boza,1470.34778213136,2001-02-09
Enzo Couacaud,1470.2774886582708,2024-07-22
Ignacio Hirigoyen,1470.2462383465368,2002-04-22
Kevin King,1470.2399646316721,2021-01-04
Miha Gregorc,1470.194992422072,2000-04-28
Jamal Darmadi,1470.1544727058383,2001-04-06
Jose Baires,1470.130088718727,2000-02-04
Peter Tramacchi,1470.1222729320066,2000-07-31
Branko Djuric,1470.088715188067,2024-11-04
Anas Fattar,1470.0842951655022,2012-04-06
Aziz Avganov,1470.0664684669541,2003-04-04
Darius Florin Bragusi,1470.052504418453,2012-04-06
Oskar Saarne,1470.035979472271,2005-03-04
Min Hyoek Cho,1470.0338886052734,2013-04-05
Emilio Nava,1469.994859398055,2024-07-15
Philip Hjorth,1469.9669092153836,2024-09-14
Dias Doskarayev,1469.946005654069,2003-02-07
Nigel Badza,1469.9449920435447,2003-09-19
Jose Antonio Velazquez,1469.9440166535946,2003-04-04
Dominic Inglot,1469.9198625900929,2013-09-16
Andres Artunedo Martinavarro,1469.9187858276512,2014-02-03
Emil Reinberg,1469.8915181731818,2018-07-23
Diego Ayala,1469.8227856332257,2003-07-21
Ki Lung Ng,1469.8192260492665,2024-09-14
Alexander Merino,1469.7702775303378,2017-02-03
Jamie Murray,1469.7288527548944,2007-04-06
Marcos Lee Chan Baratau,1469.6954397054437,2024-09-14
Andrey Stepanov,1469.6555270640954,2003-04-04
Jan Weinzierl,1469.6511335753337,2003-05-19
Brandon Holt,1469.6361763529974,2024-08-12
Tristan Schoolkate,1469.6121076847955,2024-08-26
Milos Sekulic,1469.5513626906666,2013-10-14
Serguei Tarasevitch,1469.54507515843,2006-04-07
Ludovic Walter,1469.5160947520549,2011-06-12
Inam Gul,1469.4920989222646,2003-04-04
Matavao Fanguna,1469.4695015289756,2024-02-02
Thomas Drouet,1469.4695015289756,2005-03-04
Wan Gao,1469.4695015289756,2008-04-11
Nikoloz Davlianidze,1469.4695015289756,2020-03-06
Revaz Osadze,1469.4695015289756,2008-04-11
Sergio Ramirez,1469.4695015289756,2005-03-04
Walid Ahouda,1469.4695015289756,2023-09-16
Damian Patriarca,1469.4695015289756,2006-07-24
Romain Radwan,1469.4695015289756,2011-07-08
Giorgi Javakhishvili,1469.4695015289756,2016-03-04
Roey Tabet,1469.4695015289756,2021-09-18
Joel Allen,1469.4695015289756,2003-02-07
Daniel Azar,1469.4695015289756,2023-09-15
Victor Ribas,1469.4695015289756,2001-04-27
Peter August Anker,1469.4695015289756,2018-02-03
Jose  Flores,1469.4695015289756,2023-09-16
Jason Engelhardt,1469.4695015289756,2008-02-08
Kevin Cheruiyot,1469.4695015289756,2020-03-06
Jae Min Seol,1469.4695015289756,2012-02-10
Tunde Segodo,1469.4695015289756,2013-02-01
Julien Cagnina,1469.4695015289756,2018-02-02
Jacob Bicknell,1469.4695015289756,2023-02-04
Muhd Ashaari Bin Zinal Abidin,1469.4695015289756,2006-02-10
Augusto Sanabria,1469.4695015289756,2000-04-07
Mohammed Faizal Bin Othman,1469.4695015289756,2006-02-10
Devin Badenhorst,1469.4695015289756,2023-02-04
Leonardo Ramirez,1469.4695015289756,2006-07-21
Candy Idoko,1469.4695015289756,2007-07-20
Carlos Alvarez,1469.4695015289756,2006-02-10
Roman Hassanov,1469.4695015289756,2018-02-02
Gabriel Donev,1469.4695015289756,2019-09-13
Xavier Lawrence,1469.4695015289756,2018-02-02
Samuel Fumi,1469.4695015289756,2002-05-03
Carlos Taborga,1469.4695015289756,2012-02-10
Pavel Vizner,1469.4695015289756,2008-02-08
Ruben Torres,1469.4695015289756,2000-02-04
Augusto Ricciardi Castelli,1469.4695015289756,2005-07-15
Min Kyu Song,1469.4695015289756,2024-09-13
James Greenhalgh,1469.4695015289756,2000-04-07
Mohammed Fawzy,1469.4695015289756,2003-07-11
Amir Hossein Badi,1469.4695015289756,2018-02-03
Soufiane El Mesbahi,1469.4695015289756,2018-04-07
Yassir Kilani,1469.4695015289756,2018-04-07
Luca Preda,1469.4695015289756,2024-02-03
Jean Nabi,1469.4695015289756,2003-04-04
Michel Saade,1469.4695015289756,2018-02-03
Siim Troost,1469.4695015289756,2021-09-17
Yazan Al Kasim,1469.4695015289756,2001-04-06
Constantinos Ioannides,1469.4695015289756,2014-04-04
Mark Chigaazira,1469.4695015289756,2018-04-07
Cheng Yu Yu,1469.4695015289756,2018-02-03
Adel Al Shatti,1469.4695015289756,2001-02-09
Thanapet Chanta,1469.4695015289756,2024-02-03
Davit Babayan,1469.4695015289756,2001-04-27
Amaury Gomez,1469.4695015289756,2009-07-10
Gino Meeuwsen,1469.4695015289756,2010-07-09
Kwok Shun Dasson Chan,1469.4695015289756,2024-02-03
Roman Vogeli,1469.4632250508464,2006-07-10
Matteo Trevisan,1469.3899763670388,2015-07-20
Victor Bruthans,1469.3636271292694,2006-02-10
Nikolai Fidirko,1469.354874408674,2012-09-17
Alessandro Camarco,1469.3417136891535,2004-09-24
Patricio Alvarado,1469.267241887925,2007-04-06
Juan Carlos Gonzalez,1469.2157539871314,2001-04-06
Duilio Vallebuona,1469.1683810491415,2015-03-06
Marcus Sarstrand,1469.1525880045444,2003-07-07
Lucas Andriamasilalao,1469.1011080467629,2017-02-03
Gwinyai Chingoka,1469.0385931911533,2003-07-11
Mate Delic,1469.018613537065,2015-09-18
Markus Kerner,1469.0114957043822,2013-04-05
Johannes Ingildsen,1469.007365269735,2022-09-17
Alex Clayton,1468.9785003329434,2005-08-01
Cesar Escobar Serrano,1468.9309418965827,2008-04-11
Hicham Khaddari,1468.9062401101835,2014-04-07
Eyal Ran,1468.8862981813327,2000-04-28
Fred Simonsson,1468.8557292988583,2016-07-11
Alejandro Mendoza,1468.8214189691716,2018-02-03
Marek Marksoo,1468.798732390758,2013-02-01
Roman Recarte,1468.6838776068485,2011-07-08
Lavaughn Munroe,1468.682323681937,2002-07-12
Niko Karagiannis,1468.6304616144732,2002-09-20
Shan Jiang,1468.6208942045287,2001-09-17
Helder Lopes,1468.614022603366,2003-07-11
Thehan Sanjaya Wijemanne,1468.6099930241614,2020-03-06
Vadim Kutsenko,1468.5823258740145,2004-04-09
Darko Bojanovic,1468.4981205073523,2018-09-14
Phuong Van Nguyen,1468.4772150242807,2020-03-06
Luke Jensen,1468.4129140552996,2000-02-14
Maxime Koffi,1468.345184669817,2001-07-20
Hei Yin Andrew Li,1468.3388910518916,2017-02-03
Ekkarin Pisuth Arnonth,1468.321513777692,2000-02-04
Tiago Godinho,1468.2654420083093,2002-09-20
Marius Tangen,1468.2570613464932,2005-03-04
Igor Levine,1468.2446046379787,2003-07-21
Michael Tebbutt,1468.2378359382108,2001-09-17
Riccardo Bellotti,1468.2205368545076,2017-05-01
Rameez Junaid,1468.1876967929527,2010-06-13
Walter Barahona,1468.1865528179692,2001-02-09
Christian Saravia,1468.1302785706791,2009-03-06
Doug Bohaboy,1468.1116632208796,2002-09-30
John Hui,1468.0496813659001,2002-04-05
Johan Landsberg,1468.0402956097664,2000-06-19
Henry So,1468.0209282396183,2007-02-09
Jose Antonio Sanchez De Luna,1467.9541987321052,2008-05-11
Filip Horansky,1467.9004151826202,2022-03-04
Rihards Emulins,1467.88514813905,2007-04-06
Luka Mikrut,1467.835450878825,2024-07-22
Manas Dhamne,1467.8048188285986,2023-01-02
Claudio Dias Conduto,1467.7931441348255,2010-03-05
Vishal Punna,1467.7580119380912,2004-02-06
Andres Molteni,1467.7235967397692,2015-02-23
Alberto Brizzi,1467.6838879720638,2008-07-14
Justin Oneal,1467.6591030903578,2008-07-14
Johann Coles,1467.593565960255,2011-07-08
Mohammed Reza Tavakoli,1467.5452010082297,2000-03-17
Chemseddine Belal,1467.5445288888461,2001-04-09
Esat Tanik,1467.5171514868741,2001-04-27
Marc Fornell Mestres,1467.5171032114092,2007-04-09
Mads Gottlieb,1467.4955673426196,2001-04-27
Genaro Deleon,1467.4354073778718,2001-04-06
Jorge Tejada,1467.3960816908736,2000-02-04
Pavel Chekhov,1467.3727990282455,2007-10-22
Sunil Kumar,1467.3446682912345,2000-01-03
Scott Lipsky,1467.2921052958616,2008-06-09
Dennis Van Scheppingen,1467.2432012292097,2007-02-19
Torsten Popp,1467.2192201843943,2006-07-17
William Kirkman,1467.2106166648268,2014-01-31
Mao Xin Gong,1467.2072617448935,2013-10-07
Lazaro Navarro Batles,1467.1731027035173,2003-04-04
Bradley Klahn,1467.1614650191693,2023-07-31
Patricio Arquez,1467.130319199226,2001-02-12
Mahmoud Nader Al Baloushi,1467.124080384203,2008-03-03
Harutyun Sofyan,1467.0586806315239,2002-07-12
Martin Rmus,1467.024808317076,2006-07-21
Vladimir Obradovic,1467.0067972914815,2002-05-03
Andrew Carlson,1466.946564466215,2003-07-28
Piero Demichelli,1466.941351643099,2004-02-06
Hernando Jose Escurra Isnardi,1466.923658804773,2023-02-03
Raul Garcia,1466.9153235014214,2023-02-02
Vishal Uppal,1466.8143150976912,2006-01-02
Lauri Kiiski,1466.8099806818807,2006-07-21
Minjong Park,1466.799736521888,2018-02-02
Marwan Zewar,1466.7944528546584,2000-07-21
Sacha Thoma,1466.7944528546584,2000-07-21
Goran Bosalevski,1466.769356141176,2008-02-08
Vitaliy Pavlov,1466.7462667735035,2006-04-07
Delmas Ntcha,1466.6998056276293,2022-03-04
Saba Purtseladze,1466.6910985961915,2024-09-14
Nicholas Campbell,1466.6629553442003,2017-02-03
Antoine Breikeh,1466.6516348900693,2006-04-07
Kasidit Samrej,1466.6493795838928,2023-02-03
Nour Nehme,1466.63229044245,2015-03-06
Sebastien Vidal,1466.6258223190332,2013-04-05
Hamza Karmoussi,1466.5603634185177,2024-02-03
Edgars Manusis,1466.5598053026329,2021-09-18
Eduardo Nava,1466.4855338879622,2023-05-29
Paul Logtens,1466.466772276751,2005-06-13
Hao Sheng Koay,1466.4061230821858,2016-03-04
Patrik Niklas Salminen,1466.3845741482608,2021-09-17
Magloire Yakpa,1466.3458506497113,2013-04-05
Maxime Cressy,1466.3326357709354,2024-07-29
Gabor Jaross,1466.260997295663,2002-07-12
Mansur Yakhyaev,1466.1841035988189,2003-04-04
Dawood Sayed Hashim,1466.1468907283654,2015-03-06
Julian Reister,1466.1161906779375,2015-07-27
Roger Smith,1466.08039987681,2000-07-21
Slah Mbarek,1466.0405778537336,2008-04-11
Mikhail Biryukov,1466.0118598791348,2013-09-16
Mariano Hood,1465.9744672972383,2001-07-09
Juan Pablo Barboza,1465.93499196495,2001-04-06
Philip Riise Hansen,1465.9291650565447,2007-04-06
Thomas Dupre,1465.9139057172247,2001-12-31
Johan Nikles,1465.8784925382618,2022-05-16
Thabo Ncube,1465.8338706957095,2021-11-26
Henrik Sillanpaa,1465.7086841991018,2015-07-17
Marc Kimmich,1465.6969983490226,2006-01-16
Ronaldo Carvalho,1465.6625143392846,2004-09-24
Henrik Andersson,1465.6561912186276,2003-07-07
Andrei Soltoianu,1465.64251598271,2015-07-17
Jean Christophe Faurel,1465.5986975608148,2006-07-31
David Caldwell,1465.571209283139,2000-08-14
George Chantouria,1465.4772694853418,2007-04-06
Theodoros Angelinos,1465.317448936697,2014-04-04
Yanki Erel,1465.2195937817332,2024-09-13
Adrian Bodmer,1465.2188207321674,2018-02-02
Rodolphe Cadart,1465.2006878863142,2007-10-22
Ismar Gorcic,1465.1806356995723,2010-07-09
Hugo Dellien,1465.1536156489374,2024-09-13
Matthew Breen,1465.118412829133,2001-01-15
Phillip Simmonds,1465.0826463067954,2011-07-18
Naratorn Srichaphan,1465.0744698325232,2002-02-08
Rafael Eduardo Gonzalez Retana,1464.9873900165207,2018-02-03
Jasper Smit,1464.976063007242,2006-09-25
Amine Ahouda,1464.8503205659715,2019-04-05
Georgio Bedran,1464.7947020587058,2006-04-07
Muhammad Althaf Dhaifullah,1464.7671104690314,2018-02-03
Hee Sung Chung,1464.7292973325245,2000-02-04
Karl Friberg,1464.7113566540106,2024-02-02
Shendrit Deari,1464.7094877953944,2009-09-18
Lays Salim,1464.6711911833697,2001-04-06
Tom Kocevar Desman,1464.583269335833,2021-09-17
Andreas Vinciguerra,1464.5201340590627,2013-07-08
Ben Ellwood,1464.5051309400328,2002-07-08
Olivier Sajous,1464.5029884436144,2013-04-05
Alexander Blockx,1464.4799020108655,2024-10-14
Leo Borg,1464.4442785642998,2024-10-14
Bernardo Mota,1464.444276508988,2004-04-09
Dario Acosta,1464.432653214237,2009-03-06
Bruno Agostinelli,1464.4264363275702,2009-08-10
Harsh Mankad,1464.404970796855,2005-06-13
Alexander Shvec,1464.3346086361519,2003-02-07
Frank Moser,1464.3169576559835,2006-09-25
Michael Venus,1464.3029622809813,2020-01-13
Todd Larkham,1464.2877892666138,2004-01-19
Alexander Slabinsky,1464.2850834719961,2011-06-12
Hyun Woo Nam,1464.2788354238319,2008-09-22
Maximus Jones,1464.1848427543566,2024-02-03
Faris Zakaryia,1464.1548212730918,2024-09-13
Scott Oudsema,1464.1308705503388,2007-02-12
Gillian Osmont,1464.0961079626995,2024-02-02
Zsolt Tatar,1464.0247664391452,2002-05-03
Luis Diaz Barriga,1463.7673511502242,2011-10-28
Oscar Rodriguez Sanchez,1463.600462091978,2005-03-04
Rabi Bouhassoun,1463.5681594845353,2001-04-06
Daniel Koellerer,1463.5539137739308,2010-06-07
Jorge Villanueva,1463.4432808663184,2006-04-07
Kimmer Coppejans,1463.3077544784433,2023-09-20
Karlis Ozolins,1463.217752503713,2023-02-04
Tarek Ben Soltane,1463.2115732045877,2003-07-11
Strong Kirchheimer,1463.1145963120214,2024-08-19
Hassan Al Mousa,1463.0925501630634,2009-07-10
Relja Fiser Dulic,1463.044019753913,2001-07-20
Felipe Parada,1462.9679303086166,2006-01-30
Antonio Van Grichen,1462.9542982568007,2001-04-06
Hiu Tung Yu,1462.9278479263828,2012-04-06
Juan Rios,1462.9015005181707,2004-04-09
Jan Boruszewski,1462.7650621297075,2000-06-19
Brandon Burke,1462.5701764926218,2009-03-06
Gilles Arnaud Bailly,1462.477991493737,2024-10-14
Jaak Poldma,1462.3335051065894,2012-04-06
Quang Huy Ngo,1462.3323207642043,2014-02-14
Jun Kato,1462.3026807445317,2003-02-07
Brydan Klein,1462.2928295435488,2017-07-31
Paolo Lorenzi,1462.2840152423262,2021-07-12
Mario Alberto Cayo,1462.2713527008993,2004-07-16
Patrick Tierro,1462.2069200598469,2017-04-07
Ivan Cerovic,1462.0961060658194,2006-02-10
Michael Chang,1462.0086051409196,2003-08-25
Fernando Romboli,1462.0076283591202,2011-02-07
Collin Altamirano,1461.9731418956305,2018-08-27
Glenn Weiner,1461.8910824127086,2006-03-06
Maxime Teixeira,1461.8516586361936,2015-07-27
Sebastian Rieschick,1461.7535319572664,2011-10-17
Martins Rocens,1461.7058504308825,2024-02-02
Blazej Koniusz,1461.643001527367,2008-02-08
Cesar Ramirez,1461.6312788968564,2014-04-04
Olivier Mutis,1461.590791936016,2005-04-04
Hussain Al Ashwak,1461.580609974667,2002-02-08
Mili Poljicak,1461.4938016057506,2024-07-22
Xin Yuan Yu,1461.3300823172888,2008-08-11
Sarvar Ikramov,1461.2552438681728,2013-02-01
Antal Van Der Duim,1461.1291934918927,2006-02-20
Rogier Wassen,1461.1177671892112,2004-09-27
Jaroslav Levinsky,1461.0664463853757,2003-07-14
Maxime Hamou,1461.0554399054056,2017-05-29
Jean Claude Scherrer,1461.0012842530832,2008-09-22
Ivan Nedelko,1460.9549678313583,2012-09-17
Daniel Willman,1460.8513578672116,2002-02-08
Chris Woodruff,1460.7623546113562,2002-03-04
Rigele Te,1460.7306087814438,2024-09-13
Nemanja Kontic,1460.7301518831418,2009-03-06
Robin Roshardt,1460.599341505604,2008-07-07
Dimitri Badra,1460.5643391628187,2021-09-18
Pak Long Yeung,1460.5347660986047,2020-03-06
Filip Dewulf,1460.3460941352387,2001-02-09
Gaston Gaudio,1460.3063818879043,2010-02-15
Ervin Eleskovic,1460.2865269280935,2011-07-08
Jaroslav Pospisil,1460.2274913334722,2013-10-14
Tuna Altuna,1460.2079820758904,2010-07-09
Conor Niland,1460.195761379215,2012-04-06
Sharmal Dissanayake,1460.1921908567067,2020-03-06
Peter Clarke,1460.1780164124414,2004-04-09
Sanchai Ratiwatana,1460.124208499332,2010-09-17
Farrukh Dustov,1460.007965341118,2016-07-15
Vit Kopriva,1459.995468763601,2024-07-22
Robbie Koenig,1459.9585899254182,2001-09-17
Tyler Chin,1459.9077983200443,2009-07-10
Yunseong Chung,1459.8904706251383,2023-07-17
Tzvetan Mihov,1459.874036889005,2011-07-08
Cristian Paiz,1459.8457838674499,2009-07-10
Timo Fleischfresser,1459.7733462318736,2000-07-10
Michael Linzer,1459.644253868248,2016-07-18
Daniel Rincon,1459.636813060924,2024-04-15
Ji Sung Nam,1459.4620808467566,2022-09-26
Nicklas Timfjord,1459.2779474935378,2000-07-10
Trevor Spracklin,1459.2368567586343,2002-08-12
Jeevan Nedunchezhiyan,1459.1930879169997,2013-12-30
Marc Polmans,1459.1725510342699,2024-07-15
Mehdi Bouabbane,1459.1095184751944,2007-04-06
Marc Kevin Goellner,1459.0531686346555,2003-07-28
Hsin Han Lee,1459.0424223440307,2010-07-09
Rasmus Norby,1458.8874367682952,2008-04-11
Martin Antonio Vergara Del Puerto,1458.7502707692302,2024-02-03
Alexis Klegou,1458.7177301064935,2022-03-04
Rouzbeh Kamran,1458.7120117997642,2011-07-08
Andrei Stoliarov,1458.4193929817332,2004-10-11
David Wheaton,1458.4111989140133,2000-08-14
Kenneth Raisma,1458.3776558761708,2023-02-04
Tomas Cakl,1458.317111673283,2008-01-07
Joao Menezes,1458.275000951716,2021-07-24
Ryan Henry,1458.2445595743425,2003-01-13
Hiroki Kondo,1458.1813802399924,2008-09-29
Alex Witt,1458.0831573568537,2000-06-12
Petr Kralert,1458.0752748756768,2001-04-09
Francesco Piccari,1458.0245721552114,2009-05-17
Charles Broom,1457.9683599929429,2024-07-01
Predrag Rusevski,1457.8926876546025,2010-07-09
Joao Pedro Sorgi,1457.746427437866,2018-04-06
Hsien Yin Peng,1457.732564034542,2017-02-17
Jordi Samper Montana,1457.6826819663781,2018-05-21
Ismael Changawa Ruwa Mzai,1457.6255682857661,2020-03-06
Mate Valkusz,1457.3838070550214,2024-09-13
Horia Tecau,1457.2965979058679,2008-02-08
Maxime Authom,1456.8983510833223,2013-01-14
Jan Siemerink,1456.7810348467785,2002-07-15
Luke Saville,1456.7785026071897,2023-09-20
Illia Biloborodko,1456.7719970137846,2022-09-15
Max Mirnyi,1456.7521482987288,2008-08-11
Dekel Valtzer,1456.686868838792,2006-07-21
Diego Junqueira,1456.6279402459036,2012-04-30
Yves Allegro,1456.5813549950974,2008-09-19
Tai Wei Liu,1456.5427332161723,2007-02-09
Mark Hilton,1456.516537909088,2005-06-13
Andrea Gaudenzi,1456.4972051593054,2003-05-05
Razlan Rawi,1456.3161505328915,2009-07-10
Luis Patino,1456.2676267080842,2021-03-05
Gonzalo Bueno,1456.2439003163754,2024-09-13
Alexander Kudryavtsev,1456.1988609089942,2016-06-27
Murkel Alejandro Dellien Velasco,1456.0862750692902,2024-09-13
Ricardo Mello,1456.0422038046968,2013-02-11
Anil Yuksel,1456.0363294344963,2017-04-07
Fabrice Martin,1455.8341809072563,2016-06-06
Daniel Alejandro Lopez Cassaccia,1455.773884013014,2012-02-10
Gouichi Motomura,1455.7085814015854,2006-10-02
Sergio Rojas,1455.4944680114306,2005-03-04
Luca Nardi,1455.4353754987926,2024-10-02
Lucas Catarina,1455.406756189533,2023-09-15
Sergey Fomin,1455.3991267028512,2024-09-13
Martijn Van Haasteren,1455.3369987229755,2011-07-08
Yordan Kanev,1455.3180339187281,2007-07-20
Ivaylo Traykov,1455.2828210167538,2007-07-20
Facundo Mena,1455.2810845491415,2022-09-19
Andrey Kumantsov,1455.2135670194714,2012-09-17
Dinko Halachev,1455.17721418417,2014-04-04
Luciano Ramazzini,1455.1431812218877,2017-04-07
Nicolae Frunza,1455.1185935601961,2018-02-03
Roman Borvanov,1455.081996262652,2012-02-10
Jie Cui,1454.985445742809,2023-09-20
Cedric Kauffmann,1454.9456048615816,2001-05-28
Dannio Yahya,1454.9349210239695,2004-02-06
Nino Serdarusic,1454.92925405876,2023-05-22
Maxim Dubarenco,1454.8602905542336,2014-09-12
Gabriel Moraru,1454.7796127942438,2012-04-23
Mattias Siimar,1454.7075572997514,2021-09-17
Justin Gimelstob,1454.686662228633,2007-10-22
Mohamed Mamoun,1454.5449327814786,2009-07-10
Jonathan Dasnieres De Veigy,1454.515807527342,2012-05-27
Peerakiat Siriluethaiwattana,1454.4383415293842,2012-09-24
Laurence Tieleman,1454.4365787105232,2000-10-16
Levar Harper Griffith,1454.3643283204058,2001-08-27
Pablo Bianchi,1454.2956282081677,2002-07-12
Zura Tkemaladze,1454.2431853687212,2024-02-03
Goran Tosic,1454.1659437459045,2009-07-10
Lazar Magdincev,1453.9765746173366,2010-03-05
Lofo Ramiaramanana,1453.9210777861565,2015-03-06
Denes Lukacs,1453.703655144375,2009-07-10
Dzmitry Zhyrmont,1453.6502832034023,2018-02-02
Matic Kriznik,1453.5070898799977,2024-02-02
David Marrero,1453.4427231347208,2010-05-03
Daniel Windahl,1453.3871120670512,2016-03-04
Dawid Olejniczak,1453.2750978292136,2008-06-23
Vasilly Kazhera,1453.267911668012,2000-07-21
Finn Tearney,1453.2669543620314,2020-03-06
Martin Spottl,1453.2631693364542,2000-02-28
Niels Desein,1453.2115499474971,2015-07-13
Daniel Vallverdu,1453.1963329265106,2009-09-18
Markus Hipfl,1453.1762929599809,2005-07-25
Gabor Borsos,1453.0946558650053,2019-02-01
Robert Smeets,1453.0886498201,2008-09-22
Henri Laaksonen,1453.066098596366,2022-09-19
Slim Hamza,1452.7457453142465,2013-02-01
Simen Sunde Bratholm,1452.6824162918444,2018-02-03
Chu Huan Yi,1452.5050350070446,2010-03-05
Baris Erguden,1452.2862899311792,2012-02-10
Fredrik Ask,1452.273235764472,2010-07-09
Lucas Arnold Ker,1452.0672181499842,2004-04-09
Marco Mirnegg,1452.0104819633973,2005-05-16
Jacob Coenraad De Klerk,1451.7599068133004,2013-10-25
Rajeev Rajapakse,1451.629279984769,2010-03-05
Mate Pavic,1451.5929140403741,2017-09-25
Bernd Karbacher,1451.5348511137852,2000-07-17
Maximilian Abel,1451.5218005637842,2004-05-10
Martin Landaluce,1451.4995410977674,2024-04-22
Vadim Davletshin,1451.4183498756563,2005-10-24
Fajing Sun,1451.4090447083684,2024-09-18
Juan Martin Aranguren,1451.3058752974473,2010-02-01
Liam Caruana,1451.2125932303748,2018-11-05
Robin Kern,1451.1908401264548,2013-07-08
Dean Obrien,1451.1821217265363,2013-10-25
Raphael Collignon,1451.1054532663072,2024-10-14
Joan Jimenez Guerra,1450.9889333685524,2003-07-11
Pfungwa Mahefu,1450.9505436859074,2006-07-21
Antonio Veic,1450.9345143480916,2015-02-02
Guillem Burniol,1450.807339848271,2006-04-10
Jens Knippschild,1450.5747184157813,2002-07-15
Peter Torebko,1450.5197310285866,2019-07-15
Jesus Francisco Felix,1450.4188633187223,2010-03-05
Thomas Kromann,1450.3303437154502,2013-02-01
Christoffer Konigsfeldt,1450.270788780963,2018-04-07
Muhammad Khaliq Siddiq,1450.183701543105,2009-03-06
Edas Butvilas,1450.1670872776883,2024-09-13
Kris Van Wyk,1450.100087749929,2024-02-02
Brian Wilson,1450.0124278000756,2007-02-12
Filippo Baldi,1450.009180959789,2019-07-22
Karim Mohamed Maamoun,1449.9654089417695,2023-09-16
Younes Lalami Laaroussi,1449.938573301,2024-09-14
Leonardo Azzaro,1449.7917310577361,2006-07-24
Pablo Gonzalez,1449.7300541626905,2007-02-09
Srinath Prahlad,1449.6557650971204,2000-07-21
Dac Tien Nguyen,1449.5421881675672,2023-02-04
Sebastian Dominko,1449.5237013873468,2024-02-02
Pablo Nunez,1449.4882354740826,2015-07-17
Marcos Daniel,1449.4058701536237,2011-04-25
Marcelo Filippini,1449.329659846187,2000-07-24
Conor Gannon,1449.249741519772,2024-09-13
Jesus Bandres,1449.2387587171982,2017-04-07
Vilius Gaubas,1449.2327096748947,2024-09-13
Kittipong Wachiramanowong,1449.2077421404636,2017-09-15
Rafael Avalos Brenes,1449.171684962166,2001-02-09
Mubarak Shannan Zayid,1449.0587739596815,2021-03-08
Stefano Pescosolido,1448.9937972062369,2004-07-19
Chun Hun Wong,1448.9335731852755,2018-04-07
Arturs Lazdins,1448.897103262064,2017-02-03
David Sherwood,1448.8663304597176,2005-09-23
Andres Bucaro,1448.837042617687,2014-04-04
Cristobal Saavedra Corvalan,1448.7689023788325,2010-07-09
Evghenii Plugariov,1448.5462299048306,2002-07-12
Aljoscha Thron,1448.147458932293,2005-09-26
Vaclav Safranek,1448.14020877447,2018-04-06
Guillermo Coria,1448.056174574076,2008-07-14
Jc Aragone,1447.9504379210691,2021-01-04
Eleftherios Christou,1447.9430544713982,2010-07-09
Thomas Larsen,1447.603151421948,2001-09-21
Filip Urban,1447.5492449440214,2005-03-04
Jeff Salzenstein,1447.5001025885986,2006-03-06
Nick Chappell,1447.3447593107705,2023-02-27
Matthew Prentice,1447.2919519376035,2004-04-09
Ali Ismaeel,1446.9310360424822,2008-04-11
Ivo Bratanov,1446.8845753865148,2002-07-12
Marcelo Amador,1446.8609392012147,2002-07-12
Radim Zitko,1446.7784413881195,2005-07-18
Matthew Foster Estwick,1446.7394033560292,2022-09-16
Karim Maamoun,1446.612914040101,2010-07-09
Michal Przysiezny,1446.5652770129539,2018-04-07
Luka Belic,1446.5595650944279,2008-07-14
Jerry Joseph,1446.4545038449423,2003-02-07
Ivo Heuberger,1446.2942266486057,2005-09-12
Rob Steckley,1446.2242052829326,2006-07-21
Joris De Loore,1445.9217823613528,2024-02-03
Stefano Galvani,1445.8757001495878,2011-01-31
Gunther Darkey,1445.829855849966,2005-07-15
Ethan Quinn,1445.6966839628683,2024-07-15
Girts Dzelde,1445.6852165530793,2000-07-21
Alexander Vasquez,1445.6699672359446,2001-04-06
Alec Beckley,1445.6552583355997,2024-09-14
Ouassel Hared,1445.607127697417,2009-03-06
Valentin Dimov,1445.5913943147343,2010-07-09
Mahmoud Ezz,1445.5608380839574,2009-03-06
Troy Stone,1445.5300847372164,2002-04-05
Oleksandr Ovcharenko,1445.4933019113955,2024-09-13
Clement Mainguy,1445.3942182343628,2023-02-03
Abdulla Hajji,1445.3725935316106,2010-01-04
Jean Marc Bazanne,1445.3362815724283,2011-03-04
Ben Patael,1445.2824471963813,2020-03-06
Wahib Maknieh,1445.1644948227315,2006-02-10
Rasid Winklaar,1445.1046204242068,2007-04-06
Paul Harsanyi,1445.098667074646,2001-08-13
Shahin Khaledan,1444.9052752842183,2018-02-03
Riccardo Ghedin,1444.8748215463384,2013-06-10
Kevin Krawietz,1444.8222595204584,2024-02-02
Laurynas Grigelis,1444.770112119596,2022-03-04
Zibusiso Ncube,1444.7556533062998,2005-03-04
Oscar Hernandez,1444.7079527155115,2010-06-21
Alex Calatrava,1444.6712667329384,2006-07-24
Quinton Vega,1444.6225547319755,2020-03-06
Thomas Blake,1444.621885474301,2003-07-28
David Mullins,1444.5668912979204,2004-07-16
Javier Marti,1444.4602710252711,2013-05-05
Sergi Bruguera,1444.4382380969462,2002-04-22
Pedro Sousa,1444.3982593180556,2023-04-03
Dennis Novak,1444.3782344392582,2023-09-15
Joji Miyao,1444.336421765318,2002-09-30
Guillaume Raoux,1444.2611110584899,2000-05-29
Daniel Berta,1444.248966708126,2009-07-13
Janis Skroderis,1444.1990573710023,2005-07-15
Gunawan Trismuwantara,1444.1335337558278,2023-09-16
Temur Ismailov,1444.0907748552347,2017-04-07
Tilen Zitnik,1444.0507179134104,2017-04-07
Sebastian Moreno,1444.0305070738664,2010-07-09
Satoshi Iwabuchi,1444.0303111344765,2008-09-29
Oscar Ortiz,1443.8961288121607,2001-02-09
Hyun Joon Suk,1443.7898351813822,2005-03-04
Philip Wilbert Major,1443.5209252762136,2017-02-03
Salifu Mohammed,1443.408722365469,2005-07-15
Abdulhameed Alshatti,1443.378323431719,2014-04-04
Oscar Burrieza,1443.3424254969898,2001-07-09
Puriwat Chatpatcharoen,1443.2332935768725,2016-03-04
Johnny Arcilla,1443.1565534367048,2014-04-04
Ivo Lagzdins,1442.8521041280846,2000-07-21
Nicolas Mejia,1442.7593207324712,2024-09-14
Efe Ustundag,1442.7589089611006,2001-04-27
Sergei Cuptov,1442.7010471200147,2005-07-15
Alexander Ward,1442.4627430234239,2017-07-03
James Mcgee,1442.3756194566918,2016-08-22
Tiago Sousa,1442.3715841985986,2001-04-09
Janne Ojala,1442.301816325229,2004-02-06
Gvidas Sabeckis,1442.2281881165602,2009-07-10
Bernabe Zapata Miralles,1442.2218028375958,2024-03-04
Lado Chikhladze,1441.9796278277888,2009-03-06
Andrea Collarini,1441.916883416016,2024-07-22
Hong Chung,1441.6558637307949,2016-07-15
Alejandro Olivera,1441.6528682557437,2000-02-04
Wai Yu Kai,1441.637503555074,2020-03-06
Lorenzo Giustino,1441.6364249892447,2023-04-17
Mohammed Noor Noordin,1441.595570908634,2004-04-09
Dentry Mortimer,1441.595570908634,2002-07-12
Owen Casey,1441.456854092658,2000-07-14
Lefteris Alexiou,1441.4083337982465,2007-07-20
Federico Camacho,1441.346920619614,2001-04-06
Valentin Rahmine,1441.2973249722106,2009-07-10
Vicente Elberto Anasta,1441.2929601790056,2013-02-01
Zhe Li,1441.2921365401767,2023-09-20
Robin Vik,1441.2745364258112,2009-05-17
Vijayant Malik,1441.2544765187504,2013-02-01
Jose Zunino,1441.1876637866903,2006-09-22
Andrei Ciumac,1441.1240817161224,2015-03-06
Gregory Carraz,1441.1125652987464,2006-01-02
Fadi Youssef,1441.093451751728,2004-02-06
Rodrigo Gabriel,1441.0651240367329,2002-02-08
David Skoch,1440.986136306859,2008-06-09
Luis Diego Nunez,1440.977046951328,2000-02-04
Gilbert Wong,1440.9754595890981,2010-07-09
Daniel Dutra Da Silva,1440.9584662320206,2022-07-25
Paul Henri Mathieu,1440.8853449194116,2017-09-18
Michael Massih,1440.8680104121443,2013-02-01
Clemens Trimmel,1440.8594919133548,2001-04-06
Yari Bernardo,1440.8567118050287,2000-04-07
Juan Carlos Ramirez,1440.7804285019636,2014-04-04
Juan Carlos Rebaza Lozano,1440.7787819392431,2004-07-16
Russell Moseley,1440.7347211817118,2015-10-30
Tomas Vaise,1440.6590364710246,2017-02-03
Abdelhak Hameurlaine,1440.60521281204,2009-07-10
Ranjeet Virali Murugesan,1440.5697134728196,2013-02-01
Galo Blanco,1440.5577846574777,2006-04-24
Goncalo Nicau,1440.415405644404,2006-09-22
Denis Istomin,1440.3628804524371,2022-09-16
Arnaud Di Pasquale,1440.3512340784612,2004-09-27
Milen Velev,1440.2939511294192,2002-05-03
Mehdi Jdi,1440.2158897718748,2017-02-03
Joao Cunha Silva,1440.1873602263095,2000-02-04
Vivek Shokeen,1440.150063305902,2007-02-09
Diego Moyano,1440.0698678791773,2004-02-16
Johannes Ager,1440.0135770244722,2004-07-19
Benedikt Dorsch,1439.939233259868,2008-02-18
Gustavo Kuerten,1439.8464608757602,2008-05-25
Paul Hanley,1439.6023001915778,2008-02-08
Ivan Miranda,1439.5588591515732,2011-07-08
David Kvernadze,1439.5448581747082,2005-03-04
Muhammad Shoaib,1439.5234578043192,2024-09-14
Konstantinos Mikos,1439.4807116809907,2008-07-18
Kevin Jonckheer,1439.4780415418022,2003-02-07
Michael Leong,1439.464195272608,2012-02-10
Tigran Martirosyan,1439.4503915560983,2001-07-20
Michael Bassem Sobhy,1439.214474284859,2024-02-02
Leonardo Mayer,1439.2014793843616,2021-03-08
Bor Artnak,1439.1844126822664,2023-09-15
Rachid Baba Aissa,1439.1738713450802,2006-04-07
Stanislav Vovk,1439.1703651600913,2012-09-14
Elliot Benchetrit,1438.991716274963,2024-09-14
Alti Vahkal,1438.7594523209048,2005-03-04
Axel Pretzsch,1438.685417160424,2002-07-08
Daniel Isaza,1438.4965471368641,2003-02-07
Olivier Patience,1438.4940071853234,2010-07-26
Kenneth Tuilier Curco,1438.490114430922,2003-07-11
Max Hans Rehberg,1438.4479516972772,2024-04-15
Joao Souza,1438.4282702767725,2017-02-27
Tim Goransson,1438.4201960161613,2008-07-07
Julian Alonso,1438.3516587758168,2000-09-11
Issam Al Tawil,1438.2074435059071,2013-04-05
Davis Rolis,1438.036036500395,2024-09-14
Mashiska Washington,1438.0130859731137,2005-07-18
Juan Balcells,1437.984163288021,2003-02-10
Abd Hazli Bin Zainuddin,1437.8382189193276,2010-07-09
Harri Heliovaara,1437.7370408253369,2020-03-06
Herbert Wiltschnig,1437.6329301922565,2002-07-22
Kristian Capalik,1437.5855279270363,2002-04-22
Adam Kennedy,1437.5678540025037,2003-07-28
Louis Vosloo,1437.4478624223361,2002-05-03
Thomas Muster,1437.4105298948075,2011-10-24
Jim Thomas,1437.3025951025031,2001-10-01
Karlis Lejnieks,1437.2986618870725,2010-09-17
Sonchat Ratiwatana,1437.222583683747,2007-02-09
Aivaras Balzekas,1437.10154769789,2000-07-21
Tuomas Ketola,1437.1012841752988,2005-07-15
Maxim Bulat,1437.0371171809745,2015-07-17
Edan Leshem,1436.9437247439646,2023-02-04
Peit Hein Boekel,1436.9346755917443,2003-02-07
Lukas Mugevicius,1436.9164647552916,2017-04-07
Francisco Costa,1436.8761053575226,2002-04-08
Pavel Snobel,1436.8527157349974,2008-10-06
Nick Lindahl,1436.7229809565474,2010-07-19
Jonathan Stark,1436.7035886880967,2001-06-18
Rodrigo Crespo Piedra,1436.6012871859784,2024-02-02
Helge Koll,1436.407654226659,2004-07-16
Ruan Roelofse,1436.3028590856377,2021-09-18
Ivor Grazette,1436.2996358179432,2002-04-05
Simon Carr,1436.250955870481,2023-02-03
Paul Baccanello,1436.2309439275125,2007-01-01
Tasuku Iwami,1436.0525244368525,2005-10-03
Sebastian Quiros,1436.0186902811595,2016-03-04
Mauricio Doria Medina,1435.8064229662853,2012-04-06
Ognian Kolev,1435.76940390438,2014-04-25
James Shortall,1435.6062960780469,2003-04-04
Vincent Spadea,1435.5781451037765,2010-02-22
Bar Tzuf Botzer,1435.4382175161252,2015-03-06
Rami Osman,1435.2431431529576,2012-04-06
Lee Childs,1435.1975873186832,2007-06-25
Ergun Zorlu,1435.099176676872,2010-07-09
Ilya Snitari,1435.0532485437534,2024-02-03
Calvin Hemery,1435.0371045073357,2023-11-06
Ivo Klec,1434.9476306802546,2013-01-07
Todor Enev,1434.918269152792,2011-03-04
Iurie Gorban,1434.8381306947404,2001-07-20
Nicolas Massu,1434.6814465735972,2013-02-04
Daniel Melo,1434.637261912837,2002-09-09
Yew Ming Si,1434.5850927859442,2010-09-27
Salvatore Caruso,1434.569190166999,2022-01-17
Rowland Phillips,1434.5648146098026,2024-02-03
Gustavo Ramirez,1434.5566169623435,2014-04-04
Karol Beck,1434.5499876100548,2012-08-27
Aleksandr Nedovyesov,1434.5416013653285,2017-04-07
Roman Margoulis,1434.373418197538,2008-04-11
Alexey Vatutin,1434.316126129681,2024-10-14
Jalil Khan,1434.1705416938498,2009-07-10
Luca Vanni,1434.0675763546606,2019-01-14
Diego Acuna,1433.9252827629773,2004-02-06
Oliver Golding,1433.6359268497965,2012-06-25
Martin Verkerk,1433.5577527436255,2008-07-14
Franz Luna Lavidalie,1433.4571911644957,2020-03-06
Thomas Shimada,1433.3312741743894,2003-07-07
Brandon Perez,1433.2982211357248,2021-09-18
Constant Lestienne,1433.1265842476873,2024-08-26
Kerlin Leon Zamora,1433.1179846538753,2000-04-07
Kirill Ivanov Smolensky,1432.9801479479804,2002-09-09
Denis Golovanov,1432.8683763056843,2003-09-29
Nenad Zimonjic,1432.8105857540602,2017-04-07
Jad Ballout,1432.48876179698,2018-02-03
Rafa Orantes,1432.3552655049448,2015-03-06
Martins Podzus,1432.3484052762701,2017-02-03
Thien Nguyen Hoang,1432.29491238164,2017-02-03
Mikhail Ledovskikh,1432.1294071553682,2015-04-27
Takahiro Terachi,1432.0878978709804,2007-10-01
Mark Woodforde,1431.7136075048998,2000-06-26
Akira Santillan,1431.625339297251,2017-09-25
Renzo Furlan,1431.2891249609668,2003-07-14
Irakli Ushangishvili,1431.2865711804943,2005-07-15
Jay Clarke,1431.1754343090734,2022-06-27
Stanislav Bykov,1431.1374215105348,2007-09-21
Federico Rodriguez,1431.070015245371,2005-07-15
Julian Knowle,1431.0407994210766,2012-09-24
Sulaiman Al Rawahi,1430.9336975043034,2009-07-10
Ricardo Gonzalez Diaz,1430.6476727522258,2012-04-06
Andreas Beck,1430.5764778545222,2016-05-16
Salvador Andres Bolanos,1430.3476605756944,2014-04-04
Andy Ram,1430.3097459179078,2012-04-06
Petros Baghdatis,1430.2915899830598,2007-07-20
Mariusz Fyrstenberg,1430.0358257259606,2013-02-01
Ernesto Escobedo,1430.0118009082196,2024-02-26
Tobias Summerer,1429.625731015416,2007-05-14
Laurent Recouderc,1429.532752257936,2010-09-27
Warit Sornbutnark,1429.5104506850403,2015-09-18
Diego Camacho,1429.4911785062568,2008-02-08
Alexander Cozbinov,1429.343931116697,2020-01-06
Jakub Herm Zahlava,1428.920084242641,2001-07-16
Ali Hamadeh,1428.8998014920792,2002-04-05
Terence Nugent,1428.7100771413711,2005-07-15
Olivier Malcor,1428.2926299110163,2001-04-09
Roko Karanusic,1427.9564102480017,2009-09-18
Santiago Ventura,1427.6827760298502,2010-09-20
Edwin Kempes,1427.5192083693944,2002-08-26
Martin Garcia,1427.4796744370287,2002-06-17
Peng Sun,1427.3692449021662,2008-09-22
Oliver Gross,1427.1534915281559,2003-07-21
Maxime Janvier,1427.064398673331,2024-07-01
Skander Mansouri,1427.0187951420269,2024-09-13
Petru Alexandru Luncanu,1426.9961089139767,2012-04-06
Andrej Nedic,1426.7182683499934,2024-02-03
Giorgio Galimberti,1426.6500205132004,2006-04-07
Mike Urbanija,1426.6455361005164,2017-04-07
Jeff Coetzee,1426.6192425659415,2002-06-17
Ariel Behar,1426.2596039238385,2014-09-12
James Mccabe,1425.9636715572342,2024-09-18
Benoit Paire,1425.955430754201,2024-07-15
Yaoki Ishii,1425.814196682379,2001-10-01
Christopher Eldon,1425.7961903685068,2004-04-09
Ando Rasolomalala,1425.7590750429201,2012-04-06
Ayrton Wibowo,1425.7341249199867,2009-07-10
Vincenzo Santopadre,1425.726711020844,2004-02-09
Dovydas Sakinis,1425.6427380739076,2013-04-05
Kiranpal Pannu,1425.397417176926,2024-09-14
Martin Fischer,1425.3303625900573,2015-04-27
Linh Giang Trinh,1425.229183633611,2024-02-02
Ivan Vajda,1425.1683302207748,2001-09-21
Eduardo Struvay,1424.8733290904474,2017-04-07
Takanyi Garanganga,1424.4857229356812,2019-04-05
Daniel Cox,1424.316912754136,2014-06-23
Jose Olivares,1424.1601962772288,2017-02-03
Gerard Granollers,1424.0153067624574,2013-04-22
Hernan Gumy,1423.717781964037,2001-02-19
Menelaos Efstathiou,1423.562463169852,2024-02-03
Yasitha De Silva,1423.4913037275571,2020-03-06
Sandor Martinez Breijo,1423.470450145244,2007-04-06
Philippe Grandjean,1423.3602216315721,2008-07-18
Isak Arvidsson,1423.342363979059,2017-02-03
Aleksandre Metreveli,1423.132078339715,2022-01-03
Charalampos Kapogiannis,1422.9386086461218,2014-04-04
Minhtuan Pham,1422.9377283785093,2023-02-04
Arjun Kadhe,1422.54847873982,2022-01-31
Juan Enrique Crosa,1422.3802488336794,2012-02-10
Dragos Nicolae Madaras,1422.2792400467893,2023-07-17
Karan Rastogi,1422.2611879200313,2017-02-03
Julio Silva,1422.2080496036629,2010-08-30
Geoffrey Blancaneaux,1421.9664357433796,2023-02-20
Paul Kilderry,1421.9427520363304,2000-07-24
Adrian Voinea,1421.7695188418538,2003-07-28
Jose Roberto Velasco,1421.6501182935388,2008-04-11
Nicolas Barrientos,1421.580758950261,2023-02-03
Harel Levy,1421.4828198388475,2010-09-16
Fredrik Aarum,1421.3902624696045,2003-02-07
Julian Saborio,1421.3884311285385,2020-03-06
Enzo Pigola,1421.342678116493,2005-09-23
Jonathan Eysseric,1421.2085345867524,2017-08-21
Seung Hoon Lee,1420.9725804129123,2001-04-06
Adam Hornby,1420.793070499945,2017-04-07
Philip Bester,1420.6233862837921,2016-03-04
Stephane Bohli,1420.5747824246462,2013-06-16
Dilshod Sharifi,1420.5338184230093,2003-04-04
Victor Estrella,1420.516890602961,2018-07-16
Favel Antonio Freyre Perdomo,1420.4264023894727,2007-02-09
Mohammed Rajan Sundera Karuppiah,1420.1317383385922,2001-04-06
Ignacio Garcia,1420.10218699346,2020-03-06
Alex Kuznetsov,1420.0820766130569,2016-07-18
Simon Rea,1419.3872276617433,2007-04-06
Gabriel Flores Ruiz,1419.2758590115866,2015-03-06
Gianluca Naso,1419.2176622756344,2013-02-04
Yong Il Yoon,1419.1914816409076,2002-02-08
Ion Moldovan,1419.0975893616273,2003-09-08
Jacob Rasolondrazana,1418.8406930788456,2015-07-17
Jhonnatan Medina Alvarez,1418.7828899230617,2009-07-10
Fernando Verdasco,1418.7300833651668,2023-04-17
Alexander Skrypko,1418.5328392581403,2004-09-24
Sebastien Lareau,1418.0396392269388,2001-08-13
Jonathan Igbinovia,1417.988029083243,2007-07-20
Rolando Ruel,1417.946003475329,2003-04-04
Jack Brasington,1417.9293659228508,2003-04-21
Wisnu Adi Nugroho,1417.906022819686,2013-09-13
Benjamin Mitchell,1417.7874010495955,2016-01-04
Elbert Sie,1417.7653268788808,2014-01-31
Iphton Louis,1417.688799473884,2004-02-06
Ladislav Svarc,1417.6120014503667,2003-07-07
Kaipo Marshall,1417.5578259683275,2024-09-14
Jeson Patrombon,1416.9890795808465,2020-03-06
Musaad Al Jazzaf,1416.7854229785628,2004-02-06
Marko Topo,1416.646353601068,2024-04-15
Juan Pablo Brzezicki,1416.3692120677551,2011-02-14
Courtney John Lock,1416.1875273779287,2024-02-03
Justin Bower,1415.3315089114299,2005-09-23
Jesse Flores,1415.3272330551827,2024-02-02
Jesse Huta Galung,1415.3050550275204,2015-09-18
Ayed Zatar,1415.2974949110767,2019-09-14
Scott Humphries,1415.1659364248599,2000-08-21
Sergio Roitman,1415.088818934241,2009-07-27
Sunu Wahyu Trijati,1414.6515062696676,2015-03-06
Jerome Haehnel,1414.3952814908937,2009-10-26
Jaime Faria,1414.2691434389994,2024-09-13
Abdul Mumin Babalola,1414.2247882911856,2007-07-20
Mait Kunnap,1414.216087501342,2007-07-20
Eero Vasa,1414.201275269372,2024-09-14
Adam Walton,1414.1856018148974,2024-09-18
Seung Bok Baek,1413.74315555997,2002-04-05
Shintaro Mochizuki,1413.5786362150266,2024-09-25
Tomislav Jotovski,1413.5404624799953,2010-07-09
Brett Baudinet,1413.485976821466,2007-02-09
Jose Rubin Statham,1413.3996553793095,2024-09-14
Tomislav Brkic,1413.393584057494,2019-09-14
Pavel Baranov,1412.9699406429813,2000-04-07
Andrei Cherkasov,1412.7524409067148,2000-11-06
Juan Pablo Guzman,1412.6051930902433,2007-08-27
Miles Maclagan,1412.5839557040335,2003-07-28
Dejan Petrovic,1412.5613710247692,2001-06-18
Agustin Velotti,1412.507623353388,2017-02-06
Konstantin Kravchuk,1411.9927091526256,2017-10-16
Gwinyai Tongoona,1411.8818791949757,2006-07-21
Shane Stone,1411.794789052355,2002-04-05
Guillaume Couillard,1411.3771153369948,2009-07-10
Daniel Danilovic,1410.7424747864518,2009-07-10
Christopher Lawson,1410.5029976273022,2009-07-10
Lars Burgsmuller,1410.0165151408826,2007-04-09
Thai Son Kwiatkowski,1409.8041099579852,2023-08-21
Phillip King,1409.514790940159,2014-04-25
Daniel Munoz de la Nava,1409.3013694055091,2016-07-18
Michail Pervolarakis,1409.0242277238165,2023-01-02
Igor Kunitsyn,1409.0182957267375,2013-02-25
Melvin Tong,1408.8459996954948,2001-04-06
Talal Ouahabi,1408.4018923339927,2011-03-04
Sanjar Fayziev,1408.276738424421,2022-03-04
Kristjan Tamm,1408.2637444533125,2024-09-13
Ramkumar Ramanathan,1408.1891203729074,2024-10-02
Martin Rodriguez,1408.0630148203086,2001-04-23
Muzammil Murtaza,1408.056677876747,2022-09-16
Marko Djokovic,1407.4039616971377,2012-04-30
Andres Weisskopf,1406.8407438684824,2013-04-05
Haluk Akkoyun,1406.6020601481684,2012-04-06
Ignacio Carou,1406.3797244105617,2023-09-16
Dimitar Grabuloski,1406.066098207064,2010-07-09
Pere Riba,1405.7680826471844,2016-02-01
German Puentes,1405.6871684781272,2001-09-24
Jabor Al Mutawa,1405.112776253066,2018-01-01
Brian Vahaly,1404.9939068139702,2006-02-27
Mike Vermeer,1404.8245607451775,2012-02-10
Barry Cowan,1404.7512120572237,2002-06-24
Chun Hsin Tseng,1404.624632445175,2024-09-18
Tomas Behrend,1403.9216470321915,2006-07-17
Thierry Guardiola,1403.6626531491945,2000-11-06
Sandro Ehrat,1403.6442859667814,2021-07-19
Francesco Aldi,1403.5624567050506,2008-02-11
Amro Ghoneim,1403.5069231192585,2004-04-09
Federico Gaio,1403.3364680344039,2022-01-31
Christopher Koutrouzas,1403.1842174546857,2011-07-08
Ruben Ramirez Hidalgo,1403.1556910576803,2014-04-07
Adrien Bossel,1402.9939201311447,2017-02-03
Li Tu,1402.9376334101867,2024-10-02
John Van Lottum,1402.7970345522403,2006-02-27
Dieter Kindlmann,1402.6564343690281,2010-05-24
Alex Obrien,1402.4273038541294,2001-08-13
Hazuan Hizan,1402.2919750999358,2002-04-05
Micke Kontinen,1402.0767508379572,2015-07-17
Ali Ghareeb,1401.900341010595,2016-03-04
Anthony Marshall,1401.8698290131751,2013-02-01
Anis Ghorbel,1401.7540793450128,2016-03-04
Giovanni Lapentti,1401.3403673964592,2017-02-06
Viktor Filipenko,1401.1958590544457,2013-04-05
Christophe Tholl,1400.9720293825821,2018-02-03
Aditya Hari Sasongko,1400.8794103724522,2017-02-03
Fazaluddin Syed,1400.8437662626282,2001-02-09
Sasi Kumar Mukund,1400.7441889103181,2023-09-16
Andrei Vasilevski,1400.5793124511438,2012-09-17
Yu Jr Wang,1400.5443811135071,2006-09-22
Martin Vassallo Arguello,1400.2994100509104,2010-02-08
Cem Ilkel,1400.2962047549106,2024-09-13
Martin Lee,1399.7291630447128,2006-06-26
Timothy Neilly,1399.5981103453103,2009-07-10
Ricardo Hocevar,1399.2499078411556,2011-01-31
Julius Tverijonas,1399.183517193637,2020-03-06
Victor Crivoi,1399.1260161284472,2013-07-22
Sasa Tuksar,1398.5164978993785,2006-05-29
Roberto Cid,1398.4413099466872,2021-09-17
Lorenzo Manta,1398.180945424959,2001-07-09
Vitaliy Sachko,1398.0100787764163,2024-09-13
Ignaci Roca,1398.000457089561,2015-07-17
Gabriel Trifu,1397.5250897947747,2003-02-07
Christos Hadjigeorgiou,1396.8344448606085,2013-02-01
Slava Dosedel,1396.2533210186732,2001-08-27
Didac Perez,1396.1286436264015,2006-05-01
Erhan Oral,1395.9354479176275,2001-07-20
Eldad Campbell,1395.8116473058578,2007-04-06
Neville Godwin,1395.7918058434216,2002-08-12
Filip Prpic,1395.5830079181294,2012-02-10
Lucas Gomez,1395.27982625396,2019-09-14
Thiago Alves,1395.1806760846748,2013-02-01
Ilija Martinoski,1394.7541090047532,2009-07-10
Bjorn Munroe,1394.569560324283,2004-04-09
Mehluli Don Ayanda Sibanda,1394.5138657341008,2021-11-26
Andrei Gorban,1394.472944836818,2012-02-10
Petros Chrysochos,1394.3387499621995,2024-02-03
Stian Boretti,1393.4098377434916,2010-07-09
Manuel Tejada,1392.4193698484492,2000-04-07
Andrian Raturandang,1392.2765219275364,2001-04-06
Seyed Akbar Taheri Rahaghi,1392.2713154726034,2003-02-07
George Khrikadze,1392.2575908895562,2009-07-10
Khalid Al Nabhani,1391.2537158416014,2009-07-10
Alexandar Lazov,1391.1003046805426,2016-02-01
Richard Fromberg,1390.293495515209,2002-01-14
Mohammed Al Nabhani,1390.2364826778808,2009-07-10
Slimane Saoudi,1390.2130071600366,2009-03-06
David Josepa,1390.1009253786747,2011-03-04
Jaymon Crabb,1389.9805239146465,2004-09-27
Mohsen Hossein Zade,1389.7933960578364,2018-02-03
Steven Diez,1389.6365705617593,2024-01-01
Ibrahim Abou Chahine,1389.0817278251147,2015-03-06
David Guez,1388.7909072030711,2016-02-15
Daniel Glancy,1388.2107008185565,2015-03-06
Joachim Bjerke,1388.1733304141596,2014-04-04
James Sekulov,1388.0627918481782,2000-11-20
Mark Knowles,1387.8125768008945,2003-02-07
Daniels Tens,1387.6104714394596,2024-09-14
Sherif Sabry,1387.059541837632,2014-01-31
Gorka Fraile,1386.929942302705,2012-07-09
Mikelis Libietis,1386.8702496961507,2017-02-03
Laurent Lokoli,1386.7405052496126,2023-07-03
Ariez Elyaas Deen Heshaam,1386.730941941836,2012-09-24
Edgar Hernandez Perez,1386.7046396753465,2007-04-06
Mauricio Estivariz,1386.4909815461094,2010-07-09
Marcelo Charpentier,1386.392829728233,2003-02-17
Cesar Cruz,1386.336829667649,2024-09-14
Martin Damm Sr,1386.1896287506047,2002-02-18
Zeljko Krajan,1385.887892141283,2005-07-25
Rudolfs Mednis,1385.7729376908342,2017-02-03
Omar Awadhy,1385.6685715660994,2017-02-27
Mike Scheidweiler,1385.3495535161924,2014-04-04
Jordi Munoz Abreu,1384.8992170789968,2020-03-06
James Ward,1384.7460986448978,2021-06-21
Sergis Kyratzis,1384.070362566813,2014-04-04
Martin Cuevas,1383.9555260593395,2022-09-16
Sebastian Prieto,1383.4327376490928,2007-04-06
Alan Mackin,1383.3004406862246,2007-01-15
Michihisa Onoda,1383.2385142767628,2002-09-30
Nick Van Rosberg,1383.0500313524606,2011-03-04
Alex Bogdanovic,1382.6418008405162,2011-07-04
George Tsivadze,1382.5822382794138,2019-09-13
Christophe Bosio,1382.3161758772076,2001-07-20
Markus Hantschk,1382.090404906577,2004-01-05
Philippos Tsangaridis,1382.0349226739568,2011-07-08
Naser Al Obaidly,1381.54939702211,2015-03-06
Hillel Rousseau,1380.3917299745367,2013-04-05
Nicklas Kulti,1379.6018642672036,2000-07-10
Joseph Victorino,1379.403853100994,2004-04-09
Shahzad Khan,1379.1460351416272,2005-09-23
Kristian Pless,1377.9384439836035,2012-02-10
Juan Antonio Marin,1376.5141847053746,2007-04-23
Mounir El Aarej,1376.0532531484264,2008-04-11
Tsolak Gevorgyan,1375.8555702283043,2002-07-12
David Prinosil,1374.9770119510383,2004-06-07
Thierry Ascione,1374.9648727034767,2010-09-20
Scott Willinsky,1374.417962045957,2006-02-10
Marcos Ondruska,1373.8253514908085,2001-07-20
Alexandros Jakupovic,1373.3997551537357,2014-04-04
Tigre Hank,1373.0494245855402,2016-08-08
Bartolome Salva Vidal,1372.928560029918,2007-12-31
Juan Borba,1372.469359172241,2023-02-03
Gilles Kremer,1372.1606433444547,2015-07-17
Emmanuel Heussner,1371.945998035233,2005-03-04
Stephane Huet,1371.673483411552,2001-10-22
Anoosha Shahgholi,1371.5209803932605,2017-02-03
Tadas Babelis,1371.3182959569076,2017-09-15
Ajeet Rai,1370.6910113735605,2024-09-14
Artem Smirnov,1370.2203096156359,2018-02-02
David Agung Susanto,1368.6292233474521,2023-09-16
Cecil Mamiit,1368.498266266198,2011-09-16
Razvan Sabau,1367.7199246499977,2006-09-11
Asim Shafik,1367.5210769553341,2006-09-22
Sultan Khalfan,1367.4321146795712,2007-01-01
Mahesh Bhupathi,1367.1040827346642,2008-04-11
Jan Kroslak,1367.0244224999437,2002-02-08
Anthony Susanto,1366.450362726831,2024-02-03
Guillermo Hormazabal,1365.277713901866,2012-09-14
Alex Kim,1365.0775844855734,2004-03-01
Ugo Nastasi,1363.402523980017,2018-02-03
John Patrick Smith,1362.4779246742016,2021-02-22
Laurent Bram,1362.4473127056506,2013-02-01
Dmitriy Makeyev,1362.0577207276951,2007-04-06
Brayden Schnur,1361.7970575476327,2022-01-03
Murad Inoyatov,1361.7603595194128,2012-02-10
Rares Cuzdriorean,1361.4158936455715,2013-04-05
Juho Paukku,1360.9321872326993,2014-04-04
Andres Filimonov,1360.7245788820217,2002-07-12
Emilio Benfele Alvarez,1360.2355161403063,2001-07-23
Sam Barry,1360.1918401584494,2015-07-17
Adam Jaya,1359.6717416146591,2009-03-06
Nodar Itonishvili,1359.5652886313244,2009-07-10
Paris Gemouchidis,1359.174342703311,2011-03-04
Jamie Delgado,1359.0444576520072,2006-07-21
Karim Alami,1359.043632791859,2002-12-30
Daniel Elsner,1358.752135583728,2005-09-26
Valentin Sanon,1358.5913177190896,2005-07-15
Damion Johnson,1357.7737635327758,2009-03-06
Haydn Lewis,1356.9877027395278,2020-03-06
Mahammad Abid,1356.856771588583,2023-02-03
Guilherme Clezar,1356.7613985504781,2018-04-06
Federico Zeballos,1355.2108364682167,2022-09-16
Petr Luxa,1354.396650849518,2003-09-22
Christophe Rochus,1354.320460270826,2010-07-19
Daniel Vacek,1353.7369587190606,2002-01-14
Tsung Hua Yang,1353.7311282556775,2016-09-16
Janis Podzus,1353.5479333630874,2016-07-15
Vaja Uzakov,1353.056474572595,2011-03-04
Erling Tveit,1352.3182263545714,2010-07-09
Jacobo Diaz,1351.8658773164382,2003-02-10
Facundo Arguello,1348.8456649892487,2019-07-15
Weerapat Doakmaiklee,1347.9758851333597,2012-02-10
Sergey Betov,1347.8167947354425,2012-09-17
Seanon Williams,1346.1975765957736,2017-02-03
Alexandre Simoni,1345.713742800358,2004-04-09
Elmar Gerth,1345.4380658242312,2003-04-04
Alberto Berasategui,1344.3549823069375,2001-04-23
Ahmad Rabeea Muhammad,1343.2624646247923,2009-07-10
Raoul Behr,1340.422140872324,2005-07-15
Andrey Dernovskiy,1337.3409093789073,2003-04-04
Gianluca Pozzi,1336.534154815334,2001-10-08
Marvin Rolle,1335.6358367826858,2009-07-10
Josh Goodall,1331.8856464361422,2012-06-25
Dineshkanthan Thangarajah,1330.5906538772713,2015-03-06
Timo Nieminen,1330.3739100859511,2012-02-10
Cristiano Caratti,1326.3439903383892,2003-09-29
Ota Fukarek,1325.4937811682255,2002-09-30
Adrian Garcia,1324.1997899524752,2008-01-28
Christian Vinck,1320.8348579938367,2003-02-10
Alex Lopez Moron,1319.5500866984576,2000-07-24
Mehdi Ziadi,1317.4565512302058,2013-04-08
Ronald Agenor,1315.128898436431,2001-07-30
Juan Sebastian Langton,1312.9863467060052,2012-04-06
Haithem Abid,1311.2638214325261,2013-04-05
Genius Chidzikwe,1310.8740478240545,2006-07-21
Photos Kallias,1310.3058782703329,2009-09-18
Filippo Volandri,1308.20028199996,2016-07-18
Jicham Zaatini,1306.5486638847092,2008-04-11
Yasir Khan,1305.9095251227595,2016-03-04
Werner Eschauer,1304.418082491424,2008-07-14
Fredrik Jonsson,1303.390178174337,2001-07-09
Andrew Ilie,1302.9105622938644,2003-07-28
Fernando Vicente,1301.8184950650352,2009-06-08
Yu Zhang,1299.751301230152,2001-09-21
Alberto Emmanuel Alvarado Larin,1290.027477991723,2020-03-06
Eric Prodon,1286.3669893827357,2012-05-27
Cyril Jacobe,1283.9538186033715,2012-04-06
Orlin Stanoytchev,1271.1079835389594,2001-01-28
Jeff Tarango,1268.481521549486,2002-02-11
Karim Alayli,1255.1780823141637,2015-03-06
