match_id,player,winners_per_point,forced_per_point,unforced_per_point
20250612-W-s_Hertogenbosch-R16-Yue_Yuan-Kimberly_Birrell,Yue Yuan,0.22,0.42,0.36
20250612-W-s_Hertogenbosch-R16-Yue_Yuan-Kimberly_Birrell,Kimberly Birrell,0.2857142857142857,0.2653061224489796,0.4489795918367347
20250609-W-s_Hertogenbosch-R32-Katerina_Siniakova-Anna_Blinkova,Katerina Siniakova,0.5,0.15,0.35
20250609-W-s_Hertogenbosch-R32-Katerina_Siniakova-Anna_Blinkova,Anna Blinkova,0.2972972972972973,0.5405405405405406,0.16216216216216217
20250609-W-s_Hertogenbosch-R32-Elise_Mertens-Viktoriya_Tomova,Elise Mertens,0.19047619047619047,0.5476190476190477,0.2619047619047619
20250609-W-s_Hertogenbosch-R32-Elise_Mertens-Viktoriya_Tomova,Viktoriya Tomova,0.20588235294117646,0.35294117647058826,0.4411764705882353
20250607-W-Roland_Garros_Juniors-F-Lilli_Tagger-Hannah_Klugman,Lilli Tagger,0.3469387755102041,0.32653061224489793,0.32653061224489793
20250607-W-Roland_Garros_Juniors-F-Lilli_Tagger-Hannah_Klugman,Hannah Klugman,0.20588235294117646,0.2647058823529412,0.5294117647058824
20250604-W-Roland_Garros-QF-Lois_Boisson-Mirra_Andreeva,Lois Boisson,0.30303030303030304,0.24242424242424243,0.45454545454545453
20250604-W-Roland_Garros-QF-Lois_Boisson-Mirra_Andreeva,Mirra Andreeva,0.3670886075949367,0.17721518987341772,0.45569620253164556
20250604-W-ITF_Sumter-R16-Cadence_Brace-Luciana_Perry,Cadence Brace,0.1,0.6,0.3
20250604-W-ITF_Sumter-R16-Cadence_Brace-Luciana_Perry,Luciana Perry,0.11627906976744186,0.18604651162790697,0.6976744186046512
20250603-W-Roland_Garros-QF-Iga_Swiatek-Elina_Svitolina,Iga Swiatek,0.32142857142857145,0.21428571428571427,0.4642857142857143
20250603-W-Roland_Garros-QF-Iga_Swiatek-Elina_Svitolina,Elina Svitolina,0.25,0.14583333333333334,0.6041666666666666
20250603-W-Roland_Garros-QF-Aryna_Sabalenka-Qinwen_Zheng,Aryna Sabalenka,0.29545454545454547,0.4772727272727273,0.20454545454545456
20250603-W-Roland_Garros-QF-Aryna_Sabalenka-Qinwen_Zheng,Qinwen Zheng,0.38636363636363635,0.25,0.36363636363636365
20250602-W-Roland_Garros-R16-Mirra_Andreeva-Daria_Kasatkina,Mirra Andreeva,0.375,0.15625,0.46875
20250602-W-Roland_Garros-R16-Mirra_Andreeva-Daria_Kasatkina,Daria Kasatkina,0.16363636363636364,0.2727272727272727,0.5636363636363636
20250601-W-Roland_Garros-R16-Elena_Rybakina-Iga_Swiatek,Elena Rybakina,0.2839506172839506,0.32098765432098764,0.3950617283950617
20250601-W-Roland_Garros-R16-Elena_Rybakina-Iga_Swiatek,Iga Swiatek,0.417910447761194,0.2835820895522388,0.29850746268656714
20250531-W-Roland_Garros-R32-Yulia_Putintseva-Mirra_Andreeva,Yulia Putintseva,0.3333333333333333,0.08888888888888889,0.5777777777777777
20250531-W-Roland_Garros-R32-Yulia_Putintseva-Mirra_Andreeva,Mirra Andreeva,0.5208333333333334,0.14583333333333334,0.3333333333333333
20250530-W-Roland_Garros-R32-Jelena_Ostapenko-Elena_Rybakina,Jelena Ostapenko,0.25,0.2,0.55
20250530-W-Roland_Garros-R32-Jelena_Ostapenko-Elena_Rybakina,Elena Rybakina,0.3953488372093023,0.23255813953488372,0.37209302325581395
20250530-W-Roland_Garros-R32-Iga_Swiatek-Jaqueline_Cristian,Iga Swiatek,0.2835820895522388,0.3582089552238806,0.3582089552238806
20250530-W-Roland_Garros-R32-Iga_Swiatek-Jaqueline_Cristian,Jaqueline Cristian,0.22916666666666666,0.22916666666666666,0.5416666666666666
20250530-W-Roland_Garros-R32-Aryna_Sabalenka-Olga_Danilovic,Aryna Sabalenka,0.4,0.35,0.25
20250530-W-Roland_Garros-R32-Aryna_Sabalenka-Olga_Danilovic,Olga Danilovic,0.3695652173913043,0.2608695652173913,0.3695652173913043
20250529-W-Roland_Garros-R64-Mirra_Andreeva-Ashlyn_Krueger,Mirra Andreeva,0.4358974358974359,0.1282051282051282,0.4358974358974359
20250529-W-Roland_Garros-R64-Mirra_Andreeva-Ashlyn_Krueger,Ashlyn Krueger,0.22916666666666666,0.10416666666666667,0.6666666666666666
20250528-W-Roland_Garros-R64-Iga_Swiatek-Emma_Raducanu,Iga Swiatek,0.4909090909090909,0.14545454545454545,0.36363636363636365
20250528-W-Roland_Garros-R64-Iga_Swiatek-Emma_Raducanu,Emma Raducanu,0.21428571428571427,0.14285714285714285,0.6428571428571429
20250527-W-Roland_Garros-R128-Varvara_Gracheva-Sofia_Kenin,Varvara Gracheva,0.24390243902439024,0.36585365853658536,0.3902439024390244
20250527-W-Roland_Garros-R128-Varvara_Gracheva-Sofia_Kenin,Sofia Kenin,0.4318181818181818,0.38636363636363635,0.18181818181818182
20250527-W-Roland_Garros-R128-Olivia_Gadecki-Coco_Gauff,Olivia Gadecki,0.23529411764705882,0.2647058823529412,0.5
20250527-W-Roland_Garros-R128-Olivia_Gadecki-Coco_Gauff,Coco Gauff,0.3684210526315789,0.42105263157894735,0.21052631578947367
20250527-W-Roland_Garros-R128-Mirra_Andreeva-Cristina_Bucsa,Mirra Andreeva,0.3673469387755102,0.08163265306122448,0.5510204081632653
20250527-W-Roland_Garros-R128-Mirra_Andreeva-Cristina_Bucsa,Cristina Bucsa,0.34782608695652173,0.10869565217391304,0.5434782608695652
20250526-W-Roland_Garros-R128-Rebecca_Sramkova-Iga_Swiatek,Rebecca Sramkova,0.4090909090909091,0.11363636363636363,0.4772727272727273
20250526-W-Roland_Garros-R128-Rebecca_Sramkova-Iga_Swiatek,Iga Swiatek,0.46,0.22,0.32
20250522-W-Strasbourg-QF-Elena_Rybakina-Magda_Linette,Elena Rybakina,0.41509433962264153,0.3018867924528302,0.2830188679245283
20250522-W-Strasbourg-QF-Elena_Rybakina-Magda_Linette,Magda Linette,0.358974358974359,0.358974358974359,0.28205128205128205
20250521-W-Roland_Garros-Q2-Nao_Hibino-Bianca_Andreescu,Nao Hibino,0.39705882352941174,0.2647058823529412,0.3382352941176471
20250521-W-Roland_Garros-Q2-Nao_Hibino-Bianca_Andreescu,Bianca Andreescu,0.45161290322580644,0.1935483870967742,0.3548387096774194
20250520-W-Roland_Garros-Q1-Linda_Fruhvirtova-Linda_Klimovicova,Linda Fruhvirtova,0.5121951219512195,0.14634146341463414,0.34146341463414637
20250520-W-Roland_Garros-Q1-Linda_Fruhvirtova-Linda_Klimovicova,Linda Klimovicova,0.3793103448275862,0.3103448275862069,0.3103448275862069
20250519-W-Roland_Garros-Q1-Xinxin_Yao-Bianca_Andreescu,Xinxin Yao,0.3333333333333333,0.08333333333333333,0.5833333333333334
20250519-W-Roland_Garros-Q1-Xinxin_Yao-Bianca_Andreescu,Bianca Andreescu,0.5098039215686274,0.2549019607843137,0.23529411764705882
20250514-W-Rome-QF-Coco_Gauff-Mirra_Andreeva,Coco Gauff,0.37735849056603776,0.18867924528301888,0.4339622641509434
20250514-W-Rome-QF-Coco_Gauff-Mirra_Andreeva,Mirra Andreeva,0.3898305084745763,0.1016949152542373,0.5084745762711864
20250514-W-Rome-QF-Aryna_Sabalenka-Qinwen_Zheng,Aryna Sabalenka,0.3125,0.2916666666666667,0.3958333333333333
20250514-W-Rome-QF-Aryna_Sabalenka-Qinwen_Zheng,Qinwen Zheng,0.29411764705882354,0.43137254901960786,0.27450980392156865
20250512-W-Rome-R16-Qinwen_Zheng-Bianca_Andreescu,Qinwen Zheng,0.4262295081967213,0.22950819672131148,0.3442622950819672
20250512-W-Rome-R16-Qinwen_Zheng-Bianca_Andreescu,Bianca Andreescu,0.24324324324324326,0.10810810810810811,0.6486486486486487
20250512-W-Rome-R16-Clara_Tauson-Mirra_Andreeva,Clara Tauson,0.2638888888888889,0.19444444444444445,0.5416666666666666
20250512-W-Rome-R16-Clara_Tauson-Mirra_Andreeva,Mirra Andreeva,0.4125,0.1125,0.475
20250511-W-Rome-R32-Linda_Noskova-Mirra_Andreeva,Linda Noskova,0.25,0.16176470588235295,0.5882352941176471
20250511-W-Rome-R32-Linda_Noskova-Mirra_Andreeva,Mirra Andreeva,0.44,0.12,0.44
20250511-W-Rome-R32-Elena_Rybakina-Bianca_Andreescu,Elena Rybakina,0.3275862068965517,0.15517241379310345,0.5172413793103449
20250511-W-Rome-R32-Elena_Rybakina-Bianca_Andreescu,Bianca Andreescu,0.36585365853658536,0.2682926829268293,0.36585365853658536
20250509-W-Rome-R64-Emiliana_Arango-Mirra_Andreeva,Emiliana Arango,0.2,0.2222222222222222,0.5777777777777777
20250509-W-Rome-R64-Emiliana_Arango-Mirra_Andreeva,Mirra Andreeva,0.4117647058823529,0.14705882352941177,0.4411764705882353
20250509-W-Rome-R64-Donna_Vekic-Bianca_Andreescu,Donna Vekic,0.4057971014492754,0.14492753623188406,0.4492753623188406
20250509-W-Rome-R64-Donna_Vekic-Bianca_Andreescu,Bianca Andreescu,0.3617021276595745,0.2553191489361702,0.3829787234042553
20250507-W-Rome-R128-Victoria_Mboko-Arianna_Zucchini,Victoria Mboko,0.17391304347826086,0.30434782608695654,0.5217391304347826
20250507-W-Rome-R128-Victoria_Mboko-Arianna_Zucchini,Arianna Zucchini,0.2571428571428571,0.08571428571428572,0.6571428571428571
20250507-W-Rome-R128-Naomi_Osaka-Sara_Errani,Naomi Osaka,0.4533333333333333,0.12,0.4266666666666667
20250507-W-Rome-R128-Naomi_Osaka-Sara_Errani,Sara Errani,0.21739130434782608,0.2608695652173913,0.5217391304347826
20250507-W-Rome-R128-Federica_Urgesi-Bianca_Andreescu,Federica Urgesi,0.2,0.28,0.52
20250507-W-Rome-R128-Federica_Urgesi-Bianca_Andreescu,Bianca Andreescu,0.4339622641509434,0.24528301886792453,0.32075471698113206
20250507-W-Rome-R128-Antonia_Ruzic-Tyra_Caterina_Grant,Antonia Ruzic,0.43636363636363634,0.14545454545454545,0.41818181818181815
20250507-W-Rome-R128-Antonia_Ruzic-Tyra_Caterina_Grant,Tyra Caterina Grant,0.34408602150537637,0.22580645161290322,0.41935483870967744
20250501-W-Madrid-SF-Iga_Swiatek-Coco_Gauff,Iga Swiatek,0.17142857142857143,0.2571428571428571,0.5714285714285714
20250501-W-Madrid-SF-Iga_Swiatek-Coco_Gauff,Coco Gauff,0.48,0.32,0.2
20250501-W-Madrid-SF-Aryna_Sabalenka-Elina_Svitolina,Aryna Sabalenka,0.3968253968253968,0.36507936507936506,0.23809523809523808
20250501-W-Madrid-SF-Aryna_Sabalenka-Elina_Svitolina,Elina Svitolina,0.36363636363636365,0.45454545454545453,0.18181818181818182
20250430-W-Madrid-QF-Elina_Svitolina-Moyuka_Uchijima,Elina Svitolina,0.3888888888888889,0.3611111111111111,0.25
20250430-W-Madrid-QF-Elina_Svitolina-Moyuka_Uchijima,Moyuka Uchijima,0.35,0.25,0.4
20250430-W-Madrid-QF-Coco_Gauff-Mirra_Andreeva,Coco Gauff,0.3541666666666667,0.1875,0.4583333333333333
20250430-W-Madrid-QF-Coco_Gauff-Mirra_Andreeva,Mirra Andreeva,0.2033898305084746,0.1016949152542373,0.6949152542372882
20250429-W-Madrid-R16-Anastasia_Potapova-Marta_Kostyuk,Anastasia Potapova,0.26785714285714285,0.30357142857142855,0.42857142857142855
20250429-W-Madrid-R16-Anastasia_Potapova-Marta_Kostyuk,Marta Kostyuk,0.42857142857142855,0.42857142857142855,0.14285714285714285
20250428-W-Madrid-R16-Mirra_Andreeva-Yulia_Starodubtseva,Mirra Andreeva,0.25,0.20833333333333334,0.5416666666666666
20250428-W-Madrid-R16-Mirra_Andreeva-Yulia_Starodubtseva,Yulia Starodubtseva,0.17543859649122806,0.12280701754385964,0.7017543859649122
20250426-W-Madrid-R32-Magdalena_Frech-Mirra_Andreeva,Magdalena Frech,0.36,0.16,0.48
20250426-W-Madrid-R32-Magdalena_Frech-Mirra_Andreeva,Mirra Andreeva,0.5357142857142857,0.08928571428571429,0.375
20250426-W-Madrid-R32-Linda_Noskova-Iga_Swiatek,Linda Noskova,0.4,0.2,0.4
20250426-W-Madrid-R32-Linda_Noskova-Iga_Swiatek,Iga Swiatek,0.36363636363636365,0.3333333333333333,0.30303030303030304
20250425-W-Madrid-R64-Jasmine_Paolini-Katie_Boulter,Jasmine Paolini,0.5142857142857142,0.3142857142857143,0.17142857142857143
20250425-W-Madrid-R64-Jasmine_Paolini-Katie_Boulter,Katie Boulter,0.26666666666666666,0.23333333333333334,0.5
20250425-W-Madrid-R64-Elena_Rybakina-Bianca_Andreescu,Elena Rybakina,0.23636363636363636,0.23636363636363636,0.5272727272727272
20250425-W-Madrid-R64-Elena_Rybakina-Bianca_Andreescu,Bianca Andreescu,0.20689655172413793,0.1724137931034483,0.6206896551724138
20250425-W-Madrid-R64-Aryna_Sabalenka-Anna_Blinkova,Aryna Sabalenka,0.5230769230769231,0.24615384615384617,0.23076923076923078
20250425-W-Madrid-R64-Aryna_Sabalenka-Anna_Blinkova,Anna Blinkova,0.37209302325581395,0.37209302325581395,0.2558139534883721
20250425-W-Madrid-R64-Anastasia_Potapova-Qinwen_Zheng,Anastasia Potapova,0.3157894736842105,0.3157894736842105,0.3684210526315789
20250425-W-Madrid-R64-Anastasia_Potapova-Qinwen_Zheng,Qinwen Zheng,0.2033898305084746,0.2711864406779661,0.5254237288135594
20250424-W-Madrid-R64-Mirra_Andreeva-Marie_Bouzkova,Mirra Andreeva,0.4166666666666667,0.16666666666666666,0.4166666666666667
20250424-W-Madrid-R64-Mirra_Andreeva-Marie_Bouzkova,Marie Bouzkova,0.2903225806451613,0.1935483870967742,0.5161290322580645
20250424-W-Madrid-R64-Iga_Swiatek-Alexandra_Eala,Iga Swiatek,0.4222222222222222,0.15555555555555556,0.4222222222222222
20250424-W-Madrid-R64-Iga_Swiatek-Alexandra_Eala,Alexandra Eala,0.2641509433962264,0.22641509433962265,0.5094339622641509
20250424-W-Madrid-R64-Belinda_Bencic-Clara_Tauson,Belinda Bencic,0.4186046511627907,0.11627906976744186,0.46511627906976744
20250424-W-Madrid-R64-Belinda_Bencic-Clara_Tauson,Clara Tauson,0.4,0.12727272727272726,0.4727272727272727
20250423-W-Madrid-R128-Victoria_Azarenka-Olga_Danilovic,Victoria Azarenka,0.15217391304347827,0.43478260869565216,0.41304347826086957
20250423-W-Madrid-R128-Victoria_Azarenka-Olga_Danilovic,Olga Danilovic,0.35294117647058826,0.35294117647058826,0.29411764705882354
20250423-W-Madrid-R128-Mccartney_Kessler-Bianca_Andreescu,Mccartney Kessler,0.23684210526315788,0.18421052631578946,0.5789473684210527
20250423-W-Madrid-R128-Mccartney_Kessler-Bianca_Andreescu,Bianca Andreescu,0.4146341463414634,0.0975609756097561,0.4878048780487805
20250423-W-Madrid-R128-Emma_Raducanu-Suzan_Lamens,Emma Raducanu,0.2727272727272727,0.2545454545454545,0.4727272727272727
20250423-W-Madrid-R128-Emma_Raducanu-Suzan_Lamens,Suzan Lamens,0.3582089552238806,0.1791044776119403,0.4626865671641791
20250423-W-Madrid-R128-Carlota_Martinez_Cirez-Maya_Joint,Carlota Martinez Cirez,0.25,0.20833333333333334,0.5416666666666666
20250423-W-Madrid-R128-Carlota_Martinez_Cirez-Maya_Joint,Maya Joint,0.40816326530612246,0.11224489795918367,0.47959183673469385
20250422-W-Madrid-R128-Mayar_Sherif-Jessica_Bouzas_Maneiro,Mayar Sherif,0.21052631578947367,0.34210526315789475,0.4473684210526316
20250422-W-Madrid-R128-Mayar_Sherif-Jessica_Bouzas_Maneiro,Jessica Bouzas Maneiro,0.4897959183673469,0.24489795918367346,0.2653061224489796
20250422-W-Madrid-R128-Alexandra_Eala-Viktoriya_Tomova,Alexandra Eala,0.4,0.26153846153846155,0.3384615384615385
20250422-W-Madrid-R128-Alexandra_Eala-Viktoriya_Tomova,Viktoriya Tomova,0.22580645161290322,0.25806451612903225,0.5161290322580645
20250420-W-Rouen-F-Elina_Svitolina-Olga_Danilovic,Elina Svitolina,0.45652173913043476,0.41304347826086957,0.13043478260869565
20250420-W-Rouen-F-Elina_Svitolina-Olga_Danilovic,Olga Danilovic,0.4025974025974026,0.2727272727272727,0.3246753246753247
20250419-W-Rouen-SF-Suzan_Lamens-Olga_Danilovic,Suzan Lamens,0.2982456140350877,0.3157894736842105,0.38596491228070173
20250419-W-Rouen-SF-Suzan_Lamens-Olga_Danilovic,Olga Danilovic,0.4418604651162791,0.3488372093023256,0.20930232558139536
20250418-W-Rouen-QF-Tiantsoa_Sarah_Rakotomanga_Rajaonah-Suzan_Lamens,Tiantsoa Sarah Rakotomanga Rajaonah,0.3469387755102041,0.16326530612244897,0.4897959183673469
20250418-W-Rouen-QF-Tiantsoa_Sarah_Rakotomanga_Rajaonah-Suzan_Lamens,Suzan Lamens,0.36666666666666664,0.23333333333333334,0.4
20250417-W-Stuttgart-R16-Ekaterina_Alexandrova-Mirra_Andreeva,Ekaterina Alexandrova,0.2702702702702703,0.21621621621621623,0.4864864864864865
20250417-W-Stuttgart-R16-Ekaterina_Alexandrova-Mirra_Andreeva,Mirra Andreeva,0.20588235294117646,0.14705882352941177,0.6470588235294118
20250417-W-Rouen-R16-Linda_Fruhvirtova-Olga_Danilovic,Linda Fruhvirtova,0.3125,0.2916666666666667,0.3958333333333333
20250417-W-Rouen-R16-Linda_Fruhvirtova-Olga_Danilovic,Olga Danilovic,0.4888888888888889,0.15555555555555556,0.35555555555555557
20250416-W-Stuttgart-R32-Mirra_Andreeva-Erika_Andreeva,Mirra Andreeva,0.47058823529411764,0.17647058823529413,0.35294117647058826
20250416-W-Stuttgart-R32-Mirra_Andreeva-Erika_Andreeva,Erika Andreeva,0.17647058823529413,0.058823529411764705,0.7647058823529411
20250416-W-Rouen-R32-Bianca_Andreescu-Suzan_Lamens,Bianca Andreescu,0.30120481927710846,0.18072289156626506,0.5180722891566265
20250416-W-Rouen-R32-Bianca_Andreescu-Suzan_Lamens,Suzan Lamens,0.34177215189873417,0.22784810126582278,0.43037974683544306
20250415-W-Stuttgart-R32-Jasmine_Paolini-Eva_Lys,Jasmine Paolini,0.24324324324324326,0.40540540540540543,0.35135135135135137
20250415-W-Stuttgart-R32-Jasmine_Paolini-Eva_Lys,Eva Lys,0.2727272727272727,0.21212121212121213,0.5151515151515151
20250415-W-Stuttgart-R32-Ekaterina_Alexandrova-Liudmila_Samsonova,Ekaterina Alexandrova,0.3448275862068966,0.3793103448275862,0.27586206896551724
20250415-W-Stuttgart-R32-Ekaterina_Alexandrova-Liudmila_Samsonova,Liudmila Samsonova,0.175,0.375,0.45
20250415-W-Rouen-R32-Lois_Boisson-Harriet_Dart,Lois Boisson,0.5405405405405406,0.24324324324324326,0.21621621621621623
20250415-W-Rouen-R32-Lois_Boisson-Harriet_Dart,Harriet Dart,0.3409090909090909,0.29545454545454547,0.36363636363636365
20250414-W-Rouen-R32-Tiantsoa_Sarah_Rakotomanga_Rajaonah-Lucia_Bronzetti,Tiantsoa Sarah Rakotomanga Rajaonah,0.48214285714285715,0.14285714285714285,0.375
20250414-W-Rouen-R32-Tiantsoa_Sarah_Rakotomanga_Rajaonah-Lucia_Bronzetti,Lucia Bronzetti,0.12121212121212122,0.30303030303030304,0.5757575757575758
20250412-W-BJK_Cup_Qualifiers-RR-Yuliana_Monroy-Maya_Joint,Yuliana Monroy,0.0,0.1111111111111111,0.8888888888888888
20250412-W-BJK_Cup_Qualifiers-RR-Yuliana_Monroy-Maya_Joint,Maya Joint,0.43137254901960786,0.23529411764705882,0.3333333333333333
20250412-W-BJK_Cup_Qualifiers-RR-Tatjana_Maria-Katie_Boulter,Tatjana Maria,0.3333333333333333,0.16666666666666666,0.5
20250412-W-BJK_Cup_Qualifiers-RR-Tatjana_Maria-Katie_Boulter,Katie Boulter,0.49411764705882355,0.11764705882352941,0.38823529411764707
20250412-W-BJK_Cup_Qualifiers-RR-Sonay_Kartal-Eva_Vedder,Sonay Kartal,0.4230769230769231,0.20512820512820512,0.3717948717948718
20250412-W-BJK_Cup_Qualifiers-RR-Sonay_Kartal-Eva_Vedder,Eva Vedder,0.2647058823529412,0.25,0.4852941176470588
20250412-W-BJK_Cup_Qualifiers-RR-Katie_Boulter-Suzan_Lamens,Katie Boulter,0.23214285714285715,0.23214285714285715,0.5357142857142857
20250412-W-BJK_Cup_Qualifiers-RR-Katie_Boulter-Suzan_Lamens,Suzan Lamens,0.3125,0.3125,0.375
20250411-W-BJK_Cup_Qualifiers-RR-Elena_Rybakina-Yuliana_Lizarazo,Elena Rybakina,0.38095238095238093,0.40476190476190477,0.21428571428571427
20250411-W-BJK_Cup_Qualifiers-RR-Elena_Rybakina-Yuliana_Lizarazo,Yuliana Lizarazo,0.3076923076923077,0.38461538461538464,0.3076923076923077
20250410-W-BJK_Cup_Qualifiers-RR-Tatjana_Maria-Suzan_Lamens,Tatjana Maria,0.45901639344262296,0.21311475409836064,0.32786885245901637
20250410-W-BJK_Cup_Qualifiers-RR-Tatjana_Maria-Suzan_Lamens,Suzan Lamens,0.5340909090909091,0.19318181818181818,0.2727272727272727
20250410-W-BJK_Cup_Qualifiers-RR-Magda_Linette-Viktorija_Golubic,Magda Linette,0.3333333333333333,0.2631578947368421,0.40350877192982454
20250410-W-BJK_Cup_Qualifiers-RR-Magda_Linette-Viktorija_Golubic,Viktorija Golubic,0.25806451612903225,0.2903225806451613,0.45161290322580644
20250410-W-BJK_Cup_Qualifiers-RR-Jule_Niemeier-Eva_Vedder,Jule Niemeier,0.27586206896551724,0.1896551724137931,0.5344827586206896
20250410-W-BJK_Cup_Qualifiers-RR-Jule_Niemeier-Eva_Vedder,Eva Vedder,0.4230769230769231,0.3076923076923077,0.2692307692307692
20250404-W-Charleston-QF-Anna_Kalinskaya-Sofia_Kenin,Anna Kalinskaya,0.4583333333333333,0.125,0.4166666666666667
20250404-W-Charleston-QF-Anna_Kalinskaya-Sofia_Kenin,Sofia Kenin,0.5227272727272727,0.25,0.22727272727272727
20250403-W-Charleston-R16-Sofia_Kenin-Daria_Kasatkina,Sofia Kenin,0.41975308641975306,0.09876543209876543,0.48148148148148145
20250403-W-Charleston-R16-Sofia_Kenin-Daria_Kasatkina,Daria Kasatkina,0.35714285714285715,0.023809523809523808,0.6190476190476191
20250403-W-Charleston-R16-Madison_Keys-Anna_Kalinskaya,Madison Keys,0.40425531914893614,0.2127659574468085,0.3829787234042553
20250403-W-Charleston-R16-Madison_Keys-Anna_Kalinskaya,Anna Kalinskaya,0.25,0.475,0.275
20250402-W-Charleston-R32-Maria_Sakkari-Qinwen_Zheng,Maria Sakkari,0.22,0.14,0.62
20250402-W-Charleston-R32-Maria_Sakkari-Qinwen_Zheng,Qinwen Zheng,0.25,0.18181818181818182,0.5681818181818182
20250402-W-Charleston-R32-Jessica_Pegula-Iryna_Shymanovich,Jessica Pegula,0.48484848484848486,0.30303030303030304,0.21212121212121213
20250402-W-Charleston-R32-Jessica_Pegula-Iryna_Shymanovich,Iryna Shymanovich,0.3333333333333333,0.2222222222222222,0.4444444444444444
20250402-W-Bogota-R16-Katarzyna_Kawa-Laura_Pigossi,Katarzyna Kawa,0.3333333333333333,0.17543859649122806,0.49122807017543857
20250402-W-Bogota-R16-Katarzyna_Kawa-Laura_Pigossi,Laura Pigossi,0.25,0.26666666666666666,0.48333333333333334
20250401-W-Charleston-R64-Maria_Sakkari-Marina_Stakusic,Maria Sakkari,0.46808510638297873,0.0851063829787234,0.44680851063829785
20250401-W-Charleston-R64-Maria_Sakkari-Marina_Stakusic,Marina Stakusic,0.2619047619047619,0.11904761904761904,0.5952380952380952
20250401-W-Charleston-R64-Hailey_Baptiste-Olivia_Gadecki,Hailey Baptiste,0.36666666666666664,0.5333333333333333,0.1
20250401-W-Charleston-R64-Hailey_Baptiste-Olivia_Gadecki,Olivia Gadecki,0.32608695652173914,0.34782608695652173,0.32608695652173914
20250401-W-Charleston-R32-Amanda_Anisimova-Veronika_Kudermetova,Amanda Anisimova,0.25,0.4318181818181818,0.3181818181818182
20250401-W-Charleston-R32-Amanda_Anisimova-Veronika_Kudermetova,Veronika Kudermetova,0.4090909090909091,0.22727272727272727,0.36363636363636365
20250401-W-Bogota-R32-Varvara_Lepchenko-Hanna_Chang,Varvara Lepchenko,0.2077922077922078,0.14285714285714285,0.6493506493506493
20250401-W-Bogota-R32-Varvara_Lepchenko-Hanna_Chang,Hanna Chang,0.20588235294117646,0.2647058823529412,0.5294117647058824
20250401-W-Bogota-R32-Raluka_Serban-Nuria_Parrizas_Diaz,Raluka Serban,0.3269230769230769,0.23076923076923078,0.4423076923076923
20250401-W-Bogota-R32-Raluka_Serban-Nuria_Parrizas_Diaz,Nuria Parrizas Diaz,0.16417910447761194,0.1791044776119403,0.6417910447761194
20250401-W-Bogota-R32-Julieta_Pareja-Maria_Jose_Sanchez_Uribe,Julieta Pareja,0.45098039215686275,0.1568627450980392,0.39215686274509803
20250401-W-Bogota-R32-Julieta_Pareja-Maria_Jose_Sanchez_Uribe,Maria Jose Sanchez Uribe,0.15151515151515152,0.21212121212121213,0.6363636363636364
20250401-W-Bogota-R32-Emina_Bektas-Maria_Camila_Torres_Murcia,Emina Bektas,0.4339622641509434,0.22641509433962265,0.33962264150943394
20250401-W-Bogota-R32-Emina_Bektas-Maria_Camila_Torres_Murcia,Maria Camila Torres Murcia,0.25,0.125,0.625
20250331-W-Charleston-R32-Veronika_Kudermetova-Maria_Mateas,Veronika Kudermetova,0.4444444444444444,0.2,0.35555555555555557
20250331-W-Charleston-R32-Veronika_Kudermetova-Maria_Mateas,Maria Mateas,0.1875,0.21875,0.59375
20250326-W-Miami-QF-Emma_Raducanu-Jessica_Pegula,Emma Raducanu,0.3698630136986301,0.3150684931506849,0.3150684931506849
20250326-W-Miami-QF-Emma_Raducanu-Jessica_Pegula,Jessica Pegula,0.5060240963855421,0.25301204819277107,0.24096385542168675
20250326-W-Miami-QF-Alexandra_Eala-Iga_Swiatek,Alexandra Eala,0.39473684210526316,0.3157894736842105,0.2894736842105263
20250326-W-Miami-QF-Alexandra_Eala-Iga_Swiatek,Iga Swiatek,0.38235294117647056,0.1323529411764706,0.4852941176470588
20250325-W-Miami-R16-Amanda_Anisimova-Emma_Raducanu,Amanda Anisimova,0.2,0.14545454545454545,0.6545454545454545
20250325-W-Miami-R16-Amanda_Anisimova-Emma_Raducanu,Emma Raducanu,0.3333333333333333,0.2222222222222222,0.4444444444444444
20250325-W-Miami-QF-Qinwen_Zheng-Aryna_Sabalenka,Qinwen Zheng,0.3541666666666667,0.08333333333333333,0.5625
20250325-W-Miami-QF-Qinwen_Zheng-Aryna_Sabalenka,Aryna Sabalenka,0.3333333333333333,0.2777777777777778,0.3888888888888889
20250325-W-Miami-QF-Jasmine_Paolini-Magda_Linette,Jasmine Paolini,0.36363636363636365,0.38636363636363635,0.25
20250325-W-Miami-QF-Jasmine_Paolini-Magda_Linette,Magda Linette,0.3333333333333333,0.3333333333333333,0.3333333333333333
20250324-W-Miami-R16-Elina_Svitolina-Iga_Swiatek,Elina Svitolina,0.38,0.16,0.46
20250324-W-Miami-R16-Elina_Svitolina-Iga_Swiatek,Iga Swiatek,0.4230769230769231,0.21794871794871795,0.358974358974359
20250324-W-Miami-R16-Coco_Gauff-Magda_Linette,Coco Gauff,0.25862068965517243,0.3620689655172414,0.3793103448275862
20250324-W-Miami-R16-Coco_Gauff-Magda_Linette,Magda Linette,0.3870967741935484,0.3225806451612903,0.2903225806451613
20250323-W-Miami-R32-Karolina_Muchova-Elina_Svitolina,Karolina Muchova,0.3125,0.1875,0.5
20250323-W-Miami-R32-Karolina_Muchova-Elina_Svitolina,Elina Svitolina,0.29411764705882354,0.25,0.45588235294117646
20250323-W-Miami-R32-Iga_Swiatek-Elise_Mertens,Iga Swiatek,0.3684210526315789,0.22807017543859648,0.40350877192982454
20250323-W-Miami-R32-Iga_Swiatek-Elise_Mertens,Elise Mertens,0.41304347826086957,0.06521739130434782,0.5217391304347826
20250323-W-Miami-R32-Amanda_Anisimova-Mirra_Andreeva,Amanda Anisimova,0.2920353982300885,0.21238938053097345,0.49557522123893805
20250323-W-Miami-R32-Amanda_Anisimova-Mirra_Andreeva,Mirra Andreeva,0.352112676056338,0.09859154929577464,0.5492957746478874
20250322-W-Miami-R32-Linda_Fruhvirtova-Magda_Linette,Linda Fruhvirtova,0.23076923076923078,0.3333333333333333,0.4358974358974359
20250322-W-Miami-R32-Linda_Fruhvirtova-Magda_Linette,Magda Linette,0.4788732394366197,0.14084507042253522,0.38028169014084506
20250322-W-Miami-R32-Coco_Gauff-Maria_Sakkari,Coco Gauff,0.1282051282051282,0.41025641025641024,0.46153846153846156
20250322-W-Miami-R32-Coco_Gauff-Maria_Sakkari,Maria Sakkari,0.13333333333333333,0.24444444444444444,0.6222222222222222
20250321-W-Miami-R64-Mirra_Andreeva-Veronika_Kudermetova,Mirra Andreeva,0.4230769230769231,0.15384615384615385,0.4230769230769231
20250321-W-Miami-R64-Mirra_Andreeva-Veronika_Kudermetova,Veronika Kudermetova,0.175,0.125,0.7
20250321-W-Miami-R64-Mayar_Sherif-Amanda_Anisimova,Mayar Sherif,0.2,0.13333333333333333,0.6666666666666666
20250321-W-Miami-R64-Mayar_Sherif-Amanda_Anisimova,Amanda Anisimova,0.3673469387755102,0.40816326530612246,0.22448979591836735
20250321-W-Miami-R64-Caroline_Garcia-Iga_Swiatek,Caroline Garcia,0.2926829268292683,0.1951219512195122,0.5121951219512195
20250321-W-Miami-R64-Caroline_Garcia-Iga_Swiatek,Iga Swiatek,0.39215686274509803,0.29411764705882354,0.3137254901960784
20250320-W-Miami-R64-Taylor_Townsend-Yulia_Putintseva,Taylor Townsend,0.34523809523809523,0.14285714285714285,0.5119047619047619
20250320-W-Miami-R64-Taylor_Townsend-Yulia_Putintseva,Yulia Putintseva,0.16666666666666666,0.24074074074074073,0.5925925925925926
20250320-W-Miami-R64-Hailey_Baptiste-Daria_Kasatkina,Hailey Baptiste,0.32323232323232326,0.21212121212121213,0.46464646464646464
20250320-W-Miami-R64-Hailey_Baptiste-Daria_Kasatkina,Daria Kasatkina,0.2909090909090909,0.3090909090909091,0.4
20250320-W-Miami-R64-Elena_Rybakina-Ashlyn_Krueger,Elena Rybakina,0.24390243902439024,0.36585365853658536,0.3902439024390244
20250320-W-Miami-R64-Elena_Rybakina-Ashlyn_Krueger,Ashlyn Krueger,0.32075471698113206,0.18867924528301888,0.49056603773584906
20250320-W-Miami-R64-Ekaterina_Alexandrova-Magda_Linette,Ekaterina Alexandrova,0.36538461538461536,0.2692307692307692,0.36538461538461536
20250320-W-Miami-R64-Ekaterina_Alexandrova-Magda_Linette,Magda Linette,0.29411764705882354,0.47058823529411764,0.23529411764705882
20250320-W-Miami-R64-Coco_Gauff-Sofia_Kenin,Coco Gauff,0.631578947368421,0.2631578947368421,0.10526315789473684
20250320-W-Miami-R64-Coco_Gauff-Sofia_Kenin,Sofia Kenin,0.21212121212121213,0.12121212121212122,0.6666666666666666
20250319-W-Miami-R128-Peyton_Stearns-Katie_Boulter,Peyton Stearns,0.325,0.2,0.475
20250319-W-Miami-R128-Peyton_Stearns-Katie_Boulter,Katie Boulter,0.1282051282051282,0.15384615384615385,0.717948717948718
20250319-W-Miami-R128-Emma_Raducanu-Sayaka_Ishii,Emma Raducanu,0.35714285714285715,0.10714285714285714,0.5357142857142857
20250319-W-Miami-R128-Emma_Raducanu-Sayaka_Ishii,Sayaka Ishii,0.2,0.125,0.65
20250318-W-Miami-R128-Ashlyn_Krueger-Renata_Zarazua,Ashlyn Krueger,0.3076923076923077,0.358974358974359,0.3333333333333333
20250318-W-Miami-R128-Ashlyn_Krueger-Renata_Zarazua,Renata Zarazua,0.25,0.425,0.325
20250318-W-Miami-R128-Anastasia_Pavlyuchenkova-Magda_Linette,Anastasia Pavlyuchenkova,0.4186046511627907,0.2558139534883721,0.32558139534883723
20250318-W-Miami-R128-Anastasia_Pavlyuchenkova-Magda_Linette,Magda Linette,0.43243243243243246,0.35135135135135137,0.21621621621621623
20250317-W-Miami-Q2-Linda_Fruhvirtova-Laura_Siegemund,Linda Fruhvirtova,0.3125,0.40625,0.28125
20250317-W-Miami-Q2-Linda_Fruhvirtova-Laura_Siegemund,Laura Siegemund,0.3076923076923077,0.20512820512820512,0.48717948717948717
20250316-W-Indian_Wells-F-Aryna_Sabalenka-Mirra_Andreeva,Aryna Sabalenka,0.2894736842105263,0.25,0.4605263157894737
20250316-W-Indian_Wells-F-Aryna_Sabalenka-Mirra_Andreeva,Mirra Andreeva,0.38461538461538464,0.2153846153846154,0.4
20250314-W-Indian_Wells-SF-Iga_Swiatek-Mirra_Andreeva,Iga Swiatek,0.3013698630136986,0.273972602739726,0.4246575342465753
20250314-W-Indian_Wells-SF-Iga_Swiatek-Mirra_Andreeva,Mirra Andreeva,0.40298507462686567,0.1044776119402985,0.4925373134328358
20250314-W-Indian_Wells-SF-Aryna_Sabalenka-Madison_Keys,Aryna Sabalenka,0.4666666666666667,0.3,0.23333333333333334
20250314-W-Indian_Wells-SF-Aryna_Sabalenka-Madison_Keys,Madison Keys,0.26666666666666666,0.13333333333333333,0.6
20250313-W-Indian_Wells-QF-Iga_Swiatek-Qinwen_Zheng,Iga Swiatek,0.42857142857142855,0.05714285714285714,0.5142857142857142
20250313-W-Indian_Wells-QF-Iga_Swiatek-Qinwen_Zheng,Qinwen Zheng,0.19298245614035087,0.12280701754385964,0.6842105263157895
20250313-W-Indian_Wells-QF-Elina_Svitolina-Mirra_Andreeva,Elina Svitolina,0.2619047619047619,0.2857142857142857,0.4523809523809524
20250313-W-Indian_Wells-QF-Elina_Svitolina-Mirra_Andreeva,Mirra Andreeva,0.4098360655737705,0.22950819672131148,0.36065573770491804
20250313-W-Indian_Wells-QF-Belinda_Bencic-Madison_Keys,Belinda Bencic,0.4090909090909091,0.36363636363636365,0.22727272727272727
20250313-W-Indian_Wells-QF-Belinda_Bencic-Madison_Keys,Madison Keys,0.56,0.24,0.2
20250313-W-Indian_Wells-QF-Aryna_Sabalenka-Liudmila_Samsonova,Aryna Sabalenka,0.35135135135135137,0.32432432432432434,0.32432432432432434
20250313-W-Indian_Wells-QF-Aryna_Sabalenka-Liudmila_Samsonova,Liudmila Samsonova,0.1875,0.3541666666666667,0.4583333333333333
20250312-W-Indian_Wells-R16-Qinwen_Zheng-Marta_Kostyuk,Qinwen Zheng,0.275,0.375,0.35
20250312-W-Indian_Wells-R16-Qinwen_Zheng-Marta_Kostyuk,Marta Kostyuk,0.21951219512195122,0.3170731707317073,0.4634146341463415
20250312-W-Indian_Wells-R16-Jasmine_Paolini-Liudmila_Samsonova,Jasmine Paolini,0.2222222222222222,0.3333333333333333,0.4444444444444444
20250312-W-Indian_Wells-R16-Jasmine_Paolini-Liudmila_Samsonova,Liudmila Samsonova,0.44680851063829785,0.2553191489361702,0.2978723404255319
20250312-W-Indian_Wells-R16-Coco_Gauff-Belinda_Bencic,Coco Gauff,0.4153846153846154,0.2153846153846154,0.36923076923076925
20250312-W-Indian_Wells-R16-Coco_Gauff-Belinda_Bencic,Belinda Bencic,0.3442622950819672,0.22950819672131148,0.4262295081967213
20250311-W-Indian_Wells-R16-Karolina_Muchova-Iga_Swiatek,Karolina Muchova,0.24242424242424243,0.06060606060606061,0.696969696969697
20250311-W-Indian_Wells-R16-Karolina_Muchova-Iga_Swiatek,Iga Swiatek,0.4583333333333333,0.20833333333333334,0.3333333333333333
20250311-W-Indian_Wells-R16-Elena_Rybakina-Mirra_Andreeva,Elena Rybakina,0.10256410256410256,0.3076923076923077,0.5897435897435898
20250311-W-Indian_Wells-R16-Elena_Rybakina-Mirra_Andreeva,Mirra Andreeva,0.4594594594594595,0.16216216216216217,0.3783783783783784
20250310-W-Indian_Wells-R32-Liudmila_Samsonova-Daria_Kasatkina,Liudmila Samsonova,0.3563218390804598,0.1724137931034483,0.47126436781609193
20250310-W-Indian_Wells-R32-Liudmila_Samsonova-Daria_Kasatkina,Daria Kasatkina,0.46153846153846156,0.11538461538461539,0.4230769230769231
20250310-W-Indian_Wells-R32-Diana_Shnaider-Belinda_Bencic,Diana Shnaider,0.3389830508474576,0.1864406779661017,0.4745762711864407
20250310-W-Indian_Wells-R32-Diana_Shnaider-Belinda_Bencic,Belinda Bencic,0.4634146341463415,0.24390243902439024,0.2926829268292683
20250310-W-Indian_Wells-R32-Coco_Gauff-Maria_Sakkari,Coco Gauff,0.2631578947368421,0.2631578947368421,0.47368421052631576
20250310-W-Indian_Wells-R32-Coco_Gauff-Maria_Sakkari,Maria Sakkari,0.20689655172413793,0.1724137931034483,0.6206896551724138
20250309-W-Indian_Wells-R32-Marta_Kostyuk-Caroline_Dolehide,Marta Kostyuk,0.4791666666666667,0.20833333333333334,0.3125
20250309-W-Indian_Wells-R32-Marta_Kostyuk-Caroline_Dolehide,Caroline Dolehide,0.16666666666666666,0.31666666666666665,0.5166666666666667
20250309-W-Indian_Wells-R32-Dayana_Yastremska-Iga_Swiatek,Dayana Yastremska,0.23809523809523808,0.09523809523809523,0.6666666666666666
20250309-W-Indian_Wells-R32-Dayana_Yastremska-Iga_Swiatek,Iga Swiatek,0.34375,0.15625,0.5
20250309-W-Indian_Wells-R32-Clara_Tauson-Mirra_Andreeva,Clara Tauson,0.22727272727272727,0.11363636363636363,0.6590909090909091
20250309-W-Indian_Wells-R32-Clara_Tauson-Mirra_Andreeva,Mirra Andreeva,0.5384615384615384,0.07692307692307693,0.38461538461538464
20250308-W-Indian_Wells-R64-Qinwen_Zheng-Victoria_Azarenka,Qinwen Zheng,0.3888888888888889,0.2777777777777778,0.3333333333333333
20250308-W-Indian_Wells-R64-Qinwen_Zheng-Victoria_Azarenka,Victoria Azarenka,0.27586206896551724,0.3793103448275862,0.3448275862068966
20250308-W-Indian_Wells-R64-Coco_Gauff-Moyuka_Uchijima,Coco Gauff,0.3402061855670103,0.2268041237113402,0.4329896907216495
20250308-W-Indian_Wells-R64-Coco_Gauff-Moyuka_Uchijima,Moyuka Uchijima,0.3424657534246575,0.1232876712328767,0.5342465753424658
20250308-W-Indian_Wells-R64-Aryna_Sabalenka-Mccartney_Kessler,Aryna Sabalenka,0.3728813559322034,0.22033898305084745,0.4067796610169492
20250308-W-Indian_Wells-R64-Aryna_Sabalenka-Mccartney_Kessler,Mccartney Kessler,0.25,0.2222222222222222,0.5277777777777778
20250308-W-Indian_Wells-R64-Anastasia_Potapova-Madison_Keys,Anastasia Potapova,0.16666666666666666,0.23333333333333334,0.6
20250308-W-Indian_Wells-R64-Anastasia_Potapova-Madison_Keys,Madison Keys,0.5869565217391305,0.2391304347826087,0.17391304347826086
20250308-W-Indian_Wells-R64-Alycia_Parks-Diana_Shnaider,Alycia Parks,0.16666666666666666,0.11904761904761904,0.7142857142857143
20250308-W-Indian_Wells-R64-Alycia_Parks-Diana_Shnaider,Diana Shnaider,0.2857142857142857,0.14285714285714285,0.5714285714285714
20250307-W-Indian_Wells-R64-Varvara_Gracheva-Mirra_Andreeva,Varvara Gracheva,0.25757575757575757,0.18181818181818182,0.5606060606060606
20250307-W-Indian_Wells-R64-Varvara_Gracheva-Mirra_Andreeva,Mirra Andreeva,0.29411764705882354,0.17647058823529413,0.5294117647058824
20250307-W-Indian_Wells-R64-Marta_Kostyuk-Robin_Montgomery,Marta Kostyuk,0.3548387096774194,0.12903225806451613,0.5161290322580645
20250307-W-Indian_Wells-R64-Marta_Kostyuk-Robin_Montgomery,Robin Montgomery,0.08333333333333333,0.16666666666666666,0.75
20250307-W-Indian_Wells-R64-Magda_Linette-Jessica_Pegula,Magda Linette,0.19148936170212766,0.2553191489361702,0.5531914893617021
20250307-W-Indian_Wells-R64-Magda_Linette-Jessica_Pegula,Jessica Pegula,0.35294117647058826,0.3235294117647059,0.3235294117647059
20250307-W-Indian_Wells-R64-Eva_Lys-Caroline_Dolehide,Eva Lys,0.37209302325581395,0.09302325581395349,0.5348837209302325
20250307-W-Indian_Wells-R64-Eva_Lys-Caroline_Dolehide,Caroline Dolehide,0.13559322033898305,0.3050847457627119,0.559322033898305
20250307-W-Indian_Wells-R64-Caroline_Garcia-Iga_Swiatek,Caroline Garcia,0.14814814814814814,0.14814814814814814,0.7037037037037037
20250307-W-Indian_Wells-R64-Caroline_Garcia-Iga_Swiatek,Iga Swiatek,0.3783783783783784,0.2702702702702703,0.35135135135135137
20250307-W-Indian_Wells-R64-Ashlyn_Krueger-Elina_Svitolina,Ashlyn Krueger,0.3026315789473684,0.13157894736842105,0.5657894736842105
20250307-W-Indian_Wells-R64-Ashlyn_Krueger-Elina_Svitolina,Elina Svitolina,0.29850746268656714,0.208955223880597,0.4925373134328358
20250306-W-Indian_Wells-R128-Moyuka_Uchijima-Emma_Raducanu,Moyuka Uchijima,0.4090909090909091,0.11363636363636363,0.4318181818181818
20250306-W-Indian_Wells-R128-Moyuka_Uchijima-Emma_Raducanu,Emma Raducanu,0.2765957446808511,0.10638297872340426,0.6170212765957447
20250306-W-Indian_Wells-R128-Anna_Blinkova-Mccartney_Kessler,Anna Blinkova,0.09523809523809523,0.3333333333333333,0.5714285714285714
20250306-W-Indian_Wells-R128-Anna_Blinkova-Mccartney_Kessler,Mccartney Kessler,0.33962264150943394,0.3584905660377358,0.3018867924528302
20250306-W-Indian_Wells-R128-Alycia_Parks-Anna_Kalinskaya,Alycia Parks,0.423728813559322,0.22033898305084745,0.3559322033898305
20250306-W-Indian_Wells-R128-Alycia_Parks-Anna_Kalinskaya,Anna Kalinskaya,0.2,0.225,0.575
20250305-W-Indian_Wells-R128-Magda_Linette-Peyton_Stearns,Magda Linette,0.2923076923076923,0.3384615384615385,0.36923076923076925
20250305-W-Indian_Wells-R128-Magda_Linette-Peyton_Stearns,Peyton Stearns,0.2857142857142857,0.30158730158730157,0.4126984126984127
20250305-W-Indian_Wells-R128-Kamilla_Rakhimova-Caroline_Dolehide,Kamilla Rakhimova,0.4,0.12727272727272726,0.4727272727272727
20250305-W-Indian_Wells-R128-Kamilla_Rakhimova-Caroline_Dolehide,Caroline Dolehide,0.35555555555555557,0.17777777777777778,0.4666666666666667
20250305-W-Indian_Wells-R128-Jule_Niemeier-Robin_Montgomery,Jule Niemeier,0.14666666666666667,0.24,0.6133333333333333
20250305-W-Indian_Wells-R128-Jule_Niemeier-Robin_Montgomery,Robin Montgomery,0.21052631578947367,0.19298245614035087,0.5964912280701754
20250302-W-Merida-F-Emma_Navarro-Emiliana_Arango,Emma Navarro,0.47368421052631576,0.34210526315789475,0.15789473684210525
20250302-W-Merida-F-Emma_Navarro-Emiliana_Arango,Emiliana Arango,0.2608695652173913,0.17391304347826086,0.5652173913043478
20250301-W-Merida-SF-Emma_Navarro-Elina_Avanesyan,Emma Navarro,0.31666666666666665,0.36666666666666664,0.31666666666666665
20250301-W-Merida-SF-Emma_Navarro-Elina_Avanesyan,Elina Avanesyan,0.19444444444444445,0.2777777777777778,0.5277777777777778
20250228-W-Merida-QF-Emma_Navarro-Zeynep_Sonmez,Emma Navarro,0.17073170731707318,0.4146341463414634,0.4146341463414634
20250228-W-Merida-QF-Emma_Navarro-Zeynep_Sonmez,Zeynep Sonmez,0.22916666666666666,0.25,0.5208333333333334
20250226-W-Merida-R16-Paula_Badosa-Jaqueline_Cristian,Paula Badosa,0.42857142857142855,0.2857142857142857,0.25
20250226-W-Merida-R16-Paula_Badosa-Jaqueline_Cristian,Jaqueline Cristian,0.3333333333333333,0.1111111111111111,0.5555555555555556
20250222-W-Dubai-F-Clara_Tauson-Mirra_Andreeva,Clara Tauson,0.30357142857142855,0.21428571428571427,0.48214285714285715
20250222-W-Dubai-F-Clara_Tauson-Mirra_Andreeva,Mirra Andreeva,0.4583333333333333,0.16666666666666666,0.375
20250221-W-Dubai-SF-Karolina_Muchova-Clara_Tauson,Karolina Muchova,0.5526315789473685,0.06578947368421052,0.3815789473684211
20250221-W-Dubai-SF-Karolina_Muchova-Clara_Tauson,Clara Tauson,0.38372093023255816,0.2441860465116279,0.37209302325581395
20250221-W-Dubai-SF-Elena_Rybakina-Mirra_Andreeva,Elena Rybakina,0.26666666666666666,0.28888888888888886,0.4444444444444444
20250221-W-Dubai-SF-Elena_Rybakina-Mirra_Andreeva,Mirra Andreeva,0.4426229508196721,0.18032786885245902,0.3770491803278688
20250220-W-Dubai-QF-Iga_Swiatek-Mirra_Andreeva,Iga Swiatek,0.3770491803278688,0.09836065573770492,0.5245901639344263
20250220-W-Dubai-QF-Iga_Swiatek-Mirra_Andreeva,Mirra Andreeva,0.4864864864864865,0.16216216216216217,0.35135135135135137
20250220-W-Dubai-QF-Elena_Rybakina-Sofia_Kenin,Elena Rybakina,0.5714285714285714,0.10204081632653061,0.32653061224489793
20250220-W-Dubai-QF-Elena_Rybakina-Sofia_Kenin,Sofia Kenin,0.42,0.18,0.4
20250220-W-Dubai-QF-Clara_Tauson-Linda_Noskova,Clara Tauson,0.48936170212765956,0.1276595744680851,0.3829787234042553
20250220-W-Dubai-QF-Clara_Tauson-Linda_Noskova,Linda Noskova,0.4262295081967213,0.18032786885245902,0.39344262295081966
20250219-W-Dubai-R32-Mirra_Andreeva-Marketa_Vondrousova,Mirra Andreeva,0.5238095238095238,0.09523809523809523,0.38095238095238093
20250219-W-Dubai-R32-Mirra_Andreeva-Marketa_Vondrousova,Marketa Vondrousova,0.2972972972972973,0.1891891891891892,0.5135135135135135
20250219-W-Dubai-R16-Peyton_Stearns-Mirra_Andreeva,Peyton Stearns,0.25,0.16666666666666666,0.5833333333333334
20250219-W-Dubai-R16-Peyton_Stearns-Mirra_Andreeva,Mirra Andreeva,0.3695652173913043,0.32608695652173914,0.30434782608695654
20250219-W-Dubai-R16-Aryna_Sabalenka-Clara_Tauson,Aryna Sabalenka,0.48717948717948717,0.10256410256410256,0.41025641025641024
20250219-W-Dubai-R16-Aryna_Sabalenka-Clara_Tauson,Clara Tauson,0.425531914893617,0.3191489361702128,0.2553191489361702
20250218-W-Dubai-R32-Marta_Kostyuk-Sofia_Kenin,Marta Kostyuk,0.43617021276595747,0.0851063829787234,0.4787234042553192
20250218-W-Dubai-R32-Marta_Kostyuk-Sofia_Kenin,Sofia Kenin,0.2857142857142857,0.21428571428571427,0.5
20250217-W-Dubai-R64-Elina_Avanesyan-Mirra_Andreeva,Elina Avanesyan,0.22916666666666666,0.1875,0.5833333333333334
20250217-W-Dubai-R64-Elina_Avanesyan-Mirra_Andreeva,Mirra Andreeva,0.4230769230769231,0.34615384615384615,0.23076923076923078
20250216-W-Dubai-R64-Caroline_Garcia-Marketa_Vondrousova,Caroline Garcia,0.42105263157894735,0.10526315789473684,0.47368421052631576
20250216-W-Dubai-R64-Caroline_Garcia-Marketa_Vondrousova,Marketa Vondrousova,0.4583333333333333,0.4583333333333333,0.08333333333333333
20250216-W-Dubai-R64-Alycia_Parks-Xin_Yu_Wang,Alycia Parks,0.375,0.25,0.375
20250216-W-Dubai-R64-Alycia_Parks-Xin_Yu_Wang,Xin Yu Wang,0.2777777777777778,0.1111111111111111,0.6111111111111112
20250215-W-Doha-F-Jelena_Ostapenko-Amanda_Anisimova,Jelena Ostapenko,0.3902439024390244,0.36585365853658536,0.24390243902439024
20250215-W-Doha-F-Jelena_Ostapenko-Amanda_Anisimova,Amanda Anisimova,0.6046511627906976,0.18604651162790697,0.20930232558139536
20250214-W-Doha-SF-Ekaterina_Alexandrova-Amanda_Anisimova,Ekaterina Alexandrova,0.2222222222222222,0.4444444444444444,0.3333333333333333
20250214-W-Doha-SF-Ekaterina_Alexandrova-Amanda_Anisimova,Amanda Anisimova,0.40384615384615385,0.2692307692307692,0.3269230769230769
20250213-W-Doha-QF-Marta_Kostyuk-Amanda_Anisimova,Marta Kostyuk,0.3870967741935484,0.12903225806451613,0.4838709677419355
20250213-W-Doha-QF-Marta_Kostyuk-Amanda_Anisimova,Amanda Anisimova,0.3482142857142857,0.20535714285714285,0.44642857142857145
20250213-W-Doha-QF-Iga_Swiatek-Elena_Rybakina,Iga Swiatek,0.45454545454545453,0.20454545454545456,0.3409090909090909
20250213-W-Doha-QF-Iga_Swiatek-Elena_Rybakina,Elena Rybakina,0.29310344827586204,0.1724137931034483,0.5344827586206896
20250212-W-Doha-R16-Marta_Kostyuk-Magda_Linette,Marta Kostyuk,0.375,0.203125,0.421875
20250212-W-Doha-R16-Marta_Kostyuk-Magda_Linette,Magda Linette,0.24489795918367346,0.24489795918367346,0.5102040816326531
20250212-W-Doha-R16-Elena_Rybakina-Rebecca_Sramkova,Elena Rybakina,0.49056603773584906,0.24528301886792453,0.2641509433962264
20250212-W-Doha-R16-Elena_Rybakina-Rebecca_Sramkova,Rebecca Sramkova,0.3902439024390244,0.24390243902439024,0.36585365853658536
20250212-W-Doha-R16-Ekaterina_Alexandrova-Elise_Mertens,Ekaterina Alexandrova,0.32432432432432434,0.4864864864864865,0.1891891891891892
20250212-W-Doha-R16-Ekaterina_Alexandrova-Elise_Mertens,Elise Mertens,0.3333333333333333,0.3,0.36666666666666664
20250212-W-Doha-R16-Daria_Kasatkina-Jessica_Pegula,Daria Kasatkina,0.391304347826087,0.21739130434782608,0.391304347826087
20250212-W-Doha-R16-Daria_Kasatkina-Jessica_Pegula,Jessica Pegula,0.4050632911392405,0.26582278481012656,0.3291139240506329
20250212-W-Doha-R16-Amanda_Anisimova-Leylah_Fernandez,Amanda Anisimova,0.2894736842105263,0.34210526315789475,0.3684210526315789
20250212-W-Doha-R16-Amanda_Anisimova-Leylah_Fernandez,Leylah Fernandez,0.28,0.12,0.6
20250211-W-Doha-R32-Mirra_Andreeva-Rebecca_Sramkova,Mirra Andreeva,0.34782608695652173,0.18840579710144928,0.463768115942029
20250211-W-Doha-R32-Mirra_Andreeva-Rebecca_Sramkova,Rebecca Sramkova,0.37333333333333335,0.28,0.3466666666666667
20250211-W-Doha-R32-Marta_Kostyuk-Coco_Gauff,Marta Kostyuk,0.2777777777777778,0.2777777777777778,0.4444444444444444
20250211-W-Doha-R32-Marta_Kostyuk-Coco_Gauff,Coco Gauff,0.18604651162790697,0.23255813953488372,0.5813953488372093
20250211-W-Doha-R32-Magda_Linette-Magdalena_Frech,Magda Linette,0.35398230088495575,0.26548672566371684,0.3805309734513274
20250211-W-Doha-R32-Magda_Linette-Magdalena_Frech,Magdalena Frech,0.36,0.29333333333333333,0.3466666666666667
20250211-W-Doha-R32-Jessica_Pegula-Elina_Svitolina,Jessica Pegula,0.43529411764705883,0.18823529411764706,0.3764705882352941
20250211-W-Doha-R32-Jessica_Pegula-Elina_Svitolina,Elina Svitolina,0.2878787878787879,0.25757575757575757,0.45454545454545453
20250211-W-Doha-R32-Elina_Avanesyan-Daria_Kasatkina,Elina Avanesyan,0.3333333333333333,0.20833333333333334,0.4583333333333333
20250211-W-Doha-R32-Elina_Avanesyan-Daria_Kasatkina,Daria Kasatkina,0.3617021276595745,0.3191489361702128,0.3191489361702128
20250211-W-Doha-R32-Elena_Rybakina-Peyton_Stearns,Elena Rybakina,0.46296296296296297,0.2037037037037037,0.3333333333333333
20250211-W-Doha-R32-Elena_Rybakina-Peyton_Stearns,Peyton Stearns,0.3235294117647059,0.23529411764705882,0.4411764705882353
20250211-W-Doha-R32-Alycia_Parks-Sofia_Kenin,Alycia Parks,0.2976190476190476,0.2857142857142857,0.4166666666666667
20250211-W-Doha-R32-Alycia_Parks-Sofia_Kenin,Sofia Kenin,0.30612244897959184,0.22448979591836735,0.46938775510204084
20250210-W-Doha-R64-Veronika_Kudermetova-Magda_Linette,Veronika Kudermetova,0.38202247191011235,0.21348314606741572,0.4044943820224719
20250210-W-Doha-R64-Veronika_Kudermetova-Magda_Linette,Magda Linette,0.47619047619047616,0.2619047619047619,0.2619047619047619
20250210-W-Doha-R64-Elina_Svitolina-Marketa_Vondrousova,Elina Svitolina,0.3150684931506849,0.2602739726027397,0.4246575342465753
20250210-W-Doha-R64-Elina_Svitolina-Marketa_Vondrousova,Marketa Vondrousova,0.3898305084745763,0.13559322033898305,0.4745762711864407
20250210-W-Doha-R64-Donna_Vekic-Linda_Noskova,Donna Vekic,0.2962962962962963,0.2962962962962963,0.4074074074074074
20250210-W-Doha-R64-Donna_Vekic-Linda_Noskova,Linda Noskova,0.4857142857142857,0.2,0.3142857142857143
20250210-W-Doha-R64-Ashlyn_Krueger-Sofia_Kenin,Ashlyn Krueger,0.41935483870967744,0.25806451612903225,0.3225806451612903
20250210-W-Doha-R64-Ashlyn_Krueger-Sofia_Kenin,Sofia Kenin,0.5227272727272727,0.29545454545454547,0.18181818181818182
20250210-W-Doha-R32-Leylah_Fernandez-Emma_Navarro,Leylah Fernandez,0.4722222222222222,0.19444444444444445,0.3333333333333333
20250210-W-Doha-R32-Leylah_Fernandez-Emma_Navarro,Emma Navarro,0.30303030303030304,0.18181818181818182,0.5151515151515151
20250210-W-Doha-R32-Iga_Swiatek-Maria_Sakkari,Iga Swiatek,0.34210526315789475,0.21052631578947367,0.4473684210526316
20250210-W-Doha-R32-Iga_Swiatek-Maria_Sakkari,Maria Sakkari,0.24489795918367346,0.12244897959183673,0.6326530612244898
20250209-W-Mumbai-F-Jil_Teichmann-Mananchaya_Sawangkaew,Jil Teichmann,0.28,0.32,0.4
20250209-W-Mumbai-F-Jil_Teichmann-Mananchaya_Sawangkaew,Mananchaya Sawangkaew,0.3333333333333333,0.18181818181818182,0.48484848484848486
20250209-W-Doha-R64-Mirra_Andreeva-Katie_Volynets,Mirra Andreeva,0.36363636363636365,0.22727272727272727,0.4090909090909091
20250209-W-Doha-R64-Mirra_Andreeva-Katie_Volynets,Katie Volynets,0.2602739726027397,0.273972602739726,0.4657534246575342
20250209-W-Doha-R64-Marta_Kostyuk-Zeynep_Sonmez,Marta Kostyuk,0.29508196721311475,0.26229508196721313,0.4426229508196721
20250209-W-Doha-R64-Marta_Kostyuk-Zeynep_Sonmez,Zeynep Sonmez,0.25925925925925924,0.2222222222222222,0.5185185185185185
20250209-W-Doha-R64-Lulu_Sun-Liudmila_Samsonova,Lulu Sun,0.24,0.24,0.52
20250209-W-Doha-R64-Lulu_Sun-Liudmila_Samsonova,Liudmila Samsonova,0.2909090909090909,0.2727272727272727,0.43636363636363634
20250209-W-Doha-R64-Elina_Avanesyan-Xin_Yu_Wang,Elina Avanesyan,0.2988505747126437,0.26436781609195403,0.4367816091954023
20250209-W-Doha-R64-Elina_Avanesyan-Xin_Yu_Wang,Xin Yu Wang,0.37168141592920356,0.23008849557522124,0.39823008849557523
20250209-W-Doha-R64-Ekaterina_Alexandrova-Emma_Raducanu,Ekaterina Alexandrova,0.40350877192982454,0.17543859649122806,0.42105263157894735
20250209-W-Doha-R64-Ekaterina_Alexandrova-Emma_Raducanu,Emma Raducanu,0.2727272727272727,0.20454545454545456,0.5227272727272727
20250209-W-Doha-R64-Beatriz_Haddad_Maia-Magdalena_Frech,Beatriz Haddad Maia,0.36633663366336633,0.13861386138613863,0.49504950495049505
20250209-W-Doha-R64-Beatriz_Haddad_Maia-Magdalena_Frech,Magdalena Frech,0.2830188679245283,0.2830188679245283,0.4339622641509434
20250209-W-Doha-R64-Amanda_Anisimova-Victoria_Azarenka,Amanda Anisimova,0.5161290322580645,0.12903225806451613,0.3548387096774194
20250209-W-Doha-R64-Amanda_Anisimova-Victoria_Azarenka,Victoria Azarenka,0.14285714285714285,0.37142857142857144,0.4857142857142857
20250209-W-Doha-R64-Alycia_Parks-Diana_Shnaider,Alycia Parks,0.34375,0.21875,0.4375
20250209-W-Doha-R64-Alycia_Parks-Diana_Shnaider,Diana Shnaider,0.13793103448275862,0.3793103448275862,0.4827586206896552
20250208-W-Doha-Q2-Alycia_Parks-Polina_Kudermetova,Alycia Parks,0.3333333333333333,0.2619047619047619,0.40476190476190477
20250208-W-Doha-Q2-Alycia_Parks-Polina_Kudermetova,Polina Kudermetova,0.13043478260869565,0.34782608695652173,0.5217391304347826
20250208-W-Abu_Dhabi-F-Ashlyn_Krueger-Belinda_Bencic,Ashlyn Krueger,0.39080459770114945,0.1724137931034483,0.41379310344827586
20250208-W-Abu_Dhabi-F-Ashlyn_Krueger-Belinda_Bencic,Belinda Bencic,0.48214285714285715,0.25,0.25
20250207-W-Abu_Dhabi-SF-Ashlyn_Krueger-Linda_Noskova,Ashlyn Krueger,0.3333333333333333,0.3125,0.3333333333333333
20250207-W-Abu_Dhabi-SF-Ashlyn_Krueger-Linda_Noskova,Linda Noskova,0.42857142857142855,0.20408163265306123,0.3673469387755102
20250206-W-Abu_Dhabi-QF-Magda_Linette-Linda_Noskova,Magda Linette,0.25,0.40625,0.34375
20250206-W-Abu_Dhabi-QF-Magda_Linette-Linda_Noskova,Linda Noskova,0.3695652173913043,0.34782608695652173,0.2826086956521739
20250205-W-Abu_Dhabi-R16-Paula_Badosa-Linda_Noskova,Paula Badosa,0.30434782608695654,0.43478260869565216,0.2608695652173913
20250205-W-Abu_Dhabi-R16-Paula_Badosa-Linda_Noskova,Linda Noskova,0.5555555555555556,0.24444444444444444,0.2
20250204-W-Cluj_Napoca-R32-Alycia_Parks-Olga_Danilovic,Alycia Parks,0.2545454545454545,0.21818181818181817,0.5272727272727272
20250204-W-Cluj_Napoca-R32-Alycia_Parks-Olga_Danilovic,Olga Danilovic,0.17391304347826086,0.30434782608695654,0.5217391304347826
20250203-W-Abu_Dhabi-R32-Yue_Yuan-Wakana_Sonobe,Yue Yuan,0.2926829268292683,0.14634146341463414,0.5609756097560976
20250203-W-Abu_Dhabi-R32-Yue_Yuan-Wakana_Sonobe,Wakana Sonobe,0.49206349206349204,0.15873015873015872,0.3492063492063492
20250201-W-Linz-SF-Karolina_Muchova-Ekaterina_Alexandrova,Karolina Muchova,0.35,0.35,0.3
20250201-W-Linz-SF-Karolina_Muchova-Ekaterina_Alexandrova,Ekaterina Alexandrova,0.4222222222222222,0.37777777777777777,0.2
20250131-W-Linz-QF-Clara_Tauson-Anna_Blinkova,Clara Tauson,0.46875,0.203125,0.328125
20250131-W-Linz-QF-Clara_Tauson-Anna_Blinkova,Anna Blinkova,0.37209302325581395,0.2558139534883721,0.37209302325581395
20250130-W-Linz-R16-Karolina_Muchova-Sara_Sorribes_Tormo,Karolina Muchova,0.4305555555555556,0.2361111111111111,0.3333333333333333
20250130-W-Linz-R16-Karolina_Muchova-Sara_Sorribes_Tormo,Sara Sorribes Tormo,0.4117647058823529,0.29411764705882354,0.29411764705882354
20250129-W-Linz-R32-Elina_Avanesyan-Katerina_Siniakova,Elina Avanesyan,0.4166666666666667,0.25,0.3333333333333333
20250129-W-Linz-R32-Elina_Avanesyan-Katerina_Siniakova,Katerina Siniakova,0.3695652173913043,0.08695652173913043,0.5434782608695652
20250129-W-Linz-R16-Sorana_Cirstea-Clara_Tauson,Sorana Cirstea,0.5,0.11904761904761904,0.38095238095238093
20250129-W-Linz-R16-Sorana_Cirstea-Clara_Tauson,Clara Tauson,0.5116279069767442,0.3023255813953488,0.18604651162790697
20250128-W-Linz-R32-Clara_Tauson-Anhelina_Kalinina,Clara Tauson,0.5263157894736842,0.23684210526315788,0.23684210526315788
20250128-W-Linz-R32-Clara_Tauson-Anhelina_Kalinina,Anhelina Kalinina,0.42105263157894735,0.15789473684210525,0.42105263157894735
20250124-W-Australian_Open_Juniors-F-Kristina_Penickova-Wakana_Sonobe,Kristina Penickova,0.2,0.32,0.48
20250124-W-Australian_Open_Juniors-F-Kristina_Penickova-Wakana_Sonobe,Wakana Sonobe,0.35714285714285715,0.39285714285714285,0.25
20250123-W-Australian_Open-SF-Iga_Swiatek-Madison_Keys,Iga Swiatek,0.2597402597402597,0.2987012987012987,0.44155844155844154
20250123-W-Australian_Open-SF-Iga_Swiatek-Madison_Keys,Madison Keys,0.3333333333333333,0.25,0.4166666666666667
20250122-W-Australian_Open-QF-Emma_Navarro-Iga_Swiatek,Emma Navarro,0.30952380952380953,0.09523809523809523,0.5952380952380952
20250122-W-Australian_Open-QF-Emma_Navarro-Iga_Swiatek,Iga Swiatek,0.35714285714285715,0.2857142857142857,0.35714285714285715
20250122-W-Australian_Open-QF-Elina_Svitolina-Madison_Keys,Elina Svitolina,0.41025641025641024,0.2564102564102564,0.3333333333333333
20250122-W-Australian_Open-QF-Elina_Svitolina-Madison_Keys,Madison Keys,0.4827586206896552,0.19540229885057472,0.3218390804597701
20250120-W-Australian_Open-R16-Iga_Swiatek-Eva_Lys,Iga Swiatek,0.5,0.1956521739130435,0.30434782608695654
20250120-W-Australian_Open-R16-Iga_Swiatek-Eva_Lys,Eva Lys,0.28,0.16,0.56
20250119-W-Australian_Open-R16-Coco_Gauff-Belinda_Bencic,Coco Gauff,0.3780487804878049,0.2073170731707317,0.4146341463414634
20250119-W-Australian_Open-R16-Coco_Gauff-Belinda_Bencic,Belinda Bencic,0.2553191489361702,0.2553191489361702,0.48936170212765956
20250118-W-Australian_Open-R32-Iga_Swiatek-Emma_Raducanu,Iga Swiatek,0.5675675675675675,0.16216216216216217,0.2702702702702703
20250118-W-Australian_Open-R32-Iga_Swiatek-Emma_Raducanu,Emma Raducanu,0.25806451612903225,0.0967741935483871,0.6451612903225806
20250118-W-Australian_Open-R32-Eva_Lys-Jaqueline_Cristian,Eva Lys,0.3707865168539326,0.19101123595505617,0.43820224719101125
20250118-W-Australian_Open-R32-Eva_Lys-Jaqueline_Cristian,Jaqueline Cristian,0.2,0.25,0.55
20250118-W-Australian_Open-R32-Danielle_Collins-Madison_Keys,Danielle Collins,0.2727272727272727,0.42424242424242425,0.30303030303030304
20250118-W-Australian_Open-R32-Danielle_Collins-Madison_Keys,Madison Keys,0.4444444444444444,0.25,0.3055555555555556
20250118-W-Australian_Open-R16-Paula_Badosa-Olga_Danilovic,Paula Badosa,0.35135135135135137,0.3783783783783784,0.2702702702702703
20250118-W-Australian_Open-R16-Paula_Badosa-Olga_Danilovic,Olga Danilovic,0.35714285714285715,0.2857142857142857,0.35714285714285715
20250117-W-Australian_Open-R32-Paula_Badosa-Marta_Kostyuk,Paula Badosa,0.26804123711340205,0.24742268041237114,0.4845360824742268
20250117-W-Australian_Open-R32-Paula_Badosa-Marta_Kostyuk,Marta Kostyuk,0.3918918918918919,0.14864864864864866,0.4594594594594595
20250117-W-Australian_Open-R32-Mirra_Andreeva-Magdalena_Frech,Mirra Andreeva,0.36904761904761907,0.10714285714285714,0.5238095238095238
20250117-W-Australian_Open-R32-Mirra_Andreeva-Magdalena_Frech,Magdalena Frech,0.2127659574468085,0.14893617021276595,0.6382978723404256
20250117-W-Australian_Open-R32-Leylah_Fernandez-Coco_Gauff,Leylah Fernandez,0.1935483870967742,0.1935483870967742,0.6129032258064516
20250117-W-Australian_Open-R32-Leylah_Fernandez-Coco_Gauff,Coco Gauff,0.26666666666666666,0.28888888888888886,0.4444444444444444
20250117-W-Australian_Open-R32-Diana_Shnaider-Donna_Vekic,Diana Shnaider,0.3854166666666667,0.20833333333333334,0.40625
20250117-W-Australian_Open-R32-Diana_Shnaider-Donna_Vekic,Donna Vekic,0.3333333333333333,0.2413793103448276,0.42528735632183906
20250116-W-Australian_Open-R64-Iga_Swiatek-Rebecca_Sramkova,Iga Swiatek,0.43333333333333335,0.2,0.36666666666666664
20250116-W-Australian_Open-R64-Iga_Swiatek-Rebecca_Sramkova,Rebecca Sramkova,0.10344827586206896,0.1724137931034483,0.7241379310344828
20250116-W-Australian_Open-R64-Elena_Rybakina-Iva_Jovic,Elena Rybakina,0.4074074074074074,0.3148148148148148,0.2777777777777778
20250116-W-Australian_Open-R64-Elena_Rybakina-Iva_Jovic,Iva Jovic,0.2702702702702703,0.2702702702702703,0.4594594594594595
20250116-W-Australian_Open-R64-Daria_Kasatkina-Yafan_Wang,Daria Kasatkina,0.2413793103448276,0.2413793103448276,0.5172413793103449
20250116-W-Australian_Open-R64-Daria_Kasatkina-Yafan_Wang,Yafan Wang,0.19642857142857142,0.17857142857142858,0.625
20250116-W-Australian_Open-R32-Aryna_Sabalenka-Clara_Tauson,Aryna Sabalenka,0.5342465753424658,0.2191780821917808,0.2465753424657534
20250116-W-Australian_Open-R32-Aryna_Sabalenka-Clara_Tauson,Clara Tauson,0.32786885245901637,0.2786885245901639,0.39344262295081966
20250115-W-Australian_Open-R64-Paula_Badosa-Talia_Gibson,Paula Badosa,0.32142857142857145,0.4642857142857143,0.21428571428571427
20250115-W-Australian_Open-R64-Paula_Badosa-Talia_Gibson,Talia Gibson,0.1111111111111111,0.3333333333333333,0.5555555555555556
20250115-W-Australian_Open-R64-Moyuka_Uchijima-Mirra_Andreeva,Moyuka Uchijima,0.40350877192982454,0.24561403508771928,0.3508771929824561
20250115-W-Australian_Open-R64-Moyuka_Uchijima-Mirra_Andreeva,Mirra Andreeva,0.3,0.23,0.47
20250115-W-Australian_Open-R64-Coco_Gauff-Jodie_Burrage,Coco Gauff,0.3,0.4,0.3
20250115-W-Australian_Open-R64-Coco_Gauff-Jodie_Burrage,Jodie Burrage,0.24193548387096775,0.24193548387096775,0.5161290322580645
20250114-W-Australian_Open-R64-Liudmila_Samsonova-Olga_Danilovic,Liudmila Samsonova,0.16666666666666666,0.3333333333333333,0.5
20250114-W-Australian_Open-R64-Liudmila_Samsonova-Olga_Danilovic,Olga Danilovic,0.2413793103448276,0.5172413793103449,0.2413793103448276
20250114-W-Australian_Open-R128-Olivia_Gadecki-Veronika_Kudermetova,Olivia Gadecki,0.25925925925925924,0.18518518518518517,0.5555555555555556
20250114-W-Australian_Open-R128-Olivia_Gadecki-Veronika_Kudermetova,Veronika Kudermetova,0.38461538461538464,0.3076923076923077,0.3076923076923077
20250114-W-Australian_Open-R128-Eva_Lys-Kimberly_Birrell,Eva Lys,0.4186046511627907,0.20930232558139536,0.37209302325581395
20250114-W-Australian_Open-R128-Eva_Lys-Kimberly_Birrell,Kimberly Birrell,0.1111111111111111,0.37037037037037035,0.5185185185185185
20250114-W-Australian_Open-R128-Emma_Raducanu-Ekaterina_Alexandrova,Emma Raducanu,0.28888888888888886,0.37777777777777777,0.3333333333333333
20250114-W-Australian_Open-R128-Emma_Raducanu-Ekaterina_Alexandrova,Ekaterina Alexandrova,0.4583333333333333,0.16666666666666666,0.375
20250114-W-Australian_Open-R128-Elena_Rybakina-Emerson_Jones,Elena Rybakina,0.3181818181818182,0.3181818181818182,0.36363636363636365
20250114-W-Australian_Open-R128-Elena_Rybakina-Emerson_Jones,Emerson Jones,0.2857142857142857,0.2857142857142857,0.42857142857142855
20250113-W-Australian_Open-R128-Viktoriya_Tomova-Daria_Kasatkina,Viktoriya Tomova,0.32432432432432434,0.16216216216216217,0.5135135135135135
20250113-W-Australian_Open-R128-Viktoriya_Tomova-Daria_Kasatkina,Daria Kasatkina,0.40816326530612246,0.22448979591836735,0.3673469387755102
20250113-W-Australian_Open-R128-Maya_Joint-Jessica_Pegula,Maya Joint,0.23684210526315788,0.2894736842105263,0.47368421052631576
20250113-W-Australian_Open-R128-Maya_Joint-Jessica_Pegula,Jessica Pegula,0.3055555555555556,0.5,0.19444444444444445
20250113-W-Australian_Open-R128-Marta_Kostyuk-Nao_Hibino,Marta Kostyuk,0.36666666666666664,0.08333333333333333,0.55
20250113-W-Australian_Open-R128-Marta_Kostyuk-Nao_Hibino,Nao Hibino,0.17777777777777778,0.17777777777777778,0.6444444444444445
20250113-W-Australian_Open-R128-Iga_Swiatek-Katerina_Siniakova,Iga Swiatek,0.36585365853658536,0.2926829268292683,0.34146341463414637
20250113-W-Australian_Open-R128-Iga_Swiatek-Katerina_Siniakova,Katerina Siniakova,0.3673469387755102,0.1836734693877551,0.4489795918367347
20250113-W-Australian_Open-R128-Coco_Gauff-Sofia_Kenin,Coco Gauff,0.32653061224489793,0.24489795918367346,0.42857142857142855
20250113-W-Australian_Open-R128-Coco_Gauff-Sofia_Kenin,Sofia Kenin,0.21739130434782608,0.2391304347826087,0.5434782608695652
20250112-W-Australian_Open-R128-Suzan_Lamens-Veronika_Erjavec,Suzan Lamens,0.296875,0.1875,0.515625
20250112-W-Australian_Open-R128-Suzan_Lamens-Veronika_Erjavec,Veronika Erjavec,0.2465753424657534,0.1643835616438356,0.589041095890411
20250111-W-Australian_Open-R128-Marie_Bouzkova-Mirra_Andreeva,Marie Bouzkova,0.24390243902439024,0.2682926829268293,0.4878048780487805
20250111-W-Australian_Open-R128-Marie_Bouzkova-Mirra_Andreeva,Mirra Andreeva,0.4032258064516129,0.3387096774193548,0.25806451612903225
20250110-W-Hobart-SF-Maya_Joint-Elise_Mertens,Maya Joint,0.20930232558139536,0.20930232558139536,0.5813953488372093
20250110-W-Hobart-SF-Maya_Joint-Elise_Mertens,Elise Mertens,0.23684210526315788,0.3157894736842105,0.4473684210526316
20250107-W-Hobart-R32-Olga_Danilovic-Maya_Joint,Olga Danilovic,0.2553191489361702,0.19148936170212766,0.5531914893617021
20250107-W-Hobart-R32-Olga_Danilovic-Maya_Joint,Maya Joint,0.23255813953488372,0.46511627906976744,0.3023255813953488
20250106-W-Adelaide-R32-Olivia_Gadecki-Daria_Kasatkina,Olivia Gadecki,0.3333333333333333,0.24074074074074073,0.42592592592592593
20250106-W-Adelaide-R32-Olivia_Gadecki-Daria_Kasatkina,Daria Kasatkina,0.45714285714285713,0.22857142857142856,0.3142857142857143
20250104-W-United_Cup-SF-Iga_Swiatek-Elena_Rybakina,Iga Swiatek,0.25806451612903225,0.25806451612903225,0.4838709677419355
20250104-W-United_Cup-SF-Iga_Swiatek-Elena_Rybakina,Elena Rybakina,0.26666666666666666,0.16666666666666666,0.5666666666666667
20250104-W-United_Cup-SF-Coco_Gauff-Karolina_Muchova,Coco Gauff,0.4,0.35,0.25
20250104-W-United_Cup-SF-Coco_Gauff-Karolina_Muchova,Karolina Muchova,0.46511627906976744,0.16279069767441862,0.37209302325581395
20250104-W-Auckland-SF-Clara_Tauson-Robin_Montgomery,Clara Tauson,0.2972972972972973,0.32432432432432434,0.3783783783783784
20250104-W-Auckland-SF-Clara_Tauson-Robin_Montgomery,Robin Montgomery,0.32,0.18,0.5
20250103-W-Brisbane-QF-Polina_Kudermetova-Ashlyn_Krueger,Polina Kudermetova,0.4090909090909091,0.2878787878787879,0.30303030303030304
20250103-W-Brisbane-QF-Polina_Kudermetova-Ashlyn_Krueger,Ashlyn Krueger,0.37142857142857144,0.2857142857142857,0.34285714285714286
20250103-W-Auckland-QF-Bernarda_Pera-Robin_Montgomery,Bernarda Pera,0.2,0.34285714285714286,0.45714285714285713
20250103-W-Auckland-QF-Bernarda_Pera-Robin_Montgomery,Robin Montgomery,0.25,0.375,0.375
20250102-W-United_Cup-QF-Iga_Swiatek-Katie_Boulter,Iga Swiatek,0.3611111111111111,0.1527777777777778,0.4861111111111111
20250102-W-United_Cup-QF-Iga_Swiatek-Katie_Boulter,Katie Boulter,0.3111111111111111,0.2,0.4888888888888889
20250102-W-Brisbane-R16-Mirra_Andreeva-Linda_Noskova,Mirra Andreeva,0.4594594594594595,0.32432432432432434,0.21621621621621623
20250102-W-Brisbane-R16-Mirra_Andreeva-Linda_Noskova,Linda Noskova,0.16129032258064516,0.3548387096774194,0.4838709677419355
20250102-W-Auckland-R16-Nao_Hibino-Robin_Montgomery,Nao Hibino,0.14705882352941177,0.11764705882352941,0.7352941176470589
20250102-W-Auckland-R16-Nao_Hibino-Robin_Montgomery,Robin Montgomery,0.3783783783783784,0.10810810810810811,0.5135135135135135
20250102-W-Auckland-R16-Greet_Minnen-Alycia_Parks,Greet Minnen,0.10526315789473684,0.42105263157894735,0.47368421052631576
20250102-W-Auckland-R16-Greet_Minnen-Alycia_Parks,Alycia Parks,0.43333333333333335,0.18333333333333332,0.38333333333333336
20250101-W-United_Cup-RR-Olivia_Gadecki-Katie_Boulter,Olivia Gadecki,0.15,0.45,0.4
20250101-W-United_Cup-RR-Olivia_Gadecki-Katie_Boulter,Katie Boulter,0.40540540540540543,0.40540540540540543,0.1891891891891892
20250101-W-United_Cup-RR-Iga_Swiatek-Karolina_Muchova,Iga Swiatek,0.3508771929824561,0.24561403508771928,0.40350877192982454
20250101-W-United_Cup-RR-Iga_Swiatek-Karolina_Muchova,Karolina Muchova,0.41935483870967744,0.14516129032258066,0.43548387096774194
20250101-W-Brisbane-R32-Linda_Noskova-Anca_Alexia_Todoni,Linda Noskova,0.3953488372093023,0.3953488372093023,0.20930232558139536
20250101-W-Brisbane-R32-Linda_Noskova-Anca_Alexia_Todoni,Anca Alexia Todoni,0.2692307692307692,0.2692307692307692,0.46153846153846156
20250101-W-Auckland-R16-Ann_Li-Katie_Volynets,Ann Li,0.225,0.225,0.55
20250101-W-Auckland-R16-Ann_Li-Katie_Volynets,Katie Volynets,0.20930232558139536,0.37209302325581395,0.4186046511627907
20241231-W-Auckland-R32-Mai_Hontama-Robin_Montgomery,Mai Hontama,0.22916666666666666,0.1875,0.5833333333333334
20241231-W-Auckland-R32-Mai_Hontama-Robin_Montgomery,Robin Montgomery,0.22033898305084745,0.2542372881355932,0.5254237288135594
20241231-W-Auckland-R32-Madison_Keys-Lucia_Bronzetti,Madison Keys,0.3770491803278688,0.18032786885245902,0.4426229508196721
20241231-W-Auckland-R32-Madison_Keys-Lucia_Bronzetti,Lucia Bronzetti,0.1875,0.25,0.5625
20241231-W-Auckland-R32-Alycia_Parks-Amanda_Anisimova,Alycia Parks,0.36363636363636365,0.22727272727272727,0.4090909090909091
20241231-W-Auckland-R32-Alycia_Parks-Amanda_Anisimova,Amanda Anisimova,0.21875,0.390625,0.390625
20241230-W-United_Cup-RR-Iga_Swiatek-Malene_Helgo,Iga Swiatek,0.6052631578947368,0.23684210526315788,0.15789473684210525
20241230-W-United_Cup-RR-Iga_Swiatek-Malene_Helgo,Malene Helgo,0.16666666666666666,0.2222222222222222,0.6111111111111112
20241230-W-Auckland-R32-Erika_Andreeva-Katie_Volynets,Erika Andreeva,0.30578512396694213,0.21487603305785125,0.4793388429752066
20241230-W-Auckland-R32-Erika_Andreeva-Katie_Volynets,Katie Volynets,0.30666666666666664,0.30666666666666664,0.38666666666666666
20241229-W-United_Cup-RR-Jasmine_Paolini-Belinda_Bencic,Jasmine Paolini,0.3939393939393939,0.3939393939393939,0.21212121212121213
20241229-W-United_Cup-RR-Jasmine_Paolini-Belinda_Bencic,Belinda Bencic,0.2222222222222222,0.37037037037037035,0.4074074074074074
20241228-W-United_Cup-RR-Olivia_Gadecki-Nadia_Podoroska,Olivia Gadecki,0.25,0.28846153846153844,0.46153846153846156
20241228-W-United_Cup-RR-Olivia_Gadecki-Nadia_Podoroska,Nadia Podoroska,0.2682926829268293,0.43902439024390244,0.2926829268292683
20241226-W-United_Cup-RR-Elena_Rybakina-Jessica_Bouzas_Maneiro,Elena Rybakina,0.28846153846153844,0.40384615384615385,0.3076923076923077
20241226-W-United_Cup-RR-Elena_Rybakina-Jessica_Bouzas_Maneiro,Jessica Bouzas Maneiro,0.20588235294117646,0.38235294117647056,0.4117647058823529
20241122-W-ITF_Trnava-QF-Antonia_Ruzic-Amarissa_Kiara_Toth,Antonia Ruzic,0.22448979591836735,0.3673469387755102,0.40816326530612246
20241122-W-ITF_Trnava-QF-Antonia_Ruzic-Amarissa_Kiara_Toth,Amarissa Kiara Toth,0.19148936170212766,0.19148936170212766,0.6170212765957447
20241116-W-BJK_Cup_Playoffs-RR-Suzan_Lamens-Tamara_Zidansek,Suzan Lamens,0.32142857142857145,0.2857142857142857,0.39285714285714285
20241116-W-BJK_Cup_Playoffs-RR-Suzan_Lamens-Tamara_Zidansek,Tamara Zidansek,0.390625,0.15625,0.453125
20241116-W-BJK_Cup_Playoffs-RR-Arantxa_Rus-Veronika_Erjavec,Arantxa Rus,0.21153846153846154,0.15384615384615385,0.6346153846153846
20241116-W-BJK_Cup_Playoffs-RR-Arantxa_Rus-Veronika_Erjavec,Veronika Erjavec,0.2978723404255319,0.1702127659574468,0.5319148936170213
20241115-W-BJK_Cup_Playoffs-RR-Veronika_Erjavec-Suzan_Lamens,Veronika Erjavec,0.2,0.2,0.6
20241115-W-BJK_Cup_Playoffs-RR-Veronika_Erjavec-Suzan_Lamens,Suzan Lamens,0.25,0.25,0.5
20241115-W-BJK_Cup_Playoffs-RR-Arantxa_Rus-Tamara_Zidansek,Arantxa Rus,0.24509803921568626,0.2549019607843137,0.5
20241115-W-BJK_Cup_Playoffs-RR-Arantxa_Rus-Tamara_Zidansek,Tamara Zidansek,0.17894736842105263,0.24210526315789474,0.5789473684210527
20241106-W-Riyadh_Finals-RR-Jasmine_Paolini-Qinwen_Zheng,Jasmine Paolini,0.18181818181818182,0.3939393939393939,0.42424242424242425
20241106-W-Riyadh_Finals-RR-Jasmine_Paolini-Qinwen_Zheng,Qinwen Zheng,0.375,0.3125,0.3125
20241104-W-Riyadh_Finals-RR-Aryna_Sabalenka-Jasmine_Paolini,Aryna Sabalenka,0.39344262295081966,0.2786885245901639,0.32786885245901637
20241104-W-Riyadh_Finals-RR-Aryna_Sabalenka-Jasmine_Paolini,Jasmine Paolini,0.3333333333333333,0.25,0.4166666666666667
20241103-W-Riyadh_Finals-RR-Coco_Gauff-Jessica_Pegula,Coco Gauff,0.35,0.25,0.4
20241103-W-Riyadh_Finals-RR-Coco_Gauff-Jessica_Pegula,Jessica Pegula,0.1702127659574468,0.3404255319148936,0.48936170212765956
20241102-W-Hong_Kong-SF-Leylah_Fernandez-Diana_Shnaider,Leylah Fernandez,0.375,0.1875,0.4375
20241102-W-Hong_Kong-SF-Leylah_Fernandez-Diana_Shnaider,Diana Shnaider,0.35,0.325,0.325
20241101-W-Merida-QF-Sara_Sorribes_Tormo-Alina_Korneeva,Sara Sorribes Tormo,0.35,0.3,0.35
20241101-W-Merida-QF-Sara_Sorribes_Tormo-Alina_Korneeva,Alina Korneeva,0.4418604651162791,0.20930232558139536,0.3488372093023256
20241029-W-Hong_Kong-R32-Diana_Shnaider-Kyoka_Okamura,Diana Shnaider,0.3,0.36,0.34
20241029-W-Hong_Kong-R32-Diana_Shnaider-Kyoka_Okamura,Kyoka Okamura,0.2,0.24,0.56
20241027-W-Tokyo-F-Sofia_Kenin-Qinwen_Zheng,Sofia Kenin,0.18867924528301888,0.5471698113207547,0.2641509433962264
20241027-W-Tokyo-F-Sofia_Kenin-Qinwen_Zheng,Qinwen Zheng,0.3953488372093023,0.32558139534883723,0.27906976744186046
20241026-W-Tokyo-SF-Katie_Boulter-Sofia_Kenin,Katie Boulter,0.5581395348837209,0.18604651162790697,0.2558139534883721
20241026-W-Tokyo-SF-Katie_Boulter-Sofia_Kenin,Sofia Kenin,0.5454545454545454,0.25,0.20454545454545456
20241024-W-Tokyo-QF-Bianca_Andreescu-Katie_Boulter,Bianca Andreescu,0.4166666666666667,0.16666666666666666,0.4166666666666667
20241024-W-Tokyo-QF-Bianca_Andreescu-Katie_Boulter,Katie Boulter,0.5384615384615384,0.3076923076923077,0.15384615384615385
20241022-W-Tokyo-R16-Varvara_Gracheva-Leylah_Fernandez,Varvara Gracheva,0.4,0.3090909090909091,0.2909090909090909
20241022-W-Tokyo-R16-Varvara_Gracheva-Leylah_Fernandez,Leylah Fernandez,0.28205128205128205,0.47435897435897434,0.24358974358974358
20241021-W-Tokyo-R32-Viktoriya_Tomova-Veronika_Kudermetova,Viktoriya Tomova,0.5,0.23684210526315788,0.2631578947368421
20241021-W-Tokyo-R32-Viktoriya_Tomova-Veronika_Kudermetova,Veronika Kudermetova,0.27380952380952384,0.25,0.4642857142857143
20241021-W-Tokyo-R32-Sofia_Kenin-Xin_Yu_Wang,Sofia Kenin,0.425531914893617,0.3617021276595745,0.2127659574468085
20241021-W-Tokyo-R32-Sofia_Kenin-Xin_Yu_Wang,Xin Yu Wang,0.5,0.1111111111111111,0.3888888888888889
20241021-W-Tokyo-R32-Mei_Yamaguchi-Bianca_Andreescu,Mei Yamaguchi,0.3584905660377358,0.24528301886792453,0.39622641509433965
20241021-W-Tokyo-R32-Mei_Yamaguchi-Bianca_Andreescu,Bianca Andreescu,0.43548387096774194,0.20967741935483872,0.3548387096774194
20241020-W-Osaka-F-Suzan_Lamens-Kimberly_Birrell,Suzan Lamens,0.41935483870967744,0.22580645161290322,0.3548387096774194
20241020-W-Osaka-F-Suzan_Lamens-Kimberly_Birrell,Kimberly Birrell,0.05555555555555555,0.25,0.6944444444444444
20241018-W-Osaka-QF-Suzan_Lamens-Ana_Bogdan,Suzan Lamens,0.3709677419354839,0.1774193548387097,0.45161290322580644
20241018-W-Osaka-QF-Suzan_Lamens-Ana_Bogdan,Ana Bogdan,0.30985915492957744,0.15492957746478872,0.5352112676056338
20241018-W-Ningbo-QF-Paula_Badosa-Beatriz_Haddad_Maia,Paula Badosa,0.4411764705882353,0.3235294117647059,0.20588235294117646
20241018-W-Ningbo-QF-Paula_Badosa-Beatriz_Haddad_Maia,Beatriz Haddad Maia,0.3225806451612903,0.22580645161290322,0.45161290322580644
20241016-W-Osaka-R16-Lucia_Bronzetti-Suzan_Lamens,Lucia Bronzetti,0.21212121212121213,0.30303030303030304,0.48484848484848486
20241016-W-Osaka-R16-Lucia_Bronzetti-Suzan_Lamens,Suzan Lamens,0.29545454545454547,0.3181818181818182,0.38636363636363635
20241016-W-Ningbo-R32-Olivia_Gadecki-Karolina_Muchova,Olivia Gadecki,0.3076923076923077,0.2692307692307692,0.4230769230769231
20241016-W-Ningbo-R32-Olivia_Gadecki-Karolina_Muchova,Karolina Muchova,0.41935483870967744,0.3225806451612903,0.25806451612903225
20241015-W-Osaka-R32-Greet_Minnen-Bianca_Andreescu,Greet Minnen,0.3939393939393939,0.15151515151515152,0.45454545454545453
20241015-W-Osaka-R32-Greet_Minnen-Bianca_Andreescu,Bianca Andreescu,0.15384615384615385,0.07692307692307693,0.7692307692307693
20241015-W-Osaka-R32-Ashlyn_Krueger-Elina_Avanesyan,Ashlyn Krueger,0.36065573770491804,0.22950819672131148,0.4098360655737705
20241015-W-Osaka-R32-Ashlyn_Krueger-Elina_Avanesyan,Elina Avanesyan,0.40816326530612246,0.24489795918367346,0.3469387755102041
20241014-W-Osaka-R32-Suzan_Lamens-Viktoriya_Tomova,Suzan Lamens,0.4358974358974359,0.1794871794871795,0.38461538461538464
20241014-W-Osaka-R32-Suzan_Lamens-Viktoriya_Tomova,Viktoriya Tomova,0.21621621621621623,0.21621621621621623,0.5675675675675675
20241011-W-Wuhan-QF-Magda_Linette-Coco_Gauff,Magda Linette,0.24489795918367346,0.2653061224489796,0.4897959183673469
20241011-W-Wuhan-QF-Magda_Linette-Coco_Gauff,Coco Gauff,0.4358974358974359,0.358974358974359,0.20512820512820512
20241010-W-Wuhan-R16-Marta_Kostyuk-Coco_Gauff,Marta Kostyuk,0.24324324324324326,0.24324324324324326,0.5135135135135135
20241010-W-Wuhan-R16-Marta_Kostyuk-Coco_Gauff,Coco Gauff,0.26666666666666666,0.5333333333333333,0.2
20241009-W-Wuhan-R16-Magda_Linette-Daria_Kasatkina,Magda Linette,0.40384615384615385,0.21153846153846154,0.38461538461538464
20241009-W-Wuhan-R16-Magda_Linette-Daria_Kasatkina,Daria Kasatkina,0.25,0.21428571428571427,0.5357142857142857
20241008-W-Wuhan-R64-Cristina_Bucsa-Amanda_Anisimova,Cristina Bucsa,0.2857142857142857,0.2857142857142857,0.42857142857142855
20241008-W-Wuhan-R64-Cristina_Bucsa-Amanda_Anisimova,Amanda Anisimova,0.3488372093023256,0.3023255813953488,0.32558139534883723
20241007-W-Wuhan-R64-Sofia_Kenin-Ekaterina_Alexandrova,Sofia Kenin,0.34,0.44,0.2
20241007-W-Wuhan-R64-Sofia_Kenin-Ekaterina_Alexandrova,Ekaterina Alexandrova,0.5,0.30357142857142855,0.19642857142857142
20241007-W-Wuhan-R64-Leylah_Fernandez-Diana_Shnaider,Leylah Fernandez,0.4177215189873418,0.25316455696202533,0.3291139240506329
20241007-W-Wuhan-R64-Leylah_Fernandez-Diana_Shnaider,Diana Shnaider,0.3125,0.325,0.3625
20241006-W-Beijing-F-Coco_Gauff-Karolina_Muchova,Coco Gauff,0.6551724137931034,0.13793103448275862,0.20689655172413793
20241006-W-Beijing-F-Coco_Gauff-Karolina_Muchova,Karolina Muchova,0.2553191489361702,0.14893617021276595,0.5957446808510638
20241005-W-Beijing-SF-Karolina_Muchova-Qinwen_Zheng,Karolina Muchova,0.3793103448275862,0.4827586206896552,0.13793103448275862
20241005-W-Beijing-SF-Karolina_Muchova-Qinwen_Zheng,Qinwen Zheng,0.3469387755102041,0.30612244897959184,0.3469387755102041
20241004-W-ITF_Sao_Paulo-QF-Irene_Burillo_Escorihuela-Laura_Pigossi,Irene Burillo Escorihuela,0.27586206896551724,0.13793103448275862,0.5862068965517241
20241004-W-ITF_Sao_Paulo-QF-Irene_Burillo_Escorihuela-Laura_Pigossi,Laura Pigossi,0.21428571428571427,0.30952380952380953,0.47619047619047616
20241004-W-Beijing-QF-Mirra_Andreeva-Qinwen_Zheng,Mirra Andreeva,0.1917808219178082,0.2054794520547945,0.6027397260273972
20241004-W-Beijing-QF-Mirra_Andreeva-Qinwen_Zheng,Qinwen Zheng,0.3333333333333333,0.14102564102564102,0.5256410256410257
20241003-W-Beijing-QF-Coco_Gauff-Yuliia_Starodubtseva,Coco Gauff,0.16393442622950818,0.4262295081967213,0.4098360655737705
20241003-W-Beijing-QF-Coco_Gauff-Yuliia_Starodubtseva,Yuliia Starodubtseva,0.2459016393442623,0.18032786885245902,0.5737704918032787
20241002-W-Beijing-R16-Magda_Linette-Mirra_Andreeva,Magda Linette,0.22916666666666666,0.1875,0.5833333333333334
20241002-W-Beijing-R16-Magda_Linette-Mirra_Andreeva,Mirra Andreeva,0.375,0.34375,0.28125
20240930-W-Beijing-R32-Jasmine_Paolini-Magda_Linette,Jasmine Paolini,0.22033898305084745,0.3898305084745763,0.3898305084745763
20240930-W-Beijing-R32-Jasmine_Paolini-Magda_Linette,Magda Linette,0.3673469387755102,0.3673469387755102,0.2653061224489796
20240930-W-Beijing-R16-Paula_Badosa-Jessica_Pegula,Paula Badosa,0.34210526315789475,0.3684210526315789,0.2894736842105263
20240930-W-Beijing-R16-Paula_Badosa-Jessica_Pegula,Jessica Pegula,0.1724137931034483,0.2413793103448276,0.5862068965517241
20240929-W-ITF_Berkeley-F-Victoria_Mboko-Iva_Jovic,Victoria Mboko,0.2916666666666667,0.20833333333333334,0.5
20240929-W-ITF_Berkeley-F-Victoria_Mboko-Iva_Jovic,Iva Jovic,0.3076923076923077,0.23076923076923078,0.46153846153846156
20240927-W-Beijing-R64-Paula_Badosa-Viktoriya_Tomova,Paula Badosa,0.4444444444444444,0.2037037037037037,0.35185185185185186
20240927-W-Beijing-R64-Paula_Badosa-Viktoriya_Tomova,Viktoriya Tomova,0.23076923076923078,0.2564102564102564,0.5128205128205128
20240927-W-Beijing-R64-Magda_Linette-Moyuka_Uchijima,Magda Linette,0.25806451612903225,0.3225806451612903,0.41935483870967744
20240927-W-Beijing-R64-Magda_Linette-Moyuka_Uchijima,Moyuka Uchijima,0.2982456140350877,0.3333333333333333,0.3684210526315789
20240926-W-Beijing-R128-Xinyu_Gao-Sara_Sorribes_Tormo,Xinyu Gao,0.2958579881656805,0.23076923076923078,0.47337278106508873
20240926-W-Beijing-R128-Xinyu_Gao-Sara_Sorribes_Tormo,Sara Sorribes Tormo,0.35714285714285715,0.22857142857142856,0.4142857142857143
20240921-W-ITF_Kyoto-F-Momoko_Kobori-Tiphanie_Fiquet,Momoko Kobori,0.29411764705882354,0.35294117647058826,0.35294117647058826
20240921-W-ITF_Kyoto-F-Momoko_Kobori-Tiphanie_Fiquet,Tiphanie Fiquet,0.34615384615384615,0.15384615384615385,0.5
20240921-W-Hua_Hin-SF-Arianne_Hartono-Laura_Siegemund,Arianne Hartono,0.2,0.22,0.58
20240921-W-Hua_Hin-SF-Arianne_Hartono-Laura_Siegemund,Laura Siegemund,0.28888888888888886,0.13333333333333333,0.5777777777777777
20240918-W-Seoul-R16-Heather_Watson-Marta_Kostyuk,Heather Watson,0.10344827586206896,0.3793103448275862,0.5172413793103449
20240918-W-Seoul-R16-Heather_Watson-Marta_Kostyuk,Marta Kostyuk,0.4,0.37142857142857144,0.22857142857142856
20240918-W-Hua_Hin-R16-Laura_Siegemund-Xiyu_Wang,Laura Siegemund,0.36904761904761907,0.16666666666666666,0.4642857142857143
20240918-W-Hua_Hin-R16-Laura_Siegemund-Xiyu_Wang,Xiyu Wang,0.28865979381443296,0.21649484536082475,0.4948453608247423
20240918-W-Hua_Hin-R16-Arianne_Hartono-Xinyu_Gao,Arianne Hartono,0.40963855421686746,0.1686746987951807,0.42168674698795183
20240918-W-Hua_Hin-R16-Arianne_Hartono-Xinyu_Gao,Xinyu Gao,0.20833333333333334,0.1875,0.6041666666666666
20240917-W-Seoul-R16-Polina_Kudermetova-Ekaterina_Alexandrova,Polina Kudermetova,0.3333333333333333,0.2727272727272727,0.3939393939393939
20240917-W-Seoul-R16-Polina_Kudermetova-Ekaterina_Alexandrova,Ekaterina Alexandrova,0.17857142857142858,0.3392857142857143,0.4642857142857143
20240916-W-Seoul-R32-Amanda_Anisimova-Yulia_Putintseva,Amanda Anisimova,0.3424657534246575,0.3561643835616438,0.3013698630136986
20240916-W-Seoul-R32-Amanda_Anisimova-Yulia_Putintseva,Yulia Putintseva,0.37037037037037035,0.2962962962962963,0.3333333333333333
20240915-W-Guadalajara-F-Olivia_Gadecki-Magdalena_Frech,Olivia Gadecki,0.39705882352941174,0.19117647058823528,0.4117647058823529
20240915-W-Guadalajara-F-Olivia_Gadecki-Magdalena_Frech,Magdalena Frech,0.16666666666666666,0.5238095238095238,0.30952380952380953
20240914-W-Guadalajara-SF-Olivia_Gadecki-Camila_Osorio,Olivia Gadecki,0.275,0.375,0.35
20240914-W-Guadalajara-SF-Olivia_Gadecki-Camila_Osorio,Camila Osorio,0.24324324324324326,0.2702702702702703,0.4864864864864865
20240912-W-Guadalajara-R16-Jelena_Ostapenko-Marina_Stakusic,Jelena Ostapenko,0.37142857142857144,0.2571428571428571,0.37142857142857144
20240912-W-Guadalajara-R16-Jelena_Ostapenko-Marina_Stakusic,Marina Stakusic,0.3673469387755102,0.46938775510204084,0.16326530612244897
20240911-W-Guadalajara-R16-Danielle_Collins-Olivia_Gadecki,Danielle Collins,0.2978723404255319,0.2765957446808511,0.425531914893617
20240911-W-Guadalajara-R16-Danielle_Collins-Olivia_Gadecki,Olivia Gadecki,0.391304347826087,0.391304347826087,0.21739130434782608
20240907-W-US_Open-F-Aryna_Sabalenka-Jessica_Pegula,Aryna Sabalenka,0.43243243243243246,0.25675675675675674,0.3108108108108108
20240907-W-US_Open-F-Aryna_Sabalenka-Jessica_Pegula,Jessica Pegula,0.1875,0.5,0.3125
20240905-W-US_Open-SF-Karolina_Muchova-Jessica_Pegula,Karolina Muchova,0.35135135135135137,0.25675675675675674,0.3918918918918919
20240905-W-US_Open-SF-Karolina_Muchova-Jessica_Pegula,Jessica Pegula,0.25,0.43333333333333335,0.31666666666666665
20240905-W-US_Open-SF-Aryna_Sabalenka-Emma_Navarro,Aryna Sabalenka,0.39344262295081966,0.29508196721311475,0.3114754098360656
20240905-W-US_Open-SF-Aryna_Sabalenka-Emma_Navarro,Emma Navarro,0.34285714285714286,0.4,0.2571428571428571
20240904-W-US_Open-QF-Iga_Swiatek-Jessica_Pegula,Iga Swiatek,0.24,0.22,0.54
20240904-W-US_Open-QF-Iga_Swiatek-Jessica_Pegula,Jessica Pegula,0.25,0.4090909090909091,0.3409090909090909
20240903-W-US_Open-QF-Aryna_Sabalenka-Qinwen_Zheng,Aryna Sabalenka,0.3333333333333333,0.4722222222222222,0.19444444444444445
20240903-W-US_Open-QF-Aryna_Sabalenka-Qinwen_Zheng,Qinwen Zheng,0.11538461538461539,0.5,0.38461538461538464
20240902-W-US_Open-R16-Karolina_Muchova-Jasmine_Paolini,Karolina Muchova,0.3684210526315789,0.18421052631578946,0.4473684210526316
20240902-W-US_Open-R16-Karolina_Muchova-Jasmine_Paolini,Jasmine Paolini,0.2571428571428571,0.11428571428571428,0.6285714285714286
20240902-W-US_Open-R16-Diana_Shnaider-Jessica_Pegula,Diana Shnaider,0.23529411764705882,0.35294117647058826,0.4117647058823529
20240902-W-US_Open-R16-Diana_Shnaider-Jessica_Pegula,Jessica Pegula,0.30612244897959184,0.3673469387755102,0.32653061224489793
20240901-W-US_Open-R16-Qinwen_Zheng-Donna_Vekic,Qinwen Zheng,0.29508196721311475,0.4098360655737705,0.29508196721311475
20240901-W-US_Open-R16-Qinwen_Zheng-Donna_Vekic,Donna Vekic,0.30434782608695654,0.3333333333333333,0.36231884057971014
20240901-W-US_Open-R16-Paula_Badosa-Yafan_Wang,Yafan Wang,0.41935483870967744,0.22580645161290322,0.3548387096774194
20240901-W-US_Open-R16-Paula_Badosa-Yafan_Wang,Paula Badosa,0.40384615384615385,0.3269230769230769,0.2692307692307692
20240901-W-US_Open-R16-Elise_Mertens-Aryna_Sabalenka,Elise Mertens,0.32142857142857145,0.42857142857142855,0.25
20240901-W-US_Open-R16-Elise_Mertens-Aryna_Sabalenka,Aryna Sabalenka,0.5737704918032787,0.14754098360655737,0.2786885245901639
20240831-W-US_Open-R32-Jessica_Bouzas_Maneiro-Jessica_Pegula,Jessica Bouzas Maneiro,0.11904761904761904,0.30952380952380953,0.5714285714285714
20240831-W-US_Open-R32-Jessica_Bouzas_Maneiro-Jessica_Pegula,Jessica Pegula,0.24324324324324326,0.4594594594594595,0.2972972972972973
20240831-W-US_Open-R32-Jasmine_Paolini-Yulia_Putintseva,Jasmine Paolini,0.3877551020408163,0.22448979591836735,0.3877551020408163
20240831-W-US_Open-R32-Jasmine_Paolini-Yulia_Putintseva,Yulia Putintseva,0.21311475409836064,0.2459016393442623,0.5409836065573771
20240831-W-US_Open-R32-Caroline_Wozniacki-Jessika_Ponchet,Caroline Wozniacki,0.5,0.20588235294117646,0.29411764705882354
20240831-W-US_Open-R32-Caroline_Wozniacki-Jessika_Ponchet,Jessika Ponchet,0.32558139534883723,0.11627906976744186,0.5581395348837209
20240831-W-US_Open-R32-Ashlyn_Krueger-Liudmila_Samsonova,Ashlyn Krueger,0.11428571428571428,0.3142857142857143,0.5714285714285714
20240831-W-US_Open-R32-Ashlyn_Krueger-Liudmila_Samsonova,Liudmila Samsonova,0.2857142857142857,0.5357142857142857,0.17857142857142858
20240831-W-US_Open-R32-Aryna_Sabalenka-Ekaterina_Alexandrova,Aryna Sabalenka,0.3269230769230769,0.38461538461538464,0.28846153846153844
20240831-W-US_Open-R32-Aryna_Sabalenka-Ekaterina_Alexandrova,Ekaterina Alexandrova,0.30434782608695654,0.391304347826087,0.30434782608695654
20240831-W-US_Open-R32-Anastasia_Potapova-Karolina_Muchova,Anastasia Potapova,0.3333333333333333,0.358974358974359,0.3076923076923077
20240831-W-US_Open-R32-Anastasia_Potapova-Karolina_Muchova,Karolina Muchova,0.5357142857142857,0.35714285714285715,0.10714285714285714
20240831-W-US_Open-R32-Anastasia_Pavlyuchenkova-Iga_Swiatek,Anastasia Pavlyuchenkova,0.34210526315789475,0.2631578947368421,0.39473684210526316
20240831-W-US_Open-R32-Anastasia_Pavlyuchenkova-Iga_Swiatek,Iga Swiatek,0.4473684210526316,0.39473684210526316,0.15789473684210525
20240830-W-US_Open-R32-Jule_Niemeier-Qinwen_Zheng,Jule Niemeier,0.28125,0.25,0.46875
20240830-W-US_Open-R32-Jule_Niemeier-Qinwen_Zheng,Qinwen Zheng,0.28,0.44,0.28
20240830-W-US_Open-R32-Elina_Svitolina-Coco_Gauff,Elina Svitolina,0.3150684931506849,0.2465753424657534,0.4383561643835616
20240830-W-US_Open-R32-Elina_Svitolina-Coco_Gauff,Coco Gauff,0.3103448275862069,0.22413793103448276,0.46551724137931033
20240829-W-US_Open-R64-Sofia_Kenin-Jessica_Pegula,Sofia Kenin,0.31666666666666665,0.3,0.38333333333333336
20240829-W-US_Open-R64-Sofia_Kenin-Jessica_Pegula,Jessica Pegula,0.4444444444444444,0.25,0.3055555555555556
20240829-W-US_Open-R64-Naomi_Osaka-Karolina_Muchova,Naomi Osaka,0.1956521739130435,0.32608695652173914,0.4782608695652174
20240829-W-US_Open-R64-Naomi_Osaka-Karolina_Muchova,Karolina Muchova,0.32558139534883723,0.27906976744186046,0.3953488372093023
20240829-W-US_Open-R64-Caroline_Wozniacki-Renata_Zarazua,Caroline Wozniacki,0.27586206896551724,0.3793103448275862,0.3448275862068966
20240829-W-US_Open-R64-Caroline_Wozniacki-Renata_Zarazua,Renata Zarazua,0.2857142857142857,0.20408163265306123,0.5102040816326531
20240829-W-US_Open-R64-Ashlyn_Krueger-Mirra_Andreeva,Ashlyn Krueger,0.3783783783783784,0.3783783783783784,0.24324324324324326
20240829-W-US_Open-R64-Ashlyn_Krueger-Mirra_Andreeva,Mirra Andreeva,0.3,0.16666666666666666,0.5333333333333333
20240828-W-US_Open-R64-Iva_Jovic-Ekaterina_Alexandrova,Iva Jovic,0.2542372881355932,0.1694915254237288,0.576271186440678
20240828-W-US_Open-R64-Iva_Jovic-Ekaterina_Alexandrova,Ekaterina Alexandrova,0.29245283018867924,0.18867924528301888,0.5188679245283019
20240828-W-US_Open-R64-Erika_Andreeva-Qinwen_Zheng,Erika Andreeva,0.26666666666666666,0.3,0.43333333333333335
20240828-W-US_Open-R64-Erika_Andreeva-Qinwen_Zheng,Qinwen Zheng,0.2,0.5,0.3
20240828-W-US_Open-R64-Aryna_Sabalenka-Lucia_Bronzetti,Aryna Sabalenka,0.4146341463414634,0.3170731707317073,0.2682926829268293
20240828-W-US_Open-R64-Aryna_Sabalenka-Lucia_Bronzetti,Lucia Bronzetti,0.5384615384615384,0.23076923076923078,0.23076923076923078
20240827-W-US_Open-R128-Taylah_Preston-Anastasia_Pavlyuchenkova,Taylah Preston,0.0625,0.3125,0.625
20240827-W-US_Open-R128-Taylah_Preston-Anastasia_Pavlyuchenkova,Anastasia Pavlyuchenkova,0.4634146341463415,0.2926829268292683,0.24390243902439024
20240827-W-US_Open-R128-Shuai_Zhang-Ashlyn_Krueger,Shuai Zhang,0.3,0.2833333333333333,0.4166666666666667
20240827-W-US_Open-R128-Shuai_Zhang-Ashlyn_Krueger,Ashlyn Krueger,0.4098360655737705,0.16393442622950818,0.4262295081967213
20240827-W-US_Open-R128-Naomi_Osaka-Jelena_Ostapenko,Naomi Osaka,0.2692307692307692,0.5384615384615384,0.19230769230769232
20240827-W-US_Open-R128-Naomi_Osaka-Jelena_Ostapenko,Jelena Ostapenko,0.5384615384615384,0.15384615384615385,0.3076923076923077
20240827-W-US_Open-R128-Jessica_Pegula-Shelby_Rogers,Jessica Pegula,0.25,0.22727272727272727,0.5227272727272727
20240827-W-US_Open-R128-Jessica_Pegula-Shelby_Rogers,Shelby Rogers,0.16666666666666666,0.2962962962962963,0.5370370370370371
20240827-W-US_Open-R128-Jasmine_Paolini-Bianca_Andreescu,Jasmine Paolini,0.32967032967032966,0.23076923076923078,0.43956043956043955
20240827-W-US_Open-R128-Jasmine_Paolini-Bianca_Andreescu,Bianca Andreescu,0.26373626373626374,0.26373626373626374,0.4725274725274725
20240827-W-US_Open-R128-Emma_Raducanu-Sofia_Kenin,Emma Raducanu,0.38636363636363635,0.2727272727272727,0.3409090909090909
20240827-W-US_Open-R128-Emma_Raducanu-Sofia_Kenin,Sofia Kenin,0.5,0.16216216216216217,0.33783783783783783
20240827-W-US_Open-R128-Elena_Rybakina-Destanee_Aiava,Elena Rybakina,0.36538461538461536,0.2692307692307692,0.36538461538461536
20240827-W-US_Open-R128-Elena_Rybakina-Destanee_Aiava,Destanee Aiava,0.2857142857142857,0.25,0.4642857142857143
20240827-W-US_Open-R128-Danielle_Collins-Caroline_Dolehide,Danielle Collins,0.34545454545454546,0.23636363636363636,0.41818181818181815
20240827-W-US_Open-R128-Danielle_Collins-Caroline_Dolehide,Caroline Dolehide,0.2631578947368421,0.23684210526315788,0.5
20240827-W-US_Open-R128-Caroline_Wozniacki-Nao_Hibino,Caroline Wozniacki,0.3888888888888889,0.4444444444444444,0.16666666666666666
20240827-W-US_Open-R128-Caroline_Wozniacki-Nao_Hibino,Nao Hibino,0.15384615384615385,0.1794871794871795,0.6666666666666666
20240827-W-US_Open-R128-Alexa_Noel-Sara_Sorribes_Tormo,Alexa Noel,0.2222222222222222,0.18518518518518517,0.5925925925925926
20240827-W-US_Open-R128-Alexa_Noel-Sara_Sorribes_Tormo,Sara Sorribes Tormo,0.4,0.22857142857142856,0.37142857142857144
20240826-W-US_Open-R128-Varvara_Gracheva-Coco_Gauff,Varvara Gracheva,0.13157894736842105,0.3157894736842105,0.5526315789473685
20240826-W-US_Open-R128-Varvara_Gracheva-Coco_Gauff,Coco Gauff,0.16666666666666666,0.43333333333333335,0.4
20240826-W-US_Open-R128-Priscilla_Hon-Aryna_Sabalenka,Priscilla Hon,0.3333333333333333,0.4074074074074074,0.25925925925925924
20240826-W-US_Open-R128-Priscilla_Hon-Aryna_Sabalenka,Aryna Sabalenka,0.3793103448275862,0.3448275862068966,0.27586206896551724
20240826-W-US_Open-R128-Magda_Linette-Iva_Jovic,Magda Linette,0.18518518518518517,0.2777777777777778,0.5370370370370371
20240826-W-US_Open-R128-Magda_Linette-Iva_Jovic,Iva Jovic,0.3181818181818182,0.3181818181818182,0.36363636363636365
20240826-W-US_Open-R128-Arantxa_Rus-Ana_Bogdan,Arantxa Rus,0.32857142857142857,0.18571428571428572,0.4857142857142857
20240826-W-US_Open-R128-Arantxa_Rus-Ana_Bogdan,Ana Bogdan,0.22950819672131148,0.19672131147540983,0.5737704918032787
20240826-W-US_Open-R128-Amanda_Anisimova-Qinwen_Zheng,Amanda Anisimova,0.2465753424657534,0.4246575342465753,0.3287671232876712
20240826-W-US_Open-R128-Amanda_Anisimova-Qinwen_Zheng,Qinwen Zheng,0.39215686274509803,0.2549019607843137,0.35294117647058826
20240823-W-Monterrey-SF-Emma_Navarro-Linda_Noskova,Emma Navarro,0.40425531914893614,0.40425531914893614,0.19148936170212766
20240823-W-Monterrey-SF-Emma_Navarro-Linda_Noskova,Linda Noskova,0.5211267605633803,0.2535211267605634,0.22535211267605634
20240823-W-Monterrey-QF-Elina_Svitolina-Linda_Noskova,Elina Svitolina,0.5,0.18421052631578946,0.3157894736842105
20240823-W-Monterrey-QF-Elina_Svitolina-Linda_Noskova,Linda Noskova,0.4864864864864865,0.21621621621621623,0.2972972972972973
20240822-W-US_Open-Q3-Arianne_Hartono-Ena_Shibahara,Arianne Hartono,0.26229508196721313,0.21311475409836064,0.5245901639344263
20240822-W-US_Open-Q3-Arianne_Hartono-Ena_Shibahara,Ena Shibahara,0.288135593220339,0.2033898305084746,0.5084745762711864
20240822-W-Monterrey-QF-Yue_Yuan-Ekaterina_Alexandrova,Yue Yuan,0.2857142857142857,0.3469387755102041,0.3469387755102041
20240822-W-Monterrey-QF-Yue_Yuan-Ekaterina_Alexandrova,Ekaterina Alexandrova,0.5,0.30357142857142855,0.19642857142857142
20240821-W-US_Open-Q2-Arianne_Hartono-Rebecca_Marino,Arianne Hartono,0.2222222222222222,0.24074074074074073,0.5370370370370371
20240821-W-US_Open-Q2-Arianne_Hartono-Rebecca_Marino,Rebecca Marino,0.2,0.18,0.62
20240821-W-Monterrey-R16-Elina_Svitolina-Elina_Avanesyan,Elina Svitolina,0.3695652173913043,0.41304347826086957,0.21739130434782608
20240821-W-Monterrey-R16-Elina_Svitolina-Elina_Avanesyan,Elina Avanesyan,0.42857142857142855,0.2857142857142857,0.2857142857142857
20240820-W-US_Open-Q1-Arianne_Hartono-Suzan_Lamens,Arianne Hartono,0.17777777777777778,0.28888888888888886,0.5333333333333333
20240820-W-US_Open-Q1-Arianne_Hartono-Suzan_Lamens,Suzan Lamens,0.06818181818181818,0.20454545454545456,0.7272727272727273
20240819-W-Cleveland-R32-Diane_Parry-Anastasia_Potapova,Diane Parry,0.2926829268292683,0.24390243902439024,0.4634146341463415
20240819-W-Cleveland-R32-Diane_Parry-Anastasia_Potapova,Anastasia Potapova,0.3333333333333333,0.4166666666666667,0.25
20240818-W-Cincinnati-SF-Paula_Badosa-Jessica_Pegula,Paula Badosa,0.296875,0.265625,0.4375
20240818-W-Cincinnati-SF-Paula_Badosa-Jessica_Pegula,Jessica Pegula,0.25925925925925924,0.3888888888888889,0.35185185185185186
20240817-W-Cincinnati-QF-Iga_Swiatek-Mirra_Andreeva,Iga Swiatek,0.273972602739726,0.2465753424657534,0.4794520547945205
20240817-W-Cincinnati-QF-Iga_Swiatek-Mirra_Andreeva,Mirra Andreeva,0.2647058823529412,0.19117647058823528,0.5441176470588235
20240816-W-Cincinnati-R16-Leylah_Fernandez-Diana_Shnaider,Leylah Fernandez,0.4878048780487805,0.2682926829268293,0.24390243902439024
20240816-W-Cincinnati-R16-Leylah_Fernandez-Diana_Shnaider,Diana Shnaider,0.38636363636363635,0.22727272727272727,0.38636363636363635
20240815-W-Cincinnati-R32-Taylor_Townsend-Daria_Kasatkina,Taylor Townsend,0.3287671232876712,0.136986301369863,0.5342465753424658
20240815-W-Cincinnati-R32-Taylor_Townsend-Daria_Kasatkina,Daria Kasatkina,0.3125,0.1875,0.5
20240814-W-Cincinnati-R64-Caroline_Wozniacki-Anhelina_Kalinina,Caroline Wozniacki,0.3684210526315789,0.2631578947368421,0.3684210526315789
20240814-W-Cincinnati-R64-Caroline_Wozniacki-Anhelina_Kalinina,Anhelina Kalinina,0.3469387755102041,0.24489795918367346,0.40816326530612246
20240813-W-Toronto-F-Amanda_Anisimova-Jessica_Pegula,Amanda Anisimova,0.29411764705882354,0.27450980392156865,0.43137254901960786
20240813-W-Toronto-F-Amanda_Anisimova-Jessica_Pegula,Jessica Pegula,0.30303030303030304,0.48484848484848486,0.21212121212121213
20240813-W-Cincinnati-R64-Bianca_Andreescu-Elina_Avanesyan,Bianca Andreescu,0.36486486486486486,0.21621621621621623,0.4189189189189189
20240813-W-Cincinnati-R64-Bianca_Andreescu-Elina_Avanesyan,Elina Avanesyan,0.34615384615384615,0.28846153846153844,0.36538461538461536
20240811-W-Toronto-SF-Diana_Shnaider-Jessica_Pegula,Diana Shnaider,0.2,0.28,0.52
20240811-W-Toronto-SF-Diana_Shnaider-Jessica_Pegula,Jessica Pegula,0.20930232558139536,0.37209302325581395,0.4186046511627907
20240810-W-Toronto-QF-Peyton_Stearns-Jessica_Pegula,Peyton Stearns,0.23076923076923078,0.3076923076923077,0.46153846153846156
20240810-W-Toronto-QF-Peyton_Stearns-Jessica_Pegula,Jessica Pegula,0.2391304347826087,0.41304347826086957,0.34782608695652173
20240808-W-Toronto-R32-Paula_Badosa-Jelena_Ostapenko,Paula Badosa,0.45454545454545453,0.30303030303030304,0.24242424242424243
20240808-W-Toronto-R32-Paula_Badosa-Jelena_Ostapenko,Jelena Ostapenko,0.3611111111111111,0.3333333333333333,0.3055555555555556
20240806-W-Toronto-R64-Nadia_Podoroska-Karolina_Pliskova,Nadia Podoroska,0.34,0.32,0.34
20240806-W-Toronto-R64-Nadia_Podoroska-Karolina_Pliskova,Karolina Pliskova,0.2714285714285714,0.34285714285714286,0.38571428571428573
20240806-W-Toronto-R64-Lesia_Tsurenko-Bianca_Andreescu,Lesia Tsurenko,0.1320754716981132,0.37735849056603776,0.49056603773584906
20240806-W-Toronto-R64-Lesia_Tsurenko-Bianca_Andreescu,Bianca Andreescu,0.24242424242424243,0.25757575757575757,0.5
20240806-W-Toronto-R64-Anastasia_Pavlyuchenkova-Victoria_Azarenka,Anastasia Pavlyuchenkova,0.2608695652173913,0.13043478260869565,0.6086956521739131
20240806-W-Toronto-R64-Anastasia_Pavlyuchenkova-Victoria_Azarenka,Victoria Azarenka,0.27586206896551724,0.5172413793103449,0.20689655172413793
20240804-W-Washington-F-Paula_Badosa-Marie_Bouzkova,Paula Badosa,0.44285714285714284,0.21428571428571427,0.34285714285714286
20240804-W-Washington-F-Paula_Badosa-Marie_Bouzkova,Marie Bouzkova,0.29850746268656714,0.208955223880597,0.4925373134328358
20240803-W-Olympics-F-Qinwen_Zheng-Donna_Vekic,Qinwen Zheng,0.3695652173913043,0.1956521739130435,0.43478260869565216
20240803-W-Olympics-F-Qinwen_Zheng-Donna_Vekic,Donna Vekic,0.24,0.18,0.58
20240802-W-Olympics-BR-Iga_Swiatek-Anna_Karolina_Schmiedlova,Iga Swiatek,0.2682926829268293,0.4146341463414634,0.3170731707317073
20240802-W-Olympics-BR-Iga_Swiatek-Anna_Karolina_Schmiedlova,Anna Karolina Schmiedlova,0.13636363636363635,0.2727272727272727,0.5909090909090909
20240801-W-Olympics-SF-Iga_Swiatek-Qinwen_Zheng,Iga Swiatek,0.22807017543859648,0.19298245614035087,0.5789473684210527
20240801-W-Olympics-SF-Iga_Swiatek-Qinwen_Zheng,Qinwen Zheng,0.3125,0.1875,0.5
20240801-W-Olympics-SF-Anna_Karolina_Schmiedlova-Donna_Vekic,Anna Karolina Schmiedlova,0.4,0.16,0.44
20240801-W-Olympics-SF-Anna_Karolina_Schmiedlova-Donna_Vekic,Donna Vekic,0.47368421052631576,0.2894736842105263,0.23684210526315788
20240731-W-Olympics-QF-Qinwen_Zheng-Angelique_Kerber,Qinwen Zheng,0.4583333333333333,0.13333333333333333,0.4083333333333333
20240731-W-Olympics-QF-Qinwen_Zheng-Angelique_Kerber,Angelique Kerber,0.2878787878787879,0.2727272727272727,0.4393939393939394
20240731-W-Olympics-QF-Marta_Kostyuk-Donna_Vekic,Marta Kostyuk,0.33707865168539325,0.2696629213483146,0.39325842696629215
20240731-W-Olympics-QF-Marta_Kostyuk-Donna_Vekic,Donna Vekic,0.36633663366336633,0.24752475247524752,0.38613861386138615
20240731-W-Olympics-QF-Iga_Swiatek-Danielle_Collins,Iga Swiatek,0.3958333333333333,0.1875,0.4166666666666667
20240731-W-Olympics-QF-Iga_Swiatek-Danielle_Collins,Danielle Collins,0.3103448275862069,0.22413793103448276,0.46551724137931033
20240730-W-Olympics-R16-Leylah_Fernandez-Angelique_Kerber,Leylah Fernandez,0.5555555555555556,0.09259259259259259,0.35185185185185186
20240730-W-Olympics-R16-Leylah_Fernandez-Angelique_Kerber,Angelique Kerber,0.46938775510204084,0.2653061224489796,0.2653061224489796
20240730-W-Olympics-R16-Iga_Swiatek-Xiyu_Wang,Iga Swiatek,0.3888888888888889,0.18518518518518517,0.42592592592592593
20240730-W-Olympics-R16-Iga_Swiatek-Xiyu_Wang,Xiyu Wang,0.2909090909090909,0.14545454545454545,0.5636363636363636
20240729-W-Olympics-R32-Magda_Linette-Jasmine_Paolini,Magda Linette,0.3125,0.20833333333333334,0.4791666666666667
20240729-W-Olympics-R32-Magda_Linette-Jasmine_Paolini,Jasmine Paolini,0.41509433962264153,0.32075471698113206,0.2641509433962264
20240729-W-Olympics-R32-Jaqueline_Cristian-Angelique_Kerber,Jaqueline Cristian,0.5180722891566265,0.1566265060240964,0.3253012048192771
20240729-W-Olympics-R32-Jaqueline_Cristian-Angelique_Kerber,Angelique Kerber,0.33766233766233766,0.2987012987012987,0.36363636363636365
20240729-W-Olympics-R32-Iga_Swiatek-Diane_Parry,Iga Swiatek,0.3157894736842105,0.3684210526315789,0.3157894736842105
20240729-W-Olympics-R32-Iga_Swiatek-Diane_Parry,Diane Parry,0.2222222222222222,0.1388888888888889,0.6388888888888888
20240729-W-Olympics-R32-Elina_Svitolina-Jessica_Pegula,Elina Svitolina,0.3582089552238806,0.34328358208955223,0.29850746268656714
20240729-W-Olympics-R32-Elina_Svitolina-Jessica_Pegula,Jessica Pegula,0.39655172413793105,0.25862068965517243,0.3448275862068966
20240729-W-Olympics-R32-Bianca_Andreescu-Donna_Vekic,Bianca Andreescu,0.46,0.1,0.44
20240729-W-Olympics-R32-Bianca_Andreescu-Donna_Vekic,Donna Vekic,0.31666666666666665,0.2833333333333333,0.4
20240729-W-Olympics-R32-Arantxa_Rus-Qinwen_Zheng,Arantxa Rus,0.10526315789473684,0.21052631578947367,0.6842105263157895
20240729-W-Olympics-R32-Arantxa_Rus-Qinwen_Zheng,Qinwen Zheng,0.23404255319148937,0.2553191489361702,0.5106382978723404
20240728-W-Olympics-R64-Leylah_Fernandez-Karolina_Muchova,Leylah Fernandez,0.42857142857142855,0.2857142857142857,0.2857142857142857
20240728-W-Olympics-R64-Leylah_Fernandez-Karolina_Muchova,Karolina Muchova,0.3373493975903614,0.2289156626506024,0.43373493975903615
20240728-W-Olympics-R64-Caroline_Wozniacki-Mayar_Sherif,Caroline Wozniacki,0.2413793103448276,0.3793103448275862,0.3620689655172414
20240728-W-Olympics-R64-Caroline_Wozniacki-Mayar_Sherif,Mayar Sherif,0.3673469387755102,0.17346938775510204,0.45918367346938777
20240728-W-Olympics-R64-Bianca_Andreescu-Clara_Tauson,Bianca Andreescu,0.48,0.14,0.38
20240728-W-Olympics-R64-Bianca_Andreescu-Clara_Tauson,Clara Tauson,0.3870967741935484,0.12903225806451613,0.4838709677419355
20240727-W-Olympics-R64-Naomi_Osaka-Angelique_Kerber,Naomi Osaka,0.41818181818181815,0.09090909090909091,0.4909090909090909
20240727-W-Olympics-R64-Naomi_Osaka-Angelique_Kerber,Angelique Kerber,0.4,0.26666666666666666,0.3333333333333333
20240727-W-Olympics-R64-Iga_Swiatek-Irina_Camelia_Begu,Iga Swiatek,0.32786885245901637,0.21311475409836064,0.45901639344262296
20240727-W-Olympics-R64-Iga_Swiatek-Irina_Camelia_Begu,Irina Camelia Begu,0.18181818181818182,0.21212121212121213,0.6060606060606061
20240726-W-Prague-F-Magda_Linette-Magdalena_Frech,Magda Linette,0.5116279069767442,0.2558139534883721,0.23255813953488372
20240726-W-Prague-F-Magda_Linette-Magdalena_Frech,Magdalena Frech,0.2702702702702703,0.24324324324324326,0.4864864864864865
20240725-W-ITF_Dallas-R16-Mary_Stoiana-Alexis_Blokhina,Mary Stoiana,0.2,0.48,0.32
20240725-W-ITF_Dallas-R16-Mary_Stoiana-Alexis_Blokhina,Alexis Blokhina,0.2222222222222222,0.3111111111111111,0.4666666666666667
20240724-W-ITF_Dallas-R32-Himeno_Sakatsume-Alexis_Blokhina,Himeno Sakatsume,0.32075471698113206,0.2641509433962264,0.41509433962264153
20240724-W-ITF_Dallas-R32-Himeno_Sakatsume-Alexis_Blokhina,Alexis Blokhina,0.28205128205128205,0.46153846153846156,0.2564102564102564
20240721-W-ITF_Vitoria_Gasteiz-F-Victoria_Jimenez_Kasintseva-Alexandra_Eala,Victoria Jimenez Kasintseva,0.3157894736842105,0.19298245614035087,0.49122807017543857
20240721-W-ITF_Vitoria_Gasteiz-F-Victoria_Jimenez_Kasintseva-Alexandra_Eala,Alexandra Eala,0.24444444444444444,0.3333333333333333,0.4222222222222222
20240720-W-ITF_Granby-SF-Kayla_Cross-Stacey_Fung,Kayla Cross,0.44,0.21333333333333335,0.3466666666666667
20240720-W-ITF_Granby-SF-Kayla_Cross-Stacey_Fung,Stacey Fung,0.23214285714285715,0.4107142857142857,0.35714285714285715
20240719-W-ITF_Vitoria_Gasteiz-QF-Linda_Fruhvirtova-Victoria_Jimenez_Kasintseva,Linda Fruhvirtova,0.13953488372093023,0.3953488372093023,0.46511627906976744
20240719-W-ITF_Vitoria_Gasteiz-QF-Linda_Fruhvirtova-Victoria_Jimenez_Kasintseva,Victoria Jimenez Kasintseva,0.35526315789473684,0.18421052631578946,0.4605263157894737
20240719-W-ITF_Granby-QF-Jada_Robinson-Stacey_Fung,Jada Robinson,0.1568627450980392,0.21568627450980393,0.6274509803921569
20240719-W-ITF_Granby-QF-Jada_Robinson-Stacey_Fung,Stacey Fung,0.15217391304347827,0.5,0.34782608695652173
20240718-W-ITF_Granby-R16-Carson_Branstine-Isabelle_Boulais,Carson Branstine,0.2708333333333333,0.375,0.3541666666666667
20240718-W-ITF_Granby-R16-Carson_Branstine-Isabelle_Boulais,Isabelle Boulais,0.26666666666666666,0.2,0.5333333333333333
20240717-W-ITF_Granby-R32-Martina_Okalova-Carson_Branstine,Martina Okalova,0.3191489361702128,0.19148936170212766,0.48936170212765956
20240717-W-ITF_Granby-R32-Martina_Okalova-Carson_Branstine,Carson Branstine,0.37894736842105264,0.23157894736842105,0.3894736842105263
20240716-W-ITF_Granby-R32-Bianca_Jolie_Fernandez-Stacey_Fung,Bianca Jolie Fernandez,0.18181818181818182,0.1590909090909091,0.6590909090909091
20240716-W-ITF_Granby-R32-Bianca_Jolie_Fernandez-Stacey_Fung,Stacey Fung,0.26666666666666666,0.3,0.43333333333333335
20240714-W-ITF_The_Hague-F-Gina_Feistel-Arantxa_Rus,Gina Feistel,0.14035087719298245,0.3157894736842105,0.543859649122807
20240714-W-ITF_The_Hague-F-Gina_Feistel-Arantxa_Rus,Arantxa Rus,0.21666666666666667,0.26666666666666666,0.5166666666666667
20240713-W-Wimbledon-F-Jasmine_Paolini-Barbora_Krejcikova,Jasmine Paolini,0.3181818181818182,0.13636363636363635,0.5454545454545454
20240713-W-Wimbledon-F-Jasmine_Paolini-Barbora_Krejcikova,Barbora Krejcikova,0.25675675675675674,0.22972972972972974,0.5
20240711-W-Wimbledon-SF-Jasmine_Paolini-Donna_Vekic,Jasmine Paolini,0.3076923076923077,0.23076923076923078,0.46153846153846156
20240711-W-Wimbledon-SF-Jasmine_Paolini-Donna_Vekic,Donna Vekic,0.29523809523809524,0.23809523809523808,0.4666666666666667
20240711-W-Wimbledon-SF-Elena_Rybakina-Barbora_Krejcikova,Elena Rybakina,0.35365853658536583,0.18292682926829268,0.4634146341463415
20240711-W-Wimbledon-SF-Elena_Rybakina-Barbora_Krejcikova,Barbora Krejcikova,0.2909090909090909,0.2545454545454545,0.45454545454545453
20240710-W-Wimbledon-QF-Jelena_Ostapenko-Barbora_Krejcikova,Jelena Ostapenko,0.24489795918367346,0.3673469387755102,0.3877551020408163
20240710-W-Wimbledon-QF-Jelena_Ostapenko-Barbora_Krejcikova,Barbora Krejcikova,0.2,0.6,0.2
20240710-W-Wimbledon-QF-Elena_Rybakina-Elina_Svitolina,Elena Rybakina,0.44680851063829785,0.23404255319148937,0.3191489361702128
20240710-W-Wimbledon-QF-Elena_Rybakina-Elina_Svitolina,Elina Svitolina,0.2608695652173913,0.34782608695652173,0.391304347826087
20240709-W-Wimbledon-QF-Jasmine_Paolini-Emma_Navarro,Jasmine Paolini,0.3902439024390244,0.2682926829268293,0.34146341463414637
20240709-W-Wimbledon-QF-Jasmine_Paolini-Emma_Navarro,Emma Navarro,0.19230769230769232,0.15384615384615385,0.6538461538461539
20240709-W-Wimbledon-QF-Donna_Vekic-Lulu_Sun,Donna Vekic,0.2777777777777778,0.3888888888888889,0.3333333333333333
20240709-W-Wimbledon-QF-Donna_Vekic-Lulu_Sun,Lulu Sun,0.29411764705882354,0.21568627450980393,0.47058823529411764
20240708-W-Wimbledon-R16-Jelena_Ostapenko-Yulia_Putintseva,Jelena Ostapenko,0.47058823529411764,0.3137254901960784,0.21568627450980393
20240708-W-Wimbledon-R16-Jelena_Ostapenko-Yulia_Putintseva,Yulia Putintseva,0.19230769230769232,0.6538461538461539,0.15384615384615385
20240708-W-Wimbledon-R16-Elena_Rybakina-Anna_Kalinskaya,Elena Rybakina,0.5151515151515151,0.09090909090909091,0.36363636363636365
20240708-W-Wimbledon-R16-Elena_Rybakina-Anna_Kalinskaya,Anna Kalinskaya,0.36363636363636365,0.13636363636363635,0.5
20240707-W-Wimbledon-R16-Jasmine_Paolini-Madison_Keys,Jasmine Paolini,0.3333333333333333,0.3333333333333333,0.3188405797101449
20240707-W-Wimbledon-R16-Jasmine_Paolini-Madison_Keys,Madison Keys,0.2978723404255319,0.2553191489361702,0.44680851063829785
20240707-W-Wimbledon-R16-Emma_Raducanu-Lulu_Sun,Emma Raducanu,0.2916666666666667,0.375,0.3333333333333333
20240707-W-Wimbledon-R16-Emma_Raducanu-Lulu_Sun,Lulu Sun,0.44339622641509435,0.24528301886792453,0.3113207547169811
20240707-W-Wimbledon-R16-Emma_Navarro-Coco_Gauff,Emma Navarro,0.25,0.325,0.425
20240707-W-Wimbledon-R16-Emma_Navarro-Coco_Gauff,Coco Gauff,0.1956521739130435,0.2608695652173913,0.5434782608695652
20240706-W-Wimbledon_Juniors-R64-Hannah_Klugman-Vittoria_Paganetti,Hannah Klugman,0.2631578947368421,0.24561403508771928,0.49122807017543857
20240706-W-Wimbledon_Juniors-R64-Hannah_Klugman-Vittoria_Paganetti,Vittoria Paganetti,0.3230769230769231,0.18461538461538463,0.49230769230769234
20240706-W-Wimbledon-R32-Liudmila_Samsonova-Anna_Kalinskaya,Liudmila Samsonova,0.22641509433962265,0.16981132075471697,0.6037735849056604
20240706-W-Wimbledon-R32-Liudmila_Samsonova-Anna_Kalinskaya,Anna Kalinskaya,0.2857142857142857,0.2571428571428571,0.45714285714285713
20240706-W-Wimbledon-R32-Iga_Swiatek-Yulia_Putintseva,Iga Swiatek,0.3670886075949367,0.17721518987341772,0.45569620253164556
20240706-W-Wimbledon-R32-Iga_Swiatek-Yulia_Putintseva,Yulia Putintseva,0.38,0.38,0.24
20240706-W-Wimbledon-R32-Elina_Svitolina-Ons_Jabeur,Elina Svitolina,0.4634146341463415,0.21951219512195122,0.3170731707317073
20240706-W-Wimbledon-R32-Elina_Svitolina-Ons_Jabeur,Ons Jabeur,0.3559322033898305,0.11864406779661017,0.5084745762711864
20240706-W-Wimbledon-R32-Elena_Rybakina-Caroline_Wozniacki,Elena Rybakina,0.48936170212765956,0.19148936170212766,0.3191489361702128
20240706-W-Wimbledon-R32-Elena_Rybakina-Caroline_Wozniacki,Caroline Wozniacki,0.3333333333333333,0.08333333333333333,0.5833333333333334
20240705-W-Wimbledon-R32-Marta_Kostyuk-Madison_Keys,Marta Kostyuk,0.2926829268292683,0.2926829268292683,0.4146341463414634
20240705-W-Wimbledon-R32-Marta_Kostyuk-Madison_Keys,Madison Keys,0.46,0.26,0.28
20240705-W-Wimbledon-R32-Maria_Sakkari-Emma_Raducanu,Maria Sakkari,0.2857142857142857,0.19642857142857142,0.5
20240705-W-Wimbledon-R32-Maria_Sakkari-Emma_Raducanu,Emma Raducanu,0.3225806451612903,0.3225806451612903,0.3548387096774194
20240705-W-Wimbledon-R32-Jasmine_Paolini-Bianca_Andreescu,Jasmine Paolini,0.3076923076923077,0.4230769230769231,0.2692307692307692
20240705-W-Wimbledon-R32-Jasmine_Paolini-Bianca_Andreescu,Bianca Andreescu,0.38095238095238093,0.19047619047619047,0.42857142857142855
20240705-W-Wimbledon-R32-Emma_Navarro-Diana_Shnaider,Emma Navarro,0.32786885245901637,0.16393442622950818,0.5081967213114754
20240705-W-Wimbledon-R32-Emma_Navarro-Diana_Shnaider,Diana Shnaider,0.2571428571428571,0.24285714285714285,0.5
20240705-W-ITF_Amstelveen-QF-Petra_Hule-Berfu_Cengiz,Petra Hule,0.35294117647058826,0.23529411764705882,0.4117647058823529
20240705-W-ITF_Amstelveen-QF-Petra_Hule-Berfu_Cengiz,Berfu Cengiz,0.5777777777777777,0.26666666666666666,0.15555555555555556
20240704-W-Wimbledon-R64-Paula_Badosa-Brenda_Fruhvirtova,Paula Badosa,0.4,0.2857142857142857,0.3142857142857143
20240704-W-Wimbledon-R64-Paula_Badosa-Brenda_Fruhvirtova,Brenda Fruhvirtova,0.1590909090909091,0.36363636363636365,0.4772727272727273
20240704-W-Wimbledon-R64-Liudmila_Samsonova-Elina_Avanesyan,Liudmila Samsonova,0.43243243243243246,0.21621621621621623,0.35135135135135137
20240704-W-Wimbledon-R64-Liudmila_Samsonova-Elina_Avanesyan,Elina Avanesyan,0.2777777777777778,0.25,0.4722222222222222
20240704-W-Wimbledon-R64-Iga_Swiatek-Petra_Martic,Iga Swiatek,0.4418604651162791,0.20930232558139536,0.3488372093023256
20240704-W-Wimbledon-R64-Iga_Swiatek-Petra_Martic,Petra Martic,0.25,0.16666666666666666,0.5555555555555556
20240704-W-Wimbledon-R64-Caroline_Wozniacki-Leylah_Fernandez,Caroline Wozniacki,0.2545454545454545,0.43636363636363634,0.3090909090909091
20240704-W-Wimbledon-R64-Caroline_Wozniacki-Leylah_Fernandez,Leylah Fernandez,0.4020618556701031,0.1958762886597938,0.4020618556701031
20240704-W-Wimbledon-R64-Anna_Kalinskaya-Marie_Bouzkova,Anna Kalinskaya,0.38461538461538464,0.24615384615384617,0.35384615384615387
20240704-W-Wimbledon-R64-Anna_Kalinskaya-Marie_Bouzkova,Marie Bouzkova,0.27586206896551724,0.27586206896551724,0.4482758620689655
20240703-W-Wimbledon-R64-Jasmine_Paolini-Greet_Minnen,Jasmine Paolini,0.39436619718309857,0.29577464788732394,0.30985915492957744
20240703-W-Wimbledon-R64-Jasmine_Paolini-Greet_Minnen,Greet Minnen,0.4,0.18,0.42
20240703-W-Wimbledon-R64-Emma_Raducanu-Elise_Mertens,Emma Raducanu,0.46153846153846156,0.15384615384615385,0.358974358974359
20240703-W-Wimbledon-R64-Emma_Raducanu-Elise_Mertens,Elise Mertens,0.34210526315789475,0.13157894736842105,0.5263157894736842
20240703-W-Wimbledon-R64-Bianca_Andreescu-Linda_Noskova,Bianca Andreescu,0.5,0.20833333333333334,0.2916666666666667
20240703-W-Wimbledon-R64-Bianca_Andreescu-Linda_Noskova,Linda Noskova,0.2549019607843137,0.2549019607843137,0.49019607843137253
20240703-W-Wimbledon-R64-Anca_Alexia_Todoni-Coco_Gauff,Anca Alexia Todoni,0.14285714285714285,0.2857142857142857,0.5714285714285714
20240703-W-Wimbledon-R64-Anca_Alexia_Todoni-Coco_Gauff,Coco Gauff,0.25806451612903225,0.41935483870967744,0.3225806451612903
20240702-W-Wimbledon-R128-Leylah_Fernandez-Lucia_Bronzetti,Leylah Fernandez,0.3684210526315789,0.3508771929824561,0.2807017543859649
20240702-W-Wimbledon-R128-Leylah_Fernandez-Lucia_Bronzetti,Lucia Bronzetti,0.21052631578947367,0.42105263157894735,0.3684210526315789
20240702-W-Wimbledon-R128-Iga_Swiatek-Sofia_Kenin,Iga Swiatek,0.2777777777777778,0.2222222222222222,0.5
20240702-W-Wimbledon-R128-Iga_Swiatek-Sofia_Kenin,Sofia Kenin,0.1794871794871795,0.15384615384615385,0.6410256410256411
20240702-W-Wimbledon-R128-Elena_Rybakina-Elena_Gabriela_Ruse,Elena Rybakina,0.28888888888888886,0.4666666666666667,0.24444444444444444
20240702-W-Wimbledon-R128-Elena_Rybakina-Elena_Gabriela_Ruse,Elena Gabriela Ruse,0.3333333333333333,0.2962962962962963,0.37037037037037035
20240702-W-Wimbledon-R128-Anna_Kalinskaya-Panna_Udvardy,Anna Kalinskaya,0.32558139534883723,0.3488372093023256,0.32558139534883723
20240702-W-Wimbledon-R128-Anna_Kalinskaya-Panna_Udvardy,Panna Udvardy,0.27586206896551724,0.20689655172413793,0.5172413793103449
20240702-W-Wimbledon-R128-Alycia_Parks-Caroline_Wozniacki,Alycia Parks,0.2727272727272727,0.09090909090909091,0.6363636363636364
20240702-W-Wimbledon-R128-Alycia_Parks-Caroline_Wozniacki,Caroline Wozniacki,0.3,0.5,0.2
20240701-W-Wimbledon-R128-Renata_Zarazua-Emma_Raducanu,Renata Zarazua,0.21666666666666667,0.2,0.5833333333333334
20240701-W-Wimbledon-R128-Renata_Zarazua-Emma_Raducanu,Emma Raducanu,0.26785714285714285,0.21428571428571427,0.5178571428571429
20240701-W-Wimbledon-R128-Maria_Sakkari-Mccartney_Kessler,Maria Sakkari,0.34615384615384615,0.25,0.40384615384615385
20240701-W-Wimbledon-R128-Maria_Sakkari-Mccartney_Kessler,Mccartney Kessler,0.045454545454545456,0.22727272727272727,0.6818181818181818
20240701-W-Wimbledon-R128-Lulu_Sun-Qinwen_Zheng,Lulu Sun,0.425531914893617,0.2978723404255319,0.2765957446808511
20240701-W-Wimbledon-R128-Lulu_Sun-Qinwen_Zheng,Qinwen Zheng,0.4222222222222222,0.26666666666666666,0.3111111111111111
20240701-W-Wimbledon-R128-Jaqueline_Cristian-Bianca_Andreescu,Jaqueline Cristian,0.3793103448275862,0.13793103448275862,0.4827586206896552
20240701-W-Wimbledon-R128-Jaqueline_Cristian-Bianca_Andreescu,Bianca Andreescu,0.3469387755102041,0.3469387755102041,0.30612244897959184
20240701-W-Wimbledon-R128-Elsa_Jacquemot-Sloane_Stephens,Elsa Jacquemot,0.2608695652173913,0.21739130434782608,0.5217391304347826
20240701-W-Wimbledon-R128-Elsa_Jacquemot-Sloane_Stephens,Sloane Stephens,0.5,0.21739130434782608,0.2826086956521739
20240701-W-Wimbledon-R128-Anca_Alexia_Todoni-Olga_Danilovic,Anca Alexia Todoni,0.3023255813953488,0.2558139534883721,0.4418604651162791
20240701-W-Wimbledon-R128-Anca_Alexia_Todoni-Olga_Danilovic,Olga Danilovic,0.13636363636363635,0.18181818181818182,0.6818181818181818
20240630-W-W50_Palma_Del_Rio-F-Linda_Klimovicova-Leonie_Kung,Linda Klimovicova,0.3157894736842105,0.3333333333333333,0.3508771929824561
20240630-W-W50_Palma_Del_Rio-F-Linda_Klimovicova-Leonie_Kung,Leonie Kung,0.37254901960784315,0.21568627450980393,0.4117647058823529
20240628-W-W50_Palma_Del_Rio-QF-Nahia_Berecoechea-Leonie_Kung,Nahia Berecoechea,0.37735849056603776,0.11320754716981132,0.5094339622641509
20240628-W-W50_Palma_Del_Rio-QF-Nahia_Berecoechea-Leonie_Kung,Leonie Kung,0.2978723404255319,0.2765957446808511,0.425531914893617
20240628-W-W50_Palma_Del_Rio-QF-Caroline_Uebelhoer-Linda_Klimovicova,Caroline Uebelhoer,0.4262295081967213,0.14754098360655737,0.4262295081967213
20240628-W-W50_Palma_Del_Rio-QF-Caroline_Uebelhoer-Linda_Klimovicova,Linda Klimovicova,0.5333333333333333,0.16666666666666666,0.3
20240627-W-W50_Palma_Del_Rio-R16-Radka_Zelnickova-Anastasiia_Gureva,Radka Zelnickova,0.3409090909090909,0.20454545454545456,0.45454545454545453
20240627-W-W50_Palma_Del_Rio-R16-Radka_Zelnickova-Anastasiia_Gureva,Anastasiia Gureva,0.34210526315789475,0.34210526315789475,0.3157894736842105
20240626-W-Wimbledon-Q2-Kayla_Day-Amarni_Banks,Kayla Day,0.3611111111111111,0.3611111111111111,0.2777777777777778
20240626-W-Wimbledon-Q2-Kayla_Day-Amarni_Banks,Amarni Banks,0.4791666666666667,0.2708333333333333,0.25
20240626-W-W50_Palma_Del_Rio-R16-Linda_Klimovicova-Madison_Sieg,Linda Klimovicova,0.49122807017543857,0.21052631578947367,0.2982456140350877
20240626-W-W50_Palma_Del_Rio-R16-Linda_Klimovicova-Madison_Sieg,Madison Sieg,0.5813953488372093,0.11627906976744186,0.3023255813953488
20240626-W-Eastbourne-R16-Emma_Raducanu-Jessica_Pegula,Emma Raducanu,0.29545454545454547,0.23863636363636365,0.4659090909090909
20240626-W-Eastbourne-R16-Emma_Raducanu-Jessica_Pegula,Jessica Pegula,0.37662337662337664,0.19480519480519481,0.42857142857142855
20240625-W-Wimbledon-Q1-Olivia_Gadecki-Maria_Timofeeva,Olivia Gadecki,0.3170731707317073,0.43902439024390244,0.24390243902439024
20240625-W-Wimbledon-Q1-Olivia_Gadecki-Maria_Timofeeva,Maria Timofeeva,0.16666666666666666,0.3333333333333333,0.5
20240625-W-W50_Palma_Del_Rio-R32-Nahia_Berecoechea-Manon_Leonard,Nahia Berecoechea,0.4918032786885246,0.16393442622950818,0.3442622950819672
20240625-W-W50_Palma_Del_Rio-R32-Nahia_Berecoechea-Manon_Leonard,Manon Leonard,0.288135593220339,0.1864406779661017,0.5254237288135594
20240625-W-ITF_Otocec-F-Victoria_Jimenez_Kasintseva-Anouk_Koevermans,Victoria Jimenez Kasintseva,0.24761904761904763,0.2857142857142857,0.4666666666666667
20240625-W-ITF_Otocec-F-Victoria_Jimenez_Kasintseva-Anouk_Koevermans,Anouk Koevermans,0.25,0.25,0.5
20240625-W-Bad_Homburg-R32-Caroline_Wozniacki-Elina_Svitolina,Caroline Wozniacki,0.3157894736842105,0.35526315789473684,0.32894736842105265
20240625-W-Bad_Homburg-R32-Caroline_Wozniacki-Elina_Svitolina,Elina Svitolina,0.37333333333333335,0.2,0.4266666666666667
20240624-W-W50_Palma_Del_Rio-R32-Martyna_Kubka-Linda_Klimovicova,Martyna Kubka,0.4222222222222222,0.13333333333333333,0.4444444444444444
20240624-W-W50_Palma_Del_Rio-R32-Martyna_Kubka-Linda_Klimovicova,Linda Klimovicova,0.46153846153846156,0.4230769230769231,0.11538461538461539
20240624-W-W50_Palma_Del_Rio-Q2-Fangran_Tian-Elena_Micic,Fangran Tian,0.3333333333333333,0.28888888888888886,0.37777777777777777
20240624-W-W50_Palma_Del_Rio-Q2-Fangran_Tian-Elena_Micic,Elena Micic,0.36585365853658536,0.21951219512195122,0.4146341463414634
20240624-W-Bad_Homburg-R32-Bianca_Andreescu-Anna_Blinkova,Bianca Andreescu,0.29411764705882354,0.3235294117647059,0.38235294117647056
20240624-W-Bad_Homburg-R32-Bianca_Andreescu-Anna_Blinkova,Anna Blinkova,0.3953488372093023,0.3488372093023256,0.2558139534883721
20240623-W-W50_Palma_Del_Rio-Q1-Radka_Zelnickova-Alice_Ferlito,Radka Zelnickova,0.3,0.3,0.4
20240623-W-W50_Palma_Del_Rio-Q1-Radka_Zelnickova-Alice_Ferlito,Alice Ferlito,0.15151515151515152,0.24242424242424243,0.6060606060606061
20240621-W-Birmingham-QF-Anastasia_Potapova-Barbora_Krejcikova,Anastasia Potapova,0.36666666666666664,0.26666666666666666,0.36666666666666664
20240621-W-Birmingham-QF-Anastasia_Potapova-Barbora_Krejcikova,Barbora Krejcikova,0.1875,0.3125,0.5
20240620-W-Berlin-R16-Elena_Rybakina-Veronika_Kudermetova,Elena Rybakina,0.20634920634920634,0.15873015873015872,0.6190476190476191
20240620-W-Berlin-R16-Elena_Rybakina-Veronika_Kudermetova,Veronika Kudermetova,0.2222222222222222,0.06666666666666667,0.7111111111111111
20240619-W-Berlin-R16-Victoria_Azarenka-Zeynep_Sonmez,Victoria Azarenka,0.38095238095238093,0.30952380952380953,0.30952380952380953
20240619-W-Berlin-R16-Victoria_Azarenka-Zeynep_Sonmez,Zeynep Sonmez,0.29411764705882354,0.21568627450980393,0.49019607843137253
20240617-W-Birmingham-R32-Anastasia_Potapova-Elina_Avanesyan,Anastasia Potapova,0.3142857142857143,0.12857142857142856,0.5571428571428572
20240617-W-Birmingham-R32-Anastasia_Potapova-Elina_Avanesyan,Elina Avanesyan,0.20512820512820512,0.1282051282051282,0.6410256410256411
20240617-W-Berlin-R32-Emma_Navarro-Katerina_Siniakova,Emma Navarro,0.2608695652173913,0.13043478260869565,0.6086956521739131
20240617-W-Berlin-R32-Emma_Navarro-Katerina_Siniakova,Katerina Siniakova,0.32,0.2,0.48
20240616-W-s_Hertogenbosch-F-Liudmila_Samsonova-Bianca_Andreescu,Liudmila Samsonova,0.37362637362637363,0.24175824175824176,0.38461538461538464
20240616-W-s_Hertogenbosch-F-Liudmila_Samsonova-Bianca_Andreescu,Bianca Andreescu,0.28,0.3,0.42
20240615-W-s_Hertogenbosch-SF-Dalma_Galfi-Bianca_Andreescu,Dalma Galfi,0.28846153846153844,0.21153846153846154,0.5
20240615-W-s_Hertogenbosch-SF-Dalma_Galfi-Bianca_Andreescu,Bianca Andreescu,0.32608695652173914,0.32608695652173914,0.34782608695652173
20240614-W-s_Hertogenbosch-QF-Naomi_Osaka-Bianca_Andreescu,Naomi Osaka,0.3291139240506329,0.24050632911392406,0.43037974683544306
20240614-W-s_Hertogenbosch-QF-Naomi_Osaka-Bianca_Andreescu,Bianca Andreescu,0.3191489361702128,0.2553191489361702,0.425531914893617
20240614-W-s_Hertogenbosch-QF-Dalma_Galfi-Aleksandra_Krunic,Dalma Galfi,0.4339622641509434,0.18867924528301888,0.37735849056603776
20240614-W-s_Hertogenbosch-QF-Dalma_Galfi-Aleksandra_Krunic,Aleksandra Krunic,0.375,0.275,0.35
20240613-W-s_Hertogenbosch-R16-Celine_Naef-Liudmila_Samsonova,Celine Naef,0.24242424242424243,0.18181818181818182,0.5757575757575758
20240613-W-s_Hertogenbosch-R16-Celine_Naef-Liudmila_Samsonova,Liudmila Samsonova,0.2708333333333333,0.3541666666666667,0.375
20240612-W-s_Hertogenbosch-R16-Yue_Yuan-Bianca_Andreescu,Yue Yuan,0.24390243902439024,0.17073170731707318,0.5853658536585366
20240612-W-s_Hertogenbosch-R16-Yue_Yuan-Bianca_Andreescu,Bianca Andreescu,0.44680851063829785,0.10638297872340426,0.44680851063829785
20240611-W-s_Hertogenbosch-R32-Bianca_Andreescu-Eva_Vedder,Bianca Andreescu,0.47692307692307695,0.16923076923076924,0.35384615384615387
20240611-W-s_Hertogenbosch-R32-Bianca_Andreescu-Eva_Vedder,Eva Vedder,0.2857142857142857,0.2653061224489796,0.4489795918367347
20240611-W-Nottingham-R32-Ashlyn_Krueger-Yafan_Wang,Ashlyn Krueger,0.38,0.16,0.42
20240611-W-Nottingham-R32-Ashlyn_Krueger-Yafan_Wang,Yafan Wang,0.2702702702702703,0.16216216216216217,0.5675675675675675
20240608-W-Roland_Garros-F-Iga_Swiatek-Jasmine_Paolini,Iga Swiatek,0.3953488372093023,0.27906976744186046,0.32558139534883723
20240608-W-Roland_Garros-F-Iga_Swiatek-Jasmine_Paolini,Jasmine Paolini,0.17142857142857143,0.2,0.6285714285714286
20240606-W-Roland_Garros-SF-Jasmine_Paolini-Mirra_Andreeva,Jasmine Paolini,0.35,0.2,0.45
20240606-W-Roland_Garros-SF-Jasmine_Paolini-Mirra_Andreeva,Mirra Andreeva,0.20833333333333334,0.20833333333333334,0.5833333333333334
20240606-W-Roland_Garros-SF-Coco_Gauff-Iga_Swiatek,Coco Gauff,0.39344262295081966,0.03278688524590164,0.5737704918032787
20240606-W-Roland_Garros-SF-Coco_Gauff-Iga_Swiatek,Iga Swiatek,0.25,0.25,0.5
20240605-W-Roland_Garros-QF-Aryna_Sabalenka-Mirra_Andreeva,Aryna Sabalenka,0.3978494623655914,0.12903225806451613,0.4731182795698925
20240605-W-Roland_Garros-QF-Aryna_Sabalenka-Mirra_Andreeva,Mirra Andreeva,0.5416666666666666,0.05555555555555555,0.4027777777777778
20240604-W-Roland_Garros-QF-Iga_Swiatek-Marketa_Vondrousova,Iga Swiatek,0.4807692307692308,0.28846153846153844,0.23076923076923078
20240604-W-Roland_Garros-QF-Iga_Swiatek-Marketa_Vondrousova,Marketa Vondrousova,0.4444444444444444,0.1111111111111111,0.4444444444444444
20240604-W-Roland_Garros-QF-Coco_Gauff-Ons_Jabeur,Coco Gauff,0.29310344827586204,0.29310344827586204,0.41379310344827586
20240604-W-Roland_Garros-QF-Coco_Gauff-Ons_Jabeur,Ons Jabeur,0.3132530120481928,0.21686746987951808,0.46987951807228917
20240603-W-Roland_Garros-R16-Varvara_Gracheva-Mirra_Andreeva,Varvara Gracheva,0.28846153846153844,0.17307692307692307,0.5384615384615384
20240603-W-Roland_Garros-R16-Varvara_Gracheva-Mirra_Andreeva,Mirra Andreeva,0.3269230769230769,0.21153846153846154,0.46153846153846156
20240603-W-Roland_Garros-R16-Jasmine_Paolini-Elina_Avanesyan,Jasmine Paolini,0.3118279569892473,0.20430107526881722,0.4838709677419355
20240603-W-Roland_Garros-R16-Jasmine_Paolini-Elina_Avanesyan,Elina Avanesyan,0.15254237288135594,0.22033898305084745,0.6271186440677966
20240603-W-Roland_Garros-R16-Emma_Navarro-Aryna_Sabalenka,Emma Navarro,0.45454545454545453,0.22727272727272727,0.3181818181818182
20240603-W-Roland_Garros-R16-Emma_Navarro-Aryna_Sabalenka,Aryna Sabalenka,0.5178571428571429,0.21428571428571427,0.26785714285714285
20240603-W-Roland_Garros-R16-Elina_Svitolina-Elena_Rybakina,Elina Svitolina,0.2222222222222222,0.25925925925925924,0.5185185185185185
20240603-W-Roland_Garros-R16-Elina_Svitolina-Elena_Rybakina,Elena Rybakina,0.4230769230769231,0.1346153846153846,0.4423076923076923
20240602-W-Roland_Garros-R32-Peyton_Stearns-Mirra_Andreeva,Peyton Stearns,0.42857142857142855,0.14285714285714285,0.42857142857142855
20240602-W-Roland_Garros-R32-Peyton_Stearns-Mirra_Andreeva,Mirra Andreeva,0.5142857142857142,0.22857142857142856,0.2571428571428571
20240602-W-Roland_Garros-R16-Olga_Danilovic-Marketa_Vondrousova,Olga Danilovic,0.2962962962962963,0.12962962962962962,0.5740740740740741
20240602-W-Roland_Garros-R16-Olga_Danilovic-Marketa_Vondrousova,Marketa Vondrousova,0.45,0.175,0.375
20240602-W-Roland_Garros-R16-Iga_Swiatek-Anastasia_Potapova,Iga Swiatek,0.4166666666666667,0.4583333333333333,0.125
20240602-W-Roland_Garros-R16-Iga_Swiatek-Anastasia_Potapova,Anastasia Potapova,0.25,0.05,0.7
20240602-W-Roland_Garros-R16-Coco_Gauff-Elisabetta_Cocciaretto,Coco Gauff,0.4411764705882353,0.2647058823529412,0.29411764705882354
20240602-W-Roland_Garros-R16-Coco_Gauff-Elisabetta_Cocciaretto,Elisabetta Cocciaretto,0.2413793103448276,0.13793103448275862,0.6206896551724138
20240602-W-Roland_Garros-R16-Clara_Tauson-Ons_Jabeur,Clara Tauson,0.2033898305084746,0.3220338983050847,0.4745762711864407
20240602-W-Roland_Garros-R16-Clara_Tauson-Ons_Jabeur,Ons Jabeur,0.40350877192982454,0.19298245614035087,0.40350877192982454
20240601-W-Roland_Garros-R32-Jasmine_Paolini-Bianca_Andreescu,Jasmine Paolini,0.4528301886792453,0.3018867924528302,0.24528301886792453
20240601-W-Roland_Garros-R32-Jasmine_Paolini-Bianca_Andreescu,Bianca Andreescu,0.417910447761194,0.1791044776119403,0.40298507462686567
20240601-W-Roland_Garros-R32-Elena_Rybakina-Elise_Mertens,Elena Rybakina,0.44680851063829785,0.2765957446808511,0.2765957446808511
20240601-W-Roland_Garros-R32-Elena_Rybakina-Elise_Mertens,Elise Mertens,0.4642857142857143,0.25,0.2857142857142857
20240531-W-Roland_Garros-R32-Olga_Danilovic-Donna_Vekic,Olga Danilovic,0.37142857142857144,0.18095238095238095,0.44761904761904764
20240531-W-Roland_Garros-R32-Olga_Danilovic-Donna_Vekic,Donna Vekic,0.3263157894736842,0.2736842105263158,0.4
20240531-W-Roland_Garros-R32-Marie_Bouzkova-Iga_Swiatek,Marie Bouzkova,0.4642857142857143,0.21428571428571427,0.32142857142857145
20240531-W-Roland_Garros-R32-Marie_Bouzkova-Iga_Swiatek,Iga Swiatek,0.484375,0.234375,0.28125
20240531-W-Roland_Garros-R32-Clara_Tauson-Sofia_Kenin,Clara Tauson,0.42857142857142855,0.16071428571428573,0.4107142857142857
20240531-W-Roland_Garros-R32-Clara_Tauson-Sofia_Kenin,Sofia Kenin,0.47540983606557374,0.09836065573770492,0.4262295081967213
20240530-W-Roland_Garros-R64-Victoria_Azarenka-Mirra_Andreeva,Victoria Azarenka,0.41237113402061853,0.1958762886597938,0.3917525773195876
20240530-W-Roland_Garros-R64-Victoria_Azarenka-Mirra_Andreeva,Mirra Andreeva,0.390625,0.28125,0.328125
20240530-W-Roland_Garros-R64-Diane_Parry-Elina_Svitolina,Diane Parry,0.4393939393939394,0.09090909090909091,0.4696969696969697
20240530-W-Roland_Garros-R64-Diane_Parry-Elina_Svitolina,Elina Svitolina,0.3770491803278688,0.21311475409836064,0.4098360655737705
20240530-W-Roland_Garros-R64-Danielle_Collins-Olga_Danilovic,Danielle Collins,0.34146341463414637,0.4146341463414634,0.24390243902439024
20240530-W-Roland_Garros-R64-Danielle_Collins-Olga_Danilovic,Olga Danilovic,0.45161290322580644,0.2903225806451613,0.25806451612903225
20240530-W-Roland_Garros-R64-Anna_Kalinskaya-Bianca_Andreescu,Anna Kalinskaya,0.379746835443038,0.189873417721519,0.43037974683544306
20240530-W-Roland_Garros-R64-Anna_Kalinskaya-Bianca_Andreescu,Bianca Andreescu,0.4,0.18666666666666668,0.41333333333333333
20240529-W-Roland_Garros-R64-Naomi_Osaka-Iga_Swiatek,Naomi Osaka,0.4329896907216495,0.14432989690721648,0.422680412371134
20240529-W-Roland_Garros-R64-Naomi_Osaka-Iga_Swiatek,Iga Swiatek,0.41975308641975306,0.2222222222222222,0.35802469135802467
20240529-W-Roland_Garros-R64-Caroline_Garcia-Sofia_Kenin,Caroline Garcia,0.375,0.25,0.375
20240529-W-Roland_Garros-R64-Caroline_Garcia-Sofia_Kenin,Sofia Kenin,0.5555555555555556,0.24444444444444444,0.2
20240528-W-Roland_Garros-R128-Peyton_Stearns-Lucija_Ciric_Bagaric,Peyton Stearns,0.35106382978723405,0.24468085106382978,0.40425531914893614
20240528-W-Roland_Garros-R128-Peyton_Stearns-Lucija_Ciric_Bagaric,Lucija Ciric Bagaric,0.3563218390804598,0.16091954022988506,0.4827586206896552
20240528-W-Roland_Garros-R128-Magdalena_Frech-Daria_Kasatkina,Magdalena Frech,0.3148148148148148,0.18518518518518517,0.5
20240528-W-Roland_Garros-R128-Magdalena_Frech-Daria_Kasatkina,Daria Kasatkina,0.34,0.3,0.36
20240528-W-Roland_Garros-R128-Arantxa_Rus-Angelique_Kerber,Arantxa Rus,0.4426229508196721,0.14754098360655737,0.4098360655737705
20240528-W-Roland_Garros-R128-Arantxa_Rus-Angelique_Kerber,Angelique Kerber,0.26,0.18,0.56
20240527-W-Roland_Garros-R128-Sara_Sorribes_Tormo-Bianca_Andreescu,Sara Sorribes Tormo,0.38095238095238093,0.3333333333333333,0.2857142857142857
20240527-W-Roland_Garros-R128-Sara_Sorribes_Tormo-Bianca_Andreescu,Bianca Andreescu,0.4942528735632184,0.21839080459770116,0.28735632183908044
20240527-W-Roland_Garros-R128-Leolia_Jeanjean-Iga_Swiatek,Leolia Jeanjean,0.2,0.5,0.3
20240527-W-Roland_Garros-R128-Leolia_Jeanjean-Iga_Swiatek,Iga Swiatek,0.46296296296296297,0.2037037037037037,0.3333333333333333
20240527-W-Roland_Garros-R128-Karolina_Pliskova-Elina_Svitolina,Karolina Pliskova,0.3620689655172414,0.13793103448275862,0.5
20240527-W-Roland_Garros-R128-Karolina_Pliskova-Elina_Svitolina,Elina Svitolina,0.2714285714285714,0.2571428571428571,0.4714285714285714
20240527-W-Roland_Garros-R128-Clara_Burel-Anna_Kalinskaya,Clara Burel,0.36,0.14666666666666667,0.49333333333333335
20240527-W-Roland_Garros-R128-Clara_Burel-Anna_Kalinskaya,Anna Kalinskaya,0.28735632183908044,0.28735632183908044,0.42528735632183906
20240527-W-Roland_Garros-R128-Alize_Cornet-Qinwen_Zheng,Alize Cornet,0.25925925925925924,0.2962962962962963,0.4444444444444444
20240527-W-Roland_Garros-R128-Alize_Cornet-Qinwen_Zheng,Qinwen Zheng,0.4166666666666667,0.25,0.3333333333333333
20240525-W-Rabat-F-Peyton_Stearns-Mayar_Sherif,Peyton Stearns,0.34146341463414637,0.1951219512195122,0.4634146341463415
20240525-W-Rabat-F-Peyton_Stearns-Mayar_Sherif,Mayar Sherif,0.1875,0.14583333333333334,0.6666666666666666
20240524-W-Roland_Garros-Q3-Olivia_Gadecki-Julia_Avdeeva,Olivia Gadecki,0.358974358974359,0.28205128205128205,0.358974358974359
20240524-W-Roland_Garros-Q3-Olivia_Gadecki-Julia_Avdeeva,Julia Avdeeva,0.423728813559322,0.23728813559322035,0.3389830508474576
20240522-W-Strasbourg-R16-Magda_Linette-Ekaterina_Alexandrova,Magda Linette,0.3225806451612903,0.3870967741935484,0.2903225806451613
20240522-W-Strasbourg-R16-Magda_Linette-Ekaterina_Alexandrova,Ekaterina Alexandrova,0.37962962962962965,0.26851851851851855,0.35185185185185186
20240522-W-Strasbourg-R16-Danielle_Collins-Katerina_Siniakova,Danielle Collins,0.45714285714285713,0.3142857142857143,0.22857142857142856
20240522-W-Strasbourg-R16-Danielle_Collins-Katerina_Siniakova,Katerina Siniakova,0.23529411764705882,0.17647058823529413,0.5882352941176471
20240522-W-Roland_Garros-Q2-Olga_Danilovic-Kimberly_Birrell,Olga Danilovic,0.38596491228070173,0.2631578947368421,0.3508771929824561
20240522-W-Roland_Garros-Q2-Olga_Danilovic-Kimberly_Birrell,Kimberly Birrell,0.40425531914893614,0.2553191489361702,0.3404255319148936
20240522-W-Roland_Garros-Q2-Dominika_Salkova-Raluka_Serban,Dominika Salkova,0.36633663366336633,0.15841584158415842,0.4752475247524752
20240522-W-Roland_Garros-Q2-Dominika_Salkova-Raluka_Serban,Raluka Serban,0.358695652173913,0.10869565217391304,0.532608695652174
20240521-W-Rabat-R32-Mayar_Sherif-Aya_El_Aouni,Mayar Sherif,0.4838709677419355,0.24193548387096775,0.27419354838709675
20240521-W-Rabat-R32-Mayar_Sherif-Aya_El_Aouni,Aya El Aouni,0.2962962962962963,0.25925925925925924,0.4444444444444444
20240515-W-Rome-QF-Danielle_Collins-Victoria_Azarenka,Danielle Collins,0.4375,0.2708333333333333,0.2916666666666667
20240515-W-Rome-QF-Danielle_Collins-Victoria_Azarenka,Victoria Azarenka,0.3333333333333333,0.3333333333333333,0.3333333333333333
20240512-W-Rome-R32-Elina_Svitolina-Anna_Kalinskaya,Elina Svitolina,0.5263157894736842,0.21052631578947367,0.2631578947368421
20240512-W-Rome-R32-Elina_Svitolina-Anna_Kalinskaya,Anna Kalinskaya,0.4090909090909091,0.2727272727272727,0.3181818181818182
20240511-W-Rome-R32-Naomi_Osaka-Daria_Kasatkina,Naomi Osaka,0.373134328358209,0.13432835820895522,0.4925373134328358
20240511-W-Rome-R32-Naomi_Osaka-Daria_Kasatkina,Daria Kasatkina,0.3333333333333333,0.030303030303030304,0.6363636363636364
20240511-W-Rome-R32-Linda_Noskova-Qinwen_Zheng,Linda Noskova,0.13636363636363635,0.4090909090909091,0.45454545454545453
20240511-W-Rome-R32-Linda_Noskova-Qinwen_Zheng,Qinwen Zheng,0.29411764705882354,0.3235294117647059,0.38235294117647056
20240510-W-Rome-R64-Sara_Errani-Elina_Svitolina,Sara Errani,0.2692307692307692,0.15384615384615385,0.5769230769230769
20240510-W-Rome-R64-Sara_Errani-Elina_Svitolina,Elina Svitolina,0.4461538461538462,0.16923076923076924,0.38461538461538464
20240510-W-Rome-R64-Katie_Boulter-Rebecca_Sramkova,Katie Boulter,0.325,0.2375,0.4375
20240510-W-Rome-R64-Katie_Boulter-Rebecca_Sramkova,Rebecca Sramkova,0.26229508196721313,0.3442622950819672,0.39344262295081966
20240510-W-Rome-R64-Danielle_Collins-Anna_Blinkova,Danielle Collins,0.4444444444444444,0.2962962962962963,0.25925925925925924
20240510-W-Rome-R64-Danielle_Collins-Anna_Blinkova,Anna Blinkova,0.47058823529411764,0.29411764705882354,0.23529411764705882
20240510-W-Rome-R64-Anna_Kalinskaya-Clara_Tauson,Anna Kalinskaya,0.40350877192982454,0.15789473684210525,0.43859649122807015
20240510-W-Rome-R64-Anna_Kalinskaya-Clara_Tauson,Clara Tauson,0.3023255813953488,0.16279069767441862,0.5348837209302325
20240509-W-Rome-R64-Naomi_Osaka-Marta_Kostyuk,Naomi Osaka,0.3541666666666667,0.2708333333333333,0.375
20240509-W-Rome-R64-Naomi_Osaka-Marta_Kostyuk,Marta Kostyuk,0.28205128205128205,0.1794871794871795,0.5384615384615384
20240509-W-Rome-R64-Iga_Swiatek-Bernarda_Pera,Iga Swiatek,0.2391304347826087,0.5217391304347826,0.2391304347826087
20240509-W-Rome-R64-Iga_Swiatek-Bernarda_Pera,Bernarda Pera,0.28205128205128205,0.3333333333333333,0.38461538461538464
20240509-W-Rome-R64-Angelique_Kerber-Veronika_Kudermetova,Angelique Kerber,0.2903225806451613,0.3870967741935484,0.3225806451612903
20240509-W-Rome-R64-Angelique_Kerber-Veronika_Kudermetova,Veronika Kudermetova,0.275,0.175,0.55
20240509-W-Rome-R128-Georgia_Pedone-Rebecca_Sramkova,Georgia Pedone,0.11764705882352941,0.20588235294117646,0.6764705882352942
20240509-W-Rome-R128-Georgia_Pedone-Rebecca_Sramkova,Rebecca Sramkova,0.375,0.20833333333333334,0.4166666666666667
20240508-W-Rome-R128-Sofia_Kenin-Lucia_Bronzetti,Sofia Kenin,0.43283582089552236,0.208955223880597,0.3582089552238806
20240508-W-Rome-R128-Sofia_Kenin-Lucia_Bronzetti,Lucia Bronzetti,0.2894736842105263,0.18421052631578946,0.5263157894736842
20240507-W-Rome-R128-Yue_Yuan-Xin_Yu_Wang,Yue Yuan,0.2875,0.175,0.5375
20240507-W-Rome-R128-Yue_Yuan-Xin_Yu_Wang,Xin Yu Wang,0.3655913978494624,0.24731182795698925,0.3870967741935484
20240507-W-Rome-R128-Paula_Badosa-Mirra_Andreeva,Paula Badosa,0.4375,0.20833333333333334,0.3541666666666667
20240507-W-Rome-R128-Paula_Badosa-Mirra_Andreeva,Mirra Andreeva,0.3584905660377358,0.16981132075471697,0.4716981132075472
20240507-W-Rome-R128-Lucrezia_Stefanini-Vittoria_Paganetti,Lucrezia Stefanini,0.20408163265306123,0.20408163265306123,0.5918367346938775
20240507-W-Rome-R128-Lucrezia_Stefanini-Vittoria_Paganetti,Vittoria Paganetti,0.16393442622950818,0.19672131147540983,0.639344262295082
20240507-W-Rome-R128-Leylah_Fernandez-Ana_Bogdan,Leylah Fernandez,0.36507936507936506,0.25396825396825395,0.38095238095238093
20240507-W-Rome-R128-Leylah_Fernandez-Ana_Bogdan,Ana Bogdan,0.28125,0.5625,0.15625
20240501-W-Madrid-QF-Aryna_Sabalenka-Mirra_Andreeva,Aryna Sabalenka,0.532258064516129,0.22580645161290322,0.24193548387096775
20240501-W-Madrid-QF-Aryna_Sabalenka-Mirra_Andreeva,Mirra Andreeva,0.4,0.32,0.24
20240430-W-Madrid-QF-Madison_Keys-Ons_Jabeur,Madison Keys,0.3103448275862069,0.22413793103448276,0.46551724137931033
20240430-W-Madrid-QF-Madison_Keys-Ons_Jabeur,Ons Jabeur,0.30612244897959184,0.1836734693877551,0.5102040816326531
20240430-W-Madrid-QF-Iga_Swiatek-Beatriz_Haddad_Maia,Iga Swiatek,0.29577464788732394,0.2112676056338028,0.49295774647887325
20240430-W-Madrid-QF-Iga_Swiatek-Beatriz_Haddad_Maia,Beatriz Haddad Maia,0.19672131147540983,0.19672131147540983,0.5901639344262295
20240429-W-Madrid-R16-Sara_Bejlek-Elena_Rybakina,Sara Bejlek,0.4186046511627907,0.11627906976744186,0.4883720930232558
20240429-W-Madrid-R16-Sara_Bejlek-Elena_Rybakina,Elena Rybakina,0.3333333333333333,0.19298245614035087,0.45614035087719296
20240428-W-Madrid-R32-Jasmine_Paolini-Caroline_Garcia,Jasmine Paolini,0.38235294117647056,0.47058823529411764,0.14705882352941177
20240428-W-Madrid-R32-Jasmine_Paolini-Caroline_Garcia,Caroline Garcia,0.40540540540540543,0.21621621621621623,0.3783783783783784
20240427-W-Madrid-R32-Victoria_Azarenka-Sara_Sorribes_Tormo,Victoria Azarenka,0.3739130434782609,0.16521739130434782,0.4608695652173913
20240427-W-Madrid-R32-Victoria_Azarenka-Sara_Sorribes_Tormo,Sara Sorribes Tormo,0.5555555555555556,0.17777777777777778,0.26666666666666666
20240426-W-Madrid-R64-Mirra_Andreeva-Linda_Noskova,Mirra Andreeva,0.417910447761194,0.16417910447761194,0.417910447761194
20240426-W-Madrid-R64-Mirra_Andreeva-Linda_Noskova,Linda Noskova,0.4230769230769231,0.08974358974358974,0.48717948717948717
20240424-W-Madrid-R128-Sara_Errani-Caroline_Wozniacki,Sara Errani,0.42857142857142855,0.2,0.37142857142857144
20240424-W-Madrid-R128-Sara_Errani-Caroline_Wozniacki,Caroline Wozniacki,0.4318181818181818,0.15151515151515152,0.4166666666666667
20240424-W-Madrid-R128-Emma_Raducanu-Maria_Lourdes_Carle,Emma Raducanu,0.29411764705882354,0.23529411764705882,0.47058823529411764
20240424-W-Madrid-R128-Emma_Raducanu-Maria_Lourdes_Carle,Maria Lourdes Carle,0.5151515151515151,0.36363636363636365,0.12121212121212122
20240424-W-Madrid-R128-Ashlyn_Krueger-Nao_Hibino,Ashlyn Krueger,0.29508196721311475,0.21311475409836064,0.4918032786885246
20240424-W-Madrid-R128-Ashlyn_Krueger-Nao_Hibino,Nao Hibino,0.35,0.1,0.55
20240423-W-Madrid-R128-Tatjana_Maria-Peyton_Stearns,Tatjana Maria,0.2037037037037037,0.4074074074074074,0.3888888888888889
20240423-W-Madrid-R128-Tatjana_Maria-Peyton_Stearns,Peyton Stearns,0.37142857142857144,0.19285714285714287,0.4357142857142857
20240423-W-Madrid-R128-Elina_Avanesyan-Robin_Montgomery,Elina Avanesyan,0.32432432432432434,0.05405405405405406,0.6216216216216216
20240423-W-Madrid-R128-Elina_Avanesyan-Robin_Montgomery,Robin Montgomery,0.5454545454545454,0.06818181818181818,0.38636363636363635
20240421-W-Stuttgart-F-Marta_Kostyuk-Elena_Rybakina,Marta Kostyuk,0.4482758620689655,0.13793103448275862,0.41379310344827586
20240421-W-Stuttgart-F-Marta_Kostyuk-Elena_Rybakina,Elena Rybakina,0.3191489361702128,0.3404255319148936,0.3404255319148936
20240421-W-Rouen-F-Magda_Linette-Sloane_Stephens,Magda Linette,0.32323232323232326,0.15151515151515152,0.5252525252525253
20240421-W-Rouen-F-Magda_Linette-Sloane_Stephens,Sloane Stephens,0.42,0.16,0.42
20240420-W-Stuttgart-SF-Marta_Kostyuk-Marketa_Vondrousova,Marta Kostyuk,0.3918918918918919,0.10810810810810811,0.5
20240420-W-Stuttgart-SF-Marta_Kostyuk-Marketa_Vondrousova,Marketa Vondrousova,0.2558139534883721,0.09302325581395349,0.6511627906976745
20240420-W-Stuttgart-SF-Elena_Rybakina-Iga_Swiatek,Elena Rybakina,0.3783783783783784,0.33783783783783783,0.28378378378378377
20240420-W-Stuttgart-SF-Elena_Rybakina-Iga_Swiatek,Iga Swiatek,0.3780487804878049,0.3780487804878049,0.24390243902439024
20240419-W-Stuttgart-QF-Iga_Swiatek-Emma_Raducanu,Iga Swiatek,0.3815789473684211,0.27631578947368424,0.34210526315789475
20240419-W-Stuttgart-QF-Iga_Swiatek-Emma_Raducanu,Emma Raducanu,0.38,0.12,0.5
20240419-W-Stuttgart-QF-Coco_Gauff-Marta_Kostyuk,Coco Gauff,0.2,0.28888888888888886,0.5111111111111111
20240419-W-Stuttgart-QF-Coco_Gauff-Marta_Kostyuk,Marta Kostyuk,0.3402061855670103,0.18556701030927836,0.4742268041237113
20240419-W-Rouen-QF-Anhelina_Kalinina-Mirra_Andreeva,Anhelina Kalinina,0.35714285714285715,0.19642857142857142,0.44642857142857145
20240419-W-Rouen-QF-Anhelina_Kalinina-Mirra_Andreeva,Mirra Andreeva,0.32,0.08,0.6
20240418-W-Stuttgart-R16-Marta_Kostyuk-Qinwen_Zheng,Marta Kostyuk,0.35,0.2125,0.4375
20240418-W-Stuttgart-R16-Marta_Kostyuk-Qinwen_Zheng,Qinwen Zheng,0.24691358024691357,0.25925925925925924,0.49382716049382713
20240418-W-Stuttgart-R16-Jasmine_Paolini-Ons_Jabeur,Jasmine Paolini,0.30357142857142855,0.375,0.32142857142857145
20240418-W-Stuttgart-R16-Jasmine_Paolini-Ons_Jabeur,Ons Jabeur,0.4307692307692308,0.1076923076923077,0.46153846153846156
20240417-W-Stuttgart-R32-Marta_Kostyuk-Laura_Siegemund,Marta Kostyuk,0.3368421052631579,0.14736842105263157,0.5157894736842106
20240417-W-Stuttgart-R32-Marta_Kostyuk-Laura_Siegemund,Laura Siegemund,0.3333333333333333,0.12962962962962962,0.5370370370370371
20240417-W-Rouen-R16-Elina_Avanesyan-Mirra_Andreeva,Elina Avanesyan,0.26229508196721313,0.09836065573770492,0.639344262295082
20240417-W-Rouen-R16-Elina_Avanesyan-Mirra_Andreeva,Mirra Andreeva,0.27419354838709675,0.14516129032258066,0.5806451612903226
20240416-W-Stuttgart-R32-Sorana_Cirstea-Qinwen_Zheng,Sorana Cirstea,0.2647058823529412,0.2647058823529412,0.47058823529411764
20240416-W-Stuttgart-R32-Sorana_Cirstea-Qinwen_Zheng,Qinwen Zheng,0.3953488372093023,0.3023255813953488,0.3023255813953488
20240416-W-Stuttgart-R32-Marketa_Vondrousova-Donna_Vekic,Marketa Vondrousova,0.41025641025641024,0.10256410256410256,0.48717948717948717
20240416-W-Stuttgart-R32-Marketa_Vondrousova-Donna_Vekic,Donna Vekic,0.4166666666666667,0.0625,0.5208333333333334
20240416-W-Stuttgart-R32-Jelena_Ostapenko-Linda_Noskova,Jelena Ostapenko,0.4318181818181818,0.18181818181818182,0.38636363636363635
20240416-W-Stuttgart-R32-Jelena_Ostapenko-Linda_Noskova,Linda Noskova,0.625,0.2916666666666667,0.08333333333333333
20240415-W-Stuttgart-R32-Barbora_Krejcikova-Veronika_Kudermetova,Barbora Krejcikova,0.3076923076923077,0.12087912087912088,0.5714285714285714
20240415-W-Stuttgart-R32-Barbora_Krejcikova-Veronika_Kudermetova,Veronika Kudermetova,0.29213483146067415,0.10112359550561797,0.6067415730337079
20240415-W-Rouen-R32-Peyton_Stearns-Sloane_Stephens,Peyton Stearns,0.3333333333333333,0.1388888888888889,0.5277777777777778
20240415-W-Rouen-R32-Peyton_Stearns-Sloane_Stephens,Sloane Stephens,0.2830188679245283,0.20754716981132076,0.5094339622641509
20240415-W-Rouen-R32-Nadia_Podoroska-Mirra_Andreeva,Nadia Podoroska,0.17142857142857143,0.11428571428571428,0.7142857142857143
20240415-W-Rouen-R32-Nadia_Podoroska-Mirra_Andreeva,Mirra Andreeva,0.5294117647058824,0.11764705882352941,0.35294117647058826
20240407-W-Charleston-F-Danielle_Collins-Daria_Kasatkina,Danielle Collins,0.47368421052631576,0.19736842105263158,0.32894736842105265
20240407-W-Charleston-F-Danielle_Collins-Daria_Kasatkina,Daria Kasatkina,0.42105263157894735,0.10526315789473684,0.47368421052631576
20240407-W-Bogota-F-Camila_Osorio-Marie_Bouzkova,Camila Osorio,0.3972602739726027,0.136986301369863,0.4657534246575342
20240407-W-Bogota-F-Camila_Osorio-Marie_Bouzkova,Marie Bouzkova,0.30612244897959184,0.14285714285714285,0.5510204081632653
20240406-W-Charleston-SF-Jessica_Pegula-Daria_Kasatkina,Jessica Pegula,0.37719298245614036,0.09649122807017543,0.5263157894736842
20240406-W-Charleston-SF-Jessica_Pegula-Daria_Kasatkina,Daria Kasatkina,0.31313131313131315,0.13131313131313133,0.5555555555555556
20240406-W-Charleston-SF-Danielle_Collins-Maria_Sakkari,Danielle Collins,0.2978723404255319,0.0425531914893617,0.6595744680851063
20240406-W-Charleston-SF-Danielle_Collins-Maria_Sakkari,Maria Sakkari,0.25,0.05555555555555555,0.6944444444444444
20240405-W-Charleston-QF-Victoria_Azarenka-Jessica_Pegula,Victoria Azarenka,0.37681159420289856,0.3188405797101449,0.30434782608695654
20240405-W-Charleston-QF-Victoria_Azarenka-Jessica_Pegula,Jessica Pegula,0.4430379746835443,0.17721518987341772,0.379746835443038
20240405-W-Charleston-QF-Maria_Sakkari-Veronika_Kudermetova,Maria Sakkari,0.38235294117647056,0.11764705882352941,0.5
20240405-W-Charleston-QF-Maria_Sakkari-Veronika_Kudermetova,Veronika Kudermetova,0.18181818181818182,0.09090909090909091,0.7272727272727273
20240404-W-Charleston-R32-Daria_Saville-Elina_Svitolina,Daria Saville,0.3170731707317073,0.0975609756097561,0.5853658536585366
20240404-W-Charleston-R32-Daria_Saville-Elina_Svitolina,Elina Svitolina,0.3898305084745763,0.13559322033898305,0.4745762711864407
20240404-W-Charleston-R32-Danielle_Collins-Ons_Jabeur,Danielle Collins,0.2247191011235955,0.2808988764044944,0.4943820224719101
20240404-W-Charleston-R32-Danielle_Collins-Ons_Jabeur,Ons Jabeur,0.3548387096774194,0.0967741935483871,0.5483870967741935
20240404-W-Charleston-R16-Magda_Linette-Jessica_Pegula,Magda Linette,0.13793103448275862,0.06896551724137931,0.7931034482758621
20240404-W-Charleston-R16-Magda_Linette-Jessica_Pegula,Jessica Pegula,0.425,0.125,0.45
20240404-W-Charleston-R16-Elise_Mertens-Elina_Svitolina,Elise Mertens,0.3793103448275862,0.1724137931034483,0.4482758620689655
20240404-W-Charleston-R16-Elise_Mertens-Elina_Svitolina,Elina Svitolina,0.28,0.06,0.66
20240403-W-Charleston-R32-Emma_Navarro-Katie_Volynets,Emma Navarro,0.4117647058823529,0.21568627450980393,0.37254901960784315
20240403-W-Charleston-R32-Emma_Navarro-Katie_Volynets,Katie Volynets,0.24324324324324326,0.05405405405405406,0.7027027027027027
20240403-W-Charleston-R32-Ashlyn_Krueger-Daria_Kasatkina,Ashlyn Krueger,0.35526315789473684,0.13157894736842105,0.5131578947368421
20240403-W-Charleston-R32-Ashlyn_Krueger-Daria_Kasatkina,Daria Kasatkina,0.39285714285714285,0.16071428571428573,0.44642857142857145
20240402-W-Charleston-R64-Taylor_Townsend-Sofia_Kenin,Taylor Townsend,0.4523809523809524,0.07142857142857142,0.47619047619047616
20240402-W-Charleston-R64-Taylor_Townsend-Sofia_Kenin,Sofia Kenin,0.34146341463414637,0.04878048780487805,0.6097560975609756
20240402-W-Charleston-R64-Kayla_Day-Caroline_Dolehide,Kayla Day,0.3283582089552239,0.04477611940298507,0.6268656716417911
20240402-W-Charleston-R64-Kayla_Day-Caroline_Dolehide,Caroline Dolehide,0.3181818181818182,0.10606060606060606,0.5757575757575758
20240402-W-Charleston-R32-Maria_Sakkari-Viktoriya_Tomova,Maria Sakkari,0.40384615384615385,0.1346153846153846,0.46153846153846156
20240402-W-Charleston-R32-Maria_Sakkari-Viktoriya_Tomova,Viktoriya Tomova,0.2631578947368421,0.10526315789473684,0.631578947368421
20240402-W-Charleston-R32-Amanda_Anisimova-Jessica_Pegula,Amanda Anisimova,0.4148936170212766,0.2553191489361702,0.32978723404255317
20240402-W-Charleston-R32-Amanda_Anisimova-Jessica_Pegula,Jessica Pegula,0.36666666666666664,0.48333333333333334,0.15
20240401-W-Charleston-R64-Caroline_Wozniacki-Mccartney_Kessler,Caroline Wozniacki,0.375,0.325,0.3
20240401-W-Charleston-R64-Caroline_Wozniacki-Mccartney_Kessler,Mccartney Kessler,0.12903225806451613,0.22580645161290322,0.6451612903225806
20240401-W-Charleston-R64-Arantxa_Rus-Katie_Volynets,Arantxa Rus,0.3474576271186441,0.16101694915254236,0.4915254237288136
20240401-W-Charleston-R64-Arantxa_Rus-Katie_Volynets,Katie Volynets,0.17757009345794392,0.3644859813084112,0.4485981308411215
20240328-W-Miami-SF-Victoria_Azarenka-Elena_Rybakina,Victoria Azarenka,0.45652173913043476,0.13043478260869565,0.41304347826086957
20240328-W-Miami-SF-Victoria_Azarenka-Elena_Rybakina,Elena Rybakina,0.38666666666666666,0.09333333333333334,0.52
20240328-W-Miami-SF-Danielle_Collins-Ekaterina_Alexandrova,Danielle Collins,0.38095238095238093,0.47619047619047616,0.14285714285714285
20240328-W-Miami-SF-Danielle_Collins-Ekaterina_Alexandrova,Ekaterina Alexandrova,0.45454545454545453,0.3181818181818182,0.22727272727272727
20240327-W-Miami-QF-Danielle_Collins-Caroline_Garcia,Danielle Collins,0.5128205128205128,0.23076923076923078,0.2564102564102564
20240327-W-Miami-QF-Danielle_Collins-Caroline_Garcia,Caroline Garcia,0.2857142857142857,0.17142857142857143,0.5428571428571428
20240326-W-Miami-QF-Elena_Rybakina-Maria_Sakkari,Elena Rybakina,0.30952380952380953,0.19047619047619047,0.5
20240326-W-Miami-QF-Elena_Rybakina-Maria_Sakkari,Maria Sakkari,0.3815789473684211,0.15789473684210525,0.4605263157894737
20240325-W-Miami-R16-Iga_Swiatek-Ekaterina_Alexandrova,Iga Swiatek,0.26666666666666666,0.4,0.3333333333333333
20240325-W-Miami-R16-Iga_Swiatek-Ekaterina_Alexandrova,Ekaterina Alexandrova,0.5609756097560976,0.24390243902439024,0.1951219512195122
20240325-W-Miami-R16-Emma_Navarro-Jessica_Pegula,Emma Navarro,0.2878787878787879,0.12121212121212122,0.5909090909090909
20240325-W-Miami-R16-Emma_Navarro-Jessica_Pegula,Jessica Pegula,0.21153846153846154,0.17307692307692307,0.6153846153846154
20240325-W-Miami-R16-Elena_Rybakina-Madison_Keys,Elena Rybakina,0.29411764705882354,0.3137254901960784,0.39215686274509803
20240325-W-Miami-R16-Elena_Rybakina-Madison_Keys,Madison Keys,0.39215686274509803,0.09803921568627451,0.5098039215686274
20240325-W-Miami-R16-Danielle_Collins-Sorana_Cirstea,Danielle Collins,0.3333333333333333,0.15789473684210525,0.5087719298245614
20240325-W-Miami-R16-Danielle_Collins-Sorana_Cirstea,Sorana Cirstea,0.225,0.1,0.675
20240325-W-Miami-R16-Caroline_Garcia-Coco_Gauff,Caroline Garcia,0.3333333333333333,0.15942028985507245,0.5072463768115942
20240325-W-Miami-R16-Caroline_Garcia-Coco_Gauff,Coco Gauff,0.17073170731707318,0.21951219512195122,0.6097560975609756
20240324-W-Miami-R32-Iga_Swiatek-Linda_Noskova,Iga Swiatek,0.4090909090909091,0.056818181818181816,0.5340909090909091
20240324-W-Miami-R32-Iga_Swiatek-Linda_Noskova,Linda Noskova,0.2911392405063291,0.08860759493670886,0.620253164556962
20240324-W-Miami-R32-Elina_Avanesyan-Danielle_Collins,Elina Avanesyan,0.14285714285714285,0.17857142857142858,0.6785714285714286
20240324-W-Miami-R32-Elina_Avanesyan-Danielle_Collins,Danielle Collins,0.38181818181818183,0.2,0.41818181818181815
20240324-W-Miami-R32-Coco_Gauff-Oceane_Dodin,Coco Gauff,0.5357142857142857,0.14285714285714285,0.32142857142857145
20240324-W-Miami-R32-Coco_Gauff-Oceane_Dodin,Oceane Dodin,0.25,0.175,0.575
20240323-W-Miami-R64-Maria_Timofeeva-Linda_Noskova,Maria Timofeeva,0.2857142857142857,0.14285714285714285,0.5714285714285714
20240323-W-Miami-R64-Maria_Timofeeva-Linda_Noskova,Linda Noskova,0.40816326530612246,0.1836734693877551,0.40816326530612246
20240323-W-Miami-R64-Danielle_Collins-Anastasia_Potapova,Danielle Collins,0.5909090909090909,0.06818181818181818,0.3409090909090909
20240323-W-Miami-R64-Danielle_Collins-Anastasia_Potapova,Anastasia Potapova,0.22727272727272727,0.0,0.7727272727272727
20240323-W-Miami-R64-Camila_Giorgi-Iga_Swiatek,Camila Giorgi,0.23333333333333334,0.1,0.6666666666666666
20240323-W-Miami-R64-Camila_Giorgi-Iga_Swiatek,Iga Swiatek,0.30303030303030304,0.24242424242424243,0.45454545454545453
20240323-W-Miami-R32-Elena_Rybakina-Taylor_Townsend,Elena Rybakina,0.3728813559322034,0.11864406779661017,0.5084745762711864
20240323-W-Miami-R32-Elena_Rybakina-Taylor_Townsend,Taylor Townsend,0.379746835443038,0.12658227848101267,0.4936708860759494
20240323-W-Miami-R32-Aryna_Sabalenka-Anhelina_Kalinina,Aryna Sabalenka,0.49411764705882355,0.07058823529411765,0.43529411764705883
20240323-W-Miami-R32-Aryna_Sabalenka-Anhelina_Kalinina,Anhelina Kalinina,0.34285714285714286,0.37142857142857144,0.2857142857142857
20240322-W-Miami-R64-Coco_Gauff-Nadia_Podoroska,Coco Gauff,0.35294117647058826,0.27450980392156865,0.37254901960784315
20240322-W-Miami-R64-Coco_Gauff-Nadia_Podoroska,Nadia Podoroska,0.2857142857142857,0.09523809523809523,0.6190476190476191
20240321-W-Miami-R64-Elena_Rybakina-Clara_Tauson,Elena Rybakina,0.4939759036144578,0.10843373493975904,0.39759036144578314
20240321-W-Miami-R64-Elena_Rybakina-Clara_Tauson,Clara Tauson,0.37142857142857144,0.18571428571428572,0.44285714285714284
20240321-W-Miami-R64-Caroline_Wozniacki-Anhelina_Kalinina,Caroline Wozniacki,0.3263157894736842,0.25263157894736843,0.42105263157894735
20240321-W-Miami-R64-Caroline_Wozniacki-Anhelina_Kalinina,Anhelina Kalinina,0.4117647058823529,0.17647058823529413,0.4117647058823529
20240321-W-ITF_Antalya-R16-Denisa_Hindova-Josy_Daems,Denisa Hindova,0.08,0.48,0.44
20240321-W-ITF_Antalya-R16-Denisa_Hindova-Josy_Daems,Josy Daems,0.125,0.23214285714285715,0.6428571428571429
20240320-W-Miami-R128-Sofia_Kenin-Katie_Volynets,Sofia Kenin,0.32075471698113206,0.2830188679245283,0.39622641509433965
20240320-W-Miami-R128-Sofia_Kenin-Katie_Volynets,Katie Volynets,0.5333333333333333,0.28888888888888886,0.17777777777777778
20240320-W-Miami-R128-Danielle_Collins-Bernarda_Pera,Danielle Collins,0.32786885245901637,0.3114754098360656,0.36065573770491804
20240320-W-Miami-R128-Danielle_Collins-Bernarda_Pera,Bernarda Pera,0.40816326530612246,0.10204081632653061,0.4897959183673469
20240320-W-Miami-R128-Arantxa_Rus-Sara_Sorribes_Tormo,Arantxa Rus,0.41818181818181815,0.23636363636363636,0.34545454545454546
20240320-W-Miami-R128-Arantxa_Rus-Sara_Sorribes_Tormo,Sara Sorribes Tormo,0.2727272727272727,0.21212121212121213,0.5151515151515151
20240319-W-Miami-R128-Hailey_Baptiste-Xin_Yu_Wang,Hailey Baptiste,0.3409090909090909,0.09090909090909091,0.5681818181818182
20240319-W-Miami-R128-Hailey_Baptiste-Xin_Yu_Wang,Xin Yu Wang,0.42105263157894735,0.23684210526315788,0.34210526315789475
20240319-W-Miami-R128-Clara_Tauson-Caroline_Dolehide,Clara Tauson,0.4909090909090909,0.18181818181818182,0.32727272727272727
20240319-W-Miami-R128-Clara_Tauson-Caroline_Dolehide,Caroline Dolehide,0.49019607843137253,0.13725490196078433,0.37254901960784315
20240319-W-Miami-R128-Caroline_Wozniacki-Clara_Burel,Caroline Wozniacki,0.375,0.425,0.2
20240319-W-Miami-R128-Caroline_Wozniacki-Clara_Burel,Clara Burel,0.3018867924528302,0.22641509433962265,0.4716981132075472
20240319-W-Miami-R128-Brenda_Fruhvirtova-Maria_Lourdes_Carle,Brenda Fruhvirtova,0.1891891891891892,0.21621621621621623,0.5945945945945946
20240319-W-Miami-R128-Brenda_Fruhvirtova-Maria_Lourdes_Carle,Maria Lourdes Carle,0.2631578947368421,0.05263157894736842,0.6842105263157895
20240315-W-Indian_Wells-SF-Coco_Gauff-Maria_Sakkari,Coco Gauff,0.18181818181818182,0.2727272727272727,0.5454545454545454
20240315-W-Indian_Wells-SF-Coco_Gauff-Maria_Sakkari,Maria Sakkari,0.38028169014084506,0.16901408450704225,0.4507042253521127
20240314-W-Indian_Wells-QF-Coco_Gauff-Yue_Yuan,Coco Gauff,0.37735849056603776,0.1320754716981132,0.49056603773584906
20240314-W-Indian_Wells-QF-Coco_Gauff-Yue_Yuan,Yue Yuan,0.27906976744186046,0.06976744186046512,0.6511627906976745
20240313-W-Indian_Wells-R16-Yue_Yuan-Daria_Kasatkina,Yue Yuan,0.31868131868131866,0.23076923076923078,0.45054945054945056
20240313-W-Indian_Wells-R16-Yue_Yuan-Daria_Kasatkina,Daria Kasatkina,0.2597402597402597,0.2727272727272727,0.4675324675324675
20240312-W-Indian_Wells-R16-Caroline_Wozniacki-Angelique_Kerber,Caroline Wozniacki,0.28888888888888886,0.28888888888888886,0.4222222222222222
20240312-W-Indian_Wells-R16-Caroline_Wozniacki-Angelique_Kerber,Angelique Kerber,0.3125,0.125,0.5625
20240310-W-Indian_Wells-R32-Caroline_Wozniacki-Katie_Volynets,Caroline Wozniacki,0.3246753246753247,0.3246753246753247,0.35064935064935066
20240310-W-Indian_Wells-R32-Caroline_Wozniacki-Katie_Volynets,Katie Volynets,0.29850746268656714,0.26865671641791045,0.43283582089552236
20240308-W-Indian_Wells-R64-Ons_Jabeur-Katie_Volynets,Ons Jabeur,0.2839506172839506,0.09876543209876543,0.6172839506172839
20240308-W-Indian_Wells-R64-Ons_Jabeur-Katie_Volynets,Katie Volynets,0.21875,0.15625,0.625
20240308-W-Indian_Wells-R64-Marta_Kostyuk-Mai_Hontama,Marta Kostyuk,0.42105263157894735,0.21052631578947367,0.3684210526315789
20240308-W-Indian_Wells-R64-Marta_Kostyuk-Mai_Hontama,Mai Hontama,0.3333333333333333,0.1875,0.4791666666666667
20240308-W-Indian_Wells-R64-Caroline_Wozniacki-Donna_Vekic,Caroline Wozniacki,0.3055555555555556,0.4722222222222222,0.2222222222222222
20240308-W-Indian_Wells-R64-Caroline_Wozniacki-Donna_Vekic,Donna Vekic,0.42105263157894735,0.17105263157894737,0.40789473684210525
20240307-W-Indian_Wells-R128-Naomi_Osaka-Sara_Errani,Naomi Osaka,0.38666666666666666,0.18666666666666668,0.4266666666666667
20240307-W-Indian_Wells-R128-Naomi_Osaka-Sara_Errani,Sara Errani,0.1875,0.125,0.6875
20240307-W-Indian_Wells-R128-Cristina_Bucsa-Caroline_Dolehide,Cristina Bucsa,0.23529411764705882,0.17647058823529413,0.5882352941176471
20240307-W-Indian_Wells-R128-Cristina_Bucsa-Caroline_Dolehide,Caroline Dolehide,0.21052631578947367,0.3684210526315789,0.42105263157894735
20240307-W-ITF_Trnava-R16-Anna_Bondar-Anastasia_Tikhonova,Anna Bondar,0.1935483870967742,0.3225806451612903,0.4838709677419355
20240307-W-ITF_Trnava-R16-Anna_Bondar-Anastasia_Tikhonova,Anastasia Tikhonova,0.42592592592592593,0.25925925925925924,0.3148148148148148
20240306-W-Indian_Wells-R128-Caroline_Wozniacki-Lin_Zhu,Caroline Wozniacki,0.30434782608695654,0.21739130434782608,0.4782608695652174
20240306-W-Indian_Wells-R128-Caroline_Wozniacki-Lin_Zhu,Lin Zhu,0.23943661971830985,0.15492957746478872,0.6056338028169014
20240306-W-ITF_Trnava-R32-Kimberly_Birrell-Anna_Bondar,Kimberly Birrell,0.4090909090909091,0.25,0.3409090909090909
20240306-W-ITF_Trnava-R32-Kimberly_Birrell-Anna_Bondar,Anna Bondar,0.28205128205128205,0.4358974358974359,0.28205128205128205
20240304-W-ITF_Trnava-Q1-Valentina_Ryser-Raluka_Serban,Valentina Ryser,0.5,0.2608695652173913,0.2391304347826087
20240304-W-ITF_Trnava-Q1-Valentina_Ryser-Raluka_Serban,Raluka Serban,0.2692307692307692,0.34615384615384615,0.38461538461538464
20240304-W-ITF_Trnava-Q1-Milana_Zhabrailova-Anastasia_Tikhonova,Milana Zhabrailova,0.09090909090909091,0.18181818181818182,0.7272727272727273
20240304-W-ITF_Trnava-Q1-Milana_Zhabrailova-Anastasia_Tikhonova,Anastasia Tikhonova,0.2553191489361702,0.3617021276595745,0.3829787234042553
20240301-W-San_Diego-QF-Emma_Navarro-Daria_Saville,Emma Navarro,0.2830188679245283,0.22641509433962265,0.49056603773584906
20240301-W-San_Diego-QF-Emma_Navarro-Daria_Saville,Daria Saville,0.2727272727272727,0.11363636363636363,0.6136363636363636
20240229-W-San_Diego-R16-Dayana_Yastremska-Anna_Blinkova,Dayana Yastremska,0.3148148148148148,0.18518518518518517,0.5
20240229-W-San_Diego-R16-Dayana_Yastremska-Anna_Blinkova,Anna Blinkova,0.25,0.4375,0.3125
20240228-W-ITF_Pretoria-R16-Nahia_Berecoechea-Alina_Charaeva,Nahia Berecoechea,0.2916666666666667,0.125,0.5833333333333334
20240228-W-ITF_Pretoria-R16-Nahia_Berecoechea-Alina_Charaeva,Alina Charaeva,0.3888888888888889,0.2777777777777778,0.3333333333333333
20240226-W-San_Diego-QF-Donna_Vekic-Katie_Boulter,Donna Vekic,0.25,0.075,0.675
20240226-W-San_Diego-QF-Donna_Vekic-Katie_Boulter,Katie Boulter,0.41509433962264153,0.11320754716981132,0.4716981132075472
20240224-W-Dubai-F-Jasmine_Paolini-Anna_Kalinskaya,Jasmine Paolini,0.3918918918918919,0.20270270270270271,0.40540540540540543
20240224-W-Dubai-F-Jasmine_Paolini-Anna_Kalinskaya,Anna Kalinskaya,0.3176470588235294,0.18823529411764706,0.49411764705882355
20240223-W-Dubai-SF-Iga_Swiatek-Anna_Kalinskaya,Iga Swiatek,0.3684210526315789,0.3333333333333333,0.2982456140350877
20240223-W-Dubai-SF-Iga_Swiatek-Anna_Kalinskaya,Anna Kalinskaya,0.24324324324324326,0.5135135135135135,0.24324324324324326
20240222-W-Dubai-QF-Sorana_Cirstea-Marketa_Vondrousova,Sorana Cirstea,0.3644859813084112,0.24299065420560748,0.3925233644859813
20240222-W-Dubai-QF-Sorana_Cirstea-Marketa_Vondrousova,Marketa Vondrousova,0.3855421686746988,0.25301204819277107,0.3614457831325301
20240222-W-Dubai-QF-Coco_Gauff-Anna_Kalinskaya,Coco Gauff,0.32894736842105265,0.3157894736842105,0.34210526315789475
20240222-W-Dubai-QF-Coco_Gauff-Anna_Kalinskaya,Anna Kalinskaya,0.3380281690140845,0.29577464788732394,0.36619718309859156
20240217-W-Doha-F-Iga_Swiatek-Elena_Rybakina,Iga Swiatek,0.3220338983050847,0.3050847457627119,0.3728813559322034
20240217-W-Doha-F-Iga_Swiatek-Elena_Rybakina,Elena Rybakina,0.17647058823529413,0.36764705882352944,0.45588235294117646
20240216-W-Doha-SF-Anastasia_Pavlyuchenkova-Elena_Rybakina,Anastasia Pavlyuchenkova,0.34146341463414637,0.3170731707317073,0.34146341463414637
20240216-W-Doha-SF-Anastasia_Pavlyuchenkova-Elena_Rybakina,Elena Rybakina,0.43636363636363634,0.23636363636363636,0.32727272727272727
20240215-W-Doha-QF-Victoria_Azarenka-Iga_Swiatek,Victoria Azarenka,0.17857142857142858,0.39285714285714285,0.42857142857142855
20240215-W-Doha-QF-Victoria_Azarenka-Iga_Swiatek,Iga Swiatek,0.4857142857142857,0.2857142857142857,0.22857142857142856
20240215-W-Doha-QF-Naomi_Osaka-Karolina_Pliskova,Naomi Osaka,0.4,0.3076923076923077,0.2923076923076923
20240215-W-Doha-QF-Naomi_Osaka-Karolina_Pliskova,Karolina Pliskova,0.43902439024390244,0.36585365853658536,0.1951219512195122
20240215-W-Doha-QF-Elena_Rybakina-Leylah_Fernandez,Elena Rybakina,0.37777777777777777,0.2222222222222222,0.4
20240215-W-Doha-QF-Elena_Rybakina-Leylah_Fernandez,Leylah Fernandez,0.34782608695652173,0.15217391304347827,0.5
20240215-W-Doha-QF-Anastasia_Pavlyuchenkova-Danielle_Collins,Anastasia Pavlyuchenkova,0.36363636363636365,0.20454545454545456,0.4318181818181818
20240215-W-Doha-QF-Anastasia_Pavlyuchenkova-Danielle_Collins,Danielle Collins,0.3968253968253968,0.1111111111111111,0.49206349206349204
20240213-W-Doha-R32-Leylah_Fernandez-Paula_Badosa,Leylah Fernandez,0.4032258064516129,0.3225806451612903,0.27419354838709675
20240213-W-Doha-R32-Leylah_Fernandez-Paula_Badosa,Paula Badosa,0.3076923076923077,0.40384615384615385,0.28846153846153844
20240213-W-Doha-R32-Elena_Rybakina-Lin_Zhu,Elena Rybakina,0.3684210526315789,0.18421052631578946,0.4473684210526316
20240213-W-Doha-R32-Elena_Rybakina-Lin_Zhu,Lin Zhu,0.3793103448275862,0.034482758620689655,0.5862068965517241
20240212-W-Doha-R16-Emma_Navarro-Elena_Rybakina,Emma Navarro,0.3103448275862069,0.20689655172413793,0.46551724137931033
20240212-W-Doha-R16-Emma_Navarro-Elena_Rybakina,Elena Rybakina,0.4639175257731959,0.10309278350515463,0.4329896907216495
20240210-W-Cluj_Napoca-SF-Harriet_Dart-Karolina_Pliskova,Harriet Dart,0.3333333333333333,0.2857142857142857,0.38095238095238093
20240210-W-Cluj_Napoca-SF-Harriet_Dart-Karolina_Pliskova,Karolina Pliskova,0.4444444444444444,0.24444444444444444,0.3111111111111111
20240210-W-Abu_Dhabi-SF-Beatriz_Haddad_Maia-Daria_Kasatkina,Beatriz Haddad Maia,0.313953488372093,0.12790697674418605,0.5581395348837209
20240210-W-Abu_Dhabi-SF-Beatriz_Haddad_Maia-Daria_Kasatkina,Daria Kasatkina,0.43434343434343436,0.09090909090909091,0.47474747474747475
20240207-W-Abu_Dhabi-R16-Emma_Raducanu-Ons_Jabeur,Emma Raducanu,0.24324324324324326,0.4864864864864865,0.2702702702702703
20240207-W-Abu_Dhabi-R16-Emma_Raducanu-Ons_Jabeur,Ons Jabeur,0.5294117647058824,0.21568627450980393,0.2549019607843137
20240205-W-Abu_Dhabi-R32-Marie_Bouzkova-Emma_Raducanu,Marie Bouzkova,0.46875,0.15625,0.375
20240205-W-Abu_Dhabi-R32-Marie_Bouzkova-Emma_Raducanu,Emma Raducanu,0.4107142857142857,0.32142857142857145,0.26785714285714285
20240203-W-Linz-SF-Jelena_Ostapenko-Anastasia_Pavlyuchenkova,Jelena Ostapenko,0.5555555555555556,0.08888888888888889,0.35555555555555557
20240203-W-Linz-SF-Jelena_Ostapenko-Anastasia_Pavlyuchenkova,Anastasia Pavlyuchenkova,0.37037037037037035,0.2222222222222222,0.4074074074074074
20240203-W-Linz-SF-Ekaterina_Alexandrova-Donna_Vekic,Ekaterina Alexandrova,0.3611111111111111,0.17592592592592593,0.46296296296296297
20240203-W-Linz-SF-Ekaterina_Alexandrova-Donna_Vekic,Donna Vekic,0.3787878787878788,0.15151515151515152,0.4696969696969697
20240201-W-Linz-R16-Anastasia_Potapova-Elisabetta_Cocciaretto,Anastasia Potapova,0.29310344827586204,0.2413793103448276,0.46551724137931033
20240201-W-Linz-R16-Anastasia_Potapova-Elisabetta_Cocciaretto,Elisabetta Cocciaretto,0.32098765432098764,0.32098765432098764,0.35802469135802467
20240130-W-Linz-R32-Angelique_Kerber-Lucia_Bronzetti,Angelique Kerber,0.2653061224489796,0.16326530612244897,0.5714285714285714
20240130-W-Linz-R32-Angelique_Kerber-Lucia_Bronzetti,Lucia Bronzetti,0.4642857142857143,0.25,0.2857142857142857
20240129-W-Hua_Hin-R32-Xiyu_Wang-Qiang_Wang,Xiyu Wang,0.4473684210526316,0.15789473684210525,0.39473684210526316
20240129-W-Hua_Hin-R32-Xiyu_Wang-Qiang_Wang,Qiang Wang,0.12,0.24,0.64
20240125-W-Australian_Open-SF-Dayana_Yastremska-Qinwen_Zheng,Dayana Yastremska,0.358974358974359,0.358974358974359,0.28205128205128205
20240125-W-Australian_Open-SF-Dayana_Yastremska-Qinwen_Zheng,Qinwen Zheng,0.21621621621621623,0.5135135135135135,0.2702702702702703
20240124-W-Australian_Open-QF-Dayana_Yastremska-Linda_Noskova,Dayana Yastremska,0.36363636363636365,0.20454545454545456,0.4318181818181818
20240124-W-Australian_Open-QF-Dayana_Yastremska-Linda_Noskova,Linda Noskova,0.058823529411764705,0.35294117647058826,0.5882352941176471
20240124-W-Australian_Open-QF-Anna_Kalinskaya-Qinwen_Zheng,Anna Kalinskaya,0.3076923076923077,0.19230769230769232,0.5
20240124-W-Australian_Open-QF-Anna_Kalinskaya-Qinwen_Zheng,Qinwen Zheng,0.35802469135802467,0.2345679012345679,0.4074074074074074
20240122-W-Australian_Open-R16-Qinwen_Zheng-Oceane_Dodin,Qinwen Zheng,0.42424242424242425,0.21212121212121213,0.36363636363636365
20240122-W-Australian_Open-R16-Qinwen_Zheng-Oceane_Dodin,Oceane Dodin,0.14814814814814814,0.2962962962962963,0.5555555555555556
20240121-W-Australian_Open-R16-Dayana_Yastremska-Victoria_Azarenka,Dayana Yastremska,0.410958904109589,0.3013698630136986,0.2876712328767123
20240121-W-Australian_Open-R16-Dayana_Yastremska-Victoria_Azarenka,Victoria Azarenka,0.2127659574468085,0.5106382978723404,0.2765957446808511
20240120-W-Australian_Open-R32-Victoria_Azarenka-Jelena_Ostapenko,Victoria Azarenka,0.38461538461538464,0.23076923076923078,0.38461538461538464
20240120-W-Australian_Open-R32-Victoria_Azarenka-Jelena_Ostapenko,Jelena Ostapenko,0.3695652173913043,0.21739130434782608,0.41304347826086957
20240120-W-Australian_Open-R32-Sloane_Stephens-Anna_Kalinskaya,Sloane Stephens,0.35454545454545455,0.3,0.34545454545454546
20240120-W-Australian_Open-R32-Sloane_Stephens-Anna_Kalinskaya,Anna Kalinskaya,0.4936708860759494,0.26582278481012656,0.24050632911392406
20240120-W-Australian_Open-R32-Iga_Swiatek-Linda_Noskova,Iga Swiatek,0.39705882352941174,0.14705882352941177,0.45588235294117646
20240120-W-Australian_Open-R32-Iga_Swiatek-Linda_Noskova,Linda Noskova,0.32857142857142857,0.17142857142857143,0.5
20240120-W-Australian_Open-R16-Marta_Kostyuk-Maria_Timofeeva,Marta Kostyuk,0.3953488372093023,0.3488372093023256,0.2558139534883721
20240120-W-Australian_Open-R16-Marta_Kostyuk-Maria_Timofeeva,Maria Timofeeva,0.3181818181818182,0.2727272727272727,0.4090909090909091
20240120-W-Australian_Open-R16-Magdalena_Frech-Coco_Gauff,Magdalena Frech,0.22727272727272727,0.09090909090909091,0.6818181818181818
20240120-W-Australian_Open-R16-Magdalena_Frech-Coco_Gauff,Coco Gauff,0.4444444444444444,0.24444444444444444,0.3111111111111111
20240119-W-Australian_Open-R32-Yafan_Wang-Qinwen_Zheng,Yafan Wang,0.3018867924528302,0.37735849056603776,0.32075471698113206
20240119-W-Australian_Open-R32-Yafan_Wang-Qinwen_Zheng,Qinwen Zheng,0.34210526315789475,0.3157894736842105,0.34210526315789475
20240119-W-Australian_Open-R32-Oceane_Dodin-Clara_Burel,Oceane Dodin,0.3225806451612903,0.3548387096774194,0.3225806451612903
20240119-W-Australian_Open-R32-Oceane_Dodin-Clara_Burel,Clara Burel,0.44,0.28,0.28
20240119-W-Australian_Open-R32-Jasmine_Paolini-Anna_Blinkova,Jasmine Paolini,0.39215686274509803,0.37254901960784315,0.23529411764705882
20240119-W-Australian_Open-R32-Jasmine_Paolini-Anna_Blinkova,Anna Blinkova,0.34,0.3,0.36
20240119-W-Australian_Open-R32-Diane_Parry-Mirra_Andreeva,Diane Parry,0.2804878048780488,0.1951219512195122,0.524390243902439
20240119-W-Australian_Open-R32-Diane_Parry-Mirra_Andreeva,Mirra Andreeva,0.38028169014084506,0.16901408450704225,0.4507042253521127
20240118-W-Australian_Open-R64-Katie_Boulter-Qinwen_Zheng,Katie Boulter,0.35135135135135137,0.32432432432432434,0.32432432432432434
20240118-W-Australian_Open-R64-Katie_Boulter-Qinwen_Zheng,Qinwen Zheng,0.2608695652173913,0.5,0.2391304347826087
20240118-W-Australian_Open-R64-Elena_Rybakina-Anna_Blinkova,Elena Rybakina,0.3,0.25555555555555554,0.4444444444444444
20240118-W-Australian_Open-R64-Elena_Rybakina-Anna_Blinkova,Anna Blinkova,0.2716049382716049,0.2222222222222222,0.5061728395061729
20240118-W-Australian_Open-R64-Danielle_Collins-Iga_Swiatek,Danielle Collins,0.31645569620253167,0.27848101265822783,0.4050632911392405
20240118-W-Australian_Open-R64-Danielle_Collins-Iga_Swiatek,Iga Swiatek,0.4025974025974026,0.18181818181818182,0.4155844155844156
20240118-W-Australian_Open-R64-Clara_Burel-Jessica_Pegula,Clara Burel,0.35,0.25,0.4
20240118-W-Australian_Open-R64-Clara_Burel-Jessica_Pegula,Jessica Pegula,0.1836734693877551,0.2653061224489796,0.5510204081632653
20240117-W-Australian_Open-R64-Ons_Jabeur-Mirra_Andreeva,Ons Jabeur,0.2,0.05714285714285714,0.7428571428571429
20240117-W-Australian_Open-R64-Ons_Jabeur-Mirra_Andreeva,Mirra Andreeva,0.3793103448275862,0.2413793103448276,0.3793103448275862
20240117-W-Australian_Open-R64-Marta_Kostyuk-Elise_Mertens,Marta Kostyuk,0.4725274725274725,0.24175824175824176,0.2857142857142857
20240117-W-Australian_Open-R64-Marta_Kostyuk-Elise_Mertens,Elise Mertens,0.3150684931506849,0.3287671232876712,0.3561643835616438
20240117-W-Australian_Open-R64-Beatriz_Haddad_Maia-Alina_Korneeva,Beatriz Haddad Maia,0.3103448275862069,0.4827586206896552,0.20689655172413793
20240117-W-Australian_Open-R64-Beatriz_Haddad_Maia-Alina_Korneeva,Alina Korneeva,0.1956521739130435,0.21739130434782608,0.5869565217391305
20240116-W-Australian_Open-R64-Coco_Gauff-Caroline_Dolehide,Coco Gauff,0.36363636363636365,0.3181818181818182,0.3181818181818182
20240116-W-Australian_Open-R64-Coco_Gauff-Caroline_Dolehide,Caroline Dolehide,0.24193548387096775,0.2903225806451613,0.46774193548387094
20240116-W-Australian_Open-R128-Iga_Swiatek-Sofia_Kenin,Iga Swiatek,0.5,0.12,0.38
20240116-W-Australian_Open-R128-Iga_Swiatek-Sofia_Kenin,Sofia Kenin,0.2807017543859649,0.22807017543859648,0.49122807017543857
20240116-W-Australian_Open-R128-Emma_Raducanu-Shelby_Rogers,Emma Raducanu,0.46153846153846156,0.3076923076923077,0.23076923076923078
20240116-W-Australian_Open-R128-Emma_Raducanu-Shelby_Rogers,Shelby Rogers,0.2682926829268293,0.24390243902439024,0.4878048780487805
20240115-W-Australian_Open-R128-Linda_Noskova-Marie_Bouzkova,Linda Noskova,0.48484848484848486,0.18181818181818182,0.3333333333333333
20240115-W-Australian_Open-R128-Linda_Noskova-Marie_Bouzkova,Marie Bouzkova,0.34210526315789475,0.2894736842105263,0.3684210526315789
20240115-W-Australian_Open-R128-Arantxa_Rus-Anhelina_Kalinina,Arantxa Rus,0.5,0.21052631578947367,0.2894736842105263
20240115-W-Australian_Open-R128-Arantxa_Rus-Anhelina_Kalinina,Anhelina Kalinina,0.1111111111111111,0.2962962962962963,0.5925925925925926
20240114-W-Australian_Open-R128-Fiona_Ferro-Mccartney_Kessler,Fiona Ferro,0.2948717948717949,0.1282051282051282,0.5769230769230769
20240114-W-Australian_Open-R128-Fiona_Ferro-Mccartney_Kessler,Mccartney Kessler,0.2857142857142857,0.21428571428571427,0.5
20240114-W-Australian_Open-R128-Elina_Avanesyan-Zhuoxuan_Bai,Elina Avanesyan,0.23376623376623376,0.22077922077922077,0.5454545454545454
20240114-W-Australian_Open-R128-Elina_Avanesyan-Zhuoxuan_Bai,Zhuoxuan Bai,0.20224719101123595,0.2247191011235955,0.5730337078651685
20240114-W-Australian_Open-R128-Coco_Gauff-Anna_Karolina_Schmiedlova,Coco Gauff,0.3055555555555556,0.3611111111111111,0.3333333333333333
20240114-W-Australian_Open-R128-Coco_Gauff-Anna_Karolina_Schmiedlova,Anna Karolina Schmiedlova,0.09090909090909091,0.18181818181818182,0.7272727272727273
20240114-W-Australian_Open-R128-Alina_Korneeva-Sara_Sorribes_Tormo,Alina Korneeva,0.43243243243243246,0.1981981981981982,0.36936936936936937
20240114-W-Australian_Open-R128-Alina_Korneeva-Sara_Sorribes_Tormo,Sara Sorribes Tormo,0.38235294117647056,0.2647058823529412,0.35294117647058826
20240113-W-Adelaide-F-Jelena_Ostapenko-Daria_Kasatkina,Jelena Ostapenko,0.4603174603174603,0.15873015873015872,0.38095238095238093
20240113-W-Adelaide-F-Jelena_Ostapenko-Daria_Kasatkina,Daria Kasatkina,0.391304347826087,0.13043478260869565,0.4782608695652174
20240112-W-Hobart-SF-Yue_Yuan-Emma_Navarro,Yue Yuan,0.24444444444444444,0.24444444444444444,0.5111111111111111
20240112-W-Hobart-SF-Yue_Yuan-Emma_Navarro,Emma Navarro,0.3877551020408163,0.2653061224489796,0.3469387755102041
20240112-W-Australian_Open-Q3-Maya_Joint-Dayana_Yastremska,Maya Joint,0.2391304347826087,0.2826086956521739,0.4782608695652174
20240112-W-Australian_Open-Q3-Maya_Joint-Dayana_Yastremska,Dayana Yastremska,0.30985915492957744,0.2112676056338028,0.4788732394366197
20240112-W-Adelaide-SF-Jelena_Ostapenko-Ekaterina_Alexandrova,Jelena Ostapenko,0.4177215189873418,0.21518987341772153,0.3670886075949367
20240112-W-Adelaide-SF-Jelena_Ostapenko-Ekaterina_Alexandrova,Ekaterina Alexandrova,0.48,0.12,0.4
20240111-W-Australian_Open-Q3-Anna_Bondar-Alina_Korneeva,Anna Bondar,0.28205128205128205,0.23076923076923078,0.48717948717948717
20240111-W-Australian_Open-Q3-Anna_Bondar-Alina_Korneeva,Alina Korneeva,0.2857142857142857,0.39285714285714285,0.32142857142857145
20240111-W-Australian_Open-Q2-Talia_Gibson-Brenda_Fruhvirtova,Talia Gibson,0.4074074074074074,0.19753086419753085,0.3950617283950617
20240111-W-Australian_Open-Q2-Talia_Gibson-Brenda_Fruhvirtova,Brenda Fruhvirtova,0.34545454545454546,0.23636363636363636,0.41818181818181815
20240111-W-Adelaide-QF-Elena_Rybakina-Ekaterina_Alexandrova,Elena Rybakina,0.28888888888888886,0.3333333333333333,0.37777777777777777
20240111-W-Adelaide-QF-Elena_Rybakina-Ekaterina_Alexandrova,Ekaterina Alexandrova,0.4489795918367347,0.30612244897959184,0.24489795918367346
20240110-W-Hobart-R16-Caroline_Dolehide-Lin_Zhu,Caroline Dolehide,0.39473684210526316,0.17105263157894737,0.4342105263157895
20240110-W-Hobart-R16-Caroline_Dolehide-Lin_Zhu,Lin Zhu,0.21818181818181817,0.36363636363636365,0.41818181818181815
20240109-W-Australian_Open-Q1-Rebecca_Marino-Ya_Yi_Yang,Rebecca Marino,0.20588235294117646,0.2647058823529412,0.5294117647058824
20240109-W-Australian_Open-Q1-Rebecca_Marino-Ya_Yi_Yang,Ya Yi Yang,0.22807017543859648,0.15789473684210525,0.6140350877192983
20240109-W-Australian_Open-Q1-Anna_Bondar-Su_Wei_Hsieh,Anna Bondar,0.36363636363636365,0.2727272727272727,0.36363636363636365
20240109-W-Australian_Open-Q1-Anna_Bondar-Su_Wei_Hsieh,Su Wei Hsieh,0.45901639344262296,0.18032786885245902,0.36065573770491804
20240107-W-United_Cup-F-Iga_Swiatek-Angelique_Kerber,Iga Swiatek,0.6,0.17777777777777778,0.2222222222222222
20240107-W-United_Cup-F-Iga_Swiatek-Angelique_Kerber,Angelique Kerber,0.3783783783783784,0.16216216216216217,0.4594594594594595
20240106-W-United_Cup-SF-Iga_Swiatek-Caroline_Garcia,Iga Swiatek,0.36538461538461536,0.3269230769230769,0.3076923076923077
20240106-W-United_Cup-SF-Iga_Swiatek-Caroline_Garcia,Caroline Garcia,0.3392857142857143,0.14285714285714285,0.5178571428571429
20240105-W-Brisbane-SF-Elena_Rybakina-Linda_Noskova,Elena Rybakina,0.3783783783783784,0.24324324324324326,0.3783783783783784
20240105-W-Brisbane-SF-Elena_Rybakina-Linda_Noskova,Linda Noskova,0.38235294117647056,0.11764705882352941,0.5
20240103-W-United_Cup-RR-Leylah_Fernandez-Maria_Sakkari,Leylah Fernandez,0.24193548387096775,0.3870967741935484,0.3709677419354839
20240103-W-United_Cup-RR-Leylah_Fernandez-Maria_Sakkari,Maria Sakkari,0.273972602739726,0.3835616438356164,0.3424657534246575
20240103-W-United_Cup-QF-Iga_Swiatek-Qinwen_Zheng,Iga Swiatek,0.24444444444444444,0.37777777777777777,0.37777777777777777
20240103-W-United_Cup-QF-Iga_Swiatek-Qinwen_Zheng,Qinwen Zheng,0.2727272727272727,0.20454545454545456,0.5227272727272727
20240102-W-United_Cup-RR-Marketa_Vondrousova-Olga_Danilovic,Marketa Vondrousova,0.35185185185185186,0.3148148148148148,0.3333333333333333
20240102-W-United_Cup-RR-Marketa_Vondrousova-Olga_Danilovic,Olga Danilovic,0.4027777777777778,0.16666666666666666,0.4305555555555556
20240102-W-United_Cup-RR-Jasmine_Paolini-Caroline_Garcia,Jasmine Paolini,0.26865671641791045,0.417910447761194,0.31343283582089554
20240102-W-United_Cup-RR-Jasmine_Paolini-Caroline_Garcia,Caroline Garcia,0.3111111111111111,0.3333333333333333,0.35555555555555557
20240101-W-United_Cup-RR-Iga_Swiatek-Sara_Sorribes_Tormo,Iga Swiatek,0.47619047619047616,0.19047619047619047,0.3333333333333333
20240101-W-United_Cup-RR-Iga_Swiatek-Sara_Sorribes_Tormo,Sara Sorribes Tormo,0.17391304347826086,0.21739130434782608,0.6086956521739131
20231231-W-United_Cup-RR-Olga_Danilovic-Qinwen_Zheng,Olga Danilovic,0.17142857142857143,0.37142857142857144,0.45714285714285713
20231231-W-United_Cup-RR-Olga_Danilovic-Qinwen_Zheng,Qinwen Zheng,0.23404255319148937,0.44680851063829785,0.3191489361702128
20231231-W-United_Cup-RR-Katie_Boulter-Jessica_Pegula,Katie Boulter,0.3684210526315789,0.2736842105263158,0.35789473684210527
20231231-W-United_Cup-RR-Katie_Boulter-Jessica_Pegula,Jessica Pegula,0.2777777777777778,0.3472222222222222,0.375
20231230-W-United_Cup-RR-Qinwen_Zheng-Marketa_Vondrousova,Qinwen Zheng,0.3275862068965517,0.25862068965517243,0.41379310344827586
20231230-W-United_Cup-RR-Qinwen_Zheng-Marketa_Vondrousova,Marketa Vondrousova,0.058823529411764705,0.3235294117647059,0.6176470588235294
20231230-W-United_Cup-RR-Leylah_Fernandez-Daniela_Seguel,Leylah Fernandez,0.35185185185185186,0.2962962962962963,0.35185185185185186
20231230-W-United_Cup-RR-Leylah_Fernandez-Daniela_Seguel,Daniela Seguel,0.15384615384615385,0.2692307692307692,0.5769230769230769
20231230-W-United_Cup-RR-Jasmine_Paolini-Angelique_Kerber,Jasmine Paolini,0.46987951807228917,0.20481927710843373,0.3253012048192771
20231230-W-United_Cup-RR-Jasmine_Paolini-Angelique_Kerber,Angelique Kerber,0.42105263157894735,0.21052631578947367,0.3684210526315789
20231230-W-United_Cup-RR-Beatriz_Haddad_Maia-Iga_Swiatek,Beatriz Haddad Maia,0.14705882352941177,0.2647058823529412,0.5882352941176471
20231230-W-United_Cup-RR-Beatriz_Haddad_Maia-Iga_Swiatek,Iga Swiatek,0.4222222222222222,0.26666666666666666,0.3111111111111111
20231229-W-United_Cup-RR-Ajla_Tomljanovic-Katie_Boulter,Ajla Tomljanovic,0.19230769230769232,0.4230769230769231,0.38461538461538464
20231229-W-United_Cup-RR-Ajla_Tomljanovic-Katie_Boulter,Katie Boulter,0.3333333333333333,0.3333333333333333,0.3333333333333333
20231217-W-Dutch_Championships-F-Annelin_Bakker-Suzan_Lamens,Annelin Bakker,0.2711864406779661,0.15254237288135594,0.576271186440678
20231217-W-Dutch_Championships-F-Annelin_Bakker-Suzan_Lamens,Suzan Lamens,0.3888888888888889,0.16666666666666666,0.4444444444444444
20231210-W-ITF_Dubai-F-Arianne_Hartono-Anastasia_Tikhonova,Arianne Hartono,0.16981132075471697,0.33962264150943394,0.49056603773584906
20231210-W-ITF_Dubai-F-Arianne_Hartono-Anastasia_Tikhonova,Anastasia Tikhonova,0.47619047619047616,0.19047619047619047,0.3333333333333333
20231128-W-ITF_Trnava-Q2-Elena_Milovanovic-Caijsa_Wilda_Hennemann,Elena Milovanovic,0.2391304347826087,0.3695652173913043,0.391304347826087
20231128-W-ITF_Trnava-Q2-Elena_Milovanovic-Caijsa_Wilda_Hennemann,Caijsa Wilda Hennemann,0.32558139534883723,0.20930232558139536,0.46511627906976744
20231118-W-ITF_Austin-SF-Chloe_Beck-Victoria_Jimenez_Kasintseva,Chloe Beck,0.27906976744186046,0.23255813953488372,0.4883720930232558
20231118-W-ITF_Austin-SF-Chloe_Beck-Victoria_Jimenez_Kasintseva,Victoria Jimenez Kasintseva,0.375,0.21428571428571427,0.4107142857142857
20231101-W-Cancun_Finals-RR-Iga_Swiatek-Coco_Gauff,Iga Swiatek,0.2631578947368421,0.18421052631578946,0.5526315789473685
20231101-W-Cancun_Finals-RR-Iga_Swiatek-Coco_Gauff,Coco Gauff,0.1276595744680851,0.2553191489361702,0.6170212765957447
20231031-W-ITF_Bratislava-Q2-Radka_Zelnickova-Aneta_Laboutkova,Radka Zelnickova,0.32727272727272727,0.18181818181818182,0.4909090909090909
20231031-W-ITF_Bratislava-Q2-Radka_Zelnickova-Aneta_Laboutkova,Aneta Laboutkova,0.39285714285714285,0.14285714285714285,0.4642857142857143
20231031-W-Cancun_Finals-RR-Maria_Sakkari-Elena_Rybakina,Maria Sakkari,0.323943661971831,0.2535211267605634,0.4225352112676056
20231031-W-Cancun_Finals-RR-Maria_Sakkari-Elena_Rybakina,Elena Rybakina,0.3333333333333333,0.36231884057971014,0.30434782608695654
20231030-W-Cancun_Finals-RR-Iga_Swiatek-Marketa_Vondrousova,Iga Swiatek,0.2962962962962963,0.25925925925925924,0.4444444444444444
20231030-W-Cancun_Finals-RR-Iga_Swiatek-Marketa_Vondrousova,Marketa Vondrousova,0.16216216216216217,0.16216216216216217,0.6756756756756757
20231002-W-Beijing-R64-Elena_Rybakina-Qinwen_Zheng,Elena Rybakina,0.2222222222222222,0.6111111111111112,0.16666666666666666
20231002-W-Beijing-R64-Elena_Rybakina-Qinwen_Zheng,Qinwen Zheng,0.36363636363636365,0.18181818181818182,0.45454545454545453
20230922-W-Guadalajara-SF-Maria_Sakkari-Caroline_Garcia,Maria Sakkari,0.21739130434782608,0.34782608695652173,0.43478260869565216
20230922-W-Guadalajara-SF-Maria_Sakkari-Caroline_Garcia,Caroline Garcia,0.19047619047619047,0.14285714285714285,0.6666666666666666
20230922-W-Guadalajara-SF-Caroline_Dolehide-Sofia_Kenin,Caroline Dolehide,0.43333333333333335,0.3333333333333333,0.23333333333333334
20230922-W-Guadalajara-SF-Caroline_Dolehide-Sofia_Kenin,Sofia Kenin,0.25,0.3333333333333333,0.4166666666666667
20230921-W-Guadalajara-QF-Leylah_Fernandez-Sofia_Kenin,Leylah Fernandez,0.4,0.38,0.22
20230921-W-Guadalajara-QF-Leylah_Fernandez-Sofia_Kenin,Sofia Kenin,0.2988505747126437,0.42528735632183906,0.27586206896551724
20230919-W-Guadalajara-R32-Leylah_Fernandez-Elise_Mertens,Leylah Fernandez,0.42857142857142855,0.19047619047619047,0.38095238095238093
20230919-W-Guadalajara-R32-Leylah_Fernandez-Elise_Mertens,Elise Mertens,0.18421052631578946,0.21052631578947367,0.6052631578947368
20230919-W-Guadalajara-R32-Anhelina_Kalinina-Sofia_Kenin,Anhelina Kalinina,0.2727272727272727,0.18181818181818182,0.5454545454545454
20230919-W-Guadalajara-R32-Anhelina_Kalinina-Sofia_Kenin,Sofia Kenin,0.3770491803278688,0.18032786885245902,0.4426229508196721
20230918-W-Guangzhou-R32-Linda_Fruhvirtova-Clara_Tauson,Linda Fruhvirtova,0.425531914893617,0.14893617021276595,0.425531914893617
20230918-W-Guangzhou-R32-Linda_Fruhvirtova-Clara_Tauson,Clara Tauson,0.4032258064516129,0.14516129032258066,0.45161290322580644
20230917-W-Guadalajara-R64-Martina_Trevisan-Demi_Schuurs,Martina Trevisan,0.6470588235294118,0.20588235294117646,0.14705882352941177
20230917-W-Guadalajara-R64-Martina_Trevisan-Demi_Schuurs,Demi Schuurs,0.1875,0.4375,0.375
20230916-W-San_Diego-F-Barbora_Krejcikova-Sofia_Kenin,Barbora Krejcikova,0.5,0.12162162162162163,0.3783783783783784
20230916-W-San_Diego-F-Barbora_Krejcikova-Sofia_Kenin,Sofia Kenin,0.3968253968253968,0.25396825396825395,0.3492063492063492
20230914-W-San_Diego-QF-Anastasia_Potapova-Sofia_Kenin,Anastasia Potapova,0.3333333333333333,0.2222222222222222,0.4444444444444444
20230914-W-San_Diego-QF-Anastasia_Potapova-Sofia_Kenin,Sofia Kenin,0.42424242424242425,0.2727272727272727,0.30303030303030304
20230914-W-Osaka-QF-Ashlyn_Krueger-Anna_Kalinskaya,Ashlyn Krueger,0.44,0.2,0.36
20230914-W-Osaka-QF-Ashlyn_Krueger-Anna_Kalinskaya,Anna Kalinskaya,0.3611111111111111,0.1388888888888889,0.5
20230913-W-San_Diego-R16-Katie_Volynets-Sofia_Kenin,Katie Volynets,0.29545454545454547,0.1590909090909091,0.5454545454545454
20230913-W-San_Diego-R16-Katie_Volynets-Sofia_Kenin,Sofia Kenin,0.3333333333333333,0.19696969696969696,0.4696969696969697
20230906-W-US_Open-QF-Madison_Keys-Marketa_Vondrousova,Madison Keys,0.23333333333333334,0.26666666666666666,0.5
20230906-W-US_Open-QF-Madison_Keys-Marketa_Vondrousova,Marketa Vondrousova,0.23809523809523808,0.21428571428571427,0.5476190476190477
20230905-W-US_Open-QF-Sorana_Cirstea-Karolina_Muchova,Sorana Cirstea,0.24489795918367346,0.3673469387755102,0.3877551020408163
20230905-W-US_Open-QF-Sorana_Cirstea-Karolina_Muchova,Karolina Muchova,0.49019607843137253,0.29411764705882354,0.21568627450980393
20230905-W-US_Open-QF-Jelena_Ostapenko-Coco_Gauff,Jelena Ostapenko,0.2608695652173913,0.21739130434782608,0.5217391304347826
20230905-W-US_Open-QF-Jelena_Ostapenko-Coco_Gauff,Coco Gauff,0.4090909090909091,0.4090909090909091,0.18181818181818182
20230904-W-US_Open-R16-Ons_Jabeur-Qinwen_Zheng,Ons Jabeur,0.28888888888888886,0.2,0.5111111111111111
20230904-W-US_Open-R16-Ons_Jabeur-Qinwen_Zheng,Qinwen Zheng,0.3888888888888889,0.3888888888888889,0.2222222222222222
20230904-W-US_Open-R16-Madison_Keys-Jessica_Pegula,Madison Keys,0.35555555555555557,0.4,0.24444444444444444
20230904-W-US_Open-R16-Madison_Keys-Jessica_Pegula,Jessica Pegula,0.19230769230769232,0.3076923076923077,0.5
20230903-W-US_Open-R16-Xin_Yu_Wang-Karolina_Muchova,Xin Yu Wang,0.1951219512195122,0.35365853658536583,0.45121951219512196
20230903-W-US_Open-R16-Xin_Yu_Wang-Karolina_Muchova,Karolina Muchova,0.36619718309859156,0.2676056338028169,0.36619718309859156
20230903-W-US_Open-R16-Sorana_Cirstea-Belinda_Bencic,Sorana Cirstea,0.37037037037037035,0.3333333333333333,0.2962962962962963
20230903-W-US_Open-R16-Sorana_Cirstea-Belinda_Bencic,Belinda Bencic,0.25,0.34615384615384615,0.40384615384615385
20230903-W-US_Open-R16-Coco_Gauff-Caroline_Wozniacki,Coco Gauff,0.36,0.24,0.4
20230903-W-US_Open-R16-Coco_Gauff-Caroline_Wozniacki,Caroline Wozniacki,0.18,0.46,0.36
20230901-W-US_Open-R32-Taylor_Townsend-Karolina_Muchova,Taylor Townsend,0.29850746268656714,0.23880597014925373,0.4626865671641791
20230901-W-US_Open-R32-Taylor_Townsend-Karolina_Muchova,Karolina Muchova,0.45098039215686275,0.27450980392156865,0.27450980392156865
20230901-W-US_Open-R32-Sorana_Cirstea-Elena_Rybakina,Sorana Cirstea,0.33766233766233766,0.3116883116883117,0.35064935064935066
20230901-W-US_Open-R32-Sorana_Cirstea-Elena_Rybakina,Elena Rybakina,0.2653061224489796,0.30612244897959184,0.42857142857142855
20230901-W-US_Open-R32-Jennifer_Brady-Caroline_Wozniacki,Jennifer Brady,0.31343283582089554,0.08955223880597014,0.5970149253731343
20230901-W-US_Open-R32-Jennifer_Brady-Caroline_Wozniacki,Caroline Wozniacki,0.31746031746031744,0.19047619047619047,0.49206349206349204
20230831-W-US_Open-R64-Caroline_Wozniacki-Petra_Kvitova,Caroline Wozniacki,0.42105263157894735,0.3684210526315789,0.21052631578947367
20230831-W-US_Open-R64-Caroline_Wozniacki-Petra_Kvitova,Petra Kvitova,0.3626373626373626,0.26373626373626374,0.37362637362637363
20230830-W-US_Open-R64-Jennifer_Brady-Magda_Linette,Jennifer Brady,0.2692307692307692,0.32051282051282054,0.41025641025641024
20230830-W-US_Open-R64-Jennifer_Brady-Magda_Linette,Magda Linette,0.18,0.36,0.46
20230830-W-US_Open-R64-Coco_Gauff-Mirra_Andreeva,Coco Gauff,0.4230769230769231,0.40384615384615385,0.17307692307692307
20230830-W-US_Open-R64-Coco_Gauff-Mirra_Andreeva,Mirra Andreeva,0.25925925925925924,0.4444444444444444,0.2962962962962963
20230830-W-US_Open-R128-Barbora_Strycova-Kaia_Kanepi,Barbora Strycova,0.2558139534883721,0.18604651162790697,0.5581395348837209
20230830-W-US_Open-R128-Barbora_Strycova-Kaia_Kanepi,Kaia Kanepi,0.296875,0.21875,0.484375
20230829-W-US_Open-R128-Martina_Trevisan-Yulia_Putintseva,Martina Trevisan,0.31666666666666665,0.13333333333333333,0.55
20230829-W-US_Open-R128-Martina_Trevisan-Yulia_Putintseva,Yulia Putintseva,0.189873417721519,0.24050632911392406,0.569620253164557
20230829-W-US_Open-R128-Elsa_Jacquemot-Lesia_Tsurenko,Elsa Jacquemot,0.265625,0.28125,0.453125
20230829-W-US_Open-R128-Elsa_Jacquemot-Lesia_Tsurenko,Lesia Tsurenko,0.4268292682926829,0.2073170731707317,0.36585365853658536
20230829-W-US_Open-R128-Camila_Giorgi-Jessica_Pegula,Camila Giorgi,0.2391304347826087,0.41304347826086957,0.34782608695652173
20230829-W-US_Open-R128-Camila_Giorgi-Jessica_Pegula,Jessica Pegula,0.4358974358974359,0.41025641025641024,0.1282051282051282
20230829-W-US_Open-R128-Anastasia_Pavlyuchenkova-Fiona_Crawley,Anastasia Pavlyuchenkova,0.38,0.2,0.42
20230829-W-US_Open-R128-Anastasia_Pavlyuchenkova-Fiona_Crawley,Fiona Crawley,0.19444444444444445,0.25,0.5555555555555556
20230828-W-US_Open-R128-Maria_Sakkari-Rebeka_Masarova,Maria Sakkari,0.23809523809523808,0.35714285714285715,0.40476190476190477
20230828-W-US_Open-R128-Maria_Sakkari-Rebeka_Masarova,Rebeka Masarova,0.3,0.28,0.42
20230828-W-US_Open-R128-Iga_Swiatek-Rebecca_Peterson,Iga Swiatek,0.34146341463414637,0.3170731707317073,0.34146341463414637
20230828-W-US_Open-R128-Iga_Swiatek-Rebecca_Peterson,Rebecca Peterson,0.10526315789473684,0.10526315789473684,0.7894736842105263
20230828-W-US_Open-R128-Coco_Gauff-Laura_Siegemund,Coco Gauff,0.40350877192982454,0.22807017543859648,0.3684210526315789
20230828-W-US_Open-R128-Coco_Gauff-Laura_Siegemund,Laura Siegemund,0.3655913978494624,0.24731182795698925,0.3870967741935484
20230828-W-US_Open-R128-Anhelina_Kalinina-Sara_Sorribes_Tormo,Anhelina Kalinina,0.2808988764044944,0.20224719101123595,0.5168539325842697
20230828-W-US_Open-R128-Anhelina_Kalinina-Sara_Sorribes_Tormo,Sara Sorribes Tormo,0.4642857142857143,0.17857142857142858,0.35714285714285715
20230826-W-US_Open-Q3-Elsa_Jacquemot-Arianne_Hartono,Elsa Jacquemot,0.36666666666666664,0.26666666666666666,0.36666666666666664
20230826-W-US_Open-Q3-Elsa_Jacquemot-Arianne_Hartono,Arianne Hartono,0.3283582089552239,0.08955223880597014,0.582089552238806
20230824-W-US_Open-Q2-Celine_Naef-Katie_Volynets,Celine Naef,0.30158730158730157,0.12698412698412698,0.5714285714285714
20230824-W-US_Open-Q2-Celine_Naef-Katie_Volynets,Katie Volynets,0.2692307692307692,0.28846153846153844,0.4423076923076923
20230822-W-US_Open-Q1-Liv_Hovde-Darja_Semenistaja,Liv Hovde,0.22807017543859648,0.21052631578947367,0.5614035087719298
20230822-W-US_Open-Q1-Liv_Hovde-Darja_Semenistaja,Darja Semenistaja,0.4,0.24,0.36
20230818-W-Cincinnati-QF-Karolina_Muchova-Marie_Bouzkova,Karolina Muchova,0.7142857142857143,0.14285714285714285,0.14285714285714285
20230818-W-Cincinnati-QF-Karolina_Muchova-Marie_Bouzkova,Marie Bouzkova,0.0,0.3333333333333333,0.6666666666666666
20230817-W-Cincinnati-R16-Coco_Gauff-Linda_Noskova,Coco Gauff,0.45,0.175,0.375
20230817-W-Cincinnati-R16-Coco_Gauff-Linda_Noskova,Linda Noskova,0.12903225806451613,0.16129032258064516,0.7096774193548387
20230816-W-Cincinnati-R32-Elena_Rybakina-Jelena_Ostapenko,Elena Rybakina,0.25925925925925924,0.46296296296296297,0.2777777777777778
20230816-W-Cincinnati-R32-Elena_Rybakina-Jelena_Ostapenko,Jelena Ostapenko,0.37142857142857144,0.2714285714285714,0.35714285714285715
20230813-W-ITF_Leipzig-F-Darya_Astakhova-Brenda_Fruhvirtova,Darya Astakhova,0.2857142857142857,0.16666666666666666,0.5476190476190477
20230813-W-ITF_Leipzig-F-Darya_Astakhova-Brenda_Fruhvirtova,Brenda Fruhvirtova,0.48484848484848486,0.24242424242424243,0.2727272727272727
20230810-W-Montreal-R16-Elena_Rybakina-Sloane_Stephens,Elena Rybakina,0.2972972972972973,0.43243243243243246,0.2702702702702703
20230810-W-Montreal-R16-Elena_Rybakina-Sloane_Stephens,Sloane Stephens,0.23333333333333334,0.26666666666666666,0.5
20230808-W-Montreal-R64-Karolina_Muchova-Anastasia_Potapova,Karolina Muchova,0.3469387755102041,0.40816326530612246,0.24489795918367346
20230808-W-Montreal-R64-Karolina_Muchova-Anastasia_Potapova,Anastasia Potapova,0.29411764705882354,0.29411764705882354,0.4117647058823529
20230808-W-Montreal-R64-Danielle_Collins-Elina_Svitolina,Danielle Collins,0.3333333333333333,0.46153846153846156,0.20512820512820512
20230808-W-Montreal-R64-Danielle_Collins-Elina_Svitolina,Elina Svitolina,0.34615384615384615,0.2692307692307692,0.38461538461538464
20230807-W-Montreal-R64-Caroline_Wozniacki-Kimberly_Birrell,Caroline Wozniacki,0.2619047619047619,0.35714285714285715,0.38095238095238093
20230807-W-Montreal-R64-Caroline_Wozniacki-Kimberly_Birrell,Kimberly Birrell,0.2916666666666667,0.16666666666666666,0.5416666666666666
20230807-W-Montreal-R64-Camila_Giorgi-Bianca_Andreescu,Camila Giorgi,0.38461538461538464,0.23076923076923078,0.38461538461538464
20230807-W-Montreal-R64-Camila_Giorgi-Bianca_Andreescu,Bianca Andreescu,0.24444444444444444,0.17777777777777778,0.5777777777777777
20230806-W-Washington-F-Coco_Gauff-Maria_Sakkari,Coco Gauff,0.2727272727272727,0.45454545454545453,0.2727272727272727
20230806-W-Washington-F-Coco_Gauff-Maria_Sakkari,Maria Sakkari,0.2653061224489796,0.30612244897959184,0.42857142857142855
20230804-W-Washington-QF-Coco_Gauff-Belinda_Bencic,Coco Gauff,0.3333333333333333,0.2222222222222222,0.4444444444444444
20230804-W-Washington-QF-Coco_Gauff-Belinda_Bencic,Belinda Bencic,0.35,0.15,0.5
20230731-W-Washington-R32-Marta_Kostyuk-Bianca_Andreescu,Marta Kostyuk,0.36065573770491804,0.2459016393442623,0.39344262295081966
20230731-W-Washington-R32-Marta_Kostyuk-Bianca_Andreescu,Bianca Andreescu,0.30612244897959184,0.30612244897959184,0.3877551020408163
20230729-W-Warsaw-QF-Iga_Swiatek-Linda_Noskova,Iga Swiatek,0.46153846153846156,0.20512820512820512,0.3333333333333333
20230729-W-Warsaw-QF-Iga_Swiatek-Linda_Noskova,Linda Noskova,0.25,0.25,0.5
20230729-W-Hamburg-F-Arantxa_Rus-Noma_Noha_Akugue,Arantxa Rus,0.21739130434782608,0.13043478260869565,0.6521739130434783
20230729-W-Hamburg-F-Arantxa_Rus-Noma_Noha_Akugue,Noma Noha Akugue,0.171875,0.15625,0.671875
20230728-W-ITF_Figueira_Da_Foz-QF-Francisca_Jorge-Yuriko_Miyazaki,Francisca Jorge,0.32,0.56,0.12
20230728-W-ITF_Figueira_Da_Foz-QF-Francisca_Jorge-Yuriko_Miyazaki,Yuriko Miyazaki,0.2926829268292683,0.2926829268292683,0.4146341463414634
20230727-W-Warsaw-R16-Claire_Liu-Iga_Swiatek,Claire Liu,0.2222222222222222,0.08888888888888889,0.6888888888888889
20230727-W-Warsaw-R16-Claire_Liu-Iga_Swiatek,Iga Swiatek,0.3584905660377358,0.16981132075471697,0.4716981132075472
20230726-W-Lausanne-R16-Mirra_Andreeva-Anna_Bondar,Mirra Andreeva,0.3333333333333333,0.17543859649122806,0.49122807017543857
20230726-W-Lausanne-R16-Mirra_Andreeva-Anna_Bondar,Anna Bondar,0.3275862068965517,0.20689655172413793,0.46551724137931033
20230725-W-Warsaw-R32-Nigina_Abduraimova-Iga_Swiatek,Nigina Abduraimova,0.13953488372093023,0.11627906976744186,0.7441860465116279
20230725-W-Warsaw-R32-Nigina_Abduraimova-Iga_Swiatek,Iga Swiatek,0.22950819672131148,0.16393442622950818,0.6065573770491803
20230723-W-Hamburg-R32-Martina_Trevisan-Elvina_Kalieva,Martina Trevisan,0.5714285714285714,0.23809523809523808,0.19047619047619047
20230723-W-Hamburg-R32-Martina_Trevisan-Elvina_Kalieva,Elvina Kalieva,0.1935483870967742,0.16129032258064516,0.6451612903225806
20230723-W-Budapest-F-Kateryna_Baindl-Maria_Timofeeva,Kateryna Baindl,0.2459016393442623,0.18032786885245902,0.5737704918032787
20230723-W-Budapest-F-Kateryna_Baindl-Maria_Timofeeva,Maria Timofeeva,0.28125,0.296875,0.421875
20230722-W-Palermo-SF-Qinwen_Zheng-Mayar_Sherif,Qinwen Zheng,0.4,0.3625,0.225
20230722-W-Palermo-SF-Qinwen_Zheng-Mayar_Sherif,Mayar Sherif,0.3142857142857143,0.38571428571428573,0.3
20230721-W-Palermo-QF-Emma_Navarro-Qinwen_Zheng,Emma Navarro,0.18421052631578946,0.2631578947368421,0.5526315789473685
20230721-W-Palermo-QF-Emma_Navarro-Qinwen_Zheng,Qinwen Zheng,0.3333333333333333,0.2619047619047619,0.40476190476190477
20230720-W-Palermo-R16-Erika_Andreeva-Camila_Osorio,Erika Andreeva,0.2891566265060241,0.2289156626506024,0.4819277108433735
20230720-W-Palermo-R16-Erika_Andreeva-Camila_Osorio,Camila Osorio,0.3888888888888889,0.24444444444444444,0.36666666666666664
20230720-W-ITF_Granby-R16-Bianca_Jolie_Fernandez-Kayla_Day,Bianca Jolie Fernandez,0.37209302325581395,0.20930232558139536,0.4186046511627907
20230720-W-ITF_Granby-R16-Bianca_Jolie_Fernandez-Kayla_Day,Kayla Day,0.25806451612903225,0.3870967741935484,0.3548387096774194
20230719-W-Palermo-R16-Diane_Parry-Qinwen_Zheng,Diane Parry,0.37254901960784315,0.3137254901960784,0.3137254901960784
20230719-W-Palermo-R16-Diane_Parry-Qinwen_Zheng,Qinwen Zheng,0.4111111111111111,0.24444444444444444,0.34444444444444444
20230718-W-Palermo-R32-Emma_Navarro-Eva_Vedder,Emma Navarro,0.23076923076923078,0.47692307692307695,0.2923076923076923
20230718-W-Palermo-R32-Emma_Navarro-Eva_Vedder,Eva Vedder,0.37209302325581395,0.23255813953488372,0.3953488372093023
20230718-W-Palermo-R32-Camila_Osorio-Fiona_Ferro,Camila Osorio,0.225,0.375,0.4
20230718-W-Palermo-R32-Camila_Osorio-Fiona_Ferro,Fiona Ferro,0.26,0.14,0.6
20230717-W-Palermo-R32-Sara_Errani-Qinwen_Zheng,Sara Errani,0.29411764705882354,0.0,0.7058823529411765
20230717-W-Palermo-R32-Sara_Errani-Qinwen_Zheng,Qinwen Zheng,0.5106382978723404,0.1276595744680851,0.3404255319148936
20230715-W-Wimbledon-F-Ons_Jabeur-Marketa_Vondrousova,Ons Jabeur,0.32857142857142857,0.2,0.4714285714285714
20230715-W-Wimbledon-F-Ons_Jabeur-Marketa_Vondrousova,Marketa Vondrousova,0.25,0.4166666666666667,0.3333333333333333
20230713-W-Wimbledon-SF-Elina_Svitolina-Marketa_Vondrousova,Elina Svitolina,0.1875,0.2708333333333333,0.5416666666666666
20230713-W-Wimbledon-SF-Elina_Svitolina-Marketa_Vondrousova,Marketa Vondrousova,0.391304347826087,0.17391304347826086,0.43478260869565216
20230713-W-Wimbledon-SF-Aryna_Sabalenka-Ons_Jabeur,Aryna Sabalenka,0.28125,0.23958333333333334,0.46875
20230713-W-Wimbledon-SF-Aryna_Sabalenka-Ons_Jabeur,Ons Jabeur,0.40350877192982454,0.22807017543859648,0.3684210526315789
20230711-W-Wimbledon-QF-Jessica_Pegula-Marketa_Vondrousova,Jessica Pegula,0.23529411764705882,0.39705882352941174,0.36764705882352944
20230711-W-Wimbledon-QF-Jessica_Pegula-Marketa_Vondrousova,Marketa Vondrousova,0.2191780821917808,0.273972602739726,0.4931506849315068
20230711-W-Wimbledon-QF-Elina_Svitolina-Iga_Swiatek,Elina Svitolina,0.27419354838709675,0.41935483870967744,0.3064516129032258
20230711-W-Wimbledon-QF-Elina_Svitolina-Iga_Swiatek,Iga Swiatek,0.35106382978723405,0.22340425531914893,0.425531914893617
20230709-W-Wimbledon-R16-Marie_Bouzkova-Marketa_Vondrousova,Marie Bouzkova,0.22727272727272727,0.3484848484848485,0.42424242424242425
20230709-W-Wimbledon-R16-Marie_Bouzkova-Marketa_Vondrousova,Marketa Vondrousova,0.40860215053763443,0.1827956989247312,0.40860215053763443
20230709-W-Wimbledon-R16-Iga_Swiatek-Belinda_Bencic,Iga Swiatek,0.32142857142857145,0.34523809523809523,0.3333333333333333
20230709-W-Wimbledon-R16-Iga_Swiatek-Belinda_Bencic,Belinda Bencic,0.36231884057971014,0.2318840579710145,0.4057971014492754
20230709-W-Wimbledon-R16-Elina_Svitolina-Victoria_Azarenka,Elina Svitolina,0.2967032967032967,0.24175824175824176,0.46153846153846156
20230709-W-Wimbledon-R16-Elina_Svitolina-Victoria_Azarenka,Victoria Azarenka,0.3116883116883117,0.23376623376623376,0.45454545454545453
20230709-W-ITF_The_Hague-F-Sara_Bejlek-Arantxa_Rus,Sara Bejlek,0.32558139534883723,0.20930232558139536,0.46511627906976744
20230709-W-ITF_The_Hague-F-Sara_Bejlek-Arantxa_Rus,Arantxa Rus,0.3333333333333333,0.1746031746031746,0.49206349206349204
20230708-W-Wimbledon-R32-Marta_Kostyuk-Madison_Keys,Marta Kostyuk,0.2413793103448276,0.27586206896551724,0.4827586206896552
20230708-W-Wimbledon-R32-Marta_Kostyuk-Madison_Keys,Madison Keys,0.3508771929824561,0.2982456140350877,0.3333333333333333
20230708-W-Wimbledon-R32-Bianca_Andreescu-Ons_Jabeur,Bianca Andreescu,0.25,0.36538461538461536,0.38461538461538464
20230708-W-Wimbledon-R32-Bianca_Andreescu-Ons_Jabeur,Ons Jabeur,0.3283582089552239,0.22388059701492538,0.44776119402985076
20230707-W-Wimbledon-R64-Ekaterina_Alexandrova-Madison_Brengle,Ekaterina Alexandrova,0.30303030303030304,0.17424242424242425,0.5227272727272727
20230707-W-Wimbledon-R64-Ekaterina_Alexandrova-Madison_Brengle,Madison Brengle,0.15,0.3375,0.5125
20230707-W-Wimbledon-R64-Anhelina_Kalinina-Bianca_Andreescu,Anhelina Kalinina,0.2894736842105263,0.27631578947368424,0.4342105263157895
20230707-W-Wimbledon-R64-Anhelina_Kalinina-Bianca_Andreescu,Bianca Andreescu,0.47368421052631576,0.14736842105263157,0.37894736842105264
20230707-W-Wimbledon-R32-Petra_Martic-Iga_Swiatek,Petra Martic,0.23809523809523808,0.16666666666666666,0.5952380952380952
20230707-W-Wimbledon-R32-Petra_Martic-Iga_Swiatek,Iga Swiatek,0.46774193548387094,0.12903225806451613,0.4032258064516129
20230707-W-Wimbledon-R32-Lesia_Tsurenko-Ana_Bogdan,Lesia Tsurenko,0.23076923076923078,0.26495726495726496,0.5042735042735043
20230707-W-Wimbledon-R32-Lesia_Tsurenko-Ana_Bogdan,Ana Bogdan,0.205607476635514,0.22429906542056074,0.5700934579439252
20230706-W-Wimbledon-R64-Marie_Bouzkova-Anett_Kontaveit,Marie Bouzkova,0.20588235294117646,0.38235294117647056,0.4117647058823529
20230706-W-Wimbledon-R64-Marie_Bouzkova-Anett_Kontaveit,Anett Kontaveit,0.20454545454545456,0.13636363636363635,0.6590909090909091
20230706-W-Wimbledon-R64-Magda_Linette-Barbora_Strycova,Magda Linette,0.3119266055045872,0.27522935779816515,0.4036697247706422
20230706-W-Wimbledon-R64-Magda_Linette-Barbora_Strycova,Barbora Strycova,0.3333333333333333,0.1527777777777778,0.5138888888888888
20230706-W-Wimbledon-R128-Anna_Bondar-Bianca_Andreescu,Anna Bondar,0.3157894736842105,0.22807017543859648,0.45614035087719296
20230706-W-Wimbledon-R128-Anna_Bondar-Bianca_Andreescu,Bianca Andreescu,0.36507936507936506,0.20634920634920634,0.42857142857142855
20230705-W-Wimbledon-R64-Iga_Swiatek-Sara_Sorribes_Tormo,Iga Swiatek,0.5098039215686274,0.21568627450980393,0.27450980392156865
20230705-W-Wimbledon-R64-Iga_Swiatek-Sara_Sorribes_Tormo,Sara Sorribes Tormo,0.17647058823529413,0.058823529411764705,0.7647058823529411
20230705-W-Wimbledon-R128-Sara_Errani-Madison_Brengle,Sara Errani,0.3888888888888889,0.16666666666666666,0.4444444444444444
20230705-W-Wimbledon-R128-Sara_Errani-Madison_Brengle,Madison Brengle,0.375,0.4,0.225
20230705-W-Wimbledon-R128-Lucrezia_Stefanini-Anett_Kontaveit,Lucrezia Stefanini,0.25,0.35,0.4
20230705-W-Wimbledon-R128-Lucrezia_Stefanini-Anett_Kontaveit,Anett Kontaveit,0.3835616438356164,0.2191780821917808,0.3972602739726027
20230703-W-Wimbledon-R128-Venus_Williams-Elina_Svitolina,Venus Williams,0.23404255319148937,0.2765957446808511,0.48936170212765956
20230703-W-Wimbledon-R128-Venus_Williams-Elina_Svitolina,Elina Svitolina,0.43137254901960786,0.17647058823529413,0.39215686274509803
20230703-W-Wimbledon-R128-Iga_Swiatek-Lin_Zhu,Iga Swiatek,0.3584905660377358,0.22641509433962265,0.41509433962264153
20230703-W-Wimbledon-R128-Iga_Swiatek-Lin_Zhu,Lin Zhu,0.15789473684210525,0.15789473684210525,0.6842105263157895
20230703-W-Wimbledon-R128-Coco_Gauff-Sofia_Kenin,Coco Gauff,0.2923076923076923,0.16923076923076924,0.5384615384615384
20230703-W-Wimbledon-R128-Coco_Gauff-Sofia_Kenin,Sofia Kenin,0.296875,0.296875,0.390625
20230703-W-Wimbledon-R128-Barbora_Strycova-Maryna_Zanevska,Barbora Strycova,0.34210526315789475,0.2631578947368421,0.39473684210526316
20230703-W-Wimbledon-R128-Barbora_Strycova-Maryna_Zanevska,Maryna Zanevska,0.24390243902439024,0.24390243902439024,0.5121951219512195
20230627-W-Bad_Homburg-R32-Emma_Navarro-Nadia_Podoroska,Emma Navarro,0.37142857142857144,0.2857142857142857,0.34285714285714286
20230627-W-Bad_Homburg-R32-Emma_Navarro-Nadia_Podoroska,Nadia Podoroska,0.24324324324324326,0.02702702702702703,0.7297297297297297
20230627-W-Bad_Homburg-R16-Rebeka_Masarova-Bianca_Andreescu,Rebeka Masarova,0.5714285714285714,0.25,0.17857142857142858
20230627-W-Bad_Homburg-R16-Rebeka_Masarova-Bianca_Andreescu,Bianca Andreescu,0.24324324324324326,0.2972972972972973,0.4594594594594595
20230626-W-Bad_Homburg-R32-Sonay_Kartal-Bianca_Andreescu,Sonay Kartal,0.23684210526315788,0.2631578947368421,0.5
20230626-W-Bad_Homburg-R32-Sonay_Kartal-Bianca_Andreescu,Bianca Andreescu,0.34146341463414637,0.2073170731707317,0.45121951219512196
20230625-W-Eastbourne-Q2-Petra_Martic-Ana_Bogdan,Petra Martic,0.32894736842105265,0.32894736842105265,0.34210526315789475
20230625-W-Eastbourne-Q2-Petra_Martic-Ana_Bogdan,Ana Bogdan,0.43333333333333335,0.35,0.21666666666666667
20230623-W-Birmingham-QF-Barbora_Krejcikova-Linda_Fruhvirtova,Barbora Krejcikova,0.43902439024390244,0.36585365853658536,0.1951219512195122
20230623-W-Birmingham-QF-Barbora_Krejcikova-Linda_Fruhvirtova,Linda Fruhvirtova,0.25,0.20833333333333334,0.5416666666666666
20230622-W-Berlin-R16-Maria_Sakkari-Aliaksandra_Sasnovich,Maria Sakkari,0.21052631578947367,0.5789473684210527,0.21052631578947367
20230622-W-Berlin-R16-Maria_Sakkari-Aliaksandra_Sasnovich,Aliaksandra Sasnovich,0.38095238095238093,0.2619047619047619,0.35714285714285715
20230621-W-Berlin-R32-Bianca_Andreescu-Marketa_Vondrousova,Bianca Andreescu,0.32,0.18,0.5
20230621-W-Berlin-R32-Bianca_Andreescu-Marketa_Vondrousova,Marketa Vondrousova,0.3888888888888889,0.18518518518518517,0.42592592592592593
20230621-W-Berlin-R16-Elena_Rybakina-Donna_Vekic,Elena Rybakina,0.2898550724637681,0.13043478260869565,0.5797101449275363
20230621-W-Berlin-R16-Elena_Rybakina-Donna_Vekic,Donna Vekic,0.38095238095238093,0.21428571428571427,0.40476190476190477
20230620-W-Birmingham-R32-Anastasia_Potapova-Marta_Kostyuk,Anastasia Potapova,0.37349397590361444,0.3493975903614458,0.27710843373493976
20230620-W-Birmingham-R32-Anastasia_Potapova-Marta_Kostyuk,Marta Kostyuk,0.42028985507246375,0.17391304347826086,0.4057971014492754
20230620-W-Berlin-R32-Elina_Avanesyan-Daria_Kasatkina,Elina Avanesyan,0.2898550724637681,0.2753623188405797,0.43478260869565216
20230620-W-Berlin-R32-Elina_Avanesyan-Daria_Kasatkina,Daria Kasatkina,0.3448275862068966,0.20689655172413793,0.4482758620689655
20230619-W-Birmingham-R32-Camila_Giorgi-Venus_Williams,Camila Giorgi,0.3467741935483871,0.24193548387096775,0.4112903225806452
20230619-W-Birmingham-R32-Camila_Giorgi-Venus_Williams,Venus Williams,0.25,0.265625,0.484375
20230618-W-s_Hertogenbosch-F-Ekaterina_Alexandrova-Veronika_Kudermetova,Ekaterina Alexandrova,0.32432432432432434,0.25675675675675674,0.4189189189189189
20230618-W-s_Hertogenbosch-F-Ekaterina_Alexandrova-Veronika_Kudermetova,Veronika Kudermetova,0.25925925925925924,0.30864197530864196,0.43209876543209874
20230615-W-s_Hertogenbosch-R16-Bianca_Andreescu-Viktoria_Hruncakova,Bianca Andreescu,0.3090909090909091,0.2909090909090909,0.4
20230615-W-s_Hertogenbosch-R16-Bianca_Andreescu-Viktoria_Hruncakova,Viktoria Hruncakova,0.2923076923076923,0.26153846153846155,0.4461538461538462
20230613-W-s_Hertogenbosch-R32-Zeynep_Sonmez-Bianca_Andreescu,Zeynep Sonmez,0.16666666666666666,0.3333333333333333,0.5
20230613-W-s_Hertogenbosch-R32-Zeynep_Sonmez-Bianca_Andreescu,Bianca Andreescu,0.25925925925925924,0.2777777777777778,0.46296296296296297
20230613-W-s_Hertogenbosch-R32-Venus_Williams-Celine_Naef,Venus Williams,0.19736842105263158,0.25,0.5526315789473685
20230613-W-s_Hertogenbosch-R32-Venus_Williams-Celine_Naef,Celine Naef,0.2982456140350877,0.17543859649122806,0.5263157894736842
20230612-W-s_Hertogenbosch-R32-Liudmila_Samsonova-Lena_Rueffer,Liudmila Samsonova,0.2708333333333333,0.22916666666666666,0.5
20230612-W-s_Hertogenbosch-R32-Liudmila_Samsonova-Lena_Rueffer,Lena Rueffer,0.14285714285714285,0.30357142857142855,0.5535714285714286
20230612-W-s_Hertogenbosch-R32-Ashlyn_Krueger-Rebecca_Peterson,Ashlyn Krueger,0.45,0.1,0.45
20230612-W-s_Hertogenbosch-R32-Ashlyn_Krueger-Rebecca_Peterson,Rebecca Peterson,0.1111111111111111,0.07407407407407407,0.8148148148148148
20230610-W-Roland_Garros-F-Iga_Swiatek-Karolina_Muchova,Iga Swiatek,0.2537313432835821,0.40298507462686567,0.34328358208955223
20230610-W-Roland_Garros-F-Iga_Swiatek-Karolina_Muchova,Karolina Muchova,0.3,0.2125,0.4875
20230608-W-Roland_Garros-SF-Iga_Swiatek-Beatriz_Haddad_Maia,Iga Swiatek,0.36923076923076925,0.26153846153846155,0.36923076923076925
20230608-W-Roland_Garros-SF-Iga_Swiatek-Beatriz_Haddad_Maia,Beatriz Haddad Maia,0.32727272727272727,0.2545454545454545,0.41818181818181815
20230603-W-Roland_Garros-R32-Mirra_Andreeva-Coco_Gauff,Mirra Andreeva,0.2711864406779661,0.3050847457627119,0.423728813559322
20230603-W-Roland_Garros-R32-Mirra_Andreeva-Coco_Gauff,Coco Gauff,0.4594594594594595,0.33783783783783783,0.20270270270270271
20230603-W-Roland_Garros-R32-Bianca_Andreescu-Lesia_Tsurenko,Bianca Andreescu,0.2,0.2,0.6
20230603-W-Roland_Garros-R32-Bianca_Andreescu-Lesia_Tsurenko,Lesia Tsurenko,0.4634146341463415,0.24390243902439024,0.2926829268292683
20230601-W-Roland_Garros-R64-Emma_Navarro-Bianca_Andreescu,Emma Navarro,0.3333333333333333,0.18181818181818182,0.48484848484848486
20230601-W-Roland_Garros-R64-Emma_Navarro-Bianca_Andreescu,Bianca Andreescu,0.3695652173913043,0.2826086956521739,0.34782608695652173
20230601-W-Roland_Garros-R64-Anna_Lena_Friedsam-Ekaterina_Alexandrova,Anna Lena Friedsam,0.14814814814814814,0.2962962962962963,0.5555555555555556
20230601-W-Roland_Garros-R64-Anna_Lena_Friedsam-Ekaterina_Alexandrova,Ekaterina Alexandrova,0.3902439024390244,0.2926829268292683,0.3170731707317073
20230530-W-Roland_Garros-R128-Sorana_Cirstea-Jasmine_Paolini,Sorana Cirstea,0.3584905660377358,0.12264150943396226,0.5188679245283019
20230530-W-Roland_Garros-R128-Sorana_Cirstea-Jasmine_Paolini,Jasmine Paolini,0.38235294117647056,0.19117647058823528,0.4264705882352941
20230530-W-Roland_Garros-R128-Linda_Noskova-Danka_Kovinic,Linda Noskova,0.5,0.15625,0.34375
20230530-W-Roland_Garros-R128-Linda_Noskova-Danka_Kovinic,Danka Kovinic,0.3,0.16666666666666666,0.5333333333333333
20230530-W-Roland_Garros-R128-Bianca_Andreescu-Victoria_Azarenka,Bianca Andreescu,0.5128205128205128,0.21794871794871795,0.2692307692307692
20230530-W-Roland_Garros-R128-Bianca_Andreescu-Victoria_Azarenka,Victoria Azarenka,0.4444444444444444,0.2777777777777778,0.2777777777777778
20230530-W-Roland_Garros-R128-Arantxa_Rus-Julia_Grabher,Arantxa Rus,0.16666666666666666,0.1875,0.6458333333333334
20230530-W-Roland_Garros-R128-Arantxa_Rus-Julia_Grabher,Julia Grabher,0.35294117647058826,0.27450980392156865,0.37254901960784315
20230530-W-Roland_Garros-R128-Anhelina_Kalinina-Diane_Parry,Anhelina Kalinina,0.2727272727272727,0.11363636363636363,0.6136363636363636
20230530-W-Roland_Garros-R128-Anhelina_Kalinina-Diane_Parry,Diane Parry,0.44680851063829785,0.1702127659574468,0.3829787234042553
20230528-W-Roland_Garros-R128-Storm_Hunter-Nuria_Parrizas_Diaz,Storm Hunter,0.42857142857142855,0.18181818181818182,0.38961038961038963
20230528-W-Roland_Garros-R128-Storm_Hunter-Nuria_Parrizas_Diaz,Nuria Parrizas Diaz,0.31645569620253167,0.21518987341772153,0.46835443037974683
20230528-W-Roland_Garros-R128-Magdalena_Frech-Shuai_Zhang,Magdalena Frech,0.56,0.16,0.28
20230528-W-Roland_Garros-R128-Magdalena_Frech-Shuai_Zhang,Shuai Zhang,0.25,0.125,0.625
20230528-W-Roland_Garros-R128-Kamilla_Rakhimova-Sara_Bejlek,Kamilla Rakhimova,0.18518518518518517,0.4074074074074074,0.4074074074074074
20230528-W-Roland_Garros-R128-Kamilla_Rakhimova-Sara_Bejlek,Sara Bejlek,0.225,0.175,0.6
20230528-W-Roland_Garros-R128-Jule_Niemeier-Daria_Kasatkina,Jule Niemeier,0.2835820895522388,0.14925373134328357,0.5671641791044776
20230528-W-Roland_Garros-R128-Jule_Niemeier-Daria_Kasatkina,Daria Kasatkina,0.3333333333333333,0.2727272727272727,0.3939393939393939
20230528-W-Roland_Garros-R128-Jil_Teichmann-Sara_Errani,Jil Teichmann,0.3983050847457627,0.11864406779661017,0.4830508474576271
20230528-W-Roland_Garros-R128-Jil_Teichmann-Sara_Errani,Sara Errani,0.29545454545454547,0.29545454545454547,0.4090909090909091
20230528-W-Roland_Garros-R128-Alize_Cornet-Camila_Giorgi,Alize Cornet,0.12903225806451613,0.22580645161290322,0.6451612903225806
20230528-W-Roland_Garros-R128-Alize_Cornet-Camila_Giorgi,Camila Giorgi,0.30985915492957744,0.29577464788732394,0.39436619718309857
20230527-W-Strasbourg-F-Anna_Blinkova-Elina_Svitolina,Anna Blinkova,0.36363636363636365,0.16666666666666666,0.4696969696969697
20230527-W-Strasbourg-F-Anna_Blinkova-Elina_Svitolina,Elina Svitolina,0.43137254901960786,0.2549019607843137,0.3137254901960784
20230525-W-Roland_Garros-Q3-Elina_Avanesyan-Kayla_Day,Elina Avanesyan,0.3025210084033613,0.21008403361344538,0.48739495798319327
20230525-W-Roland_Garros-Q3-Elina_Avanesyan-Kayla_Day,Kayla Day,0.2967032967032967,0.25274725274725274,0.45054945054945056
20230524-W-Rabat-R16-Julia_Riera-Mayar_Sherif,Julia Riera,0.4,0.17647058823529413,0.4235294117647059
20230524-W-Rabat-R16-Julia_Riera-Mayar_Sherif,Mayar Sherif,0.24096385542168675,0.25301204819277107,0.5060240963855421
20230523-W-Rabat-R32-Tatjana_Maria-Tatiana_Prozorova,Tatjana Maria,0.3888888888888889,0.2962962962962963,0.3148148148148148
20230523-W-Rabat-R32-Tatjana_Maria-Tatiana_Prozorova,Tatiana Prozorova,0.4,0.14615384615384616,0.45384615384615384
20230522-W-Roland_Garros-Q1-Emma_Lene-Noma_Noha_Akugue,Emma Lene,0.2459016393442623,0.26229508196721313,0.4918032786885246
20230522-W-Roland_Garros-Q1-Emma_Lene-Noma_Noha_Akugue,Noma Noha Akugue,0.3202614379084967,0.21568627450980393,0.46405228758169936
20230522-W-Rabat-R32-Kristina_Mladenovic-Julia_Riera,Kristina Mladenovic,0.2857142857142857,0.2857142857142857,0.42857142857142855
20230522-W-Rabat-R32-Kristina_Mladenovic-Julia_Riera,Julia Riera,0.5384615384615384,0.2692307692307692,0.19230769230769232
20230521-W-ITF_Madrid-F-Olga_Danilovic-Sara_Sorribes_Tormo,Olga Danilovic,0.38181818181818183,0.23636363636363636,0.38181818181818183
20230521-W-ITF_Madrid-F-Olga_Danilovic-Sara_Sorribes_Tormo,Sara Sorribes Tormo,0.29411764705882354,0.23529411764705882,0.47058823529411764
20230516-W-Rome-R16-Paula_Badosa-Karolina_Muchova,Paula Badosa,0.3953488372093023,0.23255813953488372,0.37209302325581395
20230516-W-Rome-R16-Paula_Badosa-Karolina_Muchova,Karolina Muchova,0.33636363636363636,0.23636363636363636,0.41818181818181815
20230516-W-Rome-QF-Beatriz_Haddad_Maia-Anhelina_Kalinina,Beatriz Haddad Maia,0.2708333333333333,0.21875,0.5104166666666666
20230516-W-Rome-QF-Beatriz_Haddad_Maia-Anhelina_Kalinina,Anhelina Kalinina,0.3153153153153153,0.1981981981981982,0.4864864864864865
20230513-W-Rome-R32-Caroline_Garcia-Camila_Osorio,Caroline Garcia,0.2777777777777778,0.17777777777777778,0.5444444444444444
20230513-W-Rome-R32-Caroline_Garcia-Camila_Osorio,Camila Osorio,0.39473684210526316,0.15789473684210525,0.4473684210526316
20230512-W-Rome-R64-Bianca_Andreescu-Marketa_Vondrousova,Bianca Andreescu,0.25806451612903225,0.16129032258064516,0.5806451612903226
20230512-W-Rome-R64-Bianca_Andreescu-Marketa_Vondrousova,Marketa Vondrousova,0.71875,0.125,0.15625
20230510-W-Rome-R128-Magdalena_Frech-Matilde_Paoletti,Magdalena Frech,0.328125,0.21875,0.453125
20230510-W-Rome-R128-Magdalena_Frech-Matilde_Paoletti,Matilde Paoletti,0.28846153846153844,0.22115384615384615,0.49038461538461536
20230504-W-Madrid-SF-Iga_Swiatek-Veronika_Kudermetova,Iga Swiatek,0.325,0.525,0.15
20230504-W-Madrid-SF-Iga_Swiatek-Veronika_Kudermetova,Veronika Kudermetova,0.29411764705882354,0.2647058823529412,0.4411764705882353
20230430-W-Madrid-R32-Petra_Martic-Anna_Kalinskaya,Petra Martic,0.42105263157894735,0.19298245614035087,0.38596491228070173
20230430-W-Madrid-R32-Petra_Martic-Anna_Kalinskaya,Anna Kalinskaya,0.36764705882352944,0.20588235294117646,0.4264705882352941
20230429-W-Madrid-R32-Mirra_Andreeva-Magda_Linette,Mirra Andreeva,0.29545454545454547,0.29545454545454547,0.4090909090909091
20230429-W-Madrid-R32-Mirra_Andreeva-Magda_Linette,Magda Linette,0.3333333333333333,0.08771929824561403,0.5614035087719298
20230428-W-Madrid-R64-Xiyu_Wang-Bianca_Andreescu,Xiyu Wang,0.4044943820224719,0.21348314606741572,0.38202247191011235
20230428-W-Madrid-R64-Xiyu_Wang-Bianca_Andreescu,Bianca Andreescu,0.4146341463414634,0.2682926829268293,0.3170731707317073
20230428-W-Madrid-R64-Magdalena_Frech-Jessica_Pegula,Magdalena Frech,0.34375,0.375,0.28125
20230428-W-Madrid-R64-Magdalena_Frech-Jessica_Pegula,Jessica Pegula,0.4533333333333333,0.22666666666666666,0.32
20230427-W-Madrid-R64-Arantxa_Rus-Maria_Sakkari,Arantxa Rus,0.3142857142857143,0.14285714285714285,0.5428571428571428
20230427-W-Madrid-R64-Arantxa_Rus-Maria_Sakkari,Maria Sakkari,0.34375,0.28125,0.375
20230426-W-Madrid-R128-Mirra_Andreeva-Leylah_Fernandez,Mirra Andreeva,0.3191489361702128,0.2553191489361702,0.425531914893617
20230426-W-Madrid-R128-Mirra_Andreeva-Leylah_Fernandez,Leylah Fernandez,0.2857142857142857,0.21428571428571427,0.5
20230426-W-Madrid-R128-Arantxa_Rus-Amanda_Anisimova,Arantxa Rus,0.24242424242424243,0.24242424242424243,0.5151515151515151
20230426-W-Madrid-R128-Arantxa_Rus-Amanda_Anisimova,Amanda Anisimova,0.18571428571428572,0.21428571428571427,0.6
20230425-W-Madrid-R128-Sofia_Kenin-Maryna_Zanevska,Sofia Kenin,0.20588235294117646,0.38235294117647056,0.4117647058823529
20230425-W-Madrid-R128-Sofia_Kenin-Maryna_Zanevska,Maryna Zanevska,0.5925925925925926,0.2962962962962963,0.07407407407407407
20230425-W-Madrid-R128-Rebecca_Marino-Lin_Zhu,Rebecca Marino,0.265625,0.3125,0.421875
20230425-W-Madrid-R128-Rebecca_Marino-Lin_Zhu,Lin Zhu,0.24444444444444444,0.35555555555555557,0.4
20230411-W-ITF_Chiasso-Q2-Mirra_Andreeva-Alina_Granwehr,Mirra Andreeva,0.2,0.4,0.4
20230411-W-ITF_Chiasso-Q2-Mirra_Andreeva-Alina_Granwehr,Alina Granwehr,0.225,0.125,0.65
20230403-W-Charleston-R64-Linda_Fruhvirtova-Jil_Teichmann,Linda Fruhvirtova,0.42,0.16,0.42
20230403-W-Charleston-R64-Linda_Fruhvirtova-Jil_Teichmann,Jil Teichmann,0.3625,0.075,0.5625
20230401-W-Miami-F-Elena_Rybakina-Petra_Kvitova,Elena Rybakina,0.3125,0.34375,0.34375
20230401-W-Miami-F-Elena_Rybakina-Petra_Kvitova,Petra Kvitova,0.41818181818181815,0.36363636363636365,0.21818181818181817
20230329-W-ITF_Murska_Sobota-R32-Rebecca_Sramkova-Linda_Klimovicova,Rebecca Sramkova,0.46938775510204084,0.2857142857142857,0.24489795918367346
20230329-W-ITF_Murska_Sobota-R32-Rebecca_Sramkova-Linda_Klimovicova,Linda Klimovicova,0.2702702702702703,0.2972972972972973,0.43243243243243246
20230328-W-Miami-QF-Elena_Rybakina-Martina_Trevisan,Elena Rybakina,0.3170731707317073,0.4146341463414634,0.2682926829268293
20230328-W-Miami-QF-Elena_Rybakina-Martina_Trevisan,Martina Trevisan,0.35714285714285715,0.32142857142857145,0.32142857142857145
20230327-W-Miami-R16-Varvara_Gracheva-Petra_Kvitova,Varvara Gracheva,0.23076923076923078,0.41025641025641024,0.358974358974359
20230327-W-Miami-R16-Varvara_Gracheva-Petra_Kvitova,Petra Kvitova,0.3382352941176471,0.29411764705882354,0.36764705882352944
20230327-W-Miami-R16-Sorana_Cirstea-Marketa_Vondrousova,Sorana Cirstea,0.23636363636363636,0.36363636363636365,0.4
20230327-W-Miami-R16-Sorana_Cirstea-Marketa_Vondrousova,Marketa Vondrousova,0.4,0.2,0.4
20230327-W-Miami-R16-Elena_Rybakina-Elise_Mertens,Elena Rybakina,0.2830188679245283,0.33962264150943394,0.37735849056603776
20230327-W-Miami-R16-Elena_Rybakina-Elise_Mertens,Elise Mertens,0.40476190476190477,0.2619047619047619,0.3333333333333333
20230327-W-Miami-R16-Bianca_Andreescu-Ekaterina_Alexandrova,Bianca Andreescu,0.25,0.3333333333333333,0.4166666666666667
20230327-W-Miami-R16-Bianca_Andreescu-Ekaterina_Alexandrova,Ekaterina Alexandrova,0.3076923076923077,0.2564102564102564,0.4358974358974359
20230327-W-ITF_Murska_Sobota-Q2-Laura_Radakovic-Linda_Klimovicova,Laura Radakovic,0.4,0.12,0.48
20230327-W-ITF_Murska_Sobota-Q2-Laura_Radakovic-Linda_Klimovicova,Linda Klimovicova,0.37209302325581395,0.3023255813953488,0.32558139534883723
20230326-W-Miami-R32-Varvara_Gracheva-Magdalena_Frech,Varvara Gracheva,0.25,0.4583333333333333,0.2916666666666667
20230326-W-Miami-R32-Varvara_Gracheva-Magdalena_Frech,Magdalena Frech,0.22580645161290322,0.16129032258064516,0.6129032258064516
20230326-W-Miami-R32-Sorana_Cirstea-Karolina_Muchova,Sorana Cirstea,0.23684210526315788,0.4473684210526316,0.3157894736842105
20230326-W-Miami-R32-Sorana_Cirstea-Karolina_Muchova,Karolina Muchova,0.23076923076923078,0.25,0.5192307692307693
20230326-W-Miami-R32-Sofia_Kenin-Bianca_Andreescu,Sofia Kenin,0.34210526315789475,0.18421052631578946,0.47368421052631576
20230326-W-Miami-R32-Sofia_Kenin-Bianca_Andreescu,Bianca Andreescu,0.34285714285714286,0.17142857142857143,0.4857142857142857
20230326-W-Miami-R32-Aryna_Sabalenka-Marie_Bouzkova,Aryna Sabalenka,0.46,0.3,0.24
20230326-W-Miami-R32-Aryna_Sabalenka-Marie_Bouzkova,Marie Bouzkova,0.2777777777777778,0.3888888888888889,0.3333333333333333
20230325-W-Miami-R32-Qinwen_Zheng-Liudmila_Samsonova,Qinwen Zheng,0.2127659574468085,0.2765957446808511,0.5106382978723404
20230325-W-Miami-R32-Qinwen_Zheng-Liudmila_Samsonova,Liudmila Samsonova,0.2597402597402597,0.18181818181818182,0.5584415584415584
20230325-W-Miami-R32-Petra_Martic-Elise_Mertens,Petra Martic,0.30158730158730157,0.23809523809523808,0.4444444444444444
20230325-W-Miami-R32-Petra_Martic-Elise_Mertens,Elise Mertens,0.41935483870967744,0.2903225806451613,0.2903225806451613
20230324-W-Miami-R64-Sorana_Cirstea-Caroline_Garcia,Sorana Cirstea,0.25925925925925924,0.4444444444444444,0.2962962962962963
20230324-W-Miami-R64-Sorana_Cirstea-Caroline_Garcia,Caroline Garcia,0.23404255319148937,0.3829787234042553,0.3829787234042553
20230324-W-Miami-R64-Linda_Noskova-Petra_Kvitova,Linda Noskova,0.26666666666666666,0.2,0.5333333333333333
20230324-W-Miami-R64-Linda_Noskova-Petra_Kvitova,Petra Kvitova,0.38636363636363635,0.3409090909090909,0.2727272727272727
20230324-W-Miami-R64-Bianca_Andreescu-Maria_Sakkari,Bianca Andreescu,0.2191780821917808,0.3013698630136986,0.4794520547945205
20230324-W-Miami-R64-Bianca_Andreescu-Maria_Sakkari,Maria Sakkari,0.23404255319148937,0.2765957446808511,0.48936170212765956
20230323-W-Miami-R64-Katherine_Sebov-Jessica_Pegula,Katherine Sebov,0.1935483870967742,0.25806451612903225,0.5483870967741935
20230323-W-Miami-R64-Katherine_Sebov-Jessica_Pegula,Jessica Pegula,0.2727272727272727,0.36363636363636365,0.36363636363636365
20230323-W-Miami-R64-Elena_Rybakina-Anna_Kalinskaya,Elena Rybakina,0.33766233766233766,0.36363636363636365,0.2987012987012987
20230323-W-Miami-R64-Elena_Rybakina-Anna_Kalinskaya,Anna Kalinskaya,0.3157894736842105,0.43859649122807015,0.24561403508771928
20230323-W-Miami-R64-Coco_Gauff-Rebecca_Marino,Coco Gauff,0.21428571428571427,0.5357142857142857,0.25
20230323-W-Miami-R64-Coco_Gauff-Rebecca_Marino,Rebecca Marino,0.32608695652173914,0.2391304347826087,0.43478260869565216
20230323-W-Miami-R64-Claire_Liu-Julia_Grabher,Claire Liu,0.42857142857142855,0.39285714285714285,0.17857142857142858
20230323-W-Miami-R64-Claire_Liu-Julia_Grabher,Julia Grabher,0.4,0.35,0.25
20230322-W-Miami-R128-Tatjana_Maria-Marketa_Vondrousova,Tatjana Maria,0.3695652173913043,0.17391304347826086,0.45652173913043476
20230322-W-Miami-R128-Tatjana_Maria-Marketa_Vondrousova,Marketa Vondrousova,0.4166666666666667,0.3611111111111111,0.2222222222222222
20230322-W-Miami-R128-Sorana_Cirstea-Fernanda_Contreras_Gomez,Sorana Cirstea,0.36619718309859156,0.323943661971831,0.30985915492957744
20230322-W-Miami-R128-Sorana_Cirstea-Fernanda_Contreras_Gomez,Fernanda Contreras Gomez,0.4,0.18,0.42
20230322-W-Miami-R128-Sloane_Stephens-Shelby_Rogers,Sloane Stephens,0.22033898305084745,0.3389830508474576,0.4406779661016949
20230322-W-Miami-R128-Sloane_Stephens-Shelby_Rogers,Shelby Rogers,0.25,0.3333333333333333,0.4166666666666667
20230322-W-Miami-R128-Jil_Teichmann-Karolina_Muchova,Jil Teichmann,0.3181818181818182,0.18181818181818182,0.5
20230322-W-Miami-R128-Jil_Teichmann-Karolina_Muchova,Karolina Muchova,0.6129032258064516,0.1935483870967742,0.1935483870967742
20230322-W-Miami-R128-Erika_Andreeva-Ashlyn_Krueger,Erika Andreeva,0.3170731707317073,0.34146341463414637,0.34146341463414637
20230322-W-Miami-R128-Erika_Andreeva-Ashlyn_Krueger,Ashlyn Krueger,0.2222222222222222,0.2222222222222222,0.5555555555555556
20230322-W-Miami-R128-Bianca_Andreescu-Emma_Raducanu,Bianca Andreescu,0.3424657534246575,0.1917808219178082,0.4657534246575342
20230322-W-Miami-R128-Bianca_Andreescu-Emma_Raducanu,Emma Raducanu,0.2571428571428571,0.24285714285714285,0.5
20230321-W-Miami-R128-Rebecca_Marino-Yulia_Putintseva,Rebecca Marino,0.17307692307692307,0.40384615384615385,0.4230769230769231
20230321-W-Miami-R128-Rebecca_Marino-Yulia_Putintseva,Yulia Putintseva,0.25,0.4,0.35
20230321-W-Miami-R128-Camila_Giorgi-Kaia_Kanepi,Camila Giorgi,0.4222222222222222,0.1,0.4777777777777778
20230321-W-Miami-R128-Camila_Giorgi-Kaia_Kanepi,Kaia Kanepi,0.2988505747126437,0.13793103448275862,0.5632183908045977
20230317-W-Indian_Wells-SF-Elena_Rybakina-Iga_Swiatek,Elena Rybakina,0.2894736842105263,0.39473684210526316,0.3157894736842105
20230317-W-Indian_Wells-SF-Elena_Rybakina-Iga_Swiatek,Iga Swiatek,0.22857142857142856,0.2571428571428571,0.5142857142857142
20230315-W-Indian_Wells-QF-Coco_Gauff-Aryna_Sabalenka,Coco Gauff,0.17857142857142858,0.39285714285714285,0.42857142857142855
20230315-W-Indian_Wells-QF-Coco_Gauff-Aryna_Sabalenka,Aryna Sabalenka,0.3939393939393939,0.3333333333333333,0.2727272727272727
20230314-W-Indian_Wells-R16-Varvara_Gracheva-Elena_Rybakina,Varvara Gracheva,0.10714285714285714,0.3392857142857143,0.5535714285714286
20230314-W-Indian_Wells-R16-Varvara_Gracheva-Elena_Rybakina,Elena Rybakina,0.28888888888888886,0.26666666666666666,0.4444444444444444
20230314-W-Indian_Wells-R16-Jessica_Pegula-Petra_Kvitova,Jessica Pegula,0.15217391304347827,0.3695652173913043,0.4782608695652174
20230314-W-Indian_Wells-R16-Jessica_Pegula-Petra_Kvitova,Petra Kvitova,0.2912621359223301,0.24271844660194175,0.46601941747572817
20230314-W-Indian_Wells-R16-Coco_Gauff-Rebecca_Peterson,Coco Gauff,0.22727272727272727,0.36363636363636365,0.4090909090909091
20230314-W-Indian_Wells-R16-Coco_Gauff-Rebecca_Peterson,Rebecca Peterson,0.2926829268292683,0.3048780487804878,0.4024390243902439
20230313-W-Indian_Wells-R32-Varvara_Gracheva-Daria_Kasatkina,Varvara Gracheva,0.32786885245901637,0.2459016393442623,0.4262295081967213
20230313-W-Indian_Wells-R32-Varvara_Gracheva-Daria_Kasatkina,Daria Kasatkina,0.2753623188405797,0.21739130434782608,0.5072463768115942
20230313-W-Indian_Wells-R32-Paula_Badosa-Elena_Rybakina,Paula Badosa,0.2571428571428571,0.45714285714285713,0.2857142857142857
20230313-W-Indian_Wells-R32-Paula_Badosa-Elena_Rybakina,Elena Rybakina,0.2727272727272727,0.4,0.32727272727272727
20230313-W-Indian_Wells-R32-Iga_Swiatek-Bianca_Andreescu,Iga Swiatek,0.28205128205128205,0.2564102564102564,0.44871794871794873
20230313-W-Indian_Wells-R32-Iga_Swiatek-Bianca_Andreescu,Bianca Andreescu,0.23809523809523808,0.16666666666666666,0.5952380952380952
20230312-W-Indian_Wells-R32-Linda_Noskova-Coco_Gauff,Linda Noskova,0.23076923076923078,0.21153846153846154,0.5576923076923077
20230312-W-Indian_Wells-R32-Linda_Noskova-Coco_Gauff,Coco Gauff,0.3055555555555556,0.19444444444444445,0.5
20230312-W-Indian_Wells-R32-Anastasia_Potapova-Jessica_Pegula,Anastasia Potapova,0.34444444444444444,0.23333333333333334,0.4222222222222222
20230312-W-Indian_Wells-R32-Anastasia_Potapova-Jessica_Pegula,Jessica Pegula,0.3333333333333333,0.24,0.4266666666666667
20230311-W-Indian_Wells-R64-Peyton_Stearns-Bianca_Andreescu,Peyton Stearns,0.3472222222222222,0.2222222222222222,0.4305555555555556
20230311-W-Indian_Wells-R64-Peyton_Stearns-Bianca_Andreescu,Bianca Andreescu,0.33783783783783783,0.25675675675675674,0.40540540540540543
20230311-W-Indian_Wells-R64-Marketa_Vondrousova-Marie_Bouzkova,Marketa Vondrousova,0.39473684210526316,0.21052631578947367,0.39473684210526316
20230311-W-Indian_Wells-R64-Marketa_Vondrousova-Marie_Bouzkova,Marie Bouzkova,0.20930232558139536,0.13953488372093023,0.6511627906976745
20230311-W-Indian_Wells-R64-Magda_Linette-Emma_Raducanu,Magda Linette,0.26,0.12,0.62
20230311-W-Indian_Wells-R64-Magda_Linette-Emma_Raducanu,Emma Raducanu,0.18032786885245902,0.29508196721311475,0.5245901639344263
20230311-W-Indian_Wells-R64-Elena_Rybakina-Sofia_Kenin,Elena Rybakina,0.41304347826086957,0.32608695652173914,0.2608695652173913
20230311-W-Indian_Wells-R64-Elena_Rybakina-Sofia_Kenin,Sofia Kenin,0.26153846153846155,0.38461538461538464,0.35384615384615387
20230311-W-Indian_Wells-R64-Bernarda_Pera-Liudmila_Samsonova,Bernarda Pera,0.3333333333333333,0.2222222222222222,0.4444444444444444
20230311-W-Indian_Wells-R64-Bernarda_Pera-Liudmila_Samsonova,Liudmila Samsonova,0.3333333333333333,0.1935483870967742,0.4731182795698925
20230310-W-Indian_Wells-R64-Elizabeth_Mandlik-Petra_Kvitova,Elizabeth Mandlik,0.11764705882352941,0.35294117647058826,0.5294117647058824
20230310-W-Indian_Wells-R64-Elizabeth_Mandlik-Petra_Kvitova,Petra Kvitova,0.46,0.18,0.36
20230310-W-Indian_Wells-R64-Coco_Gauff-Cristina_Bucsa,Coco Gauff,0.2777777777777778,0.19444444444444445,0.5277777777777778
20230310-W-Indian_Wells-R64-Coco_Gauff-Cristina_Bucsa,Cristina Bucsa,0.20408163265306123,0.22448979591836735,0.5714285714285714
20230309-W-Indian_Wells-R128-Danka_Kovinic-Emma_Raducanu,Danka Kovinic,0.23684210526315788,0.18421052631578946,0.5789473684210527
20230309-W-Indian_Wells-R128-Danka_Kovinic-Emma_Raducanu,Emma Raducanu,0.12903225806451613,0.5483870967741935,0.3225806451612903
20230309-W-ITF_Trnava-R16-Lola_Radivojevic-Daria_Snigur,Lola Radivojevic,0.3548387096774194,0.3225806451612903,0.3225806451612903
20230309-W-ITF_Trnava-R16-Lola_Radivojevic-Daria_Snigur,Daria Snigur,0.5428571428571428,0.34285714285714286,0.11428571428571428
20230308-W-Indian_Wells-R128-Shelby_Rogers-Katie_Volynets,Shelby Rogers,0.34615384615384615,0.2692307692307692,0.38461538461538464
20230308-W-Indian_Wells-R128-Shelby_Rogers-Katie_Volynets,Katie Volynets,0.17391304347826086,0.34782608695652173,0.4782608695652174
20230308-W-Indian_Wells-R128-Marta_Kostyuk-Rebecca_Peterson,Marta Kostyuk,0.45161290322580644,0.21505376344086022,0.3333333333333333
20230308-W-Indian_Wells-R128-Marta_Kostyuk-Rebecca_Peterson,Rebecca Peterson,0.19387755102040816,0.40816326530612246,0.3979591836734694
20230308-W-Indian_Wells-R128-Alycia_Parks-Anna_Kalinskaya,Alycia Parks,0.21428571428571427,0.16666666666666666,0.6190476190476191
20230308-W-Indian_Wells-R128-Alycia_Parks-Anna_Kalinskaya,Anna Kalinskaya,0.3076923076923077,0.38461538461538464,0.3076923076923077
20230308-W-Indian_Wells-R128-Alize_Cornet-Evgeniya_Rodina,Alize Cornet,0.3508771929824561,0.21052631578947367,0.43859649122807015
20230308-W-Indian_Wells-R128-Alize_Cornet-Evgeniya_Rodina,Evgeniya Rodina,0.4888888888888889,0.2,0.3111111111111111
20230305-W-Austin-F-Varvara_Gracheva-Marta_Kostyuk,Varvara Gracheva,0.09090909090909091,0.2545454545454545,0.6545454545454545
20230305-W-Austin-F-Varvara_Gracheva-Marta_Kostyuk,Marta Kostyuk,0.37254901960784315,0.09803921568627451,0.5294117647058824
20230302-W-ITF_Trnava-R16-Tamara_Zidansek-Kathinka_Von_Deichmann,Tamara Zidansek,0.41935483870967744,0.3548387096774194,0.22580645161290322
20230302-W-ITF_Trnava-R16-Tamara_Zidansek-Kathinka_Von_Deichmann,Kathinka Von Deichmann,0.2653061224489796,0.24489795918367346,0.4897959183673469
20230301-W-Monterrey-R16-Emma_Navarro-Donna_Vekic,Emma Navarro,0.13333333333333333,0.3333333333333333,0.5333333333333333
20230301-W-Monterrey-R16-Emma_Navarro-Donna_Vekic,Donna Vekic,0.4426229508196721,0.21311475409836064,0.3442622950819672
20230301-W-ITF_Trnava-R32-Tamara_Korpatsch-Weronika_Falkowska,Tamara Korpatsch,0.3611111111111111,0.25,0.3888888888888889
20230301-W-ITF_Trnava-R32-Tamara_Korpatsch-Weronika_Falkowska,Weronika Falkowska,0.3695652173913043,0.32608695652173914,0.30434782608695654
20230227-W-Monterrey-R32-Marie_Bouzkova-Anna_Karolina_Schmiedlova,Marie Bouzkova,0.18,0.22,0.6
20230227-W-Monterrey-R32-Marie_Bouzkova-Anna_Karolina_Schmiedlova,Anna Karolina Schmiedlova,0.3018867924528302,0.2830188679245283,0.41509433962264153
20230227-W-Monterrey-R32-Jule_Niemeier-Caroline_Dolehide,Jule Niemeier,0.2571428571428571,0.14285714285714285,0.6
20230227-W-Monterrey-R32-Jule_Niemeier-Caroline_Dolehide,Caroline Dolehide,0.5,0.2,0.3
20230227-W-ITF_Trnava-Q1-Sapfo_Sakellaridi-Mara_Guth,Sapfo Sakellaridi,0.3448275862068966,0.13793103448275862,0.5172413793103449
20230227-W-ITF_Trnava-Q1-Sapfo_Sakellaridi-Mara_Guth,Mara Guth,0.3488372093023256,0.32558139534883723,0.32558139534883723
20230227-W-Austin-R32-Heather_Watson-Danka_Kovinic,Heather Watson,0.3333333333333333,0.09259259259259259,0.5740740740740741
20230227-W-Austin-R32-Heather_Watson-Danka_Kovinic,Danka Kovinic,0.2727272727272727,0.09090909090909091,0.6363636363636364
20230226-W-Merida-F-Camila_Giorgi-Rebecca_Peterson,Camila Giorgi,0.4117647058823529,0.15294117647058825,0.43529411764705883
20230226-W-Merida-F-Camila_Giorgi-Rebecca_Peterson,Rebecca Peterson,0.30612244897959184,0.14285714285714285,0.5510204081632653
20230225-W-Dubai-F-Iga_Swiatek-Barbora_Krejcikova,Iga Swiatek,0.21621621621621623,0.1891891891891892,0.5945945945945946
20230225-W-Dubai-F-Iga_Swiatek-Barbora_Krejcikova,Barbora Krejcikova,0.37777777777777777,0.2,0.4222222222222222
20230223-W-Merida-R16-Alycia_Parks-Rebecca_Peterson,Alycia Parks,0.2857142857142857,0.16666666666666666,0.5476190476190477
20230223-W-Merida-R16-Alycia_Parks-Rebecca_Peterson,Rebecca Peterson,0.08333333333333333,0.7083333333333334,0.20833333333333334
20230223-W-Dubai-QF-Madison_Keys-Coco_Gauff,Madison Keys,0.14814814814814814,0.3148148148148148,0.5370370370370371
20230223-W-Dubai-QF-Madison_Keys-Coco_Gauff,Coco Gauff,0.09375,0.375,0.53125
20230222-W-Dubai-R16-Iga_Swiatek-Liudmila_Samsonova,Iga Swiatek,0.5714285714285714,0.17857142857142858,0.25
20230222-W-Dubai-R16-Iga_Swiatek-Liudmila_Samsonova,Liudmila Samsonova,0.2857142857142857,0.11904761904761904,0.5952380952380952
20230221-W-Dubai-R32-Marie_Bouzkova-Elena_Rybakina,Marie Bouzkova,0.3870967741935484,0.25806451612903225,0.3548387096774194
20230221-W-Dubai-R32-Marie_Bouzkova-Elena_Rybakina,Elena Rybakina,0.44285714285714284,0.17142857142857143,0.38571428571428573
20230221-W-Dubai-R32-Coco_Gauff-Aliaksandra_Sasnovich,Coco Gauff,0.3333333333333333,0.3,0.36666666666666664
20230221-W-Dubai-R32-Coco_Gauff-Aliaksandra_Sasnovich,Aliaksandra Sasnovich,0.22448979591836735,0.24489795918367346,0.5102040816326531
20230221-W-Dubai-R32-Aryna_Sabalenka-Lauren_Davis,Aryna Sabalenka,0.28888888888888886,0.3111111111111111,0.4
20230221-W-Dubai-R32-Aryna_Sabalenka-Lauren_Davis,Lauren Davis,0.14285714285714285,0.14285714285714285,0.7142857142857143
20230220-W-Merida-R32-Katie_Volynets-Lucia_Bronzetti,Katie Volynets,0.3116883116883117,0.2077922077922078,0.4675324675324675
20230220-W-Merida-R32-Katie_Volynets-Lucia_Bronzetti,Lucia Bronzetti,0.18,0.18,0.64
20230220-W-Dubai-R64-Karolina_Muchova-Bernarda_Pera,Karolina Muchova,0.3157894736842105,0.21052631578947367,0.47368421052631576
20230220-W-Dubai-R64-Karolina_Muchova-Bernarda_Pera,Bernarda Pera,0.21212121212121213,0.15151515151515152,0.6363636363636364
20230220-W-Dubai-R64-Elena_Rybakina-Bianca_Andreescu,Elena Rybakina,0.38636363636363635,0.25,0.36363636363636365
20230220-W-Dubai-R64-Elena_Rybakina-Bianca_Andreescu,Bianca Andreescu,0.27906976744186046,0.20930232558139536,0.5116279069767442
20230219-W-Dubai-R64-Julia_Grabher-Leylah_Fernandez,Julia Grabher,0.4,0.175,0.425
20230219-W-Dubai-R64-Julia_Grabher-Leylah_Fernandez,Leylah Fernandez,0.40625,0.34375,0.25
20230216-W-Doha-QF-Jessica_Pegula-Beatriz_Haddad_Maia,Jessica Pegula,0.45454545454545453,0.18181818181818182,0.36363636363636365
20230216-W-Doha-QF-Jessica_Pegula-Beatriz_Haddad_Maia,Beatriz Haddad Maia,0.3673469387755102,0.14285714285714285,0.4897959183673469
20230215-W-Doha-R16-Iga_Swiatek-Danielle_Collins,Iga Swiatek,0.3157894736842105,0.3684210526315789,0.3157894736842105
20230215-W-Doha-R16-Iga_Swiatek-Danielle_Collins,Danielle Collins,0.21052631578947367,0.07894736842105263,0.7105263157894737
20230215-W-Doha-R16-Coco_Gauff-Petra_Kvitova,Coco Gauff,0.13793103448275862,0.3793103448275862,0.4827586206896552
20230215-W-Doha-R16-Coco_Gauff-Petra_Kvitova,Petra Kvitova,0.31666666666666665,0.15,0.5333333333333333
20230214-W-Doha-R32-Paula_Badosa-Beatriz_Haddad_Maia,Paula Badosa,0.35384615384615387,0.2,0.4461538461538462
20230214-W-Doha-R32-Paula_Badosa-Beatriz_Haddad_Maia,Beatriz Haddad Maia,0.28846153846153844,0.2692307692307692,0.4423076923076923
20230210-W-Abu_Dhabi-QF-Veronika_Kudermetova-Liudmila_Samsonova,Veronika Kudermetova,0.175,0.15,0.675
20230210-W-Abu_Dhabi-QF-Veronika_Kudermetova-Liudmila_Samsonova,Liudmila Samsonova,0.3333333333333333,0.20512820512820512,0.46153846153846156
20230209-W-Linz-R16-Donna_Vekic-Madison_Brengle,Donna Vekic,0.5245901639344263,0.16393442622950818,0.3114754098360656
20230209-W-Linz-R16-Donna_Vekic-Madison_Brengle,Madison Brengle,0.40476190476190477,0.23809523809523808,0.35714285714285715
20230209-W-Linz-R16-Anna_Lena_Friedsam-Anhelina_Kalinina,Anna Lena Friedsam,0.34782608695652173,0.2608695652173913,0.391304347826087
20230209-W-Linz-R16-Anna_Lena_Friedsam-Anhelina_Kalinina,Anhelina Kalinina,0.3064516129032258,0.24193548387096775,0.45161290322580644
20230209-W-Abu_Dhabi-R16-Karolina_Pliskova-Elena_Rybakina,Karolina Pliskova,0.30952380952380953,0.14285714285714285,0.5476190476190477
20230209-W-Abu_Dhabi-R16-Karolina_Pliskova-Elena_Rybakina,Elena Rybakina,0.4722222222222222,0.2777777777777778,0.25
20230208-W-Linz-R32-Julia_Grabher-Madison_Brengle,Julia Grabher,0.28888888888888886,0.14444444444444443,0.5666666666666667
20230208-W-Linz-R32-Julia_Grabher-Madison_Brengle,Madison Brengle,0.2,0.4,0.4
20230208-W-Abu_Dhabi-R16-Elise_Mertens-Veronika_Kudermetova,Elise Mertens,0.18181818181818182,0.3181818181818182,0.5
20230208-W-Abu_Dhabi-R16-Elise_Mertens-Veronika_Kudermetova,Veronika Kudermetova,0.40816326530612246,0.2857142857142857,0.30612244897959184
20230207-W-Abu_Dhabi-R32-Yulia_Putintseva-Bianca_Andreescu,Yulia Putintseva,0.38,0.24,0.38
20230207-W-Abu_Dhabi-R32-Yulia_Putintseva-Bianca_Andreescu,Bianca Andreescu,0.24528301886792453,0.2641509433962264,0.4716981132075472
20230206-W-Abu_Dhabi-R32-Elise_Mertens-Martina_Trevisan,Elise Mertens,0.23333333333333334,0.4666666666666667,0.3
20230206-W-Abu_Dhabi-R32-Elise_Mertens-Martina_Trevisan,Martina Trevisan,0.2631578947368421,0.10526315789473684,0.631578947368421
20230205-W-Hua_Hin-F-Lin_Zhu-Lesia_Tsurenko,Lin Zhu,0.2923076923076923,0.16923076923076924,0.5384615384615384
20230205-W-Hua_Hin-F-Lin_Zhu-Lesia_Tsurenko,Lesia Tsurenko,0.1836734693877551,0.2857142857142857,0.5306122448979592
20230204-W-Hua_Hin-SF-Lesia_Tsurenko-Bianca_Andreescu,Lesia Tsurenko,0.2682926829268293,0.2682926829268293,0.4634146341463415
20230204-W-Hua_Hin-SF-Lesia_Tsurenko-Bianca_Andreescu,Bianca Andreescu,0.2653061224489796,0.08163265306122448,0.6530612244897959
20230203-W-Lyon-QF-Linda_Noskova-Camila_Osorio,Linda Noskova,0.3148148148148148,0.2962962962962963,0.3888888888888889
20230203-W-Lyon-QF-Linda_Noskova-Camila_Osorio,Camila Osorio,0.34,0.36,0.3
20230203-W-Hua_Hin-QF-Marta_Kostyuk-Bianca_Andreescu,Marta Kostyuk,0.3181818181818182,0.045454545454545456,0.6363636363636364
20230203-W-Hua_Hin-QF-Marta_Kostyuk-Bianca_Andreescu,Bianca Andreescu,0.35294117647058826,0.19607843137254902,0.45098039215686275
20230202-W-Hua_Hin-R16-Anastasia_Zakharova-Bianca_Andreescu,Anastasia Zakharova,0.17647058823529413,0.14705882352941177,0.6764705882352942
20230202-W-Hua_Hin-R16-Anastasia_Zakharova-Bianca_Andreescu,Bianca Andreescu,0.32653061224489793,0.16326530612244897,0.5102040816326531
20230201-W-Lyon-R16-Mayar_Sherif-Linda_Noskova,Mayar Sherif,0.4230769230769231,0.2692307692307692,0.3076923076923077
20230201-W-Lyon-R16-Mayar_Sherif-Linda_Noskova,Linda Noskova,0.45098039215686275,0.27450980392156865,0.27450980392156865
20230131-W-Lyon-R32-Alycia_Parks-Julia_Grabher,Alycia Parks,0.3013698630136986,0.1232876712328767,0.5753424657534246
20230131-W-Lyon-R32-Alycia_Parks-Julia_Grabher,Julia Grabher,0.1276595744680851,0.19148936170212766,0.6808510638297872
20230131-W-Hua_Hin-R32-Harriet_Dart-Bianca_Andreescu,Harriet Dart,0.3055555555555556,0.2222222222222222,0.4722222222222222
20230131-W-Hua_Hin-R32-Harriet_Dart-Bianca_Andreescu,Bianca Andreescu,0.35,0.21666666666666667,0.43333333333333335
20230130-W-Lyon-R32-Linda_Noskova-Garbine_Muguruza,Linda Noskova,0.45454545454545453,0.2727272727272727,0.2727272727272727
20230130-W-Lyon-R32-Linda_Noskova-Garbine_Muguruza,Garbine Muguruza,0.2857142857142857,0.2619047619047619,0.4523809523809524
20230130-W-Hua_Hin-R32-Lanlana_Tararudee-Mirjam_Bjorklund,Lanlana Tararudee,0.17777777777777778,0.2222222222222222,0.6
20230130-W-Hua_Hin-R32-Lanlana_Tararudee-Mirjam_Bjorklund,Mirjam Bjorklund,0.18181818181818182,0.3181818181818182,0.5
20230128-W-Australian_Open_Juniors-F-Alina_Korneeva-Mirra_Andreeva,Alina Korneeva,0.22950819672131148,0.21311475409836064,0.5573770491803278
20230128-W-Australian_Open_Juniors-F-Alina_Korneeva-Mirra_Andreeva,Mirra Andreeva,0.2601626016260163,0.18699186991869918,0.5528455284552846
20230126-W-Australian_Open-SF-Elena_Rybakina-Victoria_Azarenka,Elena Rybakina,0.36,0.3,0.34
20230126-W-Australian_Open-SF-Elena_Rybakina-Victoria_Azarenka,Victoria Azarenka,0.41509433962264153,0.22641509433962265,0.3584905660377358
20230125-W-Australian_Open-R32-Camila_Giorgi-Belinda_Bencic,Camila Giorgi,0.25925925925925924,0.18518518518518517,0.5555555555555556
20230125-W-Australian_Open-R32-Camila_Giorgi-Belinda_Bencic,Belinda Bencic,0.3333333333333333,0.2222222222222222,0.4444444444444444
20230125-W-Australian_Open-QF-Magda_Linette-Karolina_Pliskova,Magda Linette,0.35,0.25,0.4
20230125-W-Australian_Open-QF-Magda_Linette-Karolina_Pliskova,Karolina Pliskova,0.2708333333333333,0.20833333333333334,0.5208333333333334
20230124-W-Australian_Open-QF-Victoria_Azarenka-Jessica_Pegula,Victoria Azarenka,0.3333333333333333,0.27450980392156865,0.39215686274509803
20230124-W-Australian_Open-QF-Victoria_Azarenka-Jessica_Pegula,Jessica Pegula,0.2962962962962963,0.14814814814814814,0.5555555555555556
20230124-W-Australian_Open-QF-Jelena_Ostapenko-Elena_Rybakina,Jelena Ostapenko,0.3953488372093023,0.2558139534883721,0.3488372093023256
20230124-W-Australian_Open-QF-Jelena_Ostapenko-Elena_Rybakina,Elena Rybakina,0.3333333333333333,0.3333333333333333,0.3333333333333333
20230123-W-Australian_Open-R16-Magda_Linette-Caroline_Garcia,Magda Linette,0.36538461538461536,0.28846153846153844,0.34615384615384615
20230123-W-Australian_Open-R16-Magda_Linette-Caroline_Garcia,Caroline Garcia,0.2916666666666667,0.2916666666666667,0.4166666666666667
20230123-W-Australian_Open-R16-Linda_Fruhvirtova-Donna_Vekic,Linda Fruhvirtova,0.3783783783783784,0.32432432432432434,0.2972972972972973
20230123-W-Australian_Open-R16-Linda_Fruhvirtova-Donna_Vekic,Donna Vekic,0.4074074074074074,0.14814814814814814,0.4444444444444444
20230122-W-Australian_Open-R16-Victoria_Azarenka-Lin_Zhu,Victoria Azarenka,0.4186046511627907,0.23255813953488372,0.3488372093023256
20230122-W-Australian_Open-R16-Victoria_Azarenka-Lin_Zhu,Lin Zhu,0.45454545454545453,0.20454545454545456,0.3409090909090909
20230122-W-Australian_Open-R16-Iga_Swiatek-Elena_Rybakina,Iga Swiatek,0.37142857142857144,0.11428571428571428,0.5142857142857142
20230122-W-Australian_Open-R16-Iga_Swiatek-Elena_Rybakina,Elena Rybakina,0.3269230769230769,0.15384615384615385,0.5192307692307693
20230122-W-Australian_Open-R16-Barbora_Krejcikova-Jessica_Pegula,Barbora Krejcikova,0.23880597014925373,0.19402985074626866,0.5671641791044776
20230122-W-Australian_Open-R16-Barbora_Krejcikova-Jessica_Pegula,Jessica Pegula,0.425531914893617,0.2127659574468085,0.3617021276595745
20230121-W-Australian_Open-R32-Nuria_Parrizas_Diaz-Donna_Vekic,Nuria Parrizas Diaz,0.3548387096774194,0.0967741935483871,0.5483870967741935
20230121-W-Australian_Open-R32-Nuria_Parrizas_Diaz-Donna_Vekic,Donna Vekic,0.4838709677419355,0.16129032258064516,0.3548387096774194
20230121-W-Australian_Open-R32-Linda_Fruhvirtova-Marketa_Vondrousova,Linda Fruhvirtova,0.44285714285714284,0.17142857142857143,0.38571428571428573
20230121-W-Australian_Open-R32-Linda_Fruhvirtova-Marketa_Vondrousova,Marketa Vondrousova,0.39473684210526316,0.10526315789473684,0.5
20230121-W-Australian_Open-R32-Laura_Siegemund-Caroline_Garcia,Laura Siegemund,0.3404255319148936,0.10638297872340426,0.5531914893617021
20230121-W-Australian_Open-R32-Laura_Siegemund-Caroline_Garcia,Caroline Garcia,0.2898550724637681,0.2608695652173913,0.4492753623188406
20230121-W-Australian_Open-R16-Jelena_Ostapenko-Coco_Gauff,Jelena Ostapenko,0.38235294117647056,0.36764705882352944,0.25
20230121-W-Australian_Open-R16-Jelena_Ostapenko-Coco_Gauff,Coco Gauff,0.5384615384615384,0.3076923076923077,0.15384615384615385
20230120-W-Australian_Open-R32-Marta_Kostyuk-Jessica_Pegula,Marta Kostyuk,0.3269230769230769,0.09615384615384616,0.5769230769230769
20230120-W-Australian_Open-R32-Marta_Kostyuk-Jessica_Pegula,Jessica Pegula,0.4230769230769231,0.3076923076923077,0.2692307692307692
20230120-W-Australian_Open-R32-Madison_Keys-Victoria_Azarenka,Madison Keys,0.3380281690140845,0.15492957746478872,0.5070422535211268
20230120-W-Australian_Open-R32-Madison_Keys-Victoria_Azarenka,Victoria Azarenka,0.25806451612903225,0.3548387096774194,0.3870967741935484
20230120-W-Australian_Open-R32-Jelena_Ostapenko-Kateryna_Baindl,Jelena Ostapenko,0.49295774647887325,0.19718309859154928,0.30985915492957744
20230120-W-Australian_Open-R32-Jelena_Ostapenko-Kateryna_Baindl,Kateryna Baindl,0.35294117647058826,0.11764705882352941,0.5294117647058824
20230120-W-Australian_Open-R32-Iga_Swiatek-Cristina_Bucsa,Iga Swiatek,0.5,0.2727272727272727,0.22727272727272727
20230120-W-Australian_Open-R32-Iga_Swiatek-Cristina_Bucsa,Cristina Bucsa,0.0967741935483871,0.22580645161290322,0.6774193548387096
20230120-W-Australian_Open-R32-Danielle_Collins-Elena_Rybakina,Danielle Collins,0.34,0.16,0.5
20230120-W-Australian_Open-R32-Danielle_Collins-Elena_Rybakina,Elena Rybakina,0.3283582089552239,0.2537313432835821,0.417910447761194
20230120-W-Australian_Open-R32-Coco_Gauff-Bernarda_Pera,Coco Gauff,0.30612244897959184,0.12244897959183673,0.5714285714285714
20230120-W-Australian_Open-R32-Coco_Gauff-Bernarda_Pera,Bernarda Pera,0.27631578947368424,0.14473684210526316,0.5789473684210527
20230119-W-Australian_Open-R64-Marketa_Vondrousova-Ons_Jabeur,Marketa Vondrousova,0.2857142857142857,0.2857142857142857,0.42857142857142855
20230119-W-Australian_Open-R64-Marketa_Vondrousova-Ons_Jabeur,Ons Jabeur,0.25274725274725274,0.17582417582417584,0.5714285714285714
20230119-W-Australian_Open-R64-Donna_Vekic-Liudmila_Samsonova,Donna Vekic,0.38095238095238093,0.38095238095238093,0.23809523809523808
20230119-W-Australian_Open-R64-Donna_Vekic-Liudmila_Samsonova,Liudmila Samsonova,0.3076923076923077,0.1282051282051282,0.5641025641025641
20230119-W-Australian_Open-R64-Claire_Liu-Belinda_Bencic,Claire Liu,0.35384615384615387,0.16923076923076924,0.47692307692307695
20230119-W-Australian_Open-R64-Claire_Liu-Belinda_Bencic,Belinda Bencic,0.3902439024390244,0.21951219512195122,0.3902439024390244
20230119-W-Australian_Open-R64-Caroline_Garcia-Leylah_Fernandez,Caroline Garcia,0.3898305084745763,0.23728813559322035,0.3728813559322034
20230119-W-Australian_Open-R64-Caroline_Garcia-Leylah_Fernandez,Leylah Fernandez,0.42105263157894735,0.2631578947368421,0.3157894736842105
20230119-W-Australian_Open-R64-Anna_Karolina_Schmiedlova-Camila_Giorgi,Anna Karolina Schmiedlova,0.08823529411764706,0.17647058823529413,0.7352941176470589
20230119-W-Australian_Open-R64-Anna_Karolina_Schmiedlova-Camila_Giorgi,Camila Giorgi,0.3,0.23333333333333334,0.4666666666666667
20230119-W-Australian_Open-R64-Anett_Kontaveit-Magda_Linette,Anett Kontaveit,0.390625,0.15625,0.453125
20230119-W-Australian_Open-R64-Anett_Kontaveit-Magda_Linette,Magda Linette,0.4166666666666667,0.13333333333333333,0.45
20230118-W-Australian_Open-R64-Veronika_Kudermetova-Katie_Volynets,Veronika Kudermetova,0.26744186046511625,0.26744186046511625,0.46511627906976744
20230118-W-Australian_Open-R64-Veronika_Kudermetova-Katie_Volynets,Katie Volynets,0.2916666666666667,0.3541666666666667,0.3541666666666667
20230118-W-Australian_Open-R64-Petra_Kvitova-Anhelina_Kalinina,Petra Kvitova,0.4,0.14666666666666667,0.4533333333333333
20230118-W-Australian_Open-R64-Petra_Kvitova-Anhelina_Kalinina,Anhelina Kalinina,0.35,0.35,0.3
20230118-W-Australian_Open-R64-Olivia_Gadecki-Marta_Kostyuk,Olivia Gadecki,0.1,0.16666666666666666,0.7333333333333333
20230118-W-Australian_Open-R64-Olivia_Gadecki-Marta_Kostyuk,Marta Kostyuk,0.34615384615384615,0.19230769230769232,0.46153846153846156
20230118-W-Australian_Open-R64-Nadia_Podoroska-Victoria_Azarenka,Nadia Podoroska,0.20454545454545456,0.06818181818181818,0.7272727272727273
20230118-W-Australian_Open-R64-Nadia_Podoroska-Victoria_Azarenka,Victoria Azarenka,0.3684210526315789,0.21052631578947367,0.42105263157894735
20230118-W-Australian_Open-R64-Madison_Keys-Xin_Yu_Wang,Madison Keys,0.46,0.1,0.44
20230118-W-Australian_Open-R64-Madison_Keys-Xin_Yu_Wang,Xin Yu Wang,0.2926829268292683,0.07317073170731707,0.6341463414634146
20230118-W-Australian_Open-R64-Iga_Swiatek-Camila_Osorio,Iga Swiatek,0.3877551020408163,0.2653061224489796,0.3469387755102041
20230118-W-Australian_Open-R64-Iga_Swiatek-Camila_Osorio,Camila Osorio,0.3888888888888889,0.1388888888888889,0.4722222222222222
20230118-W-Australian_Open-R64-Elena_Rybakina-Kaja_Juvan,Elena Rybakina,0.35555555555555557,0.24444444444444444,0.4
20230118-W-Australian_Open-R64-Elena_Rybakina-Kaja_Juvan,Kaja Juvan,0.2916666666666667,0.125,0.5833333333333334
20230118-W-Australian_Open-R64-Danielle_Collins-Karolina_Muchova,Danielle Collins,0.2871287128712871,0.15841584158415842,0.5544554455445545
20230118-W-Australian_Open-R64-Danielle_Collins-Karolina_Muchova,Karolina Muchova,0.3404255319148936,0.0851063829787234,0.574468085106383
20230118-W-Australian_Open-R64-Cristina_Bucsa-Bianca_Andreescu,Cristina Bucsa,0.32941176470588235,0.18823529411764706,0.4823529411764706
20230118-W-Australian_Open-R64-Cristina_Bucsa-Bianca_Andreescu,Bianca Andreescu,0.28735632183908044,0.21839080459770116,0.4942528735632184
20230118-W-Australian_Open-R64-Coco_Gauff-Emma_Raducanu,Coco Gauff,0.21153846153846154,0.1346153846153846,0.6538461538461539
20230118-W-Australian_Open-R64-Coco_Gauff-Emma_Raducanu,Emma Raducanu,0.24615384615384617,0.2,0.5538461538461539
20230118-W-Australian_Open-R64-Aliaksandra_Sasnovich-Jessica_Pegula,Aliaksandra Sasnovich,0.234375,0.203125,0.5625
20230118-W-Australian_Open-R64-Aliaksandra_Sasnovich-Jessica_Pegula,Jessica Pegula,0.4473684210526316,0.10526315789473684,0.4473684210526316
20230118-W-Australian_Open-R128-Varvara_Gracheva-Daria_Kasatkina,Varvara Gracheva,0.4339622641509434,0.1320754716981132,0.4339622641509434
20230118-W-Australian_Open-R128-Varvara_Gracheva-Daria_Kasatkina,Daria Kasatkina,0.12,0.08,0.8
20230118-W-Australian_Open-R128-Magda_Linette-Mayar_Sherif,Magda Linette,0.42105263157894735,0.2631578947368421,0.3157894736842105
20230118-W-Australian_Open-R128-Magda_Linette-Mayar_Sherif,Mayar Sherif,0.23076923076923078,0.15384615384615385,0.6153846153846154
20230118-W-Australian_Open-R128-Beatriz_Haddad_Maia-Nuria_Parrizas_Diaz,Beatriz Haddad Maia,0.30612244897959184,0.12244897959183673,0.5714285714285714
20230118-W-Australian_Open-R128-Beatriz_Haddad_Maia-Nuria_Parrizas_Diaz,Nuria Parrizas Diaz,0.3924050632911392,0.13924050632911392,0.46835443037974683
20230117-W-Australian_Open-R128-Ons_Jabeur-Tamara_Zidansek,Ons Jabeur,0.24468085106382978,0.20212765957446807,0.5531914893617021
20230117-W-Australian_Open-R128-Ons_Jabeur-Tamara_Zidansek,Tamara Zidansek,0.136986301369863,0.273972602739726,0.589041095890411
20230117-W-Australian_Open-R128-Oksana_Selekhmeteva-Donna_Vekic,Oksana Selekhmeteva,0.36764705882352944,0.14705882352941177,0.4852941176470588
20230117-W-Australian_Open-R128-Oksana_Selekhmeteva-Donna_Vekic,Donna Vekic,0.25274725274725274,0.18681318681318682,0.5604395604395604
20230117-W-Australian_Open-R128-Leylah_Fernandez-Alize_Cornet,Leylah Fernandez,0.4067796610169492,0.11864406779661017,0.4745762711864407
20230117-W-Australian_Open-R128-Leylah_Fernandez-Alize_Cornet,Alize Cornet,0.24489795918367346,0.20408163265306123,0.5510204081632653
20230117-W-Australian_Open-R128-Evgeniya_Rodina-Katie_Volynets,Evgeniya Rodina,0.18181818181818182,0.25,0.5681818181818182
20230117-W-Australian_Open-R128-Evgeniya_Rodina-Katie_Volynets,Katie Volynets,0.36538461538461536,0.17307692307692307,0.46153846153846156
20230117-W-Australian_Open-R128-Caroline_Garcia-Katherine_Sebov,Caroline Garcia,0.4857142857142857,0.22857142857142856,0.2857142857142857
20230117-W-Australian_Open-R128-Caroline_Garcia-Katherine_Sebov,Katherine Sebov,0.05,0.2,0.75
20230117-W-Australian_Open-R128-Camila_Giorgi-Anastasia_Pavlyuchenkova,Camila Giorgi,0.375,0.25,0.375
20230117-W-Australian_Open-R128-Camila_Giorgi-Anastasia_Pavlyuchenkova,Anastasia Pavlyuchenkova,0.034482758620689655,0.10344827586206896,0.8620689655172413
20230117-W-Australian_Open-R128-Anett_Kontaveit-Julia_Grabher,Anett Kontaveit,0.35135135135135137,0.2702702702702703,0.3783783783783784
20230117-W-Australian_Open-R128-Anett_Kontaveit-Julia_Grabher,Julia Grabher,0.4375,0.21875,0.34375
20230116-W-Australian_Open-R128-Yue_Yuan-Maria_Sakkari,Yue Yuan,0.24324324324324326,0.16216216216216217,0.5945945945945946
20230116-W-Australian_Open-R128-Yue_Yuan-Maria_Sakkari,Maria Sakkari,0.5396825396825397,0.09523809523809523,0.36507936507936506
20230116-W-Australian_Open-R128-Tamara_Korpatsch-Emma_Raducanu,Tamara Korpatsch,0.30303030303030304,0.36363636363636365,0.3333333333333333
20230116-W-Australian_Open-R128-Tamara_Korpatsch-Emma_Raducanu,Emma Raducanu,0.38095238095238093,0.31746031746031744,0.30158730158730157
20230116-W-Australian_Open-R128-Sofia_Kenin-Victoria_Azarenka,Sofia Kenin,0.4027777777777778,0.16666666666666666,0.4305555555555556
20230116-W-Australian_Open-R128-Sofia_Kenin-Victoria_Azarenka,Victoria Azarenka,0.37777777777777777,0.2,0.4222222222222222
20230116-W-Australian_Open-R128-Selena_Janicijevic-Kaja_Juvan,Selena Janicijevic,0.23684210526315788,0.13157894736842105,0.631578947368421
20230116-W-Australian_Open-R128-Selena_Janicijevic-Kaja_Juvan,Kaja Juvan,0.3404255319148936,0.2978723404255319,0.3617021276595745
20230116-W-Australian_Open-R128-Sara_Bejlek-Barbora_Krejcikova,Sara Bejlek,0.2413793103448276,0.2413793103448276,0.5172413793103449
20230116-W-Australian_Open-R128-Sara_Bejlek-Barbora_Krejcikova,Barbora Krejcikova,0.45454545454545453,0.2727272727272727,0.2727272727272727
20230116-W-Australian_Open-R128-Olivia_Gadecki-Polina_Kudermetova,Olivia Gadecki,0.29411764705882354,0.23529411764705882,0.47058823529411764
20230116-W-Australian_Open-R128-Olivia_Gadecki-Polina_Kudermetova,Polina Kudermetova,0.19047619047619047,0.2619047619047619,0.5476190476190477
20230116-W-Australian_Open-R128-Marta_Kostyuk-Amanda_Anisimova,Marta Kostyuk,0.5,0.19047619047619047,0.30952380952380953
20230116-W-Australian_Open-R128-Marta_Kostyuk-Amanda_Anisimova,Amanda Anisimova,0.4666666666666667,0.15555555555555556,0.37777777777777777
20230116-W-Australian_Open-R128-Jessica_Pegula-Jaqueline_Cristian,Jessica Pegula,0.4074074074074074,0.25925925925925924,0.3333333333333333
20230116-W-Australian_Open-R128-Jessica_Pegula-Jaqueline_Cristian,Jaqueline Cristian,0.24390243902439024,0.024390243902439025,0.7317073170731707
20230116-W-Australian_Open-R128-Iga_Swiatek-Jule_Niemeier,Iga Swiatek,0.3064516129032258,0.24193548387096775,0.45161290322580644
20230116-W-Australian_Open-R128-Iga_Swiatek-Jule_Niemeier,Jule Niemeier,0.2830188679245283,0.11320754716981132,0.6037735849056604
20230116-W-Australian_Open-R128-Eva_Lys-Cristina_Bucsa,Eva Lys,0.27419354838709675,0.24193548387096775,0.4838709677419355
20230116-W-Australian_Open-R128-Eva_Lys-Cristina_Bucsa,Cristina Bucsa,0.3064516129032258,0.20967741935483872,0.4838709677419355
20230116-W-Australian_Open-R128-Elena_Rybakina-Elisabetta_Cocciaretto,Elena Rybakina,0.375,0.22916666666666666,0.3958333333333333
20230116-W-Australian_Open-R128-Elena_Rybakina-Elisabetta_Cocciaretto,Elisabetta Cocciaretto,0.2857142857142857,0.21428571428571427,0.5
20230116-W-Australian_Open-R128-Diana_Shnaider-Kristina_Kucova,Diana Shnaider,0.35526315789473684,0.14473684210526316,0.5
20230116-W-Australian_Open-R128-Diana_Shnaider-Kristina_Kucova,Kristina Kucova,0.21568627450980393,0.3137254901960784,0.47058823529411764
20230116-W-Australian_Open-R128-Coco_Gauff-Katerina_Siniakova,Coco Gauff,0.4666666666666667,0.13333333333333333,0.4
20230116-W-Australian_Open-R128-Coco_Gauff-Katerina_Siniakova,Katerina Siniakova,0.18421052631578946,0.2631578947368421,0.5526315789473685
20230116-W-Australian_Open-R128-Bianca_Andreescu-Marie_Bouzkova,Bianca Andreescu,0.3898305084745763,0.3050847457627119,0.3050847457627119
20230116-W-Australian_Open-R128-Bianca_Andreescu-Marie_Bouzkova,Marie Bouzkova,0.3055555555555556,0.25,0.4166666666666667
20230116-W-Australian_Open-R128-Aliaksandra_Sasnovich-Brenda_Fruhvirtova,Aliaksandra Sasnovich,0.45161290322580644,0.06451612903225806,0.4838709677419355
20230116-W-Australian_Open-R128-Aliaksandra_Sasnovich-Brenda_Fruhvirtova,Brenda Fruhvirtova,0.18181818181818182,0.045454545454545456,0.7727272727272727
20230112-W-Adelaide-QF-Caroline_Garcia-Belinda_Bencic,Caroline Garcia,0.46511627906976744,0.32558139534883723,0.20930232558139536
20230112-W-Adelaide-QF-Caroline_Garcia-Belinda_Bencic,Belinda Bencic,0.42857142857142855,0.47619047619047616,0.09523809523809523
20230111-W-Australian_Open-Q3-Sophie_Chang-Oksana_Selekhmeteva,Sophie Chang,0.3269230769230769,0.3076923076923077,0.36538461538461536
20230111-W-Australian_Open-Q3-Sophie_Chang-Oksana_Selekhmeteva,Oksana Selekhmeteva,0.29411764705882354,0.5,0.20588235294117646
20230109-W-Australian_Open-Q1-Ashlyn_Krueger-Eugenie_Bouchard,Ashlyn Krueger,0.28205128205128205,0.16666666666666666,0.5512820512820513
20230109-W-Australian_Open-Q1-Ashlyn_Krueger-Eugenie_Bouchard,Eugenie Bouchard,0.15384615384615385,0.3384615384615385,0.5076923076923077
20230109-W-Adelaide-R32-Amanda_Anisimova-Liudmila_Samsonova,Amanda Anisimova,0.39622641509433965,0.22641509433962265,0.37735849056603776
20230109-W-Adelaide-R32-Amanda_Anisimova-Liudmila_Samsonova,Liudmila Samsonova,0.25806451612903225,0.25806451612903225,0.45161290322580644
20230104-W-Adelaide-R16-Veronika_Kudermetova-Bianca_Andreescu,Veronika Kudermetova,0.3333333333333333,0.24444444444444444,0.4222222222222222
20230104-W-Adelaide-R16-Veronika_Kudermetova-Bianca_Andreescu,Bianca Andreescu,0.2894736842105263,0.10526315789473684,0.6052631578947368
20230103-W-Auckland-R32-Linda_Fruhvirtova-Emma_Raducanu,Linda Fruhvirtova,0.34615384615384615,0.21153846153846154,0.4423076923076923
20230103-W-Auckland-R32-Linda_Fruhvirtova-Emma_Raducanu,Emma Raducanu,0.39622641509433965,0.14150943396226415,0.46226415094339623
20230103-W-Auckland-R32-Elena_Gabriela_Ruse-Erin_Routliffe,Elena Gabriela Ruse,0.359375,0.25,0.390625
20230103-W-Auckland-R32-Elena_Gabriela_Ruse-Erin_Routliffe,Erin Routliffe,0.22784810126582278,0.25316455696202533,0.5189873417721519
20230103-W-Auckland-R32-Coco_Gauff-Tatjana_Maria,Coco Gauff,0.417910447761194,0.208955223880597,0.373134328358209
20230103-W-Auckland-R32-Coco_Gauff-Tatjana_Maria,Tatjana Maria,0.2647058823529412,0.11764705882352941,0.6176470588235294
20230103-W-Adelaide-R16-Aryna_Sabalenka-Liudmila_Samsonova,Aryna Sabalenka,0.421875,0.359375,0.21875
20230103-W-Adelaide-R16-Aryna_Sabalenka-Liudmila_Samsonova,Liudmila Samsonova,0.37735849056603776,0.4339622641509434,0.18867924528301888
20230102-W-Auckland-R32-Venus_Williams-Katie_Volynets,Venus Williams,0.3939393939393939,0.21212121212121213,0.3939393939393939
20230102-W-Auckland-R32-Venus_Williams-Katie_Volynets,Katie Volynets,0.4,0.025,0.575
20230102-W-Adelaide-R32-Linda_Noskova-Daria_Kasatkina,Linda Noskova,0.4715447154471545,0.12195121951219512,0.4065040650406504
20230102-W-Adelaide-R32-Linda_Noskova-Daria_Kasatkina,Daria Kasatkina,0.28169014084507044,0.2535211267605634,0.4647887323943662
20230102-W-Adelaide-R32-Amanda_Anisimova-Veronika_Kudermetova,Amanda Anisimova,0.24242424242424243,0.45454545454545453,0.30303030303030304
20230102-W-Adelaide-R32-Amanda_Anisimova-Veronika_Kudermetova,Veronika Kudermetova,0.2564102564102564,0.5897435897435898,0.15384615384615385
20230101-W-Adelaide-R32-Garbine_Muguruza-Bianca_Andreescu,Garbine Muguruza,0.4084507042253521,0.3380281690140845,0.2535211267605634
20230101-W-Adelaide-R32-Garbine_Muguruza-Bianca_Andreescu,Bianca Andreescu,0.4067796610169492,0.4576271186440678,0.13559322033898305
20221231-W-United_Cup-RR-Nuria_Parrizas_Diaz-Katie_Swan,Nuria Parrizas Diaz,0.32051282051282054,0.15384615384615385,0.5256410256410257
20221231-W-United_Cup-RR-Nuria_Parrizas_Diaz-Katie_Swan,Katie Swan,0.4,0.08,0.52
20221230-W-United_Cup-RR-Petra_Kvitova-Jessica_Pegula,Petra Kvitova,0.36363636363636365,0.20454545454545456,0.4318181818181818
20221230-W-United_Cup-RR-Petra_Kvitova-Jessica_Pegula,Jessica Pegula,0.3333333333333333,0.17777777777777778,0.4888888888888889
20221230-W-United_Cup-RR-Maddison_Inglis-Harriet_Dart,Maddison Inglis,0.34782608695652173,0.13043478260869565,0.5217391304347826
20221230-W-United_Cup-RR-Maddison_Inglis-Harriet_Dart,Harriet Dart,0.38,0.16,0.46
20221229-W-United_Cup-RR-Zoe_Hives-Katie_Swan,Zoe Hives,0.09615384615384616,0.11538461538461539,0.7884615384615384
20221229-W-United_Cup-RR-Zoe_Hives-Katie_Swan,Katie Swan,0.20512820512820512,0.10256410256410256,0.6923076923076923
20221218-W-Dutch_Championships-F-Bibiane_Schoofs-Suzan_Lamens,Bibiane Schoofs,0.3448275862068966,0.1896551724137931,0.46551724137931033
20221218-W-Dutch_Championships-F-Bibiane_Schoofs-Suzan_Lamens,Suzan Lamens,0.3111111111111111,0.28888888888888886,0.4
20221213-W-Limoges-R16-Katrina_Scott-Ana_Bogdan,Katrina Scott,0.16666666666666666,0.30952380952380953,0.5238095238095238
20221213-W-Limoges-R16-Katrina_Scott-Ana_Bogdan,Ana Bogdan,0.3103448275862069,0.2413793103448276,0.4482758620689655
20221212-W-Limoges-R32-Marta_Kostyuk-Joanna_Garland,Marta Kostyuk,0.4,0.14545454545454545,0.45454545454545453
20221212-W-Limoges-R32-Marta_Kostyuk-Joanna_Garland,Joanna Garland,0.23076923076923078,0.10256410256410256,0.6666666666666666
20221211-W-Limoges-R32-Emeline_Dartron-Audrey_Albie,Emeline Dartron,0.29411764705882354,0.11764705882352941,0.5882352941176471
20221211-W-Limoges-R32-Emeline_Dartron-Audrey_Albie,Audrey Albie,0.42857142857142855,0.14285714285714285,0.42857142857142855
20221208-W-Angers-R16-Sofia_Kenin-Anhelina_Kalinina,Sofia Kenin,0.3103448275862069,0.29310344827586204,0.39655172413793105
20221208-W-Angers-R16-Sofia_Kenin-Anhelina_Kalinina,Anhelina Kalinina,0.5,0.4117647058823529,0.08823529411764706
20221207-W-Angers-R32-Anna_Lena_Friedsam-Diane_Parry,Anna Lena Friedsam,0.4074074074074074,0.35185185185185186,0.24074074074074073
20221207-W-Angers-R32-Anna_Lena_Friedsam-Diane_Parry,Diane Parry,0.2962962962962963,0.3333333333333333,0.37037037037037035
20221202-W-Andorra-QF-Alison_Van_Uytvanck-Cristina_Bucsa,Alison Van Uytvanck,0.32142857142857145,0.4107142857142857,0.26785714285714285
20221202-W-Andorra-QF-Alison_Van_Uytvanck-Cristina_Bucsa,Cristina Bucsa,0.43373493975903615,0.3253012048192771,0.24096385542168675
20221201-W-Andorra-R16-Cristina_Bucsa-Kateryna_Baindl,Cristina Bucsa,0.3958333333333333,0.3541666666666667,0.25
20221201-W-Andorra-R16-Cristina_Bucsa-Kateryna_Baindl,Kateryna Baindl,0.2,0.4,0.4
20221130-W-Andorra-R16-Sabine_Lisicki-Alina_Charaeva,Sabine Lisicki,0.3181818181818182,0.4318181818181818,0.25
20221130-W-Andorra-R16-Sabine_Lisicki-Alina_Charaeva,Alina Charaeva,0.2962962962962963,0.48148148148148145,0.2222222222222222
20221127-W-Montevideo-F-Leolia_Jeanjean-Diana_Shnaider,Leolia Jeanjean,0.21666666666666667,0.43333333333333335,0.35
20221127-W-Montevideo-F-Leolia_Jeanjean-Diana_Shnaider,Diana Shnaider,0.4166666666666667,0.3125,0.2708333333333333
20221126-W-Montevideo-SF-Diana_Shnaider-Kateryna_Baindl,Diana Shnaider,0.34615384615384615,0.3269230769230769,0.3269230769230769
20221126-W-Montevideo-SF-Diana_Shnaider-Kateryna_Baindl,Kateryna Baindl,0.32608695652173914,0.21739130434782608,0.45652173913043476
20221124-W-Montevideo-R16-Brenda_Fruhvirtova-Kateryna_Baindl,Brenda Fruhvirtova,0.2727272727272727,0.3409090909090909,0.38636363636363635
20221124-W-Montevideo-R16-Brenda_Fruhvirtova-Kateryna_Baindl,Kateryna Baindl,0.4444444444444444,0.3333333333333333,0.2222222222222222
20221113-W-BJK_Cup_Finals-F-Ajla_Tomljanovic-Belinda_Bencic,Ajla Tomljanovic,0.23333333333333334,0.36666666666666664,0.4
20221113-W-BJK_Cup_Finals-F-Ajla_Tomljanovic-Belinda_Bencic,Belinda Bencic,0.3684210526315789,0.4473684210526316,0.18421052631578946
20221112-W-BJK_Cup_Finals-RR-Caroline_Garcia-Lesley_Pattinama_Kerkhove,Caroline Garcia,0.33962264150943394,0.24528301886792453,0.41509433962264153
20221112-W-BJK_Cup_Finals-RR-Caroline_Garcia-Lesley_Pattinama_Kerkhove,Lesley Pattinama Kerkhove,0.17647058823529413,0.20588235294117646,0.6176470588235294
20221111-W-Fort_Worth_Finals-RR-Coco_Gauff-Daria_Kasatkina,Coco Gauff,0.29545454545454547,0.17045454545454544,0.5340909090909091
20221111-W-Fort_Worth_Finals-RR-Coco_Gauff-Daria_Kasatkina,Daria Kasatkina,0.2857142857142857,0.30952380952380953,0.40476190476190477
20221111-W-BJK_Cup_Finals-RR-Viktorija_Golubic-Bianca_Andreescu,Viktorija Golubic,0.4166666666666667,0.20833333333333334,0.375
20221111-W-BJK_Cup_Finals-RR-Viktorija_Golubic-Bianca_Andreescu,Bianca Andreescu,0.38271604938271603,0.18518518518518517,0.43209876543209874
20221111-W-BJK_Cup_Finals-RR-Diane_Parry-Suzan_Lamens,Diane Parry,0.3333333333333333,0.3111111111111111,0.35555555555555557
20221111-W-BJK_Cup_Finals-RR-Diane_Parry-Suzan_Lamens,Suzan Lamens,0.3424657534246575,0.3287671232876712,0.3287671232876712
20221111-W-BJK_Cup_Finals-RR-Danielle_Collins-Marketa_Vondrousova,Danielle Collins,0.36363636363636365,0.18181818181818182,0.45454545454545453
20221111-W-BJK_Cup_Finals-RR-Danielle_Collins-Marketa_Vondrousova,Marketa Vondrousova,0.5,0.21052631578947367,0.2894736842105263
20221111-W-BJK_Cup_Finals-RR-Coco_Gauff-Katerina_Siniakova,Coco Gauff,0.24390243902439024,0.24390243902439024,0.5121951219512195
20221111-W-BJK_Cup_Finals-RR-Coco_Gauff-Katerina_Siniakova,Katerina Siniakova,0.24489795918367346,0.4897959183673469,0.2653061224489796
20221111-W-BJK_Cup_Finals-RR-Alize_Cornet-Lesley_Pattinama_Kerkhove,Alize Cornet,0.40625,0.25,0.34375
20221111-W-BJK_Cup_Finals-RR-Alize_Cornet-Lesley_Pattinama_Kerkhove,Lesley Pattinama Kerkhove,0.15384615384615385,0.15384615384615385,0.6923076923076923
20221110-W-BJK_Cup_Finals-RR-Paula_Badosa-Harriet_Dart,Paula Badosa,0.2698412698412698,0.2222222222222222,0.5079365079365079
20221110-W-BJK_Cup_Finals-RR-Paula_Badosa-Harriet_Dart,Harriet Dart,0.30612244897959184,0.2653061224489796,0.42857142857142855
20221110-W-BJK_Cup_Finals-RR-Magdalena_Frech-Karolina_Muchova,Magdalena Frech,0.23333333333333334,0.36666666666666664,0.4
20221110-W-BJK_Cup_Finals-RR-Magdalena_Frech-Karolina_Muchova,Karolina Muchova,0.4888888888888889,0.2,0.3111111111111111
20221110-W-BJK_Cup_Finals-RR-Elisabetta_Cocciaretto-Bianca_Andreescu,Elisabetta Cocciaretto,0.2830188679245283,0.20754716981132076,0.5094339622641509
20221110-W-BJK_Cup_Finals-RR-Elisabetta_Cocciaretto-Bianca_Andreescu,Bianca Andreescu,0.35294117647058826,0.22058823529411764,0.4264705882352941
20221109-W-BJK_Cup_Finals-RR-Yulia_Putintseva-Nuria_Parrizas_Diaz,Yulia Putintseva,0.3373493975903614,0.21686746987951808,0.4457831325301205
20221109-W-BJK_Cup_Finals-RR-Yulia_Putintseva-Nuria_Parrizas_Diaz,Nuria Parrizas Diaz,0.38095238095238093,0.17142857142857143,0.4380952380952381
20221109-W-BJK_Cup_Finals-RR-Magdalena_Frech-Danielle_Collins,Magdalena Frech,0.37037037037037035,0.25925925925925924,0.37037037037037035
20221109-W-BJK_Cup_Finals-RR-Magdalena_Frech-Danielle_Collins,Danielle Collins,0.43564356435643564,0.16831683168316833,0.39603960396039606
20221109-W-BJK_Cup_Finals-RR-Jil_Teichmann-Elisabetta_Cocciaretto,Jil Teichmann,0.12195121951219512,0.3170731707317073,0.5609756097560976
20221109-W-BJK_Cup_Finals-RR-Jil_Teichmann-Elisabetta_Cocciaretto,Elisabetta Cocciaretto,0.18253968253968253,0.2698412698412698,0.5476190476190477
20221108-W-BJK_Cup_Finals-RR-Elena_Rybakina-Harriet_Dart,Elena Rybakina,0.45652173913043476,0.2826086956521739,0.2608695652173913
20221108-W-BJK_Cup_Finals-RR-Elena_Rybakina-Harriet_Dart,Harriet Dart,0.3333333333333333,0.2962962962962963,0.37037037037037035
20221106-W-ITF_Shrewsbury-F-Eva_Lys-Marketa_Vondrousova,Eva Lys,0.35,0.23333333333333334,0.4166666666666667
20221106-W-ITF_Shrewsbury-F-Eva_Lys-Marketa_Vondrousova,Marketa Vondrousova,0.25806451612903225,0.3870967741935484,0.3548387096774194
20221106-W-Fort_Worth_Finals-SF-Caroline_Garcia-Maria_Sakkari,Caroline Garcia,0.40540540540540543,0.35135135135135137,0.24324324324324326
20221106-W-Fort_Worth_Finals-SF-Caroline_Garcia-Maria_Sakkari,Maria Sakkari,0.25806451612903225,0.41935483870967744,0.3225806451612903
20221106-W-Fort_Worth_Finals-RR-Coco_Gauff-Iga_Swiatek,Coco Gauff,0.07692307692307693,0.2692307692307692,0.6538461538461539
20221106-W-Fort_Worth_Finals-RR-Coco_Gauff-Iga_Swiatek,Iga Swiatek,0.37735849056603776,0.2830188679245283,0.33962264150943394
20221103-W-Fort_Worth_Finals-RR-Iga_Swiatek-Caroline_Garcia,Iga Swiatek,0.48484848484848486,0.42424242424242425,0.09090909090909091
20221103-W-Fort_Worth_Finals-RR-Iga_Swiatek-Caroline_Garcia,Caroline Garcia,0.43243243243243246,0.35135135135135137,0.21621621621621623
20221102-W-Fort_Worth_Finals-RR-Aryna_Sabalenka-Maria_Sakkari,Aryna Sabalenka,0.3125,0.3333333333333333,0.3541666666666667
20221102-W-Fort_Worth_Finals-RR-Aryna_Sabalenka-Maria_Sakkari,Maria Sakkari,0.3111111111111111,0.4666666666666667,0.2222222222222222
20221101-W-Fort_Worth_Finals-RR-Iga_Swiatek-Daria_Kasatkina,Iga Swiatek,0.3559322033898305,0.3898305084745763,0.2542372881355932
20221101-W-Fort_Worth_Finals-RR-Iga_Swiatek-Daria_Kasatkina,Daria Kasatkina,0.16,0.36,0.48
20221101-W-Fort_Worth_Finals-RR-Caroline_Garcia-Coco_Gauff,Caroline Garcia,0.4318181818181818,0.4090909090909091,0.1590909090909091
20221101-W-Fort_Worth_Finals-RR-Caroline_Garcia-Coco_Gauff,Coco Gauff,0.3235294117647059,0.4117647058823529,0.2647058823529412
20221027-W-Tampico-QF-Leylah_Fernandez-Rebecca_Marino,Leylah Fernandez,0.32142857142857145,0.35714285714285715,0.32142857142857145
20221027-W-Tampico-QF-Leylah_Fernandez-Rebecca_Marino,Rebecca Marino,0.36585365853658536,0.3902439024390244,0.24390243902439024
20221027-W-ITF_Trnava-R16-Julie_Struplova-Aneta_Laboutkova,Julie Struplova,0.38235294117647056,0.3235294117647059,0.29411764705882354
20221027-W-ITF_Trnava-R16-Julie_Struplova-Aneta_Laboutkova,Aneta Laboutkova,0.5454545454545454,0.38636363636363635,0.06818181818181818
20221021-W-Guadalajara-QF-Maria_Sakkari-Veronika_Kudermetova,Maria Sakkari,0.2923076923076923,0.26153846153846155,0.4461538461538462
20221021-W-Guadalajara-QF-Maria_Sakkari-Veronika_Kudermetova,Veronika Kudermetova,0.3170731707317073,0.15853658536585366,0.524390243902439
20221020-W-Guadalajara-R16-Coco_Gauff-Martina_Trevisan,Coco Gauff,0.1,0.43333333333333335,0.4666666666666667
20221020-W-Guadalajara-R16-Coco_Gauff-Martina_Trevisan,Martina Trevisan,0.14285714285714285,0.17142857142857143,0.6857142857142857
20221020-W-Guadalajara-R16-Bianca_Andreescu-Jessica_Pegula,Bianca Andreescu,0.22448979591836735,0.22448979591836735,0.5510204081632653
20221020-W-Guadalajara-R16-Bianca_Andreescu-Jessica_Pegula,Jessica Pegula,0.24489795918367346,0.2857142857142857,0.46938775510204084
20221020-W-Guadalajara-R16-Anna_Kalinskaya-Daria_Kasatkina,Anna Kalinskaya,0.25609756097560976,0.15853658536585366,0.5853658536585366
20221020-W-Guadalajara-R16-Anna_Kalinskaya-Daria_Kasatkina,Daria Kasatkina,0.13513513513513514,0.22972972972972974,0.6351351351351351
20221019-W-Guadalajara-R32-Aryna_Sabalenka-Liudmila_Samsonova,Aryna Sabalenka,0.27906976744186046,0.46511627906976744,0.2558139534883721
20221019-W-Guadalajara-R32-Aryna_Sabalenka-Liudmila_Samsonova,Liudmila Samsonova,0.3018867924528302,0.3584905660377358,0.33962264150943394
20221019-W-Guadalajara-R16-Liudmila_Samsonova-Marie_Bouzkova,Liudmila Samsonova,0.3170731707317073,0.2926829268292683,0.3902439024390244
20221019-W-Guadalajara-R16-Liudmila_Samsonova-Marie_Bouzkova,Marie Bouzkova,0.225,0.575,0.2
20221018-W-Guadalajara-R64-Karolina_Pliskova-Elena_Rybakina,Karolina Pliskova,0.07317073170731707,0.34146341463414637,0.5853658536585366
20221018-W-Guadalajara-R64-Karolina_Pliskova-Elena_Rybakina,Elena Rybakina,0.15,0.325,0.525
20221018-W-Guadalajara-R64-Eugenie_Bouchard-Kayla_Day,Eugenie Bouchard,0.2916666666666667,0.3125,0.3958333333333333
20221018-W-Guadalajara-R64-Eugenie_Bouchard-Kayla_Day,Kayla Day,0.28125,0.28125,0.4375
20221018-W-Guadalajara-R32-Petra_Kvitova-Bianca_Andreescu,Petra Kvitova,0.2894736842105263,0.25,0.4605263157894737
20221018-W-Guadalajara-R32-Petra_Kvitova-Bianca_Andreescu,Bianca Andreescu,0.23809523809523808,0.35714285714285715,0.40476190476190477
20221017-W-Guadalajara-R64-Linda_Fruhvirtova-Sloane_Stephens,Linda Fruhvirtova,0.05555555555555555,0.1111111111111111,0.8333333333333334
20221017-W-Guadalajara-R64-Linda_Fruhvirtova-Sloane_Stephens,Sloane Stephens,0.3888888888888889,0.25,0.3611111111111111
20221017-W-Guadalajara-R64-Kaia_Kanepi-Liudmila_Samsonova,Kaia Kanepi,0.22727272727272727,0.4090909090909091,0.36363636363636365
20221017-W-Guadalajara-R64-Kaia_Kanepi-Liudmila_Samsonova,Liudmila Samsonova,0.45454545454545453,0.36363636363636365,0.18181818181818182
20221017-W-Guadalajara-R64-Jil_Teichmann-Bianca_Andreescu,Jil Teichmann,0.09090909090909091,0.21212121212121213,0.696969696969697
20221017-W-Guadalajara-R64-Jil_Teichmann-Bianca_Andreescu,Bianca Andreescu,0.2549019607843137,0.2549019607843137,0.49019607843137253
20221016-W-San_Diego-F-Iga_Swiatek-Donna_Vekic,Iga Swiatek,0.34615384615384615,0.38461538461538464,0.2692307692307692
20221016-W-San_Diego-F-Iga_Swiatek-Donna_Vekic,Donna Vekic,0.3333333333333333,0.25,0.4166666666666667
20221015-W-San_Diego-SF-Iga_Swiatek-Jessica_Pegula,Iga Swiatek,0.38271604938271603,0.20987654320987653,0.4074074074074074
20221015-W-San_Diego-SF-Iga_Swiatek-Jessica_Pegula,Jessica Pegula,0.23333333333333334,0.2833333333333333,0.48333333333333334
20221015-W-ITF_Trnava-SF-Lucie_Havlickova-Anna_Karolina_Schmiedlova,Lucie Havlickova,0.23333333333333334,0.3333333333333333,0.43333333333333335
20221015-W-ITF_Trnava-SF-Lucie_Havlickova-Anna_Karolina_Schmiedlova,Anna Karolina Schmiedlova,0.35294117647058826,0.35294117647058826,0.29411764705882354
20221014-W-San_Diego-QF-Coco_Gauff-Iga_Swiatek,Coco Gauff,0.32608695652173914,0.13043478260869565,0.5434782608695652
20221014-W-San_Diego-QF-Coco_Gauff-Iga_Swiatek,Iga Swiatek,0.41935483870967744,0.25806451612903225,0.3225806451612903
20221013-W-San_Diego-R16-Coco_Gauff-Bianca_Andreescu,Coco Gauff,0.3287671232876712,0.2328767123287671,0.4383561643835616
20221013-W-San_Diego-R16-Coco_Gauff-Bianca_Andreescu,Bianca Andreescu,0.25925925925925924,0.20987654320987653,0.5308641975308642
20221012-W-ITF_Trnava-R32-Joanna_Garland-Mara_Guth,Joanna Garland,0.40816326530612246,0.3877551020408163,0.20408163265306123
20221012-W-ITF_Trnava-R32-Joanna_Garland-Mara_Guth,Mara Guth,0.29411764705882354,0.47058823529411764,0.23529411764705882
20221011-W-San_Diego-R32-Coco_Gauff-Robin_Montgomery,Coco Gauff,0.2978723404255319,0.19148936170212766,0.5106382978723404
20221011-W-San_Diego-R32-Coco_Gauff-Robin_Montgomery,Robin Montgomery,0.2826086956521739,0.13043478260869565,0.5869565217391305
20221010-W-San_Diego-R32-Bianca_Andreescu-Liudmila_Samsonova,Bianca Andreescu,0.2727272727272727,0.5272727272727272,0.2
20221010-W-San_Diego-R32-Bianca_Andreescu-Liudmila_Samsonova,Liudmila Samsonova,0.3218390804597701,0.25287356321839083,0.42528735632183906
20221008-W-Ostrava-SF-Iga_Swiatek-Ekaterina_Alexandrova,Iga Swiatek,0.2894736842105263,0.19736842105263158,0.5131578947368421
20221008-W-Ostrava-SF-Iga_Swiatek-Ekaterina_Alexandrova,Ekaterina Alexandrova,0.3670886075949367,0.20253164556962025,0.43037974683544306
20221006-W-Ostrava-R16-Tereza_Martincova-Anett_Kontaveit,Tereza Martincova,0.48,0.44,0.08
20221006-W-Ostrava-R16-Tereza_Martincova-Anett_Kontaveit,Anett Kontaveit,0.49019607843137253,0.19607843137254902,0.3137254901960784
20221006-W-ITF_Las_Vegas-R16-Katrina_Scott-Arianne_Hartono,Katrina Scott,0.4,0.56,0.04
20221006-W-ITF_Las_Vegas-R16-Katrina_Scott-Arianne_Hartono,Arianne Hartono,0.4626865671641791,0.22388059701492538,0.31343283582089554
20221005-W-Ostrava-R16-Petra_Kvitova-Paula_Badosa,Petra Kvitova,0.40963855421686746,0.3132530120481928,0.27710843373493976
20221005-W-Ostrava-R16-Petra_Kvitova-Paula_Badosa,Paula Badosa,0.3142857142857143,0.5714285714285714,0.11428571428571428
20221005-W-Ostrava-R16-Iga_Swiatek-Ajla_Tomljanovic,Iga Swiatek,0.3770491803278688,0.2459016393442623,0.36065573770491804
20221005-W-Ostrava-R16-Iga_Swiatek-Ajla_Tomljanovic,Ajla Tomljanovic,0.3488372093023256,0.2558139534883721,0.3953488372093023
20221004-W-Ostrava-R32-Eugenie_Bouchard-Belinda_Bencic,Eugenie Bouchard,0.4696969696969697,0.3484848484848485,0.18181818181818182
20221004-W-Ostrava-R32-Eugenie_Bouchard-Belinda_Bencic,Belinda Bencic,0.43333333333333335,0.3888888888888889,0.17777777777777778
20221004-W-Ostrava-R32-Alycia_Parks-Karolina_Pliskova,Alycia Parks,0.5272727272727272,0.12727272727272726,0.34545454545454546
20221004-W-Ostrava-R32-Alycia_Parks-Karolina_Pliskova,Karolina Pliskova,0.28,0.28,0.44
20221004-W-Monastir-R32-Mirra_Andreeva-Anastasia_Potapova,Mirra Andreeva,0.21686746987951808,0.14457831325301204,0.6385542168674698
20221004-W-Monastir-R32-Mirra_Andreeva-Anastasia_Potapova,Anastasia Potapova,0.23,0.23,0.54
20221004-W-Monastir-R32-Magdalena_Frech-Yasmine_Mansouri,Magdalena Frech,0.2571428571428571,0.45714285714285713,0.2857142857142857
20221004-W-Monastir-R32-Magdalena_Frech-Yasmine_Mansouri,Yasmine Mansouri,0.2926829268292683,0.14634146341463414,0.5609756097560976
20221004-W-ITF_Trnava-Q2-Linda_Klimovicova-Kathleen_Kanev,Linda Klimovicova,0.24390243902439024,0.34146341463414637,0.4146341463414634
20221004-W-ITF_Trnava-Q2-Linda_Klimovicova-Kathleen_Kanev,Kathleen Kanev,0.47368421052631576,0.2807017543859649,0.24561403508771928
20221003-W-Monastir-R32-Lin_Zhu-Despina_Papamichail,Lin Zhu,0.2,0.2,0.6
20221003-W-Monastir-R32-Lin_Zhu-Despina_Papamichail,Despina Papamichail,0.2777777777777778,0.20833333333333334,0.5138888888888888
20221001-W-ITF_San_Sebastian-SF-Aliona_Bolsova-Eva_Vedder,Aliona Bolsova,0.3157894736842105,0.2631578947368421,0.42105263157894735
20221001-W-ITF_San_Sebastian-SF-Aliona_Bolsova-Eva_Vedder,Eva Vedder,0.2857142857142857,0.15714285714285714,0.5571428571428572
20220925-W-Tokyo-F-Qinwen_Zheng-Liudmila_Samsonova,Qinwen Zheng,0.20512820512820512,0.5128205128205128,0.28205128205128205
20220925-W-Tokyo-F-Qinwen_Zheng-Liudmila_Samsonova,Liudmila Samsonova,0.4,0.425,0.175
20220924-W-Tokyo-SF-Shuai_Zhang-Liudmila_Samsonova,Shuai Zhang,0.40625,0.375,0.21875
20220924-W-Tokyo-SF-Shuai_Zhang-Liudmila_Samsonova,Liudmila Samsonova,0.45,0.25,0.3
20220923-W-Tokyo-QF-Garbine_Muguruza-Liudmila_Samsonova,Garbine Muguruza,0.21875,0.375,0.40625
20220923-W-Tokyo-QF-Garbine_Muguruza-Liudmila_Samsonova,Liudmila Samsonova,0.44680851063829785,0.3191489361702128,0.23404255319148937
20220922-W-Tokyo-R16-Xin_Yu_Wang-Liudmila_Samsonova,Xin Yu Wang,0.2926829268292683,0.5853658536585366,0.12195121951219512
20220922-W-Tokyo-R16-Xin_Yu_Wang-Liudmila_Samsonova,Liudmila Samsonova,0.26785714285714285,0.44642857142857145,0.2857142857142857
20220922-W-Tokyo-QF-Shuai_Zhang-Petra_Martic,Shuai Zhang,0.3448275862068966,0.41379310344827586,0.2413793103448276
20220922-W-Tokyo-QF-Shuai_Zhang-Petra_Martic,Petra Martic,0.23076923076923078,0.41025641025641024,0.358974358974359
20220921-W-Tokyo-R32-Elena_Rybakina-Liudmila_Samsonova,Elena Rybakina,0.2903225806451613,0.45161290322580644,0.25806451612903225
20220921-W-Tokyo-R32-Elena_Rybakina-Liudmila_Samsonova,Liudmila Samsonova,0.3125,0.5,0.1875
20220921-W-Seoul-R32-Yanina_Wickmayer-Linda_Fruhvirtova,Yanina Wickmayer,0.4444444444444444,0.37777777777777777,0.17777777777777778
20220921-W-Seoul-R32-Yanina_Wickmayer-Linda_Fruhvirtova,Linda Fruhvirtova,0.15789473684210525,0.5263157894736842,0.3157894736842105
20220921-W-Seoul-R32-Magda_Linette-Arianne_Hartono,Magda Linette,0.3157894736842105,0.3684210526315789,0.3157894736842105
20220921-W-Seoul-R32-Magda_Linette-Arianne_Hartono,Arianne Hartono,0.18421052631578946,0.3684210526315789,0.4473684210526316
20220921-W-ITF_Berkeley-R32-Diana_Shnaider-Lisa_Zaar,Diana Shnaider,0.2619047619047619,0.42857142857142855,0.30952380952380953
20220921-W-ITF_Berkeley-R32-Diana_Shnaider-Lisa_Zaar,Lisa Zaar,0.21875,0.34375,0.4375
20220918-W-Chennai-F-Linda_Fruhvirtova-Magda_Linette,Linda Fruhvirtova,0.3287671232876712,0.3150684931506849,0.3561643835616438
20220918-W-Chennai-F-Linda_Fruhvirtova-Magda_Linette,Magda Linette,0.5301204819277109,0.07228915662650602,0.39759036144578314
20220917-W-Portoroz-SF-Elena_Rybakina-Ana_Bogdan,Elena Rybakina,0.3728813559322034,0.3220338983050847,0.3050847457627119
20220917-W-Portoroz-SF-Elena_Rybakina-Ana_Bogdan,Ana Bogdan,0.3235294117647059,0.35294117647058826,0.3235294117647059
20220915-W-Portoroz-R16-Jodie_Burrage-Katerina_Siniakova,Jodie Burrage,0.2926829268292683,0.2926829268292683,0.4146341463414634
20220915-W-Portoroz-R16-Jodie_Burrage-Katerina_Siniakova,Katerina Siniakova,0.3488372093023256,0.4418604651162791,0.20930232558139536
20220914-W-Chennai-R16-Rebecca_Peterson-Linda_Fruhvirtova,Rebecca Peterson,0.46511627906976744,0.11627906976744186,0.4186046511627907
20220914-W-Chennai-R16-Rebecca_Peterson-Linda_Fruhvirtova,Linda Fruhvirtova,0.3333333333333333,0.5,0.16666666666666666
20220914-W-Chennai-R16-Rebecca_Marino-Katarzyna_Kawa,Rebecca Marino,0.28846153846153844,0.46153846153846156,0.25
20220914-W-Chennai-R16-Rebecca_Marino-Katarzyna_Kawa,Katarzyna Kawa,0.3333333333333333,0.375,0.2916666666666667
20220910-W-US_Open-F-Iga_Swiatek-Ons_Jabeur,Iga Swiatek,0.2698412698412698,0.25396825396825395,0.47619047619047616
20220910-W-US_Open-F-Iga_Swiatek-Ons_Jabeur,Ons Jabeur,0.21666666666666667,0.21666666666666667,0.5666666666666667
20220907-W-US_Open-QF-Iga_Swiatek-Jessica_Pegula,Iga Swiatek,0.2835820895522388,0.22388059701492538,0.4925373134328358
20220907-W-US_Open-QF-Iga_Swiatek-Jessica_Pegula,Jessica Pegula,0.23214285714285715,0.19642857142857142,0.5714285714285714
20220906-W-US_Open-QF-Caroline_Garcia-Coco_Gauff,Caroline Garcia,0.3275862068965517,0.22413793103448276,0.4482758620689655
20220906-W-US_Open-QF-Caroline_Garcia-Coco_Gauff,Coco Gauff,0.3,0.175,0.525
20220905-W-US_Open-R16-Petra_Kvitova-Jessica_Pegula,Petra Kvitova,0.35,0.35,0.3
20220905-W-US_Open-R16-Petra_Kvitova-Jessica_Pegula,Jessica Pegula,0.13333333333333333,0.6666666666666666,0.2
20220905-W-US_Open-R16-Karolina_Pliskova-Victoria_Azarenka,Karolina Pliskova,0.46511627906976744,0.3023255813953488,0.23255813953488372
20220905-W-US_Open-R16-Karolina_Pliskova-Victoria_Azarenka,Victoria Azarenka,0.422680412371134,0.3402061855670103,0.23711340206185566
20220905-W-US_Open-R16-Iga_Swiatek-Jule_Niemeier,Iga Swiatek,0.23943661971830985,0.29577464788732394,0.4647887323943662
20220905-W-US_Open-R16-Iga_Swiatek-Jule_Niemeier,Jule Niemeier,0.22950819672131148,0.2459016393442623,0.5245901639344263
20220905-W-US_Open-R16-Danielle_Collins-Aryna_Sabalenka,Danielle Collins,0.40298507462686567,0.19402985074626866,0.40298507462686567
20220905-W-US_Open-R16-Danielle_Collins-Aryna_Sabalenka,Aryna Sabalenka,0.4098360655737705,0.16393442622950818,0.4262295081967213
20220904-W-US_Open-R16-Shuai_Zhang-Coco_Gauff,Shuai Zhang,0.34285714285714286,0.2571428571428571,0.4
20220904-W-US_Open-R16-Shuai_Zhang-Coco_Gauff,Coco Gauff,0.42424242424242425,0.22727272727272727,0.3484848484848485
20220904-W-US_Open-R16-Liudmila_Samsonova-Ajla_Tomljanovic,Liudmila Samsonova,0.26582278481012656,0.11392405063291139,0.620253164556962
20220904-W-US_Open-R16-Liudmila_Samsonova-Ajla_Tomljanovic,Ajla Tomljanovic,0.15217391304347827,0.2391304347826087,0.6086956521739131
20220904-W-US_Open-R16-Caroline_Garcia-Alison_Riske_Amritraj,Caroline Garcia,0.39622641509433965,0.2830188679245283,0.32075471698113206
20220904-W-US_Open-R16-Caroline_Garcia-Alison_Riske_Amritraj,Alison Riske Amritraj,0.28,0.48,0.24
20220903-W-US_Open-R32-Serena_Williams-Ajla_Tomljanovic,Serena Williams,0.3157894736842105,0.23684210526315788,0.4473684210526316
20220903-W-US_Open-R32-Serena_Williams-Ajla_Tomljanovic,Ajla Tomljanovic,0.4117647058823529,0.23529411764705882,0.35294117647058826
20220903-W-US_Open-R32-Petra_Kvitova-Garbine_Muguruza,Petra Kvitova,0.345679012345679,0.12345679012345678,0.5308641975308642
20220903-W-US_Open-R32-Petra_Kvitova-Garbine_Muguruza,Garbine Muguruza,0.23529411764705882,0.23529411764705882,0.5294117647058824
20220903-W-US_Open-R32-Iga_Swiatek-Lauren_Davis,Iga Swiatek,0.2833333333333333,0.18333333333333332,0.5333333333333333
20220903-W-US_Open-R32-Iga_Swiatek-Lauren_Davis,Lauren Davis,0.18,0.16,0.66
20220902-W-US_Open-R32-Coco_Gauff-Madison_Keys,Coco Gauff,0.1282051282051282,0.38461538461538464,0.48717948717948717
20220902-W-US_Open-R32-Coco_Gauff-Madison_Keys,Madison Keys,0.1836734693877551,0.2653061224489796,0.5510204081632653
20220902-W-US_Open-R32-Caroline_Garcia-Bianca_Andreescu,Caroline Garcia,0.41818181818181815,0.23636363636363636,0.34545454545454546
20220902-W-US_Open-R32-Caroline_Garcia-Bianca_Andreescu,Bianca Andreescu,0.22857142857142856,0.3142857142857143,0.45714285714285713
20220901-W-US_Open-R64-Linda_Fruhvirtova-Garbine_Muguruza,Linda Fruhvirtova,0.10714285714285714,0.32142857142857145,0.5714285714285714
20220901-W-US_Open-R64-Linda_Fruhvirtova-Garbine_Muguruza,Garbine Muguruza,0.38636363636363635,0.20454545454545456,0.4090909090909091
20220901-W-US_Open-R64-Iga_Swiatek-Sloane_Stephens,Iga Swiatek,0.20833333333333334,0.3333333333333333,0.4583333333333333
20220901-W-US_Open-R64-Iga_Swiatek-Sloane_Stephens,Sloane Stephens,0.2222222222222222,0.1111111111111111,0.6666666666666666
20220901-W-US_Open-R64-Beatriz_Haddad_Maia-Bianca_Andreescu,Beatriz Haddad Maia,0.3333333333333333,0.19607843137254902,0.47058823529411764
20220901-W-US_Open-R64-Beatriz_Haddad_Maia-Bianca_Andreescu,Bianca Andreescu,0.2571428571428571,0.3142857142857143,0.42857142857142855
20220831-W-US_Open-R64-Rebecca_Marino-Daria_Snigur,Rebecca Marino,0.18181818181818182,0.3181818181818182,0.5
20220831-W-US_Open-R64-Rebecca_Marino-Daria_Snigur,Daria Snigur,0.3333333333333333,0.17391304347826086,0.4927536231884058
20220831-W-US_Open-R64-Anett_Kontaveit-Serena_Williams,Anett Kontaveit,0.3880597014925373,0.23880597014925373,0.373134328358209
20220831-W-US_Open-R64-Anett_Kontaveit-Serena_Williams,Serena Williams,0.3108108108108108,0.24324324324324326,0.44594594594594594
20220830-W-US_Open-R128-Venus_Williams-Alison_Van_Uytvanck,Venus Williams,0.24489795918367346,0.30612244897959184,0.4489795918367347
20220830-W-US_Open-R128-Venus_Williams-Alison_Van_Uytvanck,Alison Van Uytvanck,0.3559322033898305,0.3389830508474576,0.3050847457627119
20220830-W-US_Open-R128-Peyton_Stearns-Ekaterina_Alexandrova,Peyton Stearns,0.3253012048192771,0.18072289156626506,0.4939759036144578
20220830-W-US_Open-R128-Peyton_Stearns-Ekaterina_Alexandrova,Ekaterina Alexandrova,0.3225806451612903,0.27419354838709675,0.4032258064516129
20220830-W-US_Open-R128-Naomi_Osaka-Danielle_Collins,Naomi Osaka,0.3333333333333333,0.3076923076923077,0.358974358974359
20220830-W-US_Open-R128-Naomi_Osaka-Danielle_Collins,Danielle Collins,0.37777777777777777,0.4222222222222222,0.2
20220830-W-US_Open-R128-Marie_Bouzkova-Linda_Noskova,Marie Bouzkova,0.5,0.19696969696969696,0.30303030303030304
20220830-W-US_Open-R128-Marie_Bouzkova-Linda_Noskova,Linda Noskova,0.35526315789473684,0.25,0.39473684210526316
20220830-W-US_Open-R128-Kaja_Juvan-Cristina_Bucsa,Kaja Juvan,0.3584905660377358,0.1509433962264151,0.49056603773584906
20220830-W-US_Open-R128-Kaja_Juvan-Cristina_Bucsa,Cristina Bucsa,0.42857142857142855,0.24489795918367346,0.32653061224489793
20220830-W-US_Open-R128-Jasmine_Paolini-Iga_Swiatek,Jasmine Paolini,0.13333333333333333,0.1,0.7666666666666667
20220830-W-US_Open-R128-Jasmine_Paolini-Iga_Swiatek,Iga Swiatek,0.3170731707317073,0.1951219512195122,0.4878048780487805
20220830-W-US_Open-R128-Andrea_Petkovic-Belinda_Bencic,Andrea Petkovic,0.3559322033898305,0.2033898305084746,0.4406779661016949
20220830-W-US_Open-R128-Andrea_Petkovic-Belinda_Bencic,Belinda Bencic,0.36363636363636365,0.2727272727272727,0.36363636363636365
20220830-W-US_Open-R128-Alize_Cornet-Emma_Raducanu,Alize Cornet,0.4444444444444444,0.2222222222222222,0.3333333333333333
20220830-W-US_Open-R128-Alize_Cornet-Emma_Raducanu,Emma Raducanu,0.2222222222222222,0.18518518518518517,0.5925925925925926
20220829-W-US_Open-R128-Serena_Williams-Danka_Kovinic,Serena Williams,0.3111111111111111,0.26666666666666666,0.4222222222222222
20220829-W-US_Open-R128-Serena_Williams-Danka_Kovinic,Danka Kovinic,0.2857142857142857,0.14285714285714285,0.5714285714285714
20220829-W-US_Open-R128-Sara_Bejlek-Liudmila_Samsonova,Sara Bejlek,0.2777777777777778,0.16666666666666666,0.5555555555555556
20220829-W-US_Open-R128-Sara_Bejlek-Liudmila_Samsonova,Liudmila Samsonova,0.3125,0.22916666666666666,0.4583333333333333
20220829-W-US_Open-R128-Martina_Trevisan-Evgeniya_Rodina,Martina Trevisan,0.3055555555555556,0.1388888888888889,0.5555555555555556
20220829-W-US_Open-R128-Martina_Trevisan-Evgeniya_Rodina,Evgeniya Rodina,0.21621621621621623,0.2972972972972973,0.4864864864864865
20220829-W-US_Open-R128-Madison_Brengle-Ons_Jabeur,Madison Brengle,0.11904761904761904,0.38095238095238093,0.5
20220829-W-US_Open-R128-Madison_Brengle-Ons_Jabeur,Ons Jabeur,0.27941176470588236,0.2647058823529412,0.45588235294117646
20220829-W-US_Open-R128-Harmony_Tan-Bianca_Andreescu,Harmony Tan,0.2391304347826087,0.21739130434782608,0.5434782608695652
20220829-W-US_Open-R128-Harmony_Tan-Bianca_Andreescu,Bianca Andreescu,0.37735849056603776,0.33962264150943394,0.2830188679245283
20220829-W-US_Open-R128-Eleana_Yu-Alison_Riske_Amritraj,Eleana Yu,0.17647058823529413,0.17647058823529413,0.6470588235294118
20220829-W-US_Open-R128-Eleana_Yu-Alison_Riske_Amritraj,Alison Riske Amritraj,0.4489795918367347,0.20408163265306123,0.3469387755102041
20220827-W-Cleveland-F-Aliaksandra_Sasnovich-Liudmila_Samsonova,Aliaksandra Sasnovich,0.3793103448275862,0.20689655172413793,0.41379310344827586
20220827-W-Cleveland-F-Aliaksandra_Sasnovich-Liudmila_Samsonova,Liudmila Samsonova,0.3469387755102041,0.3877551020408163,0.2653061224489796
20220825-W-Granby-QF-Tatjana_Maria-Diane_Parry,Tatjana Maria,0.36363636363636365,0.3116883116883117,0.3246753246753247
20220825-W-Granby-QF-Tatjana_Maria-Diane_Parry,Diane Parry,0.46938775510204084,0.25510204081632654,0.2755102040816326
20220824-W-US_Open-Q1-Tara_Wurth-Maja_Chwalinska,Tara Wurth,0.3,0.08888888888888889,0.6111111111111112
20220824-W-US_Open-Q1-Tara_Wurth-Maja_Chwalinska,Maja Chwalinska,0.14035087719298245,0.24561403508771928,0.6140350877192983
20220824-W-US_Open-Q1-Elsa_Jacquemot-Moyuka_Uchijima,Elsa Jacquemot,0.3787878787878788,0.25757575757575757,0.36363636363636365
20220824-W-US_Open-Q1-Elsa_Jacquemot-Moyuka_Uchijima,Moyuka Uchijima,0.43037974683544306,0.16455696202531644,0.4050632911392405
20220823-W-US_Open-Q1-Yuki_Naito-Eugenie_Bouchard,Yuki Naito,0.15555555555555556,0.2222222222222222,0.6222222222222222
20220823-W-US_Open-Q1-Yuki_Naito-Eugenie_Bouchard,Eugenie Bouchard,0.2692307692307692,0.25,0.4807692307692308
20220823-W-Granby-R32-Jasmine_Paolini-Himeno_Sakatsume,Jasmine Paolini,0.2318840579710145,0.17391304347826086,0.5942028985507246
20220823-W-Granby-R32-Jasmine_Paolini-Himeno_Sakatsume,Himeno Sakatsume,0.23255813953488372,0.13953488372093023,0.627906976744186
20220822-W-Granby-R32-Rebecca_Marino-Victoria_Mboko,Rebecca Marino,0.4,0.125,0.475
20220822-W-Granby-R32-Rebecca_Marino-Victoria_Mboko,Victoria Mboko,0.1,0.26666666666666666,0.6333333333333333
20220822-W-Granby-R32-Marina_Stakusic-Jaimee_Fourlis,Marina Stakusic,0.31343283582089554,0.26865671641791045,0.417910447761194
20220822-W-Granby-R32-Marina_Stakusic-Jaimee_Fourlis,Jaimee Fourlis,0.2619047619047619,0.15476190476190477,0.5833333333333334
20220822-W-Granby-R32-Cadence_Brace-Kaja_Juvan,Cadence Brace,0.2982456140350877,0.2807017543859649,0.42105263157894735
20220822-W-Granby-R32-Cadence_Brace-Kaja_Juvan,Kaja Juvan,0.32142857142857145,0.16071428571428573,0.5178571428571429
20220822-W-Granby-R32-Anna_Bondar-Kayla_Cross,Anna Bondar,0.32432432432432434,0.1891891891891892,0.4864864864864865
20220822-W-Granby-R32-Anna_Bondar-Kayla_Cross,Kayla Cross,0.21153846153846154,0.3076923076923077,0.4807692307692308
20220821-W-Granby-R32-Tatjana_Maria-Nadia_Podoroska,Tatjana Maria,0.5757575757575758,0.15151515151515152,0.2727272727272727
20220821-W-Granby-R32-Tatjana_Maria-Nadia_Podoroska,Nadia Podoroska,0.3103448275862069,0.20689655172413793,0.4827586206896552
20220819-W-Cincinnati-QF-Petra_Kvitova-Ajla_Tomljanovic,Petra Kvitova,0.38636363636363635,0.29545454545454547,0.3181818181818182
20220819-W-Cincinnati-QF-Petra_Kvitova-Ajla_Tomljanovic,Ajla Tomljanovic,0.2608695652173913,0.5217391304347826,0.21739130434782608
20220817-W-Cincinnati-R16-Iga_Swiatek-Sloane_Stephens,Iga Swiatek,0.25,0.3088235294117647,0.4411764705882353
20220817-W-Cincinnati-R16-Iga_Swiatek-Sloane_Stephens,Sloane Stephens,0.2631578947368421,0.15789473684210525,0.5789473684210527
20220815-W-Cincinnati-R64-Amanda_Anisimova-Daria_Kasatkina,Amanda Anisimova,0.44594594594594594,0.20270270270270271,0.35135135135135137
20220815-W-Cincinnati-R64-Amanda_Anisimova-Daria_Kasatkina,Daria Kasatkina,0.2,0.5,0.3
20220811-W-Toronto-R16-Qinwen_Zheng-Bianca_Andreescu,Qinwen Zheng,0.23529411764705882,0.23529411764705882,0.5294117647058824
20220811-W-Toronto-R16-Qinwen_Zheng-Bianca_Andreescu,Bianca Andreescu,0.22058823529411764,0.16176470588235295,0.6176470588235294
20220810-W-Toronto-R32-Iga_Swiatek-Ajla_Tomljanovic,Iga Swiatek,0.3611111111111111,0.2222222222222222,0.4166666666666667
20220810-W-Toronto-R32-Iga_Swiatek-Ajla_Tomljanovic,Ajla Tomljanovic,0.06896551724137931,0.1724137931034483,0.7586206896551724
20220810-W-Toronto-R32-Elena_Rybakina-Coco_Gauff,Elena Rybakina,0.23157894736842105,0.22105263157894736,0.5473684210526316
20220810-W-Toronto-R32-Elena_Rybakina-Coco_Gauff,Coco Gauff,0.2602739726027397,0.2054794520547945,0.5342465753424658
20220810-W-Toronto-R32-Alize_Cornet-Bianca_Andreescu,Alize Cornet,0.2857142857142857,0.18571428571428572,0.5285714285714286
20220810-W-Toronto-R32-Alize_Cornet-Bianca_Andreescu,Bianca Andreescu,0.32098765432098764,0.20987654320987653,0.4691358024691358
20220809-W-Toronto-R64-Daria_Kasatkina-Bianca_Andreescu,Daria Kasatkina,0.32142857142857145,0.26785714285714285,0.4107142857142857
20220809-W-Toronto-R64-Daria_Kasatkina-Bianca_Andreescu,Bianca Andreescu,0.31313131313131315,0.25252525252525254,0.43434343434343436
20220808-W-Toronto-R64-Serena_Williams-Nuria_Parrizas_Diaz,Serena Williams,0.4262295081967213,0.13114754098360656,0.4426229508196721
20220808-W-Toronto-R64-Serena_Williams-Nuria_Parrizas_Diaz,Nuria Parrizas Diaz,0.4339622641509434,0.1320754716981132,0.4339622641509434
20220805-W-San_Jose-QF-Paula_Badosa-Coco_Gauff,Paula Badosa,0.35,0.375,0.275
20220805-W-San_Jose-QF-Paula_Badosa-Coco_Gauff,Coco Gauff,0.37209302325581395,0.32558139534883723,0.3023255813953488
20220804-W-Washington-R16-Emma_Raducanu-Camila_Osorio,Emma Raducanu,0.25287356321839083,0.3218390804597701,0.42528735632183906
20220804-W-Washington-R16-Emma_Raducanu-Camila_Osorio,Camila Osorio,0.33783783783783783,0.21621621621621623,0.44594594594594594
20220802-W-San_Jose-R32-Coco_Gauff-Anhelina_Kalinina,Coco Gauff,0.5641025641025641,0.15384615384615385,0.28205128205128205
20220802-W-San_Jose-R32-Coco_Gauff-Anhelina_Kalinina,Anhelina Kalinina,0.21052631578947367,0.2631578947368421,0.5263157894736842
20220802-W-San_Jose-R32-Bianca_Andreescu-Shelby_Rogers,Bianca Andreescu,0.17777777777777778,0.2,0.6222222222222222
20220802-W-San_Jose-R32-Bianca_Andreescu-Shelby_Rogers,Shelby Rogers,0.37254901960784315,0.09803921568627451,0.5294117647058824
20220801-W-San_Jose-R32-Taylor_Townsend-Storm_Hunter,Taylor Townsend,0.3333333333333333,0.13333333333333333,0.5333333333333333
20220801-W-San_Jose-R32-Taylor_Townsend-Storm_Hunter,Storm Hunter,0.3333333333333333,0.10256410256410256,0.5641025641025641
20220801-W-San_Jose-R32-Alison_Riske_Amritraj-Elizabeth_Mandlik,Alison Riske Amritraj,0.06818181818181818,0.20454545454545456,0.7272727272727273
20220801-W-San_Jose-R32-Alison_Riske_Amritraj-Elizabeth_Mandlik,Elizabeth Mandlik,0.1956521739130435,0.2608695652173913,0.5434782608695652
20220730-W-Prague-SF-Anastasia_Potapova-Qiang_Wang,Anastasia Potapova,0.3157894736842105,0.42105263157894735,0.2631578947368421
20220730-W-Prague-SF-Anastasia_Potapova-Qiang_Wang,Qiang Wang,0.30303030303030304,0.24242424242424243,0.45454545454545453
20220728-W-Warsaw-R16-Iga_Swiatek-Gabriela_Lee,Iga Swiatek,0.42592592592592593,0.18518518518518517,0.3888888888888889
20220728-W-Warsaw-R16-Iga_Swiatek-Gabriela_Lee,Gabriela Lee,0.125,0.16666666666666666,0.7083333333333334
20220727-W-Warsaw-R32-Iga_Swiatek-Magdalena_Frech,Iga Swiatek,0.5,0.20454545454545456,0.29545454545454547
20220727-W-Warsaw-R32-Iga_Swiatek-Magdalena_Frech,Magdalena Frech,0.17391304347826086,0.30434782608695654,0.5217391304347826
20220727-W-ITF_Cordenons-R16-Linda_Fruhvirtova-Nuria_Brancaccio,Linda Fruhvirtova,0.425,0.2375,0.3375
20220727-W-ITF_Cordenons-R16-Linda_Fruhvirtova-Nuria_Brancaccio,Nuria Brancaccio,0.4330708661417323,0.12598425196850394,0.4409448818897638
20220725-W-Warsaw-R32-Rebeka_Masarova-Maja_Chwalinska,Rebeka Masarova,0.3,0.17142857142857143,0.5285714285714286
20220725-W-Warsaw-R32-Rebeka_Masarova-Maja_Chwalinska,Maja Chwalinska,0.2826086956521739,0.2608695652173913,0.45652173913043476
20220723-W-Hamburg-F-Anett_Kontaveit-Bernarda_Pera,Anett Kontaveit,0.30303030303030304,0.30303030303030304,0.3939393939393939
20220723-W-Hamburg-F-Anett_Kontaveit-Bernarda_Pera,Bernarda Pera,0.23529411764705882,0.4117647058823529,0.35294117647058826
20220720-W-ITF_Bronx-SF-Simona_Waltert-Mirjam_Bjorklund,Simona Waltert,0.47058823529411764,0.2647058823529412,0.2647058823529412
20220720-W-ITF_Bronx-SF-Simona_Waltert-Mirjam_Bjorklund,Mirjam Bjorklund,0.4,0.475,0.125
20220710-W-ITF_Amstelveen-F-Emma_Navarro-Simona_Waltert,Emma Navarro,0.36363636363636365,0.29545454545454547,0.3409090909090909
20220710-W-ITF_Amstelveen-F-Emma_Navarro-Simona_Waltert,Simona Waltert,0.49230769230769234,0.23076923076923078,0.27692307692307694
20220709-W-Wimbledon_Juniors-F-Liv_Hovde-Luca_Udvardy,Liv Hovde,0.2,0.3230769230769231,0.47692307692307695
20220709-W-Wimbledon_Juniors-F-Liv_Hovde-Luca_Udvardy,Luca Udvardy,0.1836734693877551,0.24489795918367346,0.5714285714285714
20220709-W-Wimbledon-F-Elena_Rybakina-Ons_Jabeur,Elena Rybakina,0.32432432432432434,0.22972972972972974,0.44594594594594594
20220709-W-Wimbledon-F-Elena_Rybakina-Ons_Jabeur,Ons Jabeur,0.23636363636363636,0.2545454545454545,0.509090909090909
20220706-W-Wimbledon-QF-Elena_Rybakina-Ajla_Tomljanovic,Elena Rybakina,0.25396825396825395,0.25396825396825395,0.47619047619047616
20220706-W-Wimbledon-QF-Elena_Rybakina-Ajla_Tomljanovic,Ajla Tomljanovic,0.20454545454545456,0.25,0.5454545454545454
20220703-W-Wimbledon-R16-Jelena_Ostapenko-Tatjana_Maria,Jelena Ostapenko,0.3582089552238806,0.1865671641791045,0.4552238805970149
20220703-W-Wimbledon-R16-Jelena_Ostapenko-Tatjana_Maria,Tatjana Maria,0.3333333333333333,0.2777777777777778,0.3888888888888889
20220630-W-Wimbledon-R64-Kirsten_Flipkens-Simona_Halep,Kirsten Flipkens,0.42857142857142855,0.17857142857142858,0.39285714285714285
20220630-W-Wimbledon-R64-Kirsten_Flipkens-Simona_Halep,Simona Halep,0.36538461538461536,0.3269230769230769,0.3076923076923077
20220630-W-Wimbledon-R64-Karolina_Pliskova-Katie_Boulter,Karolina Pliskova,0.0975609756097561,0.4634146341463415,0.43902439024390244
20220630-W-Wimbledon-R64-Karolina_Pliskova-Katie_Boulter,Katie Boulter,0.323943661971831,0.23943661971830985,0.43661971830985913
20220630-W-Wimbledon-R64-Iga_Swiatek-Lesley_Pattinama_Kerkhove,Iga Swiatek,0.33783783783783783,0.20270270270270271,0.4594594594594595
20220630-W-Wimbledon-R64-Iga_Swiatek-Lesley_Pattinama_Kerkhove,Lesley Pattinama Kerkhove,0.23076923076923078,0.3269230769230769,0.4230769230769231
20220630-W-Wimbledon-R64-Harmony_Tan-Sara_Sorribes_Tormo,Harmony Tan,0.4117647058823529,0.2647058823529412,0.3235294117647059
20220630-W-Wimbledon-R64-Harmony_Tan-Sara_Sorribes_Tormo,Sara Sorribes Tormo,0.2909090909090909,0.3090909090909091,0.4
20220630-W-Wimbledon-R64-Elena_Rybakina-Bianca_Andreescu,Elena Rybakina,0.2982456140350877,0.3333333333333333,0.3684210526315789
20220630-W-Wimbledon-R64-Elena_Rybakina-Bianca_Andreescu,Bianca Andreescu,0.30612244897959184,0.2653061224489796,0.42857142857142855
20220629-W-Wimbledon-R64-Tatjana_Maria-Sorana_Cirstea,Tatjana Maria,0.2708333333333333,0.4583333333333333,0.2708333333333333
20220629-W-Wimbledon-R64-Tatjana_Maria-Sorana_Cirstea,Sorana Cirstea,0.33707865168539325,0.29213483146067415,0.3707865168539326
20220629-W-Wimbledon-R64-Caroline_Garcia-Emma_Raducanu,Caroline Garcia,0.37037037037037035,0.4444444444444444,0.18518518518518517
20220629-W-Wimbledon-R64-Caroline_Garcia-Emma_Raducanu,Emma Raducanu,0.4583333333333333,0.4166666666666667,0.125
20220628-W-Wimbledon-R128-Sonay_Kartal-Lesley_Pattinama_Kerkhove,Sonay Kartal,0.14285714285714285,0.2619047619047619,0.5952380952380952
20220628-W-Wimbledon-R128-Sonay_Kartal-Lesley_Pattinama_Kerkhove,Lesley Pattinama Kerkhove,0.2891566265060241,0.25301204819277107,0.4578313253012048
20220628-W-Wimbledon-R128-Serena_Williams-Harmony_Tan,Serena Williams,0.4015151515151515,0.14393939393939395,0.44696969696969696
20220628-W-Wimbledon-R128-Serena_Williams-Harmony_Tan,Harmony Tan,0.2987012987012987,0.2597402597402597,0.4155844155844156
20220628-W-Wimbledon-R128-Kirsten_Flipkens-Jaimee_Fourlis,Kirsten Flipkens,0.33962264150943394,0.3584905660377358,0.3018867924528302
20220628-W-Wimbledon-R128-Kirsten_Flipkens-Jaimee_Fourlis,Jaimee Fourlis,0.2878787878787879,0.25757575757575757,0.45454545454545453
20220628-W-Wimbledon-R128-Iga_Swiatek-Jana_Fett,Iga Swiatek,0.225,0.3,0.475
20220628-W-Wimbledon-R128-Iga_Swiatek-Jana_Fett,Jana Fett,0.17142857142857143,0.2857142857142857,0.5428571428571428
20220628-W-Wimbledon-R128-Emina_Bektas-Bianca_Andreescu,Emina Bektas,0.25,0.10714285714285714,0.6428571428571429
20220628-W-Wimbledon-R128-Emina_Bektas-Bianca_Andreescu,Bianca Andreescu,0.5277777777777778,0.16666666666666666,0.2777777777777778
20220628-W-Wimbledon-R128-Catherine_Harrison-Arantxa_Rus,Catherine Harrison,0.3541666666666667,0.2708333333333333,0.375
20220628-W-Wimbledon-R128-Catherine_Harrison-Arantxa_Rus,Arantxa Rus,0.2571428571428571,0.2857142857142857,0.45714285714285713
20220627-W-Wimbledon-R128-Maja_Chwalinska-Katerina_Siniakova,Maja Chwalinska,0.29411764705882354,0.3333333333333333,0.37254901960784315
20220627-W-Wimbledon-R128-Maja_Chwalinska-Katerina_Siniakova,Katerina Siniakova,0.30434782608695654,0.17391304347826086,0.5217391304347826
20220627-W-Wimbledon-R128-Kaja_Juvan-Beatriz_Haddad_Maia,Kaja Juvan,0.25,0.23333333333333334,0.5166666666666667
20220627-W-Wimbledon-R128-Kaja_Juvan-Beatriz_Haddad_Maia,Beatriz Haddad Maia,0.2878787878787879,0.24242424242424243,0.4696969696969697
20220627-W-Wimbledon-R128-Heather_Watson-Tamara_Korpatsch,Heather Watson,0.32978723404255317,0.20212765957446807,0.46808510638297873
20220627-W-Wimbledon-R128-Heather_Watson-Tamara_Korpatsch,Tamara Korpatsch,0.22580645161290322,0.25806451612903225,0.5161290322580645
20220627-W-Wimbledon-R128-Alison_Van_Uytvanck-Emma_Raducanu,Alison Van Uytvanck,0.2459016393442623,0.2459016393442623,0.5081967213114754
20220627-W-Wimbledon-R128-Alison_Van_Uytvanck-Emma_Raducanu,Emma Raducanu,0.17307692307692307,0.38461538461538464,0.4423076923076923
20220625-W-Eastbourne-F-Petra_Kvitova-Jelena_Ostapenko,Petra Kvitova,0.3548387096774194,0.45161290322580644,0.1935483870967742
20220625-W-Eastbourne-F-Petra_Kvitova-Jelena_Ostapenko,Jelena Ostapenko,0.37209302325581395,0.20930232558139536,0.4186046511627907
20220625-W-Bad_Homburg-F-Caroline_Garcia-Bianca_Andreescu,Caroline Garcia,0.3157894736842105,0.2631578947368421,0.42105263157894735
20220625-W-Bad_Homburg-F-Caroline_Garcia-Bianca_Andreescu,Bianca Andreescu,0.28378378378378377,0.21621621621621623,0.5
20220623-W-Bad_Homburg-QF-Bianca_Andreescu-Daria_Kasatkina,Bianca Andreescu,0.3,0.34,0.36
20220623-W-Bad_Homburg-QF-Bianca_Andreescu-Daria_Kasatkina,Daria Kasatkina,0.41935483870967744,0.16129032258064516,0.41935483870967744
20220622-W-Bad_Homburg-R16-Katie_Swan-Bianca_Andreescu,Katie Swan,0.3076923076923077,0.07692307692307693,0.6153846153846154
20220622-W-Bad_Homburg-R16-Katie_Swan-Bianca_Andreescu,Bianca Andreescu,0.30434782608695654,0.2608695652173913,0.43478260869565216
20220621-W-Bad_Homburg-R32-Martina_Trevisan-Bianca_Andreescu,Martina Trevisan,0.19444444444444445,0.1111111111111111,0.6944444444444444
20220621-W-Bad_Homburg-R32-Martina_Trevisan-Bianca_Andreescu,Bianca Andreescu,0.20833333333333334,0.3125,0.4791666666666667
20220619-W-Eastbourne-R64-Magdalena_Frech-Qinwen_Zheng,Magdalena Frech,0.36666666666666664,0.3333333333333333,0.3
20220619-W-Eastbourne-R64-Magdalena_Frech-Qinwen_Zheng,Qinwen Zheng,0.34782608695652173,0.15217391304347827,0.5
20220618-W-ITF_Madrid-SF-Katherine_Sebov-Alexandra_Eala,Katherine Sebov,0.3333333333333333,0.26666666666666666,0.4
20220618-W-ITF_Madrid-SF-Katherine_Sebov-Alexandra_Eala,Alexandra Eala,0.6285714285714286,0.3142857142857143,0.05714285714285714
20220618-W-Berlin-SF-Coco_Gauff-Ons_Jabeur,Coco Gauff,0.23076923076923078,0.1794871794871795,0.5897435897435898
20220618-W-Berlin-SF-Coco_Gauff-Ons_Jabeur,Ons Jabeur,0.32608695652173914,0.2826086956521739,0.391304347826087
20220616-W-Berlin-R16-Alycia_Parks-Ons_Jabeur,Alycia Parks,0.22448979591836735,0.2857142857142857,0.4897959183673469
20220616-W-Berlin-R16-Alycia_Parks-Ons_Jabeur,Ons Jabeur,0.2558139534883721,0.4186046511627907,0.32558139534883723
20220615-W-Berlin-R16-Karolina_Pliskova-Bianca_Andreescu,Karolina Pliskova,0.25396825396825395,0.2222222222222222,0.5238095238095238
20220615-W-Berlin-R16-Karolina_Pliskova-Bianca_Andreescu,Bianca Andreescu,0.4155844155844156,0.19480519480519481,0.38961038961038963
20220613-W-Berlin-R32-Katerina_Siniakova-Bianca_Andreescu,Katerina Siniakova,0.345679012345679,0.2962962962962963,0.35802469135802467
20220613-W-Berlin-R32-Katerina_Siniakova-Bianca_Andreescu,Bianca Andreescu,0.29333333333333333,0.3333333333333333,0.37333333333333335
20220612-W-s_Hertogenbosch-F-Aryna_Sabalenka-Ekaterina_Alexandrova,Aryna Sabalenka,0.23255813953488372,0.13953488372093023,0.6046511627906976
20220612-W-s_Hertogenbosch-F-Aryna_Sabalenka-Ekaterina_Alexandrova,Ekaterina Alexandrova,0.28205128205128205,0.3076923076923077,0.41025641025641024
20220607-W-s_Hertogenbosch-R32-Taylah_Preston-Arianne_Hartono,Taylah Preston,0.208955223880597,0.14925373134328357,0.6417910447761194
20220607-W-s_Hertogenbosch-R32-Taylah_Preston-Arianne_Hartono,Arianne Hartono,0.2972972972972973,0.10810810810810811,0.5945945945945946
20220607-W-s_Hertogenbosch-R32-Storm_Hunter-Elise_Mertens,Storm Hunter,0.20634920634920634,0.19047619047619047,0.5873015873015873
20220607-W-s_Hertogenbosch-R32-Storm_Hunter-Elise_Mertens,Elise Mertens,0.3,0.175,0.525
20220607-W-Nottingham-R32-Magdalena_Frech-Yuriko_Miyazaki,Magdalena Frech,0.32857142857142857,0.17142857142857143,0.5
20220607-W-Nottingham-R32-Magdalena_Frech-Yuriko_Miyazaki,Yuriko Miyazaki,0.375,0.15,0.475
20220606-W-s_Hertogenbosch-R32-Anna_Kalinskaya-Suzan_Lamens,Anna Kalinskaya,0.3275862068965517,0.27586206896551724,0.3793103448275862
20220606-W-s_Hertogenbosch-R32-Anna_Kalinskaya-Suzan_Lamens,Suzan Lamens,0.23943661971830985,0.2535211267605634,0.49295774647887325
20220604-W-Roland_Garros-F-Coco_Gauff-Iga_Swiatek,Coco Gauff,0.35294117647058826,0.029411764705882353,0.6176470588235294
20220604-W-Roland_Garros-F-Coco_Gauff-Iga_Swiatek,Iga Swiatek,0.3953488372093023,0.23255813953488372,0.37209302325581395
20220602-W-Roland_Garros-SF-Martina_Trevisan-Coco_Gauff,Martina Trevisan,0.24,0.12,0.62
20220602-W-Roland_Garros-SF-Martina_Trevisan-Coco_Gauff,Coco Gauff,0.30952380952380953,0.2857142857142857,0.40476190476190477
20220602-W-Roland_Garros-SF-Iga_Swiatek-Daria_Kasatkina,Iga Swiatek,0.4883720930232558,0.2558139534883721,0.2558139534883721
20220602-W-Roland_Garros-SF-Iga_Swiatek-Daria_Kasatkina,Daria Kasatkina,0.25,0.09375,0.65625
20220601-W-Roland_Garros-QF-Jessica_Pegula-Iga_Swiatek,Jessica Pegula,0.3111111111111111,0.1111111111111111,0.5777777777777777
20220601-W-Roland_Garros-QF-Jessica_Pegula-Iga_Swiatek,Iga Swiatek,0.43333333333333335,0.11666666666666667,0.45
20220531-W-Roland_Garros-QF-Leylah_Fernandez-Martina_Trevisan,Leylah Fernandez,0.3333333333333333,0.26666666666666666,0.4
20220531-W-Roland_Garros-QF-Leylah_Fernandez-Martina_Trevisan,Martina Trevisan,0.5324675324675324,0.18181818181818182,0.2857142857142857
20220530-W-Roland_Garros-R16-Iga_Swiatek-Qinwen_Zheng,Iga Swiatek,0.2978723404255319,0.26595744680851063,0.43617021276595747
20220530-W-Roland_Garros-R16-Iga_Swiatek-Qinwen_Zheng,Qinwen Zheng,0.25,0.109375,0.640625
20220528-W-Roland_Garros-R32-Iga_Swiatek-Danka_Kovinic,Iga Swiatek,0.22916666666666666,0.20833333333333334,0.5625
20220528-W-Roland_Garros-R32-Iga_Swiatek-Danka_Kovinic,Danka Kovinic,0.21428571428571427,0.11904761904761904,0.6666666666666666
20220527-W-Roland_Garros-R32-Jil_Teichmann-Victoria_Azarenka,Jil Teichmann,0.39705882352941174,0.125,0.47794117647058826
20220527-W-Roland_Garros-R32-Jil_Teichmann-Victoria_Azarenka,Victoria Azarenka,0.358695652173913,0.17391304347826086,0.4673913043478261
20220526-W-Roland_Garros-R64-Kaja_Juvan-Paula_Badosa,Kaja Juvan,0.3548387096774194,0.1935483870967742,0.45161290322580644
20220526-W-Roland_Garros-R64-Kaja_Juvan-Paula_Badosa,Paula Badosa,0.4266666666666667,0.26666666666666666,0.30666666666666664
20220526-W-Roland_Garros-R64-Iga_Swiatek-Alison_Riske_Amritraj,Iga Swiatek,0.4583333333333333,0.22916666666666666,0.3125
20220526-W-Roland_Garros-R64-Iga_Swiatek-Alison_Riske_Amritraj,Alison Riske Amritraj,0.21052631578947367,0.05263157894736842,0.7368421052631579
20220525-W-Roland_Garros-R64-Karolina_Muchova-Maria_Sakkari,Karolina Muchova,0.35443037974683544,0.31645569620253167,0.3291139240506329
20220525-W-Roland_Garros-R64-Karolina_Muchova-Maria_Sakkari,Maria Sakkari,0.30864197530864196,0.2345679012345679,0.4567901234567901
20220525-W-Roland_Garros-R64-Camila_Osorio-Diane_Parry,Camila Osorio,0.3125,0.14583333333333334,0.5416666666666666
20220525-W-Roland_Garros-R64-Camila_Osorio-Diane_Parry,Diane Parry,0.26,0.34,0.4
20220525-W-Roland_Garros-R64-Bianca_Andreescu-Belinda_Bencic,Bianca Andreescu,0.2564102564102564,0.1794871794871795,0.5641025641025641
20220525-W-Roland_Garros-R64-Bianca_Andreescu-Belinda_Bencic,Belinda Bencic,0.3111111111111111,0.24444444444444444,0.4444444444444444
20220525-W-ITF_Orlando-R32-Katrina_Scott-Ashley_Lahey,Katrina Scott,0.36,0.4,0.24
20220525-W-ITF_Orlando-R32-Katrina_Scott-Ashley_Lahey,Ashley Lahey,0.22580645161290322,0.1935483870967742,0.5806451612903226
20220524-W-Roland_Garros-R128-Yulia_Putintseva-Irina_Bara,Yulia Putintseva,0.43636363636363634,0.23636363636363636,0.32727272727272727
20220524-W-Roland_Garros-R128-Yulia_Putintseva-Irina_Bara,Irina Bara,0.4642857142857143,0.14285714285714285,0.39285714285714285
20220524-W-Roland_Garros-R128-Panna_Udvardy-Fernanda_Contreras_Gomez,Panna Udvardy,0.3372093023255814,0.20930232558139536,0.4418604651162791
20220524-W-Roland_Garros-R128-Panna_Udvardy-Fernanda_Contreras_Gomez,Fernanda Contreras Gomez,0.2978723404255319,0.23404255319148937,0.46808510638297873
20220524-W-Roland_Garros-R128-Oksana_Selekhmeteva-Kaja_Juvan,Oksana Selekhmeteva,0.225,0.275,0.5
20220524-W-Roland_Garros-R128-Oksana_Selekhmeteva-Kaja_Juvan,Kaja Juvan,0.2571428571428571,0.22857142857142856,0.5142857142857142
20220523-W-Roland_Garros-R128-Magdalena_Frech-Angelique_Kerber,Magdalena Frech,0.4574468085106383,0.1276595744680851,0.4148936170212766
20220523-W-Roland_Garros-R128-Magdalena_Frech-Angelique_Kerber,Angelique Kerber,0.4,0.16666666666666666,0.43333333333333335
20220523-W-Roland_Garros-R128-Linda_Noskova-Emma_Raducanu,Linda Noskova,0.3865546218487395,0.15126050420168066,0.46218487394957986
20220523-W-Roland_Garros-R128-Linda_Noskova-Emma_Raducanu,Emma Raducanu,0.3387096774193548,0.24193548387096775,0.41935483870967744
20220523-W-Roland_Garros-R128-Iga_Swiatek-Lesia_Tsurenko,Iga Swiatek,0.36363636363636365,0.36363636363636365,0.2727272727272727
20220523-W-Roland_Garros-R128-Iga_Swiatek-Lesia_Tsurenko,Lesia Tsurenko,0.17647058823529413,0.17647058823529413,0.6470588235294118
20220523-W-Roland_Garros-R128-Bianca_Andreescu-Ysaline_Bonaventure,Bianca Andreescu,0.35526315789473684,0.19736842105263158,0.4473684210526316
20220523-W-Roland_Garros-R128-Bianca_Andreescu-Ysaline_Bonaventure,Ysaline Bonaventure,0.3114754098360656,0.19672131147540983,0.4918032786885246
20220522-W-Roland_Garros-R128-Magda_Linette-Ons_Jabeur,Magda Linette,0.3717948717948718,0.19230769230769232,0.4358974358974359
20220522-W-Roland_Garros-R128-Magda_Linette-Ons_Jabeur,Ons Jabeur,0.27586206896551724,0.1724137931034483,0.5517241379310345
20220518-W-ITF_Platja-R32-Leonie_Kung-Solana_Sierra,Leonie Kung,0.175,0.4,0.425
20220518-W-ITF_Platja-R32-Leonie_Kung-Solana_Sierra,Solana Sierra,0.47619047619047616,0.2857142857142857,0.23809523809523808
20220517-W-Strasbourg-R32-Fiona_Ferro-Angelina_Gabueva,Fiona Ferro,0.28125,0.15625,0.5625
20220517-W-Strasbourg-R32-Fiona_Ferro-Angelina_Gabueva,Angelina Gabueva,0.15217391304347827,0.13043478260869565,0.717391304347826
20220517-W-Roland_Garros-Q1-Elisabetta_Cocciaretto-Arianne_Hartono,Elisabetta Cocciaretto,0.41304347826086957,0.1956521739130435,0.391304347826087
20220517-W-Roland_Garros-Q1-Elisabetta_Cocciaretto-Arianne_Hartono,Arianne Hartono,0.2894736842105263,0.18421052631578946,0.5263157894736842
20220517-W-Roland_Garros-Q1-Aliona_Bolsova-Kathinka_Von_Deichmann,Aliona Bolsova,0.2982456140350877,0.17543859649122806,0.5263157894736842
20220517-W-Roland_Garros-Q1-Aliona_Bolsova-Kathinka_Von_Deichmann,Kathinka Von Deichmann,0.2727272727272727,0.3409090909090909,0.38636363636363635
20220516-W-Strasbourg-R32-Sloane_Stephens-Nefisa_Berberovic,Sloane Stephens,0.2222222222222222,0.18518518518518517,0.5925925925925926
20220516-W-Strasbourg-R32-Sloane_Stephens-Nefisa_Berberovic,Nefisa Berberovic,0.3488372093023256,0.19767441860465115,0.45348837209302323
20220516-W-Strasbourg-R32-Lina_Glushko-Kaja_Juvan,Lina Glushko,0.3137254901960784,0.11764705882352941,0.5686274509803921
20220516-W-Strasbourg-R32-Lina_Glushko-Kaja_Juvan,Kaja Juvan,0.29411764705882354,0.21568627450980393,0.49019607843137253
20220516-W-Strasbourg-R32-Carole_Monnet-Elise_Mertens,Carole Monnet,0.3191489361702128,0.19148936170212766,0.48936170212765956
20220516-W-Strasbourg-R32-Carole_Monnet-Elise_Mertens,Elise Mertens,0.2786885245901639,0.29508196721311475,0.4262295081967213
20220516-W-Strasbourg-R32-Aliaksandra_Sasnovich-Julie_Gervais,Aliaksandra Sasnovich,0.37037037037037035,0.2222222222222222,0.4074074074074074
20220516-W-Strasbourg-R32-Aliaksandra_Sasnovich-Julie_Gervais,Julie Gervais,0.3333333333333333,0.25,0.4166666666666667
20220516-W-Roland_Garros-Q1-Cristina_Bucsa-Olga_Govortsova,Cristina Bucsa,0.5,0.14583333333333334,0.3541666666666667
20220516-W-Roland_Garros-Q1-Cristina_Bucsa-Olga_Govortsova,Olga Govortsova,0.2857142857142857,0.14285714285714285,0.5714285714285714
20220516-W-Rabat-R32-Catherine_Harrison-Kristina_Kucova,Catherine Harrison,0.43478260869565216,0.021739130434782608,0.5434782608695652
20220516-W-Rabat-R32-Catherine_Harrison-Kristina_Kucova,Kristina Kucova,0.4772727272727273,0.18181818181818182,0.3409090909090909
20220516-W-Rabat-R32-Arantxa_Rus-Lulu_Sun,Arantxa Rus,0.4,0.2,0.4
20220516-W-Rabat-R32-Arantxa_Rus-Lulu_Sun,Lulu Sun,0.25,0.19642857142857142,0.5535714285714286
20220516-W-Rabat-R32-Anna_Karolina_Schmiedlova-Ekaterina_Reyngold,Anna Karolina Schmiedlova,0.42424242424242425,0.12121212121212122,0.45454545454545453
20220516-W-Rabat-R32-Anna_Karolina_Schmiedlova-Ekaterina_Reyngold,Ekaterina Reyngold,0.3111111111111111,0.06666666666666667,0.6222222222222222
20220515-W-Strasbourg-R32-Harmony_Tan-Samantha_Stosur,Harmony Tan,0.3888888888888889,0.25,0.3611111111111111
20220515-W-Strasbourg-R32-Harmony_Tan-Samantha_Stosur,Samantha Stosur,0.20833333333333334,0.25,0.5416666666666666
20220515-W-Rome-F-Iga_Swiatek-Ons_Jabeur,Iga Swiatek,0.3,0.24,0.46
20220515-W-Rome-F-Iga_Swiatek-Ons_Jabeur,Ons Jabeur,0.19148936170212766,0.2127659574468085,0.5957446808510638
20220515-W-Rabat-R32-Rebecca_Peterson-Petra_Marcinko,Rebecca Peterson,0.3380281690140845,0.11267605633802817,0.5492957746478874
20220515-W-Rabat-R32-Rebecca_Peterson-Petra_Marcinko,Petra Marcinko,0.3246753246753247,0.11688311688311688,0.5584415584415584
20220514-W-Rome-SF-Daria_Kasatkina-Ons_Jabeur,Daria Kasatkina,0.2708333333333333,0.2916666666666667,0.4375
20220514-W-Rome-SF-Daria_Kasatkina-Ons_Jabeur,Ons Jabeur,0.36936936936936937,0.13513513513513514,0.4954954954954955
20220514-W-Rome-SF-Aryna_Sabalenka-Iga_Swiatek,Aryna Sabalenka,0.17777777777777778,0.13333333333333333,0.6888888888888889
20220514-W-Rome-SF-Aryna_Sabalenka-Iga_Swiatek,Iga Swiatek,0.42857142857142855,0.17142857142857143,0.4
20220513-W-Rome-QF-Iga_Swiatek-Bianca_Andreescu,Iga Swiatek,0.4166666666666667,0.18333333333333332,0.4
20220513-W-Rome-QF-Iga_Swiatek-Bianca_Andreescu,Bianca Andreescu,0.2682926829268293,0.14634146341463414,0.5853658536585366
20220512-W-Rome-R16-Petra_Martic-Bianca_Andreescu,Petra Martic,0.36585365853658536,0.17073170731707318,0.4634146341463415
20220512-W-Rome-R16-Petra_Martic-Bianca_Andreescu,Bianca Andreescu,0.3508771929824561,0.21052631578947367,0.43859649122807015
20220512-W-Rome-R16-Iga_Swiatek-Victoria_Azarenka,Iga Swiatek,0.4583333333333333,0.08333333333333333,0.4583333333333333
20220512-W-Rome-R16-Iga_Swiatek-Victoria_Azarenka,Victoria Azarenka,0.3333333333333333,0.10416666666666667,0.5625
20220511-W-Rome-R32-Elena_Gabriela_Ruse-Iga_Swiatek,Elena Gabriela Ruse,0.07407407407407407,0.037037037037037035,0.8518518518518519
20220511-W-Rome-R32-Elena_Gabriela_Ruse-Iga_Swiatek,Iga Swiatek,0.38461538461538464,0.1282051282051282,0.48717948717948717
20220511-W-Rome-R32-Bianca_Andreescu-Nuria_Parrizas_Diaz,Bianca Andreescu,0.3898305084745763,0.1694915254237288,0.4406779661016949
20220511-W-Rome-R32-Bianca_Andreescu-Nuria_Parrizas_Diaz,Nuria Parrizas Diaz,0.32,0.16,0.52
20220510-W-Rome-R64-Emma_Raducanu-Bianca_Andreescu,Emma Raducanu,0.22727272727272727,0.13636363636363635,0.6363636363636364
20220510-W-Rome-R64-Emma_Raducanu-Bianca_Andreescu,Bianca Andreescu,0.5238095238095238,0.19047619047619047,0.2857142857142857
20220508-W-ITF_Prague-F-Maja_Chwalinska-Ekaterine_Gorgodze,Maja Chwalinska,0.3541666666666667,0.20833333333333334,0.4375
20220508-W-ITF_Prague-F-Maja_Chwalinska-Ekaterine_Gorgodze,Ekaterine Gorgodze,0.30985915492957744,0.14084507042253522,0.5492957746478874
20220505-W-Madrid-SF-Ons_Jabeur-Ekaterina_Alexandrova,Ons Jabeur,0.21621621621621623,0.35135135135135137,0.43243243243243246
20220505-W-Madrid-SF-Ons_Jabeur-Ekaterina_Alexandrova,Ekaterina Alexandrova,0.29411764705882354,0.11764705882352941,0.5882352941176471
20220503-W-Madrid-R16-Sara_Sorribes_Tormo-Daria_Kasatkina,Sara Sorribes Tormo,0.29577464788732394,0.2676056338028169,0.43661971830985913
20220503-W-Madrid-R16-Sara_Sorribes_Tormo-Daria_Kasatkina,Daria Kasatkina,0.4111111111111111,0.15555555555555556,0.43333333333333335
20220503-W-Madrid-R16-Jessica_Pegula-Bianca_Andreescu,Jessica Pegula,0.3018867924528302,0.2641509433962264,0.4339622641509434
20220503-W-Madrid-R16-Jessica_Pegula-Bianca_Andreescu,Bianca Andreescu,0.3283582089552239,0.13432835820895522,0.5373134328358209
20220501-W-Madrid-R32-Naomi_Osaka-Sara_Sorribes_Tormo,Naomi Osaka,0.22857142857142856,0.11428571428571428,0.6428571428571429
20220501-W-Madrid-R32-Naomi_Osaka-Sara_Sorribes_Tormo,Sara Sorribes Tormo,0.13333333333333333,0.4,0.4666666666666667
20220501-W-Madrid-R32-Marta_Kostyuk-Emma_Raducanu,Marta Kostyuk,0.26666666666666666,0.08888888888888889,0.6444444444444445
20220501-W-Madrid-R32-Marta_Kostyuk-Emma_Raducanu,Emma Raducanu,0.32432432432432434,0.2972972972972973,0.3783783783783784
20220501-W-Madrid-R32-Danielle_Collins-Bianca_Andreescu,Danielle Collins,0.2777777777777778,0.24074074074074073,0.48148148148148145
20220501-W-Madrid-R32-Danielle_Collins-Bianca_Andreescu,Bianca Andreescu,0.4230769230769231,0.38461538461538464,0.19230769230769232
20220501-W-ITF_Santa_Margherita_Di_Pula-F-Arantxa_Rus-Marie_Benoit,Arantxa Rus,0.36363636363636365,0.2,0.43636363636363634
20220501-W-ITF_Santa_Margherita_Di_Pula-F-Arantxa_Rus-Marie_Benoit,Marie Benoit,0.24324324324324326,0.21621621621621623,0.5135135135135135
20220430-W-ITF_Bonita_Springs-Q1-Sabine_Lisicki-Ena_Shibahara,Sabine Lisicki,0.28888888888888886,0.2,0.5111111111111111
20220430-W-ITF_Bonita_Springs-Q1-Sabine_Lisicki-Ena_Shibahara,Ena Shibahara,0.25,0.21428571428571427,0.5357142857142857
20220429-W-Madrid-R64-Danielle_Collins-Monica_Puig,Danielle Collins,0.4032258064516129,0.22580645161290322,0.3709677419354839
20220429-W-Madrid-R64-Danielle_Collins-Monica_Puig,Monica Puig,0.16,0.16,0.68
20220429-W-Madrid-R64-Alison_Riske_Amritraj-Bianca_Andreescu,Alison Riske Amritraj,0.18518518518518517,0.24074074074074073,0.5740740740740741
20220429-W-Madrid-R64-Alison_Riske_Amritraj-Bianca_Andreescu,Bianca Andreescu,0.3561643835616438,0.2054794520547945,0.4383561643835616
20220424-W-Stuttgart-F-Iga_Swiatek-Aryna_Sabalenka,Iga Swiatek,0.425,0.15,0.425
20220424-W-Stuttgart-F-Iga_Swiatek-Aryna_Sabalenka,Aryna Sabalenka,0.325,0.15,0.525
20220423-W-Stuttgart-SF-Iga_Swiatek-Liudmila_Samsonova,Iga Swiatek,0.40229885057471265,0.13793103448275862,0.45977011494252873
20220423-W-Stuttgart-SF-Iga_Swiatek-Liudmila_Samsonova,Liudmila Samsonova,0.3106796116504854,0.18446601941747573,0.5048543689320388
20220422-W-Stuttgart-QF-Emma_Raducanu-Iga_Swiatek,Emma Raducanu,0.2903225806451613,0.03225806451612903,0.6774193548387096
20220422-W-Stuttgart-QF-Emma_Raducanu-Iga_Swiatek,Iga Swiatek,0.421875,0.15625,0.421875
20220421-W-Stuttgart-R16-Aryna_Sabalenka-Bianca_Andreescu,Aryna Sabalenka,0.3870967741935484,0.20967741935483872,0.4032258064516129
20220421-W-Stuttgart-R16-Aryna_Sabalenka-Bianca_Andreescu,Bianca Andreescu,0.21739130434782608,0.1956521739130435,0.5869565217391305
20220420-W-Stuttgart-R16-Iga_Swiatek-Eva_Lys,Iga Swiatek,0.2909090909090909,0.3090909090909091,0.4
20220420-W-Stuttgart-R16-Iga_Swiatek-Eva_Lys,Eva Lys,0.125,0.20833333333333334,0.6666666666666666
20220420-W-Istanbul-R32-Nikola_Bartunkova-Anastasia_Potapova,Nikola Bartunkova,0.2857142857142857,0.17142857142857143,0.5428571428571428
20220420-W-Istanbul-R32-Nikola_Bartunkova-Anastasia_Potapova,Anastasia Potapova,0.4146341463414634,0.24390243902439024,0.34146341463414637
20220419-W-Stuttgart-R32-Bianca_Andreescu-Jule_Niemeier,Bianca Andreescu,0.3076923076923077,0.2692307692307692,0.4230769230769231
20220419-W-Stuttgart-R32-Bianca_Andreescu-Jule_Niemeier,Jule Niemeier,0.2553191489361702,0.2127659574468085,0.5319148936170213
20220419-W-Istanbul-R32-Julia_Grabher-Pemra_Ozgen,Julia Grabher,0.4222222222222222,0.16666666666666666,0.4111111111111111
20220419-W-Istanbul-R32-Julia_Grabher-Pemra_Ozgen,Pemra Ozgen,0.37037037037037035,0.07407407407407407,0.5555555555555556
20220416-W-BJK_Cup_Qualifiers-RR-Sara_Sorribes_Tormo-Arantxa_Rus,Sara Sorribes Tormo,0.5172413793103449,0.3448275862068966,0.13793103448275862
20220416-W-BJK_Cup_Qualifiers-RR-Sara_Sorribes_Tormo-Arantxa_Rus,Arantxa Rus,0.42,0.1,0.48
20220416-W-BJK_Cup_Qualifiers-RR-Andreea_Prisacariu-Iga_Swiatek,Andreea Prisacariu,0.1111111111111111,0.1111111111111111,0.7777777777777778
20220416-W-BJK_Cup_Qualifiers-RR-Andreea_Prisacariu-Iga_Swiatek,Iga Swiatek,0.4146341463414634,0.24390243902439024,0.34146341463414637
20220415-W-BJK_Cup_Qualifiers-RR-Sara_Sorribes_Tormo-Lesley_Pattinama_Kerkhove,Sara Sorribes Tormo,0.2857142857142857,0.2857142857142857,0.42857142857142855
20220415-W-BJK_Cup_Qualifiers-RR-Sara_Sorribes_Tormo-Lesley_Pattinama_Kerkhove,Lesley Pattinama Kerkhove,0.3026315789473684,0.18421052631578946,0.5131578947368421
20220415-W-BJK_Cup_Qualifiers-RR-Rebecca_Marino-Daniela_Vismane,Rebecca Marino,0.30612244897959184,0.1836734693877551,0.5
20220415-W-BJK_Cup_Qualifiers-RR-Rebecca_Marino-Daniela_Vismane,Daniela Vismane,0.25,0.23076923076923078,0.5192307692307693
20220415-W-BJK_Cup_Qualifiers-RR-Iga_Swiatek-Mihaela_Buzarnescu,Iga Swiatek,0.40540540540540543,0.2702702702702703,0.32432432432432434
20220415-W-BJK_Cup_Qualifiers-RR-Iga_Swiatek-Mihaela_Buzarnescu,Mihaela Buzarnescu,0.047619047619047616,0.19047619047619047,0.7619047619047619
20220415-W-BJK_Cup_Qualifiers-RR-Arantxa_Rus-Nuria_Parrizas_Diaz,Arantxa Rus,0.2909090909090909,0.14545454545454545,0.5636363636363636
20220415-W-BJK_Cup_Qualifiers-RR-Arantxa_Rus-Nuria_Parrizas_Diaz,Nuria Parrizas Diaz,0.25925925925925924,0.25925925925925924,0.48148148148148145
20220410-W-Bogota-F-Tatjana_Maria-Laura_Pigossi,Tatjana Maria,0.2459016393442623,0.18032786885245902,0.5737704918032787
20220410-W-Bogota-F-Tatjana_Maria-Laura_Pigossi,Laura Pigossi,0.2916666666666667,0.17708333333333334,0.53125
20220407-W-Bogota-R16-Suzan_Lamens-Irina_Bara,Suzan Lamens,0.25757575757575757,0.13636363636363635,0.6060606060606061
20220407-W-Bogota-R16-Suzan_Lamens-Irina_Bara,Irina Bara,0.16666666666666666,0.16666666666666666,0.6666666666666666
20220406-W-Charleston-R32-Linda_Fruhvirtova-Belinda_Bencic,Linda Fruhvirtova,0.35135135135135137,0.16216216216216217,0.4864864864864865
20220406-W-Charleston-R32-Linda_Fruhvirtova-Belinda_Bencic,Belinda Bencic,0.5384615384615384,0.13846153846153847,0.3230769230769231
20220405-W-Bogota-R32-Suzan_Lamens-Astra_Sharma,Suzan Lamens,0.057692307692307696,0.3269230769230769,0.6153846153846154
20220405-W-Bogota-R32-Suzan_Lamens-Astra_Sharma,Astra Sharma,0.1111111111111111,0.19047619047619047,0.6984126984126984
20220404-W-Charleston-R64-Linda_Fruhvirtova-Ana_Konjuh,Linda Fruhvirtova,0.21621621621621623,0.2972972972972973,0.4864864864864865
20220404-W-Charleston-R64-Linda_Fruhvirtova-Ana_Konjuh,Ana Konjuh,0.3333333333333333,0.09195402298850575,0.5747126436781609
20220404-W-Charleston-R64-Anna_Bondar-Arianne_Hartono,Anna Bondar,0.5405405405405406,0.10810810810810811,0.35135135135135137
20220404-W-Charleston-R64-Anna_Bondar-Arianne_Hartono,Arianne Hartono,0.29411764705882354,0.20588235294117646,0.5
20220402-W-Miami-F-Naomi_Osaka-Iga_Swiatek,Naomi Osaka,0.24390243902439024,0.14634146341463414,0.6097560975609756
20220402-W-Miami-F-Naomi_Osaka-Iga_Swiatek,Iga Swiatek,0.4473684210526316,0.23684210526315788,0.3157894736842105
20220331-W-Miami-SF-Jessica_Pegula-Iga_Swiatek,Jessica Pegula,0.3333333333333333,0.09523809523809523,0.5714285714285714
20220331-W-Miami-SF-Jessica_Pegula-Iga_Swiatek,Iga Swiatek,0.3246753246753247,0.2077922077922078,0.4675324675324675
20220330-W-Miami-QF-Iga_Swiatek-Petra_Kvitova,Iga Swiatek,0.2727272727272727,0.4090909090909091,0.3181818181818182
20220330-W-Miami-QF-Iga_Swiatek-Petra_Kvitova,Petra Kvitova,0.30612244897959184,0.12244897959183673,0.5714285714285714
20220328-W-Miami-R16-Lucia_Bronzetti-Daria_Saville,Lucia Bronzetti,0.3372093023255814,0.29069767441860467,0.37209302325581395
20220328-W-Miami-R16-Lucia_Bronzetti-Daria_Saville,Daria Saville,0.3333333333333333,0.2708333333333333,0.3958333333333333
20220328-W-Miami-R16-Linda_Fruhvirtova-Paula_Badosa,Linda Fruhvirtova,0.2549019607843137,0.21568627450980393,0.5294117647058824
20220328-W-Miami-R16-Linda_Fruhvirtova-Paula_Badosa,Paula Badosa,0.45454545454545453,0.15151515151515152,0.3939393939393939
20220328-W-Miami-R16-Coco_Gauff-Iga_Swiatek,Coco Gauff,0.2222222222222222,0.06666666666666667,0.7111111111111111
20220328-W-Miami-R16-Coco_Gauff-Iga_Swiatek,Iga Swiatek,0.3125,0.1875,0.5
20220327-W-Miami-R32-Linda_Fruhvirtova-Victoria_Azarenka,Linda Fruhvirtova,0.42105263157894735,0.3157894736842105,0.2631578947368421
20220327-W-Miami-R32-Linda_Fruhvirtova-Victoria_Azarenka,Victoria Azarenka,0.3235294117647059,0.17647058823529413,0.5
20220327-W-Miami-R32-Iga_Swiatek-Madison_Brengle,Iga Swiatek,0.42105263157894735,0.17543859649122806,0.40350877192982454
20220327-W-Miami-R32-Iga_Swiatek-Madison_Brengle,Madison Brengle,0.17391304347826086,0.17391304347826086,0.6521739130434783
20220325-W-Miami-R64-Linda_Fruhvirtova-Elise_Mertens,Linda Fruhvirtova,0.3181818181818182,0.22727272727272727,0.45454545454545453
20220325-W-Miami-R64-Linda_Fruhvirtova-Elise_Mertens,Elise Mertens,0.35802469135802467,0.16049382716049382,0.48148148148148145
20220325-W-Miami-R64-Iga_Swiatek-Viktorija_Golubic,Iga Swiatek,0.4716981132075472,0.1320754716981132,0.39622641509433965
20220325-W-Miami-R64-Iga_Swiatek-Viktorija_Golubic,Viktorija Golubic,0.24242424242424243,0.15151515151515152,0.6060606060606061
20220324-W-Miami-R64-Emma_Raducanu-Katerina_Siniakova,Emma Raducanu,0.3333333333333333,0.15555555555555556,0.5111111111111111
20220324-W-Miami-R64-Emma_Raducanu-Katerina_Siniakova,Katerina Siniakova,0.29292929292929293,0.20202020202020202,0.5050505050505051
20220323-W-Miami-R128-Danka_Kovinic-Linda_Fruhvirtova,Danka Kovinic,0.3023255813953488,0.046511627906976744,0.6511627906976745
20220323-W-Miami-R128-Danka_Kovinic-Linda_Fruhvirtova,Linda Fruhvirtova,0.43333333333333335,0.1,0.4666666666666667
20220320-W-Indian_Wells-F-Iga_Swiatek-Maria_Sakkari,Iga Swiatek,0.25,0.3611111111111111,0.3888888888888889
20220320-W-Indian_Wells-F-Iga_Swiatek-Maria_Sakkari,Maria Sakkari,0.358974358974359,0.05128205128205128,0.5897435897435898
20220318-W-Indian_Wells-SF-Maria_Sakkari-Paula_Badosa,Maria Sakkari,0.4032258064516129,0.14516129032258066,0.45161290322580644
20220318-W-Indian_Wells-SF-Maria_Sakkari-Paula_Badosa,Paula Badosa,0.11764705882352941,0.3137254901960784,0.5686274509803921
20220316-W-Indian_Wells-QF-Iga_Swiatek-Madison_Keys,Iga Swiatek,0.3448275862068966,0.27586206896551724,0.3793103448275862
20220316-W-Indian_Wells-QF-Iga_Swiatek-Madison_Keys,Madison Keys,0.11904761904761904,0.11904761904761904,0.7619047619047619
20220315-W-Indian_Wells-R16-Leylah_Fernandez-Paula_Badosa,Leylah Fernandez,0.4,0.2909090909090909,0.3090909090909091
20220315-W-Indian_Wells-R16-Leylah_Fernandez-Paula_Badosa,Paula Badosa,0.38,0.38,0.24
20220315-W-Indian_Wells-R16-Iga_Swiatek-Angelique_Kerber,Iga Swiatek,0.3764705882352941,0.08235294117647059,0.5411764705882353
20220315-W-Indian_Wells-R16-Iga_Swiatek-Angelique_Kerber,Angelique Kerber,0.22807017543859648,0.10526315789473684,0.6666666666666666
20220314-W-Indian_Wells-R32-Jasmine_Paolini-Viktorija_Golubic,Jasmine Paolini,0.3,0.14,0.56
20220314-W-Indian_Wells-R32-Jasmine_Paolini-Viktorija_Golubic,Viktorija Golubic,0.2926829268292683,0.1951219512195122,0.5121951219512195
20220314-W-Indian_Wells-R32-Elena_Rybakina-Victoria_Azarenka,Elena Rybakina,0.3783783783783784,0.35135135135135137,0.2702702702702703
20220314-W-Indian_Wells-R32-Elena_Rybakina-Victoria_Azarenka,Victoria Azarenka,0.2558139534883721,0.3953488372093023,0.3488372093023256
20220313-W-Indian_Wells-R64-Kaja_Juvan-Sara_Sorribes_Tormo,Kaja Juvan,0.3302752293577982,0.1926605504587156,0.47706422018348627
20220313-W-Indian_Wells-R64-Kaja_Juvan-Sara_Sorribes_Tormo,Sara Sorribes Tormo,0.22448979591836735,0.3673469387755102,0.40816326530612246
20220313-W-Indian_Wells-R32-Iga_Swiatek-Clara_Tauson,Iga Swiatek,0.25,0.14705882352941177,0.6029411764705882
20220313-W-Indian_Wells-R32-Iga_Swiatek-Clara_Tauson,Clara Tauson,0.16417910447761194,0.07462686567164178,0.7611940298507462
20220312-W-Indian_Wells-R64-Tereza_Martincova-Paula_Badosa,Tereza Martincova,0.2916666666666667,0.16666666666666666,0.5416666666666666
20220312-W-Indian_Wells-R64-Tereza_Martincova-Paula_Badosa,Paula Badosa,0.2549019607843137,0.3333333333333333,0.4117647058823529
20220312-W-Indian_Wells-R64-Garbine_Muguruza-Alison_Riske_Amritraj,Garbine Muguruza,0.19148936170212766,0.14893617021276595,0.6595744680851063
20220312-W-Indian_Wells-R64-Garbine_Muguruza-Alison_Riske_Amritraj,Alison Riske Amritraj,0.29411764705882354,0.17647058823529413,0.5294117647058824
20220312-W-Indian_Wells-R64-Daria_Saville-Ons_Jabeur,Daria Saville,0.22807017543859648,0.2807017543859649,0.49122807017543857
20220312-W-Indian_Wells-R64-Daria_Saville-Ons_Jabeur,Ons Jabeur,0.2992125984251969,0.18110236220472442,0.5196850393700787
20220311-W-Indian_Wells-R64-Iga_Swiatek-Anhelina_Kalinina,Iga Swiatek,0.3611111111111111,0.08333333333333333,0.5555555555555556
20220311-W-Indian_Wells-R64-Iga_Swiatek-Anhelina_Kalinina,Anhelina Kalinina,0.17647058823529413,0.13725490196078433,0.6862745098039216
20220311-W-Indian_Wells-R64-Beatriz_Haddad_Maia-Clara_Tauson,Beatriz Haddad Maia,0.3617021276595745,0.0851063829787234,0.5531914893617021
20220311-W-Indian_Wells-R64-Beatriz_Haddad_Maia-Clara_Tauson,Clara Tauson,0.38181818181818183,0.10909090909090909,0.509090909090909
20220311-W-Indian_Wells-R64-Angelique_Kerber-Qinwen_Zheng,Angelique Kerber,0.23076923076923078,0.23076923076923078,0.5384615384615384
20220311-W-Indian_Wells-R64-Angelique_Kerber-Qinwen_Zheng,Qinwen Zheng,0.3434343434343434,0.12121212121212122,0.5353535353535354
20220310-W-Indian_Wells-R64-Shuai_Zhang-Daria_Saville,Shuai Zhang,0.3684210526315789,0.06578947368421052,0.5657894736842105
20220310-W-Indian_Wells-R64-Shuai_Zhang-Daria_Saville,Daria Saville,0.38235294117647056,0.11764705882352941,0.5
20220310-W-Indian_Wells-R128-Naomi_Osaka-Sloane_Stephens,Naomi Osaka,0.2345679012345679,0.25925925925925924,0.5061728395061729
20220310-W-Indian_Wells-R128-Naomi_Osaka-Sloane_Stephens,Sloane Stephens,0.19607843137254902,0.23529411764705882,0.5686274509803921
20220310-W-Indian_Wells-R128-Marta_Kostyuk-Maryna_Zanevska,Marta Kostyuk,0.35353535353535354,0.1919191919191919,0.45454545454545453
20220310-W-Indian_Wells-R128-Marta_Kostyuk-Maryna_Zanevska,Maryna Zanevska,0.21495327102803738,0.2336448598130841,0.5514018691588785
20220309-W-Indian_Wells-R128-Ekaterina_Alexandrova-Elvina_Kalieva,Ekaterina Alexandrova,0.1794871794871795,0.23076923076923078,0.5897435897435898
20220309-W-Indian_Wells-R128-Ekaterina_Alexandrova-Elvina_Kalieva,Elvina Kalieva,0.10294117647058823,0.20588235294117646,0.6911764705882353
20220309-W-Indian_Wells-R128-Clara_Burel-Anhelina_Kalinina,Clara Burel,0.23404255319148937,0.1702127659574468,0.5957446808510638
20220309-W-Indian_Wells-R128-Clara_Burel-Anhelina_Kalinina,Anhelina Kalinina,0.30952380952380953,0.30952380952380953,0.38095238095238093
20220306-W-Lyon-F-Dayana_Yastremska-Shuai_Zhang,Dayana Yastremska,0.3246753246753247,0.12987012987012986,0.5454545454545454
20220306-W-Lyon-F-Dayana_Yastremska-Shuai_Zhang,Shuai Zhang,0.14893617021276595,0.3617021276595745,0.48936170212765956
20220304-W-Monterrey-QF-Sara_Sorribes_Tormo-Nuria_Parrizas_Diaz,Sara Sorribes Tormo,0.3108108108108108,0.12162162162162163,0.5675675675675675
20220304-W-Monterrey-QF-Sara_Sorribes_Tormo-Nuria_Parrizas_Diaz,Nuria Parrizas Diaz,0.23809523809523808,0.1984126984126984,0.5634920634920635
20220302-W-Monterrey-R32-Anastasia_Potapova-Elina_Svitolina,Anastasia Potapova,0.28888888888888886,0.13333333333333333,0.5777777777777777
20220302-W-Monterrey-R32-Anastasia_Potapova-Elina_Svitolina,Elina Svitolina,0.41379310344827586,0.20689655172413793,0.3793103448275862
20220301-W-Lyon-R32-Danka_Kovinic-Arantxa_Rus,Danka Kovinic,0.24390243902439024,0.14634146341463414,0.6097560975609756
20220301-W-Lyon-R32-Danka_Kovinic-Arantxa_Rus,Arantxa Rus,0.25925925925925924,0.4444444444444444,0.2962962962962963
20220228-W-Monterrey-R32-Emma_Navarro-Marcela_Zacarias,Emma Navarro,0.2111111111111111,0.26666666666666666,0.5111111111111111
20220228-W-Monterrey-R32-Emma_Navarro-Marcela_Zacarias,Marcela Zacarias,0.24705882352941178,0.27058823529411763,0.4823529411764706
20220226-W-Doha-F-Anett_Kontaveit-Iga_Swiatek,Anett Kontaveit,0.24324324324324326,0.05405405405405406,0.7027027027027027
20220226-W-Doha-F-Anett_Kontaveit-Iga_Swiatek,Iga Swiatek,0.24324324324324326,0.2972972972972973,0.4594594594594595
20220225-W-Doha-SF-Iga_Swiatek-Maria_Sakkari,Iga Swiatek,0.3225806451612903,0.16129032258064516,0.5161290322580645
20220225-W-Doha-SF-Iga_Swiatek-Maria_Sakkari,Maria Sakkari,0.16666666666666666,0.09523809523809523,0.7380952380952381
20220225-W-Doha-SF-Anett_Kontaveit-Jelena_Ostapenko,Anett Kontaveit,0.2222222222222222,0.16666666666666666,0.6111111111111112
20220225-W-Doha-SF-Anett_Kontaveit-Jelena_Ostapenko,Jelena Ostapenko,0.2542372881355932,0.2033898305084746,0.5423728813559322
20220224-W-Doha-QF-Anett_Kontaveit-Ons_Jabeur,Anett Kontaveit,0.46511627906976744,0.20930232558139536,0.32558139534883723
20220224-W-Doha-QF-Anett_Kontaveit-Ons_Jabeur,Ons Jabeur,0.3137254901960784,0.0784313725490196,0.6078431372549019
20220223-W-Doha-R16-Jelena_Ostapenko-Barbora_Krejcikova,Jelena Ostapenko,0.42857142857142855,0.10714285714285714,0.4642857142857143
20220223-W-Doha-R16-Jelena_Ostapenko-Barbora_Krejcikova,Barbora Krejcikova,0.3103448275862069,0.10344827586206896,0.5862068965517241
20220223-W-Doha-R16-Iga_Swiatek-Daria_Kasatkina,Iga Swiatek,0.4583333333333333,0.14583333333333334,0.3958333333333333
20220223-W-Doha-R16-Iga_Swiatek-Daria_Kasatkina,Daria Kasatkina,0.25806451612903225,0.0,0.7419354838709677
20220223-W-Doha-R16-Anett_Kontaveit-Elise_Mertens,Anett Kontaveit,0.2857142857142857,0.16071428571428573,0.5535714285714286
20220223-W-Doha-R16-Anett_Kontaveit-Elise_Mertens,Elise Mertens,0.3220338983050847,0.13559322033898305,0.5423728813559322
20220222-W-Doha-R32-Paula_Badosa-Clara_Tauson,Paula Badosa,0.3793103448275862,0.1724137931034483,0.4482758620689655
20220222-W-Doha-R32-Paula_Badosa-Clara_Tauson,Clara Tauson,0.2972972972972973,0.02702702702702703,0.6756756756756757
20220222-W-Doha-R32-Iga_Swiatek-Viktorija_Golubic,Iga Swiatek,0.32608695652173914,0.21739130434782608,0.44565217391304346
20220222-W-Doha-R32-Iga_Swiatek-Viktorija_Golubic,Viktorija Golubic,0.46511627906976744,0.06976744186046512,0.46511627906976744
20220221-W-Guadalajara-R32-Brenda_Fruhvirtova-Sloane_Stephens,Brenda Fruhvirtova,0.13513513513513514,0.08108108108108109,0.7837837837837838
20220221-W-Guadalajara-R32-Brenda_Fruhvirtova-Sloane_Stephens,Sloane Stephens,0.35714285714285715,0.11904761904761904,0.5238095238095238
20220221-W-Doha-R32-Anett_Kontaveit-Ana_Konjuh,Anett Kontaveit,0.3333333333333333,0.20634920634920634,0.4603174603174603
20220221-W-Doha-R32-Anett_Kontaveit-Ana_Konjuh,Ana Konjuh,0.2765957446808511,0.1276595744680851,0.5957446808510638
20220220-W-Doha-R64-Yulia_Putintseva-Victoria_Azarenka,Yulia Putintseva,0.325,0.1875,0.4875
20220220-W-Doha-R64-Yulia_Putintseva-Victoria_Azarenka,Victoria Azarenka,0.44,0.18,0.38
20220220-W-Doha-R64-Belinda_Bencic-Clara_Tauson,Belinda Bencic,0.4696969696969697,0.09090909090909091,0.4393939393939394
20220220-W-Doha-R64-Belinda_Bencic-Clara_Tauson,Clara Tauson,0.40350877192982454,0.12280701754385964,0.47368421052631576
20220216-W-Dubai-R16-Dayana_Yastremska-Barbora_Krejcikova,Dayana Yastremska,0.32,0.14,0.54
20220216-W-Dubai-R16-Dayana_Yastremska-Barbora_Krejcikova,Barbora Krejcikova,0.20689655172413793,0.1724137931034483,0.6206896551724138
20220214-W-Dubai-R32-Iga_Swiatek-Daria_Kasatkina,Iga Swiatek,0.5227272727272727,0.09090909090909091,0.38636363636363635
20220214-W-Dubai-R32-Iga_Swiatek-Daria_Kasatkina,Daria Kasatkina,0.3142857142857143,0.08571428571428572,0.6
20220213-W-St_Petersburg-F-Anett_Kontaveit-Maria_Sakkari,Anett Kontaveit,0.32967032967032966,0.12087912087912088,0.5494505494505495
20220213-W-St_Petersburg-F-Anett_Kontaveit-Maria_Sakkari,Maria Sakkari,0.29245283018867924,0.12264150943396226,0.5849056603773585
20220213-W-ITF_Tucuman-F-Brenda_Fruhvirtova-Paula_Ormaechea,Brenda Fruhvirtova,0.34375,0.078125,0.578125
20220213-W-ITF_Tucuman-F-Brenda_Fruhvirtova-Paula_Ormaechea,Paula Ormaechea,0.36363636363636365,0.04040404040404041,0.5959595959595959
20220212-W-St_Petersburg-SF-Jelena_Ostapenko-Anett_Kontaveit,Jelena Ostapenko,0.39655172413793105,0.10344827586206896,0.5
20220212-W-St_Petersburg-SF-Jelena_Ostapenko-Anett_Kontaveit,Anett Kontaveit,0.4090909090909091,0.18181818181818182,0.4090909090909091
20220211-W-St_Petersburg-QF-Jelena_Ostapenko-Aliaksandra_Sasnovich,Jelena Ostapenko,0.3448275862068966,0.1839080459770115,0.47126436781609193
20220211-W-St_Petersburg-QF-Jelena_Ostapenko-Aliaksandra_Sasnovich,Aliaksandra Sasnovich,0.42168674698795183,0.14457831325301204,0.43373493975903615
20220211-W-St_Petersburg-QF-Anett_Kontaveit-Belinda_Bencic,Anett Kontaveit,0.5116279069767442,0.13953488372093023,0.3488372093023256
20220211-W-St_Petersburg-QF-Anett_Kontaveit-Belinda_Bencic,Belinda Bencic,0.3225806451612903,0.16129032258064516,0.5161290322580645
20220210-W-St_Petersburg-R16-Jelena_Ostapenko-Andrea_Petkovic,Jelena Ostapenko,0.54,0.16,0.3
20220210-W-St_Petersburg-R16-Jelena_Ostapenko-Andrea_Petkovic,Andrea Petkovic,0.23529411764705882,0.17647058823529413,0.5882352941176471
20220209-W-St_Petersburg-R32-Varvara_Gracheva-Elena_Rybakina,Varvara Gracheva,0.21428571428571427,0.07142857142857142,0.7142857142857143
20220209-W-St_Petersburg-R32-Varvara_Gracheva-Elena_Rybakina,Elena Rybakina,0.3142857142857143,0.2857142857142857,0.4
20220209-W-St_Petersburg-R16-Anett_Kontaveit-Sorana_Cirstea,Anett Kontaveit,0.42,0.18,0.4
20220209-W-St_Petersburg-R16-Anett_Kontaveit-Sorana_Cirstea,Sorana Cirstea,0.2830188679245283,0.18867924528301888,0.5283018867924528
20220207-W-St_Petersburg-R32-Anett_Kontaveit-Jil_Teichmann,Anett Kontaveit,0.35064935064935066,0.15584415584415584,0.4935064935064935
20220207-W-St_Petersburg-R32-Anett_Kontaveit-Jil_Teichmann,Jil Teichmann,0.3157894736842105,0.19298245614035087,0.49122807017543857
20220206-W-ITF_Tucuman-F-Brenda_Fruhvirtova-Carolina_Alves,Brenda Fruhvirtova,0.5121951219512195,0.1951219512195122,0.2926829268292683
20220206-W-ITF_Tucuman-F-Brenda_Fruhvirtova-Carolina_Alves,Carolina Alves,0.35555555555555557,0.1111111111111111,0.5333333333333333
20220126-W-Australian_Open-QF-Iga_Swiatek-Kaia_Kanepi,Iga Swiatek,0.32,0.2,0.48
20220126-W-Australian_Open-QF-Iga_Swiatek-Kaia_Kanepi,Kaia Kanepi,0.27102803738317754,0.19626168224299065,0.5327102803738317
20220125-W-Australian_Open-QF-Jessica_Pegula-Ashleigh_Barty,Jessica Pegula,0.1935483870967742,0.06451612903225806,0.7419354838709677
20220125-W-Australian_Open-QF-Jessica_Pegula-Ashleigh_Barty,Ashleigh Barty,0.2222222222222222,0.28888888888888886,0.4888888888888889
20220122-W-Australian_Open-R32-Ashleigh_Barty-Camila_Giorgi,Ashleigh Barty,0.2222222222222222,0.16666666666666666,0.6111111111111112
20220122-W-Australian_Open-R32-Ashleigh_Barty-Camila_Giorgi,Camila Giorgi,0.19047619047619047,0.2857142857142857,0.5238095238095238
20220121-W-Australian_Open-R32-Marta_Kostyuk-Paula_Badosa,Marta Kostyuk,0.3076923076923077,0.16483516483516483,0.5274725274725275
20220121-W-Australian_Open-R32-Marta_Kostyuk-Paula_Badosa,Paula Badosa,0.2916666666666667,0.2361111111111111,0.4722222222222222
20220120-W-Australian_Open-R64-Samantha_Stosur-Anastasia_Pavlyuchenkova,Samantha Stosur,0.18181818181818182,0.18181818181818182,0.6363636363636364
20220120-W-Australian_Open-R64-Samantha_Stosur-Anastasia_Pavlyuchenkova,Anastasia Pavlyuchenkova,0.45714285714285713,0.22857142857142856,0.3142857142857143
20220120-W-Australian_Open-R64-Alize_Cornet-Garbine_Muguruza,Alize Cornet,0.42105263157894735,0.2631578947368421,0.3157894736842105
20220120-W-Australian_Open-R64-Alize_Cornet-Garbine_Muguruza,Garbine Muguruza,0.23214285714285715,0.23214285714285715,0.5357142857142857
20220119-W-Australian_Open-R64-Tereza_Martincova-Camila_Giorgi,Tereza Martincova,0.25,0.07142857142857142,0.6785714285714286
20220119-W-Australian_Open-R64-Tereza_Martincova-Camila_Giorgi,Camila Giorgi,0.3380281690140845,0.2535211267605634,0.4084507042253521
20220118-W-Australian_Open-R128-Robin_Anderson-Samantha_Stosur,Robin Anderson,0.296875,0.140625,0.5625
20220118-W-Australian_Open-R128-Robin_Anderson-Samantha_Stosur,Samantha Stosur,0.25842696629213485,0.20224719101123595,0.5393258426966292
20220118-W-Australian_Open-R128-Rebecca_Marino-Marie_Bouzkova,Rebecca Marino,0.22807017543859648,0.10526315789473684,0.6666666666666666
20220118-W-Australian_Open-R128-Rebecca_Marino-Marie_Bouzkova,Marie Bouzkova,0.28,0.36,0.36
20220118-W-Australian_Open-R128-Arantxa_Rus-Tamara_Zidansek,Arantxa Rus,0.16666666666666666,0.2,0.6333333333333333
20220118-W-Australian_Open-R128-Arantxa_Rus-Tamara_Zidansek,Tamara Zidansek,0.22727272727272727,0.20454545454545456,0.5681818181818182
20220117-W-Australian_Open-R128-Viktoria_Hruncakova-Xiyu_Wang,Viktoria Hruncakova,0.30357142857142855,0.21428571428571427,0.48214285714285715
20220117-W-Australian_Open-R128-Viktoria_Hruncakova-Xiyu_Wang,Xiyu Wang,0.5,0.15789473684210525,0.34210526315789475
20220117-W-Australian_Open-R128-Naomi_Osaka-Camila_Osorio,Naomi Osaka,0.2545454545454545,0.2909090909090909,0.45454545454545453
20220117-W-Australian_Open-R128-Naomi_Osaka-Camila_Osorio,Camila Osorio,0.11538461538461539,0.2692307692307692,0.6153846153846154
20220117-W-Australian_Open-R128-Madison_Keys-Sofia_Kenin,Madison Keys,0.27906976744186046,0.23255813953488372,0.4883720930232558
20220117-W-Australian_Open-R128-Madison_Keys-Sofia_Kenin,Sofia Kenin,0.2857142857142857,0.30158730158730157,0.4126984126984127
20220117-W-Australian_Open-R128-Kirsten_Flipkens-Sara_Sorribes_Tormo,Kirsten Flipkens,0.3055555555555556,0.2638888888888889,0.4305555555555556
20220117-W-Australian_Open-R128-Kirsten_Flipkens-Sara_Sorribes_Tormo,Sara Sorribes Tormo,0.5897435897435898,0.28205128205128205,0.1282051282051282
20220117-W-Australian_Open-R128-Dayana_Yastremska-Madison_Brengle,Dayana Yastremska,0.3020833333333333,0.125,0.5729166666666666
20220117-W-Australian_Open-R128-Dayana_Yastremska-Madison_Brengle,Madison Brengle,0.058823529411764705,0.23529411764705882,0.7058823529411765
20220117-W-Australian_Open-R128-Camila_Giorgi-Anastasia_Potapova,Camila Giorgi,0.25,0.28846153846153844,0.46153846153846156
20220117-W-Australian_Open-R128-Camila_Giorgi-Anastasia_Potapova,Anastasia Potapova,0.06666666666666667,0.23333333333333334,0.7
20220117-W-Australian_Open-R128-Amanda_Anisimova-Arianne_Hartono,Amanda Anisimova,0.2619047619047619,0.2857142857142857,0.4523809523809524
20220117-W-Australian_Open-R128-Amanda_Anisimova-Arianne_Hartono,Arianne Hartono,0.20634920634920634,0.2857142857142857,0.5079365079365079
20220114-W-Sydney-SF-Anett_Kontaveit-Barbora_Krejcikova,Anett Kontaveit,0.4444444444444444,0.125,0.4305555555555556
20220114-W-Sydney-SF-Anett_Kontaveit-Barbora_Krejcikova,Barbora Krejcikova,0.37037037037037035,0.1728395061728395,0.4567901234567901
20220114-W-Australian_Open-Q3-Arianne_Hartono-Jule_Niemeier,Arianne Hartono,0.1568627450980392,0.29411764705882354,0.5490196078431373
20220114-W-Australian_Open-Q3-Arianne_Hartono-Jule_Niemeier,Jule Niemeier,0.1891891891891892,0.1891891891891892,0.6216216216216216
20220113-W-Sydney-QF-Paula_Badosa-Belinda_Bencic,Paula Badosa,0.38181818181818183,0.2,0.41818181818181815
20220113-W-Sydney-QF-Paula_Badosa-Belinda_Bencic,Belinda Bencic,0.41346153846153844,0.17307692307692307,0.41346153846153844
20220113-W-Sydney-QF-Garbine_Muguruza-Daria_Kasatkina,Garbine Muguruza,0.2631578947368421,0.3157894736842105,0.42105263157894735
20220113-W-Sydney-QF-Garbine_Muguruza-Daria_Kasatkina,Daria Kasatkina,0.30303030303030304,0.45454545454545453,0.24242424242424243
20220112-W-Australian_Open-Q2-Indy_De_Vroome-Dalma_Galfi,Indy De Vroome,0.2235294117647059,0.2235294117647059,0.5529411764705883
20220112-W-Australian_Open-Q2-Indy_De_Vroome-Dalma_Galfi,Dalma Galfi,0.2828282828282828,0.12121212121212122,0.5959595959595959
20220111-W-Sydney-R32-Elena_Rybakina-Emma_Raducanu,Elena Rybakina,0.38636363636363635,0.29545454545454547,0.3181818181818182
20220111-W-Sydney-R32-Elena_Rybakina-Emma_Raducanu,Emma Raducanu,0.25,0.2,0.55
20220111-W-Sydney-R16-Garbine_Muguruza-Ekaterina_Alexandrova,Garbine Muguruza,0.23404255319148937,0.5531914893617021,0.2127659574468085
20220111-W-Sydney-R16-Garbine_Muguruza-Ekaterina_Alexandrova,Ekaterina Alexandrova,0.45714285714285713,0.2571428571428571,0.2857142857142857
20220111-W-Australian_Open-Q1-Urszula_Radwanska-Indy_De_Vroome,Urszula Radwanska,0.14893617021276595,0.19148936170212766,0.6595744680851063
20220111-W-Australian_Open-Q1-Urszula_Radwanska-Indy_De_Vroome,Indy De Vroome,0.32456140350877194,0.14912280701754385,0.5263157894736842
20220111-W-Australian_Open-Q1-Simona_Waltert-Paula_Ormaechea,Simona Waltert,0.3978494623655914,0.15053763440860216,0.45161290322580644
20220111-W-Australian_Open-Q1-Simona_Waltert-Paula_Ormaechea,Paula Ormaechea,0.19047619047619047,0.07142857142857142,0.7380952380952381
20220110-W-Australian_Open-Q1-Yuliya_Hatouka-Caroline_Dolehide,Yuliya Hatouka,0.35294117647058826,0.09803921568627451,0.5490196078431373
20220110-W-Australian_Open-Q1-Yuliya_Hatouka-Caroline_Dolehide,Caroline Dolehide,0.34615384615384615,0.19230769230769232,0.4230769230769231
20220110-W-Adelaide_2-R32-Elina_Svitolina-Madison_Keys,Elina Svitolina,0.2564102564102564,0.23076923076923078,0.48717948717948717
20220110-W-Adelaide_2-R32-Elina_Svitolina-Madison_Keys,Madison Keys,0.30952380952380953,0.2857142857142857,0.40476190476190477
20220108-W-Adelaide-SF-Iga_Swiatek-Ashleigh_Barty,Iga Swiatek,0.26,0.18,0.56
20220108-W-Adelaide-SF-Iga_Swiatek-Ashleigh_Barty,Ashleigh Barty,0.4,0.14285714285714285,0.45714285714285713
20220107-W-Adelaide-QF-Iga_Swiatek-Victoria_Azarenka,Iga Swiatek,0.39705882352941174,0.07352941176470588,0.5294117647058824
20220107-W-Adelaide-QF-Iga_Swiatek-Victoria_Azarenka,Victoria Azarenka,0.3181818181818182,0.12121212121212122,0.5606060606060606
20220107-W-Adelaide-QF-Ashleigh_Barty-Sofia_Kenin,Ashleigh Barty,0.3793103448275862,0.2413793103448276,0.3793103448275862
20220107-W-Adelaide-QF-Ashleigh_Barty-Sofia_Kenin,Sofia Kenin,0.2608695652173913,0.1956521739130435,0.5434782608695652
20220106-W-Melbourne-R16-Clara_Tauson-Lin_Zhu,Clara Tauson,0.3902439024390244,0.24390243902439024,0.36585365853658536
20220106-W-Melbourne-R16-Clara_Tauson-Lin_Zhu,Lin Zhu,0.043478260869565216,0.13043478260869565,0.8260869565217391
20220106-W-Melbourne-R16-Andrea_Petkovic-Clara_Burel,Andrea Petkovic,0.288135593220339,0.06779661016949153,0.6440677966101694
20220106-W-Melbourne-R16-Andrea_Petkovic-Clara_Burel,Clara Burel,0.37254901960784315,0.08823529411764706,0.5392156862745098
20220106-W-Adelaide-R16-Iga_Swiatek-Leylah_Fernandez,Iga Swiatek,0.4186046511627907,0.37209302325581395,0.20930232558139536
20220106-W-Adelaide-R16-Iga_Swiatek-Leylah_Fernandez,Leylah Fernandez,0.46153846153846156,0.1794871794871795,0.358974358974359
20220105-W-Melbourne-R32-Shuai_Zhang-Clara_Burel,Shuai Zhang,0.21666666666666667,0.08333333333333333,0.7
20220105-W-Melbourne-R32-Shuai_Zhang-Clara_Burel,Clara Burel,0.30434782608695654,0.15217391304347827,0.5434782608695652
20220105-W-Adelaide-R16-Elena_Rybakina-Marie_Bouzkova,Elena Rybakina,0.3880597014925373,0.22388059701492538,0.3880597014925373
20220105-W-Adelaide-R16-Elena_Rybakina-Marie_Bouzkova,Marie Bouzkova,0.4444444444444444,0.07407407407407407,0.48148148148148145
20220104-W-Melbourne-R32-Anhelina_Kalinina-Clara_Tauson,Anhelina Kalinina,0.20930232558139536,0.18604651162790697,0.6046511627906976
20220104-W-Melbourne-R32-Anhelina_Kalinina-Clara_Tauson,Clara Tauson,0.4482758620689655,0.06896551724137931,0.4827586206896552
20220104-W-Adelaide-R32-Victoria_Azarenka-Paula_Badosa,Victoria Azarenka,0.4090909090909091,0.45454545454545453,0.13636363636363635
20220104-W-Adelaide-R32-Victoria_Azarenka-Paula_Badosa,Paula Badosa,0.3888888888888889,0.3611111111111111,0.25
20220104-W-Adelaide-R32-Iga_Swiatek-Daria_Saville,Iga Swiatek,0.37209302325581395,0.18604651162790697,0.4186046511627907
20220104-W-Adelaide-R32-Iga_Swiatek-Daria_Saville,Daria Saville,0.4,0.08571428571428572,0.5142857142857142
20220104-W-Adelaide-R32-Elina_Svitolina-Anastasia_Gasanova,Elina Svitolina,0.3116883116883117,0.16883116883116883,0.5194805194805194
20220104-W-Adelaide-R32-Elina_Svitolina-Anastasia_Gasanova,Anastasia Gasanova,0.3829787234042553,0.1595744680851064,0.4574468085106383
20211219-W-Dutch_Championships-F-Suzan_Lamens-Stephanie_Judith_Visscher,Suzan Lamens,0.25,0.25,0.5
20211219-W-Dutch_Championships-F-Suzan_Lamens-Stephanie_Judith_Visscher,Stephanie Judith Visscher,0.18421052631578946,0.23684210526315788,0.5789473684210527
20211121-W-Montevideo-F-Panna_Udvardy-Diane_Parry,Panna Udvardy,0.20930232558139536,0.16279069767441862,0.627906976744186
20211121-W-Montevideo-F-Panna_Udvardy-Diane_Parry,Diane Parry,0.2972972972972973,0.2702702702702703,0.43243243243243246
20211112-W-Linz-F-Jaqueline_Cristian-Alison_Riske_Amritraj,Jaqueline Cristian,0.3013698630136986,0.1780821917808219,0.5205479452054794
20211112-W-Linz-F-Jaqueline_Cristian-Alison_Riske_Amritraj,Alison Riske Amritraj,0.18292682926829268,0.2926829268292683,0.524390243902439
20211109-W-Linz-R16-Emma_Raducanu-Xin_Yu_Wang,Emma Raducanu,0.2236842105263158,0.15789473684210525,0.618421052631579
20211109-W-Linz-R16-Emma_Raducanu-Xin_Yu_Wang,Xin Yu Wang,0.3978494623655914,0.20430107526881722,0.3978494623655914
20211108-W-Linz-R32-Jaqueline_Cristian-Kamilla_Rakhimova,Jaqueline Cristian,0.34285714285714286,0.17142857142857143,0.4857142857142857
20211108-W-Linz-R32-Jaqueline_Cristian-Kamilla_Rakhimova,Kamilla Rakhimova,0.18032786885245902,0.2459016393442623,0.5737704918032787
20211105-W-BJK_Cup_Finals-SF-Belinda_Bencic-Ajla_Tomljanovic,Belinda Bencic,0.45,0.325,0.225
20211105-W-BJK_Cup_Finals-SF-Belinda_Bencic-Ajla_Tomljanovic,Ajla Tomljanovic,0.4166666666666667,0.2916666666666667,0.2916666666666667
20211102-W-BJK_Cup_Finals-RR-Storm_Hunter-Elise_Mertens,Storm Hunter,0.47368421052631576,0.14473684210526316,0.3815789473684211
20211102-W-BJK_Cup_Finals-RR-Storm_Hunter-Elise_Mertens,Elise Mertens,0.30158730158730157,0.14285714285714285,0.5555555555555556
20211101-W-BJK_Cup_Finals-RR-Carla_Suarez_Navarro-Viktoria_Hruncakova,Carla Suarez Navarro,0.2777777777777778,0.16666666666666666,0.5555555555555556
20211101-W-BJK_Cup_Finals-RR-Carla_Suarez_Navarro-Viktoria_Hruncakova,Viktoria Hruncakova,0.4057971014492754,0.15942028985507245,0.43478260869565216
20211029-W-Cluj_Napoca-QF-Emma_Raducanu-Marta_Kostyuk,Emma Raducanu,0.2222222222222222,0.2037037037037037,0.5740740740740741
20211029-W-Cluj_Napoca-QF-Emma_Raducanu-Marta_Kostyuk,Marta Kostyuk,0.4,0.3,0.3
20211028-W-Cluj_Napoca-R16-Emma_Raducanu-Ana_Bogdan,Emma Raducanu,0.25,0.25,0.5
20211028-W-Cluj_Napoca-R16-Emma_Raducanu-Ana_Bogdan,Ana Bogdan,0.225,0.175,0.6
20211026-W-Cluj_Napoca-R32-Kaja_Juvan-Jaqueline_Cristian,Kaja Juvan,0.2111111111111111,0.2111111111111111,0.5777777777777777
20211026-W-Cluj_Napoca-R32-Kaja_Juvan-Jaqueline_Cristian,Jaqueline Cristian,0.20202020202020202,0.2727272727272727,0.5252525252525253
20211026-W-Cluj_Napoca-R32-Emma_Raducanu-Polona_Hercog,Emma Raducanu,0.2926829268292683,0.23170731707317074,0.47560975609756095
20211026-W-Cluj_Napoca-R32-Emma_Raducanu-Polona_Hercog,Polona Hercog,0.2318840579710145,0.18840579710144928,0.5797101449275363
20211023-W-Tenerife-SF-Camila_Osorio-Camila_Giorgi,Camila Osorio,0.38461538461538464,0.11538461538461539,0.5
20211023-W-Tenerife-SF-Camila_Osorio-Camila_Giorgi,Camila Giorgi,0.2631578947368421,0.12280701754385964,0.5964912280701754
20211019-W-Tenerife-R32-Varvara_Gracheva-Sara_Sorribes_Tormo,Varvara Gracheva,0.3546099290780142,0.1773049645390071,0.46808510638297873
20211019-W-Tenerife-R32-Varvara_Gracheva-Sara_Sorribes_Tormo,Sara Sorribes Tormo,0.29508196721311475,0.22950819672131148,0.47540983606557374
20211019-W-Tenerife-R32-Arantxa_Rus-Viktorija_Golubic,Arantxa Rus,0.2698412698412698,0.2222222222222222,0.5079365079365079
20211019-W-Tenerife-R32-Arantxa_Rus-Viktorija_Golubic,Viktorija Golubic,0.1896551724137931,0.22413793103448276,0.5862068965517241
20211014-W-Indian_Wells-QF-Paula_Badosa-Angelique_Kerber,Paula Badosa,0.45,0.125,0.425
20211014-W-Indian_Wells-QF-Paula_Badosa-Angelique_Kerber,Angelique Kerber,0.3333333333333333,0.15151515151515152,0.5151515151515151
20211012-W-Indian_Wells-R16-Jessica_Pegula-Elina_Svitolina,Jessica Pegula,0.36363636363636365,0.29545454545454547,0.3409090909090909
20211012-W-Indian_Wells-R16-Jessica_Pegula-Elina_Svitolina,Elina Svitolina,0.3333333333333333,0.1111111111111111,0.5555555555555556
20211012-W-Indian_Wells-R16-Jelena_Ostapenko-Iga_Swiatek,Jelena Ostapenko,0.43859649122807015,0.10526315789473684,0.45614035087719296
20211012-W-Indian_Wells-R16-Jelena_Ostapenko-Iga_Swiatek,Iga Swiatek,0.34285714285714286,0.11428571428571428,0.5428571428571428
20211012-W-Indian_Wells-R16-Aliaksandra_Sasnovich-Victoria_Azarenka,Aliaksandra Sasnovich,0.42592592592592593,0.2777777777777778,0.2962962962962963
20211012-W-Indian_Wells-R16-Aliaksandra_Sasnovich-Victoria_Azarenka,Victoria Azarenka,0.5128205128205128,0.3076923076923077,0.1794871794871795
20211011-W-Indian_Wells-R32-Viktorija_Golubic-Anna_Kalinskaya,Viktorija Golubic,0.27692307692307694,0.23076923076923078,0.49230769230769234
20211011-W-Indian_Wells-R32-Viktorija_Golubic-Anna_Kalinskaya,Anna Kalinskaya,0.43283582089552236,0.16417910447761194,0.40298507462686567
20211011-W-Indian_Wells-R32-Karolina_Pliskova-Beatriz_Haddad_Maia,Karolina Pliskova,0.25333333333333335,0.21333333333333335,0.5333333333333333
20211011-W-Indian_Wells-R32-Karolina_Pliskova-Beatriz_Haddad_Maia,Beatriz Haddad Maia,0.32075471698113206,0.16981132075471697,0.5094339622641509
20211011-W-Indian_Wells-R32-Bianca_Andreescu-Anett_Kontaveit,Bianca Andreescu,0.26865671641791045,0.2537313432835821,0.47761194029850745
20211011-W-Indian_Wells-R32-Bianca_Andreescu-Anett_Kontaveit,Anett Kontaveit,0.3404255319148936,0.2553191489361702,0.40425531914893614
20211010-W-Indian_Wells-R32-Iga_Swiatek-Veronika_Kudermetova,Iga Swiatek,0.5833333333333334,0.125,0.2916666666666667
20211010-W-Indian_Wells-R32-Iga_Swiatek-Veronika_Kudermetova,Veronika Kudermetova,0.25,0.07142857142857142,0.6785714285714286
20211009-W-Indian_Wells-R64-Coco_Gauff-Caroline_Garcia,Coco Gauff,0.3424657534246575,0.1095890410958904,0.547945205479452
20211009-W-Indian_Wells-R64-Coco_Gauff-Caroline_Garcia,Caroline Garcia,0.26865671641791045,0.1044776119402985,0.6268656716417911
20211009-W-Indian_Wells-R64-Alison_Riske_Amritraj-Bianca_Andreescu,Alison Riske Amritraj,0.24675324675324675,0.18181818181818182,0.5714285714285714
20211009-W-Indian_Wells-R64-Alison_Riske_Amritraj-Bianca_Andreescu,Bianca Andreescu,0.2980769230769231,0.22115384615384615,0.4807692307692308
20211008-W-Indian_Wells-R64-Tereza_Martincova-Elina_Svitolina,Tereza Martincova,0.2727272727272727,0.15151515151515152,0.5757575757575758
20211008-W-Indian_Wells-R64-Tereza_Martincova-Elina_Svitolina,Elina Svitolina,0.4230769230769231,0.25,0.3269230769230769
20211008-W-Indian_Wells-R64-Iga_Swiatek-Petra_Martic,Iga Swiatek,0.42105263157894735,0.2631578947368421,0.3157894736842105
20211008-W-Indian_Wells-R64-Iga_Swiatek-Petra_Martic,Petra Martic,0.23255813953488372,0.11627906976744186,0.6511627906976745
20211008-W-Indian_Wells-R64-Emma_Raducanu-Aliaksandra_Sasnovich,Emma Raducanu,0.2553191489361702,0.19148936170212766,0.5531914893617021
20211008-W-Indian_Wells-R64-Emma_Raducanu-Aliaksandra_Sasnovich,Aliaksandra Sasnovich,0.3125,0.20833333333333334,0.4583333333333333
20211007-W-Indian_Wells-R128-Kim_Clijsters-Katerina_Siniakova,Kim Clijsters,0.2,0.2833333333333333,0.5166666666666667
20211007-W-Indian_Wells-R128-Kim_Clijsters-Katerina_Siniakova,Katerina Siniakova,0.40384615384615385,0.19230769230769232,0.40384615384615385
20211006-W-Indian_Wells-R128-Shuai_Zhang-Marta_Kostyuk,Shuai Zhang,0.2948717948717949,0.21794871794871795,0.48717948717948717
20211006-W-Indian_Wells-R128-Shuai_Zhang-Marta_Kostyuk,Marta Kostyuk,0.2926829268292683,0.1951219512195122,0.5121951219512195
20211006-W-Indian_Wells-R128-Liudmila_Samsonova-Kateryna_Baindl,Liudmila Samsonova,0.35526315789473684,0.13157894736842105,0.5131578947368421
20211006-W-Indian_Wells-R128-Liudmila_Samsonova-Kateryna_Baindl,Kateryna Baindl,0.23684210526315788,0.15789473684210525,0.6052631578947368
20211006-W-Indian_Wells-R128-Jasmine_Paolini-Mai_Hontama,Jasmine Paolini,0.34375,0.140625,0.515625
20211006-W-Indian_Wells-R128-Jasmine_Paolini-Mai_Hontama,Mai Hontama,0.19642857142857142,0.19642857142857142,0.6071428571428571
20211006-W-Indian_Wells-R128-Arantxa_Rus-Alycia_Parks,Arantxa Rus,0.21428571428571427,0.2857142857142857,0.5
20211006-W-Indian_Wells-R128-Arantxa_Rus-Alycia_Parks,Alycia Parks,0.21951219512195122,0.14634146341463414,0.6341463414634146
20211003-W-Chicago-F-Ons_Jabeur-Garbine_Muguruza,Ons Jabeur,0.3103448275862069,0.1206896551724138,0.5689655172413793
20211003-W-Chicago-F-Ons_Jabeur-Garbine_Muguruza,Garbine Muguruza,0.4117647058823529,0.17647058823529413,0.4117647058823529
20211001-W-Chicago-QF-Elina_Svitolina-Ons_Jabeur,Elina Svitolina,0.16666666666666666,0.25,0.5833333333333334
20211001-W-Chicago-QF-Elina_Svitolina-Ons_Jabeur,Ons Jabeur,0.42857142857142855,0.1111111111111111,0.4603174603174603
20210930-W-Chicago-R16-Elena_Gabriela_Ruse-Elina_Svitolina,Elena Gabriela Ruse,0.20512820512820512,0.1794871794871795,0.6153846153846154
20210930-W-Chicago-R16-Elena_Gabriela_Ruse-Elina_Svitolina,Elina Svitolina,0.3333333333333333,0.15555555555555556,0.5111111111111111
20210929-W-Chicago-R32-Bianca_Andreescu-Shelby_Rogers,Bianca Andreescu,0.323943661971831,0.18309859154929578,0.49295774647887325
20210929-W-Chicago-R32-Bianca_Andreescu-Shelby_Rogers,Shelby Rogers,0.26666666666666666,0.24444444444444444,0.4888888888888889
20210929-W-Chicago-R32-Amanda_Anisimova-Elina_Svitolina,Amanda Anisimova,0.3114754098360656,0.09836065573770492,0.5901639344262295
20210929-W-Chicago-R32-Amanda_Anisimova-Elina_Svitolina,Elina Svitolina,0.34782608695652173,0.13043478260869565,0.5217391304347826
20210928-W-Chicago-R32-Dayana_Yastremska-Elise_Mertens,Dayana Yastremska,0.11904761904761904,0.16666666666666666,0.7142857142857143
20210928-W-Chicago-R32-Dayana_Yastremska-Elise_Mertens,Elise Mertens,0.1111111111111111,0.2777777777777778,0.6111111111111112
20210927-W-Chicago-R64-Kim_Clijsters-Su_Wei_Hsieh,Kim Clijsters,0.3504273504273504,0.18803418803418803,0.46153846153846156
20210927-W-Chicago-R64-Kim_Clijsters-Su_Wei_Hsieh,Su Wei Hsieh,0.2641509433962264,0.33962264150943394,0.39622641509433965
20210927-W-Chicago-R64-Caroline_Garcia-Mai_Hontama,Caroline Garcia,0.16981132075471697,0.20754716981132076,0.6226415094339622
20210927-W-Chicago-R64-Caroline_Garcia-Mai_Hontama,Mai Hontama,0.3448275862068966,0.3793103448275862,0.27586206896551724
20210926-W-Ostrava-F-Anett_Kontaveit-Maria_Sakkari,Anett Kontaveit,0.3870967741935484,0.25806451612903225,0.3548387096774194
20210926-W-Ostrava-F-Anett_Kontaveit-Maria_Sakkari,Maria Sakkari,0.375,0.125,0.5
20210926-W-ITF_Valencia-F-Arantxa_Rus-Mihaela_Buzarnescu,Arantxa Rus,0.20754716981132076,0.3018867924528302,0.49056603773584906
20210926-W-ITF_Valencia-F-Arantxa_Rus-Mihaela_Buzarnescu,Mihaela Buzarnescu,0.25,0.25,0.5
20210925-W-Ostrava-SF-Petra_Kvitova-Anett_Kontaveit,Petra Kvitova,0.17777777777777778,0.2,0.6222222222222222
20210925-W-Ostrava-SF-Petra_Kvitova-Anett_Kontaveit,Anett Kontaveit,0.5,0.14285714285714285,0.32142857142857145
20210925-W-Ostrava-SF-Iga_Swiatek-Maria_Sakkari,Iga Swiatek,0.30357142857142855,0.21428571428571427,0.48214285714285715
20210925-W-Ostrava-SF-Iga_Swiatek-Maria_Sakkari,Maria Sakkari,0.3191489361702128,0.23404255319148937,0.44680851063829785
20210924-W-Ostrava-QF-Elena_Rybakina-Iga_Swiatek,Elena Rybakina,0.40384615384615385,0.057692307692307696,0.5384615384615384
20210924-W-Ostrava-QF-Elena_Rybakina-Iga_Swiatek,Iga Swiatek,0.2553191489361702,0.19148936170212766,0.5531914893617021
20210923-W-ITF_Santarem-R16-Tatjana_Maria-Pemra_Ozgen,Tatjana Maria,0.390625,0.234375,0.375
20210923-W-ITF_Santarem-R16-Tatjana_Maria-Pemra_Ozgen,Pemra Ozgen,0.4583333333333333,0.16666666666666666,0.375
20210922-W-Ostrava-R16-Iga_Swiatek-Yulia_Putintseva,Iga Swiatek,0.29411764705882354,0.2647058823529412,0.4411764705882353
20210922-W-Ostrava-R16-Iga_Swiatek-Yulia_Putintseva,Yulia Putintseva,0.36585365853658536,0.14634146341463414,0.4878048780487805
20210919-W-Portoroz-F-Jasmine_Paolini-Alison_Riske_Amritraj,Jasmine Paolini,0.2777777777777778,0.2037037037037037,0.5185185185185185
20210919-W-Portoroz-F-Jasmine_Paolini-Alison_Riske_Amritraj,Alison Riske Amritraj,0.2033898305084746,0.2033898305084746,0.5932203389830508
20210919-W-ITF_Johannesburg-F-Richel_Hogenkamp-Valeria_Bhunu,Richel Hogenkamp,0.21052631578947367,0.2631578947368421,0.5263157894736842
20210919-W-ITF_Johannesburg-F-Richel_Hogenkamp-Valeria_Bhunu,Valeria Bhunu,0.22826086956521738,0.21739130434782608,0.5543478260869565
20210916-W-Luxembourg-R16-Jelena_Ostapenko-Arianne_Hartono,Jelena Ostapenko,0.27941176470588236,0.23529411764705882,0.47058823529411764
20210916-W-Luxembourg-R16-Jelena_Ostapenko-Arianne_Hartono,Arianne Hartono,0.3220338983050847,0.1694915254237288,0.5084745762711864
20210914-W-Luxembourg-R32-Anna_Lena_Friedsam-Arianne_Hartono,Anna Lena Friedsam,0.19642857142857142,0.19642857142857142,0.6071428571428571
20210914-W-Luxembourg-R32-Anna_Lena_Friedsam-Arianne_Hartono,Arianne Hartono,0.4322033898305085,0.09322033898305085,0.4745762711864407
20210909-W-US_Open-SF-Emma_Raducanu-Maria_Sakkari,Emma Raducanu,0.3333333333333333,0.28205128205128205,0.38461538461538464
20210909-W-US_Open-SF-Emma_Raducanu-Maria_Sakkari,Maria Sakkari,0.2826086956521739,0.17391304347826086,0.5434782608695652
20210908-W-US_Open-QF-Karolina_Pliskova-Maria_Sakkari,Karolina Pliskova,0.14285714285714285,0.17142857142857143,0.6857142857142857
20210908-W-US_Open-QF-Karolina_Pliskova-Maria_Sakkari,Maria Sakkari,0.4473684210526316,0.15789473684210525,0.39473684210526316
20210907-W-US_Open-QF-Leylah_Fernandez-Elina_Svitolina,Leylah Fernandez,0.40860215053763443,0.20430107526881722,0.3870967741935484
20210907-W-US_Open-QF-Leylah_Fernandez-Elina_Svitolina,Elina Svitolina,0.31746031746031744,0.23809523809523808,0.4444444444444444
20210906-W-US_Open-R16-Karolina_Pliskova-Anastasia_Pavlyuchenkova,Karolina Pliskova,0.4146341463414634,0.17073170731707318,0.4146341463414634
20210906-W-US_Open-R16-Karolina_Pliskova-Anastasia_Pavlyuchenkova,Anastasia Pavlyuchenkova,0.23728813559322035,0.22033898305084745,0.5423728813559322
20210906-W-US_Open-R16-Iga_Swiatek-Belinda_Bencic,Iga Swiatek,0.37037037037037035,0.14814814814814814,0.48148148148148145
20210906-W-US_Open-R16-Iga_Swiatek-Belinda_Bencic,Belinda Bencic,0.42857142857142855,0.2222222222222222,0.3492063492063492
20210906-W-US_Open-R16-Bianca_Andreescu-Maria_Sakkari,Bianca Andreescu,0.2761904761904762,0.2,0.5238095238095238
20210906-W-US_Open-R16-Bianca_Andreescu-Maria_Sakkari,Maria Sakkari,0.36046511627906974,0.16279069767441862,0.47674418604651164
20210905-W-US_Open-R16-Leylah_Fernandez-Angelique_Kerber,Leylah Fernandez,0.41,0.25,0.34
20210905-W-US_Open-R16-Leylah_Fernandez-Angelique_Kerber,Angelique Kerber,0.390625,0.234375,0.375
20210905-W-US_Open-R16-Barbora_Krejcikova-Garbine_Muguruza,Barbora Krejcikova,0.35185185185185186,0.18518518518518517,0.46296296296296297
20210905-W-US_Open-R16-Barbora_Krejcikova-Garbine_Muguruza,Garbine Muguruza,0.32653061224489793,0.10204081632653061,0.5714285714285714
20210904-W-US_Open-R32-Petra_Kvitova-Maria_Sakkari,Petra Kvitova,0.2222222222222222,0.1111111111111111,0.6666666666666666
20210904-W-US_Open-R32-Petra_Kvitova-Maria_Sakkari,Maria Sakkari,0.36,0.24,0.4
20210904-W-US_Open-R32-Karolina_Pliskova-Ajla_Tomljanovic,Karolina Pliskova,0.3170731707317073,0.17073170731707318,0.5121951219512195
20210904-W-US_Open-R32-Karolina_Pliskova-Ajla_Tomljanovic,Ajla Tomljanovic,0.20689655172413793,0.2413793103448276,0.5517241379310345
20210904-W-US_Open-R32-Jessica_Pegula-Belinda_Bencic,Jessica Pegula,0.4117647058823529,0.14705882352941177,0.4411764705882353
20210904-W-US_Open-R32-Jessica_Pegula-Belinda_Bencic,Belinda Bencic,0.24444444444444444,0.3333333333333333,0.4222222222222222
20210904-W-US_Open-R32-Iga_Swiatek-Anett_Kontaveit,Iga Swiatek,0.3108108108108108,0.28378378378378377,0.40540540540540543
20210904-W-US_Open-R32-Iga_Swiatek-Anett_Kontaveit,Anett Kontaveit,0.3333333333333333,0.14102564102564102,0.5256410256410257
20210904-W-US_Open-R32-Bianca_Andreescu-Greet_Minnen,Bianca Andreescu,0.4473684210526316,0.23684210526315788,0.3157894736842105
20210904-W-US_Open-R32-Bianca_Andreescu-Greet_Minnen,Greet Minnen,0.3684210526315789,0.07894736842105263,0.5526315789473685
20210904-W-US_Open-R32-Ashleigh_Barty-Shelby_Rogers,Ashleigh Barty,0.3103448275862069,0.21839080459770116,0.47126436781609193
20210904-W-US_Open-R32-Ashleigh_Barty-Shelby_Rogers,Shelby Rogers,0.2727272727272727,0.22727272727272727,0.5
20210903-W-US_Open-R32-Victoria_Azarenka-Garbine_Muguruza,Victoria Azarenka,0.2857142857142857,0.3492063492063492,0.36507936507936506
20210903-W-US_Open-R32-Victoria_Azarenka-Garbine_Muguruza,Garbine Muguruza,0.3181818181818182,0.3787878787878788,0.30303030303030304
20210903-W-US_Open-R32-Leylah_Fernandez-Naomi_Osaka,Leylah Fernandez,0.37735849056603776,0.22641509433962265,0.39622641509433965
20210903-W-US_Open-R32-Leylah_Fernandez-Naomi_Osaka,Naomi Osaka,0.273972602739726,0.2876712328767123,0.4383561643835616
20210903-W-US_Open-R32-Daria_Kasatkina-Elina_Svitolina,Daria Kasatkina,0.4583333333333333,0.0625,0.4791666666666667
20210903-W-US_Open-R32-Daria_Kasatkina-Elina_Svitolina,Elina Svitolina,0.4375,0.22916666666666666,0.3333333333333333
20210902-W-US_Open-R64-Shuai_Zhang-Emma_Raducanu,Shuai Zhang,0.3829787234042553,0.3191489361702128,0.2978723404255319
20210902-W-US_Open-R64-Shuai_Zhang-Emma_Raducanu,Emma Raducanu,0.4,0.4,0.2
20210902-W-US_Open-R64-Sara_Sorribes_Tormo-Su_Wei_Hsieh,Sara Sorribes Tormo,0.36,0.28,0.36
20210902-W-US_Open-R64-Sara_Sorribes_Tormo-Su_Wei_Hsieh,Su Wei Hsieh,0.21621621621621623,0.17567567567567569,0.6081081081081081
20210902-W-US_Open-R64-Maria_Sakkari-Katerina_Siniakova,Maria Sakkari,0.2564102564102564,0.1794871794871795,0.5641025641025641
20210902-W-US_Open-R64-Maria_Sakkari-Katerina_Siniakova,Katerina Siniakova,0.15555555555555556,0.2222222222222222,0.6222222222222222
20210902-W-US_Open-R64-Bianca_Andreescu-Lauren_Davis,Bianca Andreescu,0.23636363636363636,0.23636363636363636,0.5272727272727272
20210902-W-US_Open-R64-Bianca_Andreescu-Lauren_Davis,Lauren Davis,0.1836734693877551,0.30612244897959184,0.5102040816326531
20210901-W-US_Open-R64-Rebeka_Masarova-Elina_Svitolina,Rebeka Masarova,0.2894736842105263,0.10526315789473684,0.6052631578947368
20210901-W-US_Open-R64-Rebeka_Masarova-Elina_Svitolina,Elina Svitolina,0.45454545454545453,0.25,0.29545454545454547
20210901-W-US_Open-R64-Leylah_Fernandez-Kaia_Kanepi,Leylah Fernandez,0.3,0.3,0.4
20210901-W-US_Open-R64-Leylah_Fernandez-Kaia_Kanepi,Kaia Kanepi,0.30985915492957744,0.2112676056338028,0.4788732394366197
20210901-W-US_Open-R64-Coco_Gauff-Sloane_Stephens,Coco Gauff,0.2222222222222222,0.25925925925925924,0.5185185185185185
20210901-W-US_Open-R64-Coco_Gauff-Sloane_Stephens,Sloane Stephens,0.2222222222222222,0.4222222222222222,0.35555555555555557
20210831-W-US_Open-R128-Sara_Sorribes_Tormo-Karolina_Muchova,Sara Sorribes Tormo,0.32653061224489793,0.3877551020408163,0.2857142857142857
20210831-W-US_Open-R128-Sara_Sorribes_Tormo-Karolina_Muchova,Karolina Muchova,0.2857142857142857,0.24175824175824176,0.4725274725274725
20210831-W-US_Open-R128-Marta_Kostyuk-Maria_Sakkari,Marta Kostyuk,0.2702702702702703,0.21621621621621623,0.5135135135135135
20210831-W-US_Open-R128-Marta_Kostyuk-Maria_Sakkari,Maria Sakkari,0.23076923076923078,0.28846153846153844,0.4807692307692308
20210831-W-US_Open-R128-Jil_Teichmann-Cristina_Bucsa,Jil Teichmann,0.18,0.22,0.6
20210831-W-US_Open-R128-Jil_Teichmann-Cristina_Bucsa,Cristina Bucsa,0.2916666666666667,0.14583333333333334,0.5625
20210831-W-US_Open-R128-Bianca_Andreescu-Viktorija_Golubic,Bianca Andreescu,0.2857142857142857,0.1978021978021978,0.5164835164835165
20210831-W-US_Open-R128-Bianca_Andreescu-Viktorija_Golubic,Viktorija Golubic,0.19402985074626866,0.29850746268656714,0.5074626865671642
20210830-W-US_Open-R128-Leylah_Fernandez-Ana_Konjuh,Leylah Fernandez,0.22,0.34,0.44
20210830-W-US_Open-R128-Leylah_Fernandez-Ana_Konjuh,Ana Konjuh,0.2608695652173913,0.21739130434782608,0.5217391304347826
20210830-W-US_Open-R128-Elina_Svitolina-Rebecca_Marino,Elina Svitolina,0.3103448275862069,0.3793103448275862,0.3103448275862069
20210830-W-US_Open-R128-Elina_Svitolina-Rebecca_Marino,Rebecca Marino,0.34615384615384615,0.07692307692307693,0.5769230769230769
20210830-W-US_Open-R128-Donna_Vekic-Garbine_Muguruza,Donna Vekic,0.3283582089552239,0.22388059701492538,0.44776119402985076
20210830-W-US_Open-R128-Donna_Vekic-Garbine_Muguruza,Garbine Muguruza,0.25396825396825395,0.30158730158730157,0.4444444444444444
20210830-W-US_Open-R128-Carla_Suarez_Navarro-Danielle_Collins,Carla Suarez Navarro,0.2222222222222222,0.16666666666666666,0.6111111111111112
20210830-W-US_Open-R128-Carla_Suarez_Navarro-Danielle_Collins,Danielle Collins,0.5576923076923077,0.07692307692307693,0.36538461538461536
20210825-W-US_Open-Q1-Emma_Raducanu-Bibiane_Schoofs,Emma Raducanu,0.3170731707317073,0.3170731707317073,0.36585365853658536
20210825-W-US_Open-Q1-Emma_Raducanu-Bibiane_Schoofs,Bibiane Schoofs,0.1724137931034483,0.20689655172413793,0.6206896551724138
20210822-W-ITF_San_Bartolome_de_Tirajana-F-Arantxa_Rus-Victoria_Jimenez_Kasintseva,Arantxa Rus,0.25925925925925924,0.4444444444444444,0.2962962962962963
20210822-W-ITF_San_Bartolome_de_Tirajana-F-Arantxa_Rus-Victoria_Jimenez_Kasintseva,Victoria Jimenez Kasintseva,0.18421052631578946,0.21052631578947367,0.6052631578947368
20210822-W-Cincinnati-F-Ashleigh_Barty-Jil_Teichmann,Ashleigh Barty,0.4444444444444444,0.13333333333333333,0.4222222222222222
20210822-W-Cincinnati-F-Ashleigh_Barty-Jil_Teichmann,Jil Teichmann,0.2857142857142857,0.08571428571428572,0.6285714285714286
20210819-W-Cincinnati-R16-Victoria_Azarenka-Ashleigh_Barty,Victoria Azarenka,0.18181818181818182,0.18181818181818182,0.6363636363636364
20210819-W-Cincinnati-R16-Victoria_Azarenka-Ashleigh_Barty,Ashleigh Barty,0.4186046511627907,0.16279069767441862,0.4186046511627907
20210819-W-Cincinnati-R16-Petra_Kvitova-Ons_Jabeur,Petra Kvitova,0.2857142857142857,0.30952380952380953,0.40476190476190477
20210819-W-Cincinnati-R16-Petra_Kvitova-Ons_Jabeur,Ons Jabeur,0.2,0.2,0.6
20210818-W-Cincinnati-R32-Iga_Swiatek-Ons_Jabeur,Iga Swiatek,0.2558139534883721,0.23255813953488372,0.5116279069767442
20210818-W-Cincinnati-R32-Iga_Swiatek-Ons_Jabeur,Ons Jabeur,0.4878048780487805,0.12195121951219512,0.3902439024390244
20210818-W-Cincinnati-R32-Elina_Svitolina-Angelique_Kerber,Elina Svitolina,0.345679012345679,0.19753086419753085,0.4567901234567901
20210818-W-Cincinnati-R32-Elina_Svitolina-Angelique_Kerber,Angelique Kerber,0.34782608695652173,0.14130434782608695,0.5108695652173914
20210818-W-Cincinnati-R32-Bianca_Andreescu-Karolina_Muchova,Bianca Andreescu,0.23076923076923078,0.1282051282051282,0.6410256410256411
20210818-W-Cincinnati-R32-Bianca_Andreescu-Karolina_Muchova,Karolina Muchova,0.25,0.19444444444444445,0.5555555555555556
20210816-W-Cincinnati-R64-Paula_Badosa-Petra_Martic,Paula Badosa,0.4666666666666667,0.12,0.41333333333333333
20210816-W-Cincinnati-R64-Paula_Badosa-Petra_Martic,Petra Martic,0.36470588235294116,0.16470588235294117,0.47058823529411764
20210816-W-Cincinnati-R64-Madison_Keys-Petra_Kvitova,Madison Keys,0.3142857142857143,0.2571428571428571,0.42857142857142855
20210816-W-Cincinnati-R64-Madison_Keys-Petra_Kvitova,Petra Kvitova,0.38,0.2,0.42
20210815-W-Montreal-F-Karolina_Pliskova-Camila_Giorgi,Karolina Pliskova,0.16,0.18,0.66
20210815-W-Montreal-F-Karolina_Pliskova-Camila_Giorgi,Camila Giorgi,0.20454545454545456,0.22727272727272727,0.5681818181818182
20210815-W-ITF_San_Bartolome_de_Tirajana-F-Arantxa_Rus-Mayar_Sherif,Arantxa Rus,0.35,0.35,0.3
20210815-W-ITF_San_Bartolome_de_Tirajana-F-Arantxa_Rus-Mayar_Sherif,Mayar Sherif,0.2833333333333333,0.2,0.5166666666666667
20210814-W-Montreal-SF-Camila_Giorgi-Jessica_Pegula,Camila Giorgi,0.3194444444444444,0.1527777777777778,0.5277777777777778
20210814-W-Montreal-SF-Camila_Giorgi-Jessica_Pegula,Jessica Pegula,0.23333333333333334,0.15,0.6166666666666667
20210813-W-Montreal-QF-Aryna_Sabalenka-Victoria_Azarenka,Aryna Sabalenka,0.48148148148148145,0.09259259259259259,0.42592592592592593
20210813-W-Montreal-QF-Aryna_Sabalenka-Victoria_Azarenka,Victoria Azarenka,0.4090909090909091,0.09090909090909091,0.5
20210812-W-Montreal-R16-Danielle_Collins-Jessica_Pegula,Danielle Collins,0.2727272727272727,0.29545454545454547,0.4318181818181818
20210812-W-Montreal-R16-Danielle_Collins-Jessica_Pegula,Jessica Pegula,0.27058823529411763,0.2823529411764706,0.4470588235294118
20210812-W-Montreal-R16-Camila_Giorgi-Petra_Kvitova,Camila Giorgi,0.32558139534883723,0.2558139534883721,0.4186046511627907
20210812-W-Montreal-R16-Camila_Giorgi-Petra_Kvitova,Petra Kvitova,0.2653061224489796,0.10204081632653061,0.6326530612244898
20210812-W-Montreal-R16-Bianca_Andreescu-Ons_Jabeur,Bianca Andreescu,0.22388059701492538,0.29850746268656714,0.47761194029850745
20210812-W-Montreal-R16-Bianca_Andreescu-Ons_Jabeur,Ons Jabeur,0.4,0.22857142857142856,0.37142857142857144
20210811-W-Montreal-R32-Rebecca_Marino-Paula_Badosa,Rebecca Marino,0.29245283018867924,0.18867924528301888,0.5188679245283019
20210811-W-Montreal-R32-Rebecca_Marino-Paula_Badosa,Paula Badosa,0.32558139534883723,0.2558139534883721,0.4186046511627907
20210811-W-ITF_Landisville-R32-Emma_Raducanu-Ysaline_Bonaventure,Emma Raducanu,0.4186046511627907,0.3023255813953488,0.27906976744186046
20210811-W-ITF_Landisville-R32-Emma_Raducanu-Ysaline_Bonaventure,Ysaline Bonaventure,0.2549019607843137,0.21568627450980393,0.5294117647058824
20210810-W-Montreal-R64-Elena_Rybakina-Liudmila_Samsonova,Elena Rybakina,0.26666666666666666,0.08888888888888889,0.6444444444444445
20210810-W-Montreal-R64-Elena_Rybakina-Liudmila_Samsonova,Liudmila Samsonova,0.2786885245901639,0.2459016393442623,0.47540983606557374
20210810-W-Montreal-R32-Fiona_Ferro-Petra_Kvitova,Fiona Ferro,0.25,0.16666666666666666,0.5833333333333334
20210810-W-Montreal-R32-Fiona_Ferro-Petra_Kvitova,Petra Kvitova,0.3142857142857143,0.17142857142857143,0.5142857142857142
20210810-W-Montreal-R32-Bianca_Andreescu-Harriet_Dart,Bianca Andreescu,0.34444444444444444,0.24444444444444444,0.4111111111111111
20210810-W-Montreal-R32-Bianca_Andreescu-Harriet_Dart,Harriet Dart,0.3829787234042553,0.14893617021276595,0.46808510638297873
20210810-W-ITF_Landisville-Q2-Mona_Barthel-Emma_Raducanu,Mona Barthel,0.3235294117647059,0.29411764705882354,0.38235294117647056
20210810-W-ITF_Landisville-Q2-Mona_Barthel-Emma_Raducanu,Emma Raducanu,0.21212121212121213,0.6363636363636364,0.15151515151515152
20210805-W-Cluj_Napoca-R16-Alexandra_Eala-Mayar_Sherif,Alexandra Eala,0.2727272727272727,0.48484848484848486,0.24242424242424243
20210805-W-Cluj_Napoca-R16-Alexandra_Eala-Mayar_Sherif,Mayar Sherif,0.45161290322580644,0.25806451612903225,0.25806451612903225
20210802-W-San_Jose-R32-Shuai_Zhang-Emma_Raducanu,Shuai Zhang,0.5185185185185185,0.14814814814814814,0.3333333333333333
20210802-W-San_Jose-R32-Shuai_Zhang-Emma_Raducanu,Emma Raducanu,0.275,0.2,0.525
20210802-W-San_Jose-R32-Caroline_Garcia-Emina_Bektas,Caroline Garcia,0.5217391304347826,0.15217391304347827,0.32608695652173914
20210802-W-San_Jose-R32-Caroline_Garcia-Emina_Bektas,Emina Bektas,0.3469387755102041,0.12244897959183673,0.5306122448979592
20210731-W-Olympics-BR-Elena_Rybakina-Elina_Svitolina,Elena Rybakina,0.37398373983739835,0.15447154471544716,0.4715447154471545
20210731-W-Olympics-BR-Elena_Rybakina-Elina_Svitolina,Elina Svitolina,0.36,0.16,0.48
20210729-W-Olympics-SF-Elina_Svitolina-Marketa_Vondrousova,Elina Svitolina,0.2857142857142857,0.16666666666666666,0.5476190476190477
20210729-W-Olympics-SF-Elina_Svitolina-Marketa_Vondrousova,Marketa Vondrousova,0.325,0.325,0.35
20210728-W-Tokyo_Olympics-QF-Elena_Rybakina-Garbine_Muguruza,Elena Rybakina,0.49019607843137253,0.29411764705882354,0.21568627450980393
20210728-W-Tokyo_Olympics-QF-Elena_Rybakina-Garbine_Muguruza,Garbine Muguruza,0.23076923076923078,0.3333333333333333,0.4358974358974359
20210728-W-Tokyo_Olympics-QF-Belinda_Bencic-Anastasia_Pavlyuchenkova,Belinda Bencic,0.5714285714285714,0.2857142857142857,0.14285714285714285
20210728-W-Tokyo_Olympics-QF-Belinda_Bencic-Anastasia_Pavlyuchenkova,Anastasia Pavlyuchenkova,0.43859649122807015,0.19298245614035087,0.3684210526315789
20210728-W-Olympics-QF-Camila_Giorgi-Elina_Svitolina,Camila Giorgi,0.36538461538461536,0.1346153846153846,0.5
20210728-W-Olympics-QF-Camila_Giorgi-Elina_Svitolina,Elina Svitolina,0.1875,0.3125,0.5
20210727-W-Tokyo_Olympics-R16-Karolina_Pliskova-Camila_Giorgi,Karolina Pliskova,0.07407407407407407,0.48148148148148145,0.4444444444444444
20210727-W-Tokyo_Olympics-R16-Karolina_Pliskova-Camila_Giorgi,Camila Giorgi,0.46153846153846156,0.2564102564102564,0.28205128205128205
20210727-W-Tokyo_Olympics-R16-Barbora_Krejcikova-Belinda_Bencic,Barbora Krejcikova,0.29545454545454547,0.20454545454545456,0.5
20210727-W-Tokyo_Olympics-R16-Barbora_Krejcikova-Belinda_Bencic,Belinda Bencic,0.5,0.1956521739130435,0.30434782608695654
20210727-W-Olympics-R16-Elina_Svitolina-Maria_Sakkari,Elina Svitolina,0.3103448275862069,0.22413793103448276,0.46551724137931033
20210727-W-Olympics-R16-Elina_Svitolina-Maria_Sakkari,Maria Sakkari,0.375,0.17045454545454544,0.45454545454545453
20210726-W-Tokyo_Olympics-R32-Misaki_Doi-Belinda_Bencic,Misaki Doi,0.3783783783783784,0.24324324324324326,0.3783783783783784
20210726-W-Tokyo_Olympics-R32-Misaki_Doi-Belinda_Bencic,Belinda Bencic,0.4888888888888889,0.28888888888888886,0.2222222222222222
20210726-W-Tokyo_Olympics-R32-Leylah_Fernandez-Barbora_Krejcikova,Leylah Fernandez,0.26666666666666666,0.26666666666666666,0.4666666666666667
20210726-W-Tokyo_Olympics-R32-Leylah_Fernandez-Barbora_Krejcikova,Barbora Krejcikova,0.36363636363636365,0.24242424242424243,0.3939393939393939
20210726-W-Tokyo_Olympics-R32-Elina_Svitolina-Ajla_Tomljanovic,Elina Svitolina,0.3188405797101449,0.2463768115942029,0.42028985507246375
20210726-W-Tokyo_Olympics-R32-Elina_Svitolina-Ajla_Tomljanovic,Ajla Tomljanovic,0.32142857142857145,0.23809523809523808,0.44047619047619047
20210726-W-Olympics-R32-Karolina_Pliskova-Carla_Suarez_Navarro,Karolina Pliskova,0.3235294117647059,0.25,0.4264705882352941
20210726-W-Olympics-R32-Karolina_Pliskova-Carla_Suarez_Navarro,Carla Suarez Navarro,0.3013698630136986,0.1506849315068493,0.547945205479452
20210725-W-Tokyo_Olympics-R64-Garbine_Muguruza-Veronika_Kudermetova,Garbine Muguruza,0.2619047619047619,0.35714285714285715,0.38095238095238093
20210725-W-Tokyo_Olympics-R64-Garbine_Muguruza-Veronika_Kudermetova,Veronika Kudermetova,0.3333333333333333,0.21739130434782608,0.4492753623188406
20210725-W-Tokyo_Olympics-R64-Alize_Cornet-Karolina_Pliskova,Alize Cornet,0.3333333333333333,0.2222222222222222,0.4444444444444444
20210725-W-Tokyo_Olympics-R64-Alize_Cornet-Karolina_Pliskova,Karolina Pliskova,0.3953488372093023,0.37209302325581395,0.23255813953488372
20210725-W-Olympics-R64-Elina_Svitolina-Laura_Siegemund,Elina Svitolina,0.3614457831325301,0.1686746987951807,0.4578313253012048
20210725-W-Olympics-R64-Elina_Svitolina-Laura_Siegemund,Laura Siegemund,0.3723404255319149,0.19148936170212766,0.43617021276595747
20210725-W-Olympics-R64-Carla_Suarez_Navarro-Ons_Jabeur,Carla Suarez Navarro,0.42424242424242425,0.24242424242424243,0.3333333333333333
20210725-W-Olympics-R64-Carla_Suarez_Navarro-Ons_Jabeur,Ons Jabeur,0.3404255319148936,0.10638297872340426,0.5531914893617021
20210724-W-Tokyo_Olympics-R64-Jessica_Pegula-Belinda_Bencic,Jessica Pegula,0.3684210526315789,0.23684210526315788,0.39473684210526316
20210724-W-Tokyo_Olympics-R64-Jessica_Pegula-Belinda_Bencic,Belinda Bencic,0.4186046511627907,0.32558139534883723,0.2558139534883721
20210724-W-Olympics-R64-Marketa_Vondrousova-Kiki_Bertens,Marketa Vondrousova,0.29411764705882354,0.21568627450980393,0.49019607843137253
20210724-W-Olympics-R64-Marketa_Vondrousova-Kiki_Bertens,Kiki Bertens,0.2875,0.225,0.4875
20210723-W-Gdynia-QF-Kristina_Kucova-Ekaterine_Gorgodze,Kristina Kucova,0.4461538461538462,0.16153846153846155,0.3923076923076923
20210723-W-Gdynia-QF-Kristina_Kucova-Ekaterine_Gorgodze,Ekaterine Gorgodze,0.3916083916083916,0.16783216783216784,0.4405594405594406
20210720-W-Gdynia-R32-Weronika_Baszak-Aliaksandra_Sasnovich,Weronika Baszak,0.24324324324324326,0.21621621621621623,0.5405405405405406
20210720-W-Gdynia-R32-Weronika_Baszak-Aliaksandra_Sasnovich,Aliaksandra Sasnovich,0.3888888888888889,0.2222222222222222,0.3888888888888889
20210720-W-Gdynia-R32-Harmony_Tan-Amina_Anshba,Harmony Tan,0.32142857142857145,0.17857142857142858,0.5
20210720-W-Gdynia-R32-Harmony_Tan-Amina_Anshba,Amina Anshba,0.35,0.35,0.3
20210719-W-Gdynia-R32-Kateryna_Bondarenko-Weronika_Falkowska,Kateryna Bondarenko,0.22580645161290322,0.16129032258064516,0.6129032258064516
20210719-W-Gdynia-R32-Kateryna_Bondarenko-Weronika_Falkowska,Weronika Falkowska,0.47058823529411764,0.2647058823529412,0.2647058823529412
20210719-W-Gdynia-R32-Federica_Di_Sarra-Irina_Bara,Federica Di Sarra,0.3416666666666667,0.15,0.5083333333333333
20210719-W-Gdynia-R32-Federica_Di_Sarra-Irina_Bara,Irina Bara,0.3488372093023256,0.16279069767441862,0.4883720930232558
20210718-W-ITF_Telavi-F-Suzan_Lamens-Joanne_Zuger,Suzan Lamens,0.24074074074074073,0.16666666666666666,0.5925925925925926
20210718-W-ITF_Telavi-F-Suzan_Lamens-Joanne_Zuger,Joanne Zuger,0.11290322580645161,0.1774193548387097,0.7096774193548387
20210714-W-Lausanne-R32-Arantxa_Rus-Kamilla_Rakhimova,Arantxa Rus,0.32323232323232326,0.23232323232323232,0.4444444444444444
20210714-W-Lausanne-R32-Arantxa_Rus-Kamilla_Rakhimova,Kamilla Rakhimova,0.22580645161290322,0.3225806451612903,0.45161290322580644
20210713-W-Lausanne-R32-Tess_Sugnaux-Lucia_Bronzetti,Tess Sugnaux,0.16666666666666666,0.16666666666666666,0.6666666666666666
20210713-W-Lausanne-R32-Tess_Sugnaux-Lucia_Bronzetti,Lucia Bronzetti,0.4,0.22857142857142856,0.37142857142857144
20210711-W-ITF_Amstelveen-F-Yana_Morderger-Quirine_Lemoine,Yana Morderger,0.3275862068965517,0.1896551724137931,0.4827586206896552
20210711-W-ITF_Amstelveen-F-Yana_Morderger-Quirine_Lemoine,Quirine Lemoine,0.34328358208955223,0.22388059701492538,0.43283582089552236
20210705-W-Wimbledon-R16-Paula_Badosa-Karolina_Muchova,Paula Badosa,0.2641509433962264,0.2830188679245283,0.4528301886792453
20210705-W-Wimbledon-R16-Paula_Badosa-Karolina_Muchova,Karolina Muchova,0.37037037037037035,0.18518518518518517,0.4444444444444444
20210705-W-Wimbledon-R16-Iga_Swiatek-Ons_Jabeur,Iga Swiatek,0.2857142857142857,0.2222222222222222,0.49206349206349204
20210705-W-Wimbledon-R16-Iga_Swiatek-Ons_Jabeur,Ons Jabeur,0.3103448275862069,0.29310344827586204,0.39655172413793105
20210704-W-ITF_The_Hague-F-Panna_Udvardy-Quirine_Lemoine,Panna Udvardy,0.4406779661016949,0.1694915254237288,0.3898305084745763
20210704-W-ITF_The_Hague-F-Panna_Udvardy-Quirine_Lemoine,Quirine Lemoine,0.3793103448275862,0.2413793103448276,0.3793103448275862
20210702-W-Wimbledon-R32-Sloane_Stephens-Liudmila_Samsonova,Sloane Stephens,0.2222222222222222,0.25,0.5277777777777778
20210702-W-Wimbledon-R32-Sloane_Stephens-Liudmila_Samsonova,Liudmila Samsonova,0.2727272727272727,0.2159090909090909,0.5113636363636364
20210702-W-Wimbledon-R32-Iga_Swiatek-Irina_Camelia_Begu,Iga Swiatek,0.36,0.32,0.32
20210702-W-Wimbledon-R32-Iga_Swiatek-Irina_Camelia_Begu,Irina Camelia Begu,0.20689655172413793,0.10344827586206896,0.6896551724137931
20210701-W-Wimbledon-R64-Angelique_Kerber-Sara_Sorribes_Tormo,Angelique Kerber,0.36666666666666664,0.23333333333333334,0.4
20210701-W-Wimbledon-R64-Angelique_Kerber-Sara_Sorribes_Tormo,Sara Sorribes Tormo,0.35802469135802467,0.25925925925925924,0.38271604938271603
20210701-W-Wimbledon-R64-Andrea_Petkovic-Barbora_Krejcikova,Andrea Petkovic,0.28125,0.15625,0.5625
20210701-W-Wimbledon-R64-Andrea_Petkovic-Barbora_Krejcikova,Barbora Krejcikova,0.32727272727272727,0.21818181818181817,0.43636363636363634
20210630-W-Wimbledon-R64-Jessica_Pegula-Liudmila_Samsonova,Jessica Pegula,0.2916666666666667,0.1875,0.5208333333333334
20210630-W-Wimbledon-R64-Jessica_Pegula-Liudmila_Samsonova,Liudmila Samsonova,0.30851063829787234,0.23404255319148937,0.4574468085106383
20210630-W-Wimbledon-R128-Vitalia_Diatchenko-Emma_Raducanu,Vitalia Diatchenko,0.24731182795698925,0.23655913978494625,0.5161290322580645
20210630-W-Wimbledon-R128-Vitalia_Diatchenko-Emma_Raducanu,Emma Raducanu,0.3611111111111111,0.25,0.3888888888888889
20210630-W-Wimbledon-R128-Leylah_Fernandez-Jelena_Ostapenko,Leylah Fernandez,0.2857142857142857,0.19047619047619047,0.5238095238095238
20210630-W-Wimbledon-R128-Leylah_Fernandez-Jelena_Ostapenko,Jelena Ostapenko,0.26666666666666666,0.4222222222222222,0.28888888888888886
20210630-W-Wimbledon-R128-Bianca_Andreescu-Alize_Cornet,Bianca Andreescu,0.234375,0.234375,0.515625
20210630-W-Wimbledon-R128-Bianca_Andreescu-Alize_Cornet,Alize Cornet,0.3793103448275862,0.3793103448275862,0.2413793103448276
20210629-W-Wimbledon-R128-Svetlana_Kuznetsova-Lesley_Pattinama_Kerkhove,Svetlana Kuznetsova,0.20689655172413793,0.13793103448275862,0.6551724137931034
20210629-W-Wimbledon-R128-Svetlana_Kuznetsova-Lesley_Pattinama_Kerkhove,Lesley Pattinama Kerkhove,0.24444444444444444,0.3111111111111111,0.4444444444444444
20210629-W-Wimbledon-R128-Marta_Kostyuk-Kiki_Bertens,Marta Kostyuk,0.2558139534883721,0.3488372093023256,0.3953488372093023
20210629-W-Wimbledon-R128-Marta_Kostyuk-Kiki_Bertens,Kiki Bertens,0.27419354838709675,0.20967741935483872,0.5161290322580645
20210629-W-Wimbledon-R128-Ashleigh_Barty-Carla_Suarez_Navarro,Ashleigh Barty,0.3472222222222222,0.19444444444444445,0.4583333333333333
20210629-W-Wimbledon-R128-Ashleigh_Barty-Carla_Suarez_Navarro,Carla Suarez Navarro,0.2222222222222222,0.2777777777777778,0.5
20210628-W-Wimbledon-R128-Su_Wei_Hsieh-Iga_Swiatek,Su Wei Hsieh,0.35714285714285715,0.23809523809523808,0.40476190476190477
20210628-W-Wimbledon-R128-Su_Wei_Hsieh-Iga_Swiatek,Iga Swiatek,0.3023255813953488,0.32558139534883723,0.37209302325581395
20210627-W-ITF_Alkmaar-F-Quirine_Lemoine-Julia_Avdeeva,Quirine Lemoine,0.2777777777777778,0.2777777777777778,0.4444444444444444
20210627-W-ITF_Alkmaar-F-Quirine_Lemoine-Julia_Avdeeva,Julia Avdeeva,0.203125,0.140625,0.65625
20210623-W-Eastbourne-R16-Bianca_Andreescu-Anett_Kontaveit,Bianca Andreescu,0.2222222222222222,0.1111111111111111,0.6666666666666666
20210623-W-Eastbourne-R16-Bianca_Andreescu-Anett_Kontaveit,Anett Kontaveit,0.3488372093023256,0.2558139534883721,0.3953488372093023
20210622-W-Eastbourne-R32-Shelby_Rogers-Kiki_Bertens,Shelby Rogers,0.3333333333333333,0.3333333333333333,0.3333333333333333
20210622-W-Eastbourne-R32-Shelby_Rogers-Kiki_Bertens,Kiki Bertens,0.30612244897959184,0.20408163265306123,0.4897959183673469
20210622-W-Eastbourne-R32-Bianca_Andreescu-Christina_Mchale,Bianca Andreescu,0.30666666666666664,0.21333333333333335,0.48
20210622-W-Eastbourne-R32-Bianca_Andreescu-Christina_Mchale,Christina Mchale,0.22,0.22,0.56
20210616-W-Berlin-R16-Alize_Cornet-Bianca_Andreescu,Alize Cornet,0.38,0.26,0.36
20210616-W-Berlin-R16-Alize_Cornet-Bianca_Andreescu,Bianca Andreescu,0.3698630136986301,0.1917808219178082,0.4383561643835616
20210615-W-Berlin-R32-Elena_Rybakina-Shelby_Rogers,Elena Rybakina,0.3333333333333333,0.19444444444444445,0.4722222222222222
20210615-W-Berlin-R32-Elena_Rybakina-Shelby_Rogers,Shelby Rogers,0.3333333333333333,0.28205128205128205,0.38461538461538464
20210612-W-Bol-F-Arantxa_Rus-Jasmine_Paolini,Arantxa Rus,0.23809523809523808,0.19047619047619047,0.5714285714285714
20210612-W-Bol-F-Arantxa_Rus-Jasmine_Paolini,Jasmine Paolini,0.35,0.18333333333333332,0.4666666666666667
20210611-W-Bol-SF-Arantxa_Rus-Irina_Bara,Arantxa Rus,0.3888888888888889,0.19444444444444445,0.4166666666666667
20210611-W-Bol-SF-Arantxa_Rus-Irina_Bara,Irina Bara,0.2702702702702703,0.16216216216216217,0.5675675675675675
20210609-W-Roland_Garros-QF-Coco_Gauff-Barbora_Krejcikova,Coco Gauff,0.3076923076923077,0.23076923076923078,0.46153846153846156
20210609-W-Roland_Garros-QF-Coco_Gauff-Barbora_Krejcikova,Barbora Krejcikova,0.3508771929824561,0.2631578947368421,0.38596491228070173
20210608-W-Roland_Garros-QF-Tamara_Zidansek-Paula_Badosa,Tamara Zidansek,0.4444444444444444,0.13131313131313133,0.42424242424242425
20210608-W-Roland_Garros-QF-Tamara_Zidansek-Paula_Badosa,Paula Badosa,0.29347826086956524,0.30434782608695654,0.40217391304347827
20210608-W-Nottingham-R32-Christina_Mchale-Georgina_Garcia_Perez,Christina Mchale,0.32407407407407407,0.25,0.42592592592592593
20210608-W-Nottingham-R32-Christina_Mchale-Georgina_Garcia_Perez,Georgina Garcia Perez,0.2988505747126437,0.25287356321839083,0.4482758620689655
20210607-W-Roland_Garros-R16-Iga_Swiatek-Marta_Kostyuk,Iga Swiatek,0.3333333333333333,0.2857142857142857,0.38095238095238093
20210607-W-Roland_Garros-R16-Iga_Swiatek-Marta_Kostyuk,Marta Kostyuk,0.35294117647058826,0.1568627450980392,0.49019607843137253
20210607-W-Nottingham-R64-Francesca_Jones-Georgina_Garcia_Perez,Francesca Jones,0.29545454545454547,0.2727272727272727,0.4318181818181818
20210607-W-Nottingham-R64-Francesca_Jones-Georgina_Garcia_Perez,Georgina Garcia Perez,0.15384615384615385,0.3076923076923077,0.5384615384615384
20210607-W-Nottingham-R64-Emma_Raducanu-Harriet_Dart,Emma Raducanu,0.19047619047619047,0.3333333333333333,0.47619047619047616
20210607-W-Nottingham-R64-Emma_Raducanu-Harriet_Dart,Harriet Dart,0.32653061224489793,0.2857142857142857,0.3877551020408163
20210606-W-Roland_Garros-R16-Marketa_Vondrousova-Paula_Badosa,Marketa Vondrousova,0.32432432432432434,0.20270270270270271,0.47297297297297297
20210606-W-Roland_Garros-R16-Marketa_Vondrousova-Paula_Badosa,Paula Badosa,0.43548387096774194,0.16129032258064516,0.4032258064516129
20210604-W-Roland_Garros-R32-Tamara_Zidansek-Katerina_Siniakova,Tamara Zidansek,0.27586206896551724,0.1724137931034483,0.5517241379310345
20210604-W-Roland_Garros-R32-Tamara_Zidansek-Katerina_Siniakova,Katerina Siniakova,0.32558139534883723,0.18604651162790697,0.4883720930232558
20210602-W-Roland_Garros-R64-Veronika_Kudermetova-Katerina_Siniakova,Veronika Kudermetova,0.3017241379310345,0.1896551724137931,0.5086206896551724
20210602-W-Roland_Garros-R64-Veronika_Kudermetova-Katerina_Siniakova,Katerina Siniakova,0.323943661971831,0.15492957746478872,0.5211267605633803
20210602-W-Roland_Garros-R64-Serena_Williams-Mihaela_Buzarnescu,Serena Williams,0.2833333333333333,0.26666666666666666,0.45
20210602-W-Roland_Garros-R64-Serena_Williams-Mihaela_Buzarnescu,Mihaela Buzarnescu,0.36923076923076925,0.15384615384615385,0.47692307692307695
20210601-W-Roland_Garros-R128-Carla_Suarez_Navarro-Sloane_Stephens,Carla Suarez Navarro,0.2328767123287671,0.3561643835616438,0.410958904109589
20210601-W-Roland_Garros-R128-Carla_Suarez_Navarro-Sloane_Stephens,Sloane Stephens,0.2857142857142857,0.20408163265306123,0.5102040816326531
20210531-W-Roland_Garros-R128-Tamara_Zidansek-Bianca_Andreescu,Tamara Zidansek,0.34951456310679613,0.22330097087378642,0.42718446601941745
20210531-W-Roland_Garros-R128-Tamara_Zidansek-Bianca_Andreescu,Bianca Andreescu,0.2905982905982906,0.21367521367521367,0.49572649572649574
20210531-W-Roland_Garros-R128-Shelby_Rogers-Rebecca_Peterson,Shelby Rogers,0.34831460674157305,0.15730337078651685,0.4943820224719101
20210531-W-Roland_Garros-R128-Shelby_Rogers-Rebecca_Peterson,Rebecca Peterson,0.2761904761904762,0.17142857142857143,0.5523809523809524
20210531-W-Roland_Garros-R128-Kiki_Bertens-Polona_Hercog,Kiki Bertens,0.26153846153846155,0.2923076923076923,0.4461538461538462
20210531-W-Roland_Garros-R128-Kiki_Bertens-Polona_Hercog,Polona Hercog,0.3333333333333333,0.2777777777777778,0.3888888888888889
20210531-W-Roland_Garros-R128-Arantxa_Rus-Mihaela_Buzarnescu,Arantxa Rus,0.14754098360655737,0.29508196721311475,0.5573770491803278
20210531-W-Roland_Garros-R128-Arantxa_Rus-Mihaela_Buzarnescu,Mihaela Buzarnescu,0.3114754098360656,0.22950819672131148,0.4426229508196721
20210527-W-Strasbourg-QF-Arantxa_Rus-Jule_Niemeier,Arantxa Rus,0.32142857142857145,0.25,0.42857142857142855
20210527-W-Strasbourg-QF-Arantxa_Rus-Jule_Niemeier,Jule Niemeier,0.5087719298245614,0.15789473684210525,0.3333333333333333
20210526-W-Strasbourg-R16-Arantxa_Rus-Harmony_Tan,Arantxa Rus,0.4583333333333333,0.2916666666666667,0.25
20210526-W-Strasbourg-R16-Arantxa_Rus-Harmony_Tan,Harmony Tan,0.15625,0.28125,0.5625
20210525-W-Strasbourg-R32-Jessica_Pegula-Arantxa_Rus,Jessica Pegula,0.29508196721311475,0.14754098360655737,0.5573770491803278
20210525-W-Strasbourg-R32-Jessica_Pegula-Arantxa_Rus,Arantxa Rus,0.3125,0.28125,0.40625
20210525-W-Strasbourg-R32-Diane_Parry-Jule_Niemeier,Diane Parry,0.2222222222222222,0.17777777777777778,0.6
20210525-W-Strasbourg-R32-Diane_Parry-Jule_Niemeier,Jule Niemeier,0.2682926829268293,0.2682926829268293,0.4634146341463415
20210525-W-Strasbourg-R16-Bianca_Andreescu-Maryna_Zanevska,Bianca Andreescu,0.4594594594594595,0.24324324324324326,0.2972972972972973
20210525-W-Strasbourg-R16-Bianca_Andreescu-Maryna_Zanevska,Maryna Zanevska,0.28125,0.21875,0.5
20210524-W-Strasbourg-R32-Andrea_Lazaro_Garcia-Bianca_Andreescu,Andrea Lazaro Garcia,0.21428571428571427,0.14285714285714285,0.6428571428571429
20210524-W-Strasbourg-R32-Andrea_Lazaro_Garcia-Bianca_Andreescu,Bianca Andreescu,0.40540540540540543,0.21621621621621623,0.3783783783783784
20210522-W-Parma-F-Coco_Gauff-Qiang_Wang,Coco Gauff,0.4117647058823529,0.29411764705882354,0.29411764705882354
20210522-W-Parma-F-Coco_Gauff-Qiang_Wang,Qiang Wang,0.2702702702702703,0.16216216216216217,0.5675675675675675
20210521-W-Belgrade-QF-Camila_Osorio-Aliaksandra_Sasnovich,Camila Osorio,0.2972972972972973,0.2972972972972973,0.40540540540540543
20210521-W-Belgrade-QF-Camila_Osorio-Aliaksandra_Sasnovich,Aliaksandra Sasnovich,0.25,0.15789473684210525,0.5921052631578947
20210516-W-Rome-F-Iga_Swiatek-Karolina_Pliskova,Iga Swiatek,0.5517241379310345,0.3103448275862069,0.13793103448275862
20210516-W-Rome-F-Iga_Swiatek-Karolina_Pliskova,Karolina Pliskova,0.2,0.15,0.65
20210516-W-ITF_La_Bisbal-F-Arantxa_Rus-Irina_Khromacheva,Arantxa Rus,0.3717948717948718,0.19230769230769232,0.4358974358974359
20210516-W-ITF_La_Bisbal-F-Arantxa_Rus-Irina_Khromacheva,Irina Khromacheva,0.3300970873786408,0.2621359223300971,0.4077669902912621
20210513-W-Rome-R32-Iga_Swiatek-Madison_Keys,Iga Swiatek,0.25,0.2777777777777778,0.4722222222222222
20210513-W-Rome-R32-Iga_Swiatek-Madison_Keys,Madison Keys,0.21568627450980393,0.0784313725490196,0.7058823529411765
20210513-W-Rome-R16-Iga_Swiatek-Barbora_Krejcikova,Iga Swiatek,0.371900826446281,0.15702479338842976,0.47107438016528924
20210513-W-Rome-R16-Iga_Swiatek-Barbora_Krejcikova,Barbora Krejcikova,0.2916666666666667,0.2222222222222222,0.4861111111111111
20210512-W-Rome-R32-Naomi_Osaka-Jessica_Pegula,Naomi Osaka,0.27419354838709675,0.1935483870967742,0.532258064516129
20210512-W-Rome-R32-Naomi_Osaka-Jessica_Pegula,Jessica Pegula,0.3877551020408163,0.24489795918367346,0.3673469387755102
20210512-W-ITF_La_Bisbal-R32-Victoria_Jimenez_Kasintseva-Stefanie_Voegele,Victoria Jimenez Kasintseva,0.3619047619047619,0.1523809523809524,0.47619047619047616
20210512-W-ITF_La_Bisbal-R32-Victoria_Jimenez_Kasintseva-Stefanie_Voegele,Stefanie Voegele,0.26865671641791045,0.1791044776119403,0.5522388059701493
20210511-W-La_Bisbal_dEmporda-R32-Olga_Danilovic-Guiomar_Maristany_Zuleta_De_Reales,Olga Danilovic,0.375,0.22916666666666666,0.3958333333333333
20210511-W-La_Bisbal_dEmporda-R32-Olga_Danilovic-Guiomar_Maristany_Zuleta_De_Reales,Guiomar Maristany Zuleta De Reales,0.25806451612903225,0.16129032258064516,0.5806451612903226
20210510-W-Rome-R64-Camila_Giorgi-Sara_Sorribes_Tormo,Camila Giorgi,0.34523809523809523,0.19047619047619047,0.4583333333333333
20210510-W-Rome-R64-Camila_Giorgi-Sara_Sorribes_Tormo,Sara Sorribes Tormo,0.3064516129032258,0.27419354838709675,0.41935483870967744
20210505-W-Madrid-QF-Belinda_Bencic-Paula_Badosa,Belinda Bencic,0.36764705882352944,0.17647058823529413,0.45588235294117646
20210505-W-Madrid-QF-Belinda_Bencic-Paula_Badosa,Paula Badosa,0.40476190476190477,0.21428571428571427,0.38095238095238093
20210505-W-Madrid-QF-Ashleigh_Barty-Petra_Kvitova,Ashleigh Barty,0.2647058823529412,0.2647058823529412,0.47058823529411764
20210505-W-Madrid-QF-Ashleigh_Barty-Petra_Kvitova,Petra Kvitova,0.27380952380952384,0.20238095238095238,0.5238095238095238
20210504-W-Madrid-R16-Maria_Sakkari-Karolina_Muchova,Maria Sakkari,0.23232323232323232,0.1919191919191919,0.5656565656565656
20210504-W-Madrid-R16-Maria_Sakkari-Karolina_Muchova,Karolina Muchova,0.25,0.25,0.5
20210504-W-Madrid-R16-Elise_Mertens-Simona_Halep,Elise Mertens,0.31746031746031744,0.20634920634920634,0.47619047619047616
20210504-W-Madrid-R16-Elise_Mertens-Simona_Halep,Simona Halep,0.37735849056603776,0.1509433962264151,0.4716981132075472
20210503-W-Madrid-R16-Paula_Badosa-Anastasija_Sevastova,Paula Badosa,0.3838383838383838,0.23232323232323232,0.3838383838383838
20210503-W-Madrid-R16-Paula_Badosa-Anastasija_Sevastova,Anastasija Sevastova,0.33695652173913043,0.22826086956521738,0.43478260869565216
20210503-W-Madrid-R16-Iga_Swiatek-Ashleigh_Barty,Iga Swiatek,0.37735849056603776,0.11320754716981132,0.5094339622641509
20210503-W-Madrid-R16-Iga_Swiatek-Ashleigh_Barty,Ashleigh Barty,0.2727272727272727,0.20454545454545456,0.5227272727272727
20210502-W-Madrid-R32-Naomi_Osaka-Karolina_Muchova,Naomi Osaka,0.38181818181818183,0.16363636363636364,0.45454545454545453
20210502-W-Madrid-R32-Naomi_Osaka-Karolina_Muchova,Karolina Muchova,0.3870967741935484,0.24193548387096775,0.3709677419354839
20210502-W-Madrid-R32-Jennifer_Brady-Jelena_Ostapenko,Jennifer Brady,0.5,0.13636363636363635,0.36363636363636365
20210502-W-Madrid-R32-Jennifer_Brady-Jelena_Ostapenko,Jelena Ostapenko,0.36,0.16,0.48
20210501-W-Madrid-R32-Veronika_Kudermetova-Kiki_Bertens,Veronika Kudermetova,0.43478260869565216,0.1956521739130435,0.3695652173913043
20210501-W-Madrid-R32-Veronika_Kudermetova-Kiki_Bertens,Kiki Bertens,0.3142857142857143,0.2,0.4857142857142857
20210430-W-Madrid-R64-Sara_Sorribes_Tormo-Simona_Halep,Sara Sorribes Tormo,0.16216216216216217,0.1891891891891892,0.6486486486486487
20210430-W-Madrid-R64-Sara_Sorribes_Tormo-Simona_Halep,Simona Halep,0.375,0.21428571428571427,0.4107142857142857
20210430-W-Madrid-R64-Misaki_Doi-Naomi_Osaka,Misaki Doi,0.3191489361702128,0.14893617021276595,0.5319148936170213
20210430-W-Madrid-R64-Misaki_Doi-Naomi_Osaka,Naomi Osaka,0.3275862068965517,0.2413793103448276,0.43103448275862066
20210430-W-Madrid-R64-Karolina_Pliskova-Coco_Gauff,Karolina Pliskova,0.3870967741935484,0.11290322580645161,0.5
20210430-W-Madrid-R64-Karolina_Pliskova-Coco_Gauff,Coco Gauff,0.2807017543859649,0.22807017543859648,0.49122807017543857
20210429-W-Madrid-R64-Kiki_Bertens-Victoria_Jimenez_Kasintseva,Kiki Bertens,0.2727272727272727,0.36363636363636365,0.36363636363636365
20210429-W-Madrid-R64-Kiki_Bertens-Victoria_Jimenez_Kasintseva,Victoria Jimenez Kasintseva,0.14814814814814814,0.18518518518518517,0.6296296296296297
20210429-W-Madrid-R64-Iga_Swiatek-Alison_Riske_Amritraj,Iga Swiatek,0.4782608695652174,0.10869565217391304,0.41304347826086957
20210429-W-Madrid-R64-Iga_Swiatek-Alison_Riske_Amritraj,Alison Riske Amritraj,0.2222222222222222,0.07407407407407407,0.7037037037037037
20210429-W-Madrid-R64-Elina_Svitolina-Jil_Teichmann,Elina Svitolina,0.28205128205128205,0.20512820512820512,0.5128205128205128
20210429-W-Madrid-R64-Elina_Svitolina-Jil_Teichmann,Jil Teichmann,0.4,0.1391304347826087,0.4608695652173913
20210425-W-Istanbul-F-Sorana_Cirstea-Elise_Mertens,Sorana Cirstea,0.42857142857142855,0.12857142857142856,0.44285714285714284
20210425-W-Istanbul-F-Sorana_Cirstea-Elise_Mertens,Elise Mertens,0.18181818181818182,0.18181818181818182,0.6363636363636364
20210423-W-Stuttgart-QF-Karolina_Pliskova-Ashleigh_Barty,Karolina Pliskova,0.16129032258064516,0.25806451612903225,0.5806451612903226
20210423-W-Stuttgart-QF-Karolina_Pliskova-Ashleigh_Barty,Ashleigh Barty,0.3220338983050847,0.2542372881355932,0.423728813559322
20210423-W-Stuttgart-QF-Elina_Svitolina-Petra_Kvitova,Elina Svitolina,0.29411764705882354,0.36764705882352944,0.3382352941176471
20210423-W-Stuttgart-QF-Elina_Svitolina-Petra_Kvitova,Petra Kvitova,0.3125,0.25892857142857145,0.42857142857142855
20210421-W-Stuttgart-R16-Petra_Kvitova-Maria_Sakkari,Petra Kvitova,0.3508771929824561,0.21052631578947367,0.4298245614035088
20210421-W-Stuttgart-R16-Petra_Kvitova-Maria_Sakkari,Maria Sakkari,0.2765957446808511,0.19148936170212766,0.5319148936170213
20210421-W-Stuttgart-R16-Ashleigh_Barty-Laura_Siegemund,Ashleigh Barty,0.2765957446808511,0.3191489361702128,0.40425531914893614
20210421-W-Stuttgart-R16-Ashleigh_Barty-Laura_Siegemund,Laura Siegemund,0.325,0.075,0.6
20210420-W-Stuttgart-R32-Julia_Middendorf-Anett_Kontaveit,Julia Middendorf,0.3191489361702128,0.19148936170212766,0.48936170212765956
20210420-W-Stuttgart-R32-Julia_Middendorf-Anett_Kontaveit,Anett Kontaveit,0.2765957446808511,0.3191489361702128,0.40425531914893614
20210420-W-Stuttgart-R32-Anna_Lena_Friedsam-Ulrikke_Eikeri,Anna Lena Friedsam,0.4393939393939394,0.18181818181818182,0.3787878787878788
20210420-W-Stuttgart-R32-Anna_Lena_Friedsam-Ulrikke_Eikeri,Ulrikke Eikeri,0.17857142857142858,0.10714285714285714,0.7142857142857143
20210419-W-Stuttgart-R32-Nastasja_Schunk-Belinda_Bencic,Nastasja Schunk,0.3404255319148936,0.0851063829787234,0.574468085106383
20210419-W-Stuttgart-R32-Nastasja_Schunk-Belinda_Bencic,Belinda Bencic,0.3333333333333333,0.26666666666666666,0.4
20210419-W-Stuttgart-R32-Andrea_Petkovic-Maria_Sakkari,Andrea Petkovic,0.20689655172413793,0.1724137931034483,0.6206896551724138
20210419-W-Stuttgart-R32-Andrea_Petkovic-Maria_Sakkari,Maria Sakkari,0.48717948717948717,0.1794871794871795,0.3333333333333333
20210419-W-Istanbul-R32-Sara_Errani-Ana_Konjuh,Sara Errani,0.2857142857142857,0.22857142857142856,0.4857142857142857
20210419-W-Istanbul-R32-Sara_Errani-Ana_Konjuh,Ana Konjuh,0.3655913978494624,0.20430107526881722,0.43010752688172044
20210418-W-Charleston_2-F-Astra_Sharma-Ons_Jabeur,Astra Sharma,0.25925925925925924,0.2962962962962963,0.4444444444444444
20210418-W-Charleston_2-F-Astra_Sharma-Ons_Jabeur,Ons Jabeur,0.36363636363636365,0.16883116883116883,0.4675324675324675
20210417-W-BJK_Cup-RR-Xiyu_Wang-Lesley_Pattinama_Kerkhove,Xiyu Wang,0.32786885245901637,0.19672131147540983,0.47540983606557374
20210417-W-BJK_Cup-RR-Xiyu_Wang-Lesley_Pattinama_Kerkhove,Lesley Pattinama Kerkhove,0.3,0.21666666666666667,0.48333333333333334
20210417-W-BJK_Cup-RR-Magdalena_Frech-Laura_Pigossi,Magdalena Frech,0.34782608695652173,0.17391304347826086,0.4782608695652174
20210417-W-BJK_Cup-RR-Magdalena_Frech-Laura_Pigossi,Laura Pigossi,0.25773195876288657,0.25773195876288657,0.4845360824742268
20210417-W-BJK_Cup-RR-Arantxa_Rus-Xin_Yu_Wang,Arantxa Rus,0.4090909090909091,0.20454545454545456,0.38636363636363635
20210417-W-BJK_Cup-RR-Arantxa_Rus-Xin_Yu_Wang,Xin Yu Wang,0.3728813559322034,0.23728813559322035,0.3898305084745763
20210416-W-Charleston_2-QF-Camila_Osorio-Clara_Tauson,Camila Osorio,0.3,0.3333333333333333,0.36666666666666664
20210416-W-Charleston_2-QF-Camila_Osorio-Clara_Tauson,Clara Tauson,0.34782608695652173,0.17391304347826086,0.4782608695652174
20210416-W-BJK_Cup-RR-Xiyu_Wang-Arantxa_Rus,Xiyu Wang,0.37209302325581395,0.22093023255813954,0.4069767441860465
20210416-W-BJK_Cup-RR-Xiyu_Wang-Arantxa_Rus,Arantxa Rus,0.3076923076923077,0.25,0.4423076923076923
20210416-W-BJK_Cup-RR-Xin_Yu_Wang-Kiki_Bertens,Xin Yu Wang,0.175,0.25,0.575
20210416-W-BJK_Cup-RR-Xin_Yu_Wang-Kiki_Bertens,Kiki Bertens,0.2702702702702703,0.35135135135135137,0.3783783783783784
20210416-W-BJK_Cup-RR-Elena_Rybakina-Maria_Lourdes_Carle,Elena Rybakina,0.2247191011235955,0.2696629213483146,0.5056179775280899
20210416-W-BJK_Cup-RR-Elena_Rybakina-Maria_Lourdes_Carle,Maria Lourdes Carle,0.3695652173913043,0.21739130434782608,0.41304347826086957
20210412-W-Charleston-R32-Misaki_Doi-Nao_Hibino,Misaki Doi,0.2672413793103448,0.19827586206896552,0.5344827586206896
20210412-W-Charleston-R32-Misaki_Doi-Nao_Hibino,Nao Hibino,0.27927927927927926,0.1981981981981982,0.5225225225225225
20210410-W-Bogota-SF-Harmony_Tan-Camila_Osorio,Harmony Tan,0.23404255319148937,0.2127659574468085,0.5531914893617021
20210410-W-Bogota-SF-Harmony_Tan-Camila_Osorio,Camila Osorio,0.29411764705882354,0.3333333333333333,0.37254901960784315
20210408-W-Bogota-R16-Camila_Osorio-Tereza_Martincova,Camila Osorio,0.3018867924528302,0.18867924528301888,0.5094339622641509
20210408-W-Bogota-R16-Camila_Osorio-Tereza_Martincova,Tereza Martincova,0.14864864864864866,0.24324324324324326,0.6081081081081081
20210407-W-Bogota-R16-Arantxa_Rus-Nuria_Parrizas_Diaz,Arantxa Rus,0.15853658536585366,0.18292682926829268,0.6585365853658537
20210407-W-Bogota-R16-Arantxa_Rus-Nuria_Parrizas_Diaz,Nuria Parrizas Diaz,0.08823529411764706,0.17647058823529413,0.7352941176470589
20210406-W-Bogota-R32-Sara_Errani-Sara_Sorribes_Tormo,Sara Errani,0.22413793103448276,0.25862068965517243,0.5172413793103449
20210406-W-Bogota-R32-Sara_Errani-Sara_Sorribes_Tormo,Sara Sorribes Tormo,0.25,0.13333333333333333,0.6166666666666667
20210406-W-Bogota-R32-Arantxa_Rus-Irina_Bara,Arantxa Rus,0.17647058823529413,0.24705882352941178,0.5764705882352941
20210406-W-Bogota-R32-Arantxa_Rus-Irina_Bara,Irina Bara,0.07462686567164178,0.2537313432835821,0.6716417910447762
20210403-W-Miami-F-Ashleigh_Barty-Bianca_Andreescu,Ashleigh Barty,0.39473684210526316,0.21052631578947367,0.39473684210526316
20210403-W-Miami-F-Ashleigh_Barty-Bianca_Andreescu,Bianca Andreescu,0.23076923076923078,0.11538461538461539,0.6538461538461539
20210401-W-Miami-SF-Elina_Svitolina-Ashleigh_Barty,Elina Svitolina,0.1875,0.22916666666666666,0.5833333333333334
20210401-W-Miami-SF-Elina_Svitolina-Ashleigh_Barty,Ashleigh Barty,0.3559322033898305,0.2033898305084746,0.4406779661016949
20210401-W-Miami-SF-Bianca_Andreescu-Maria_Sakkari,Bianca Andreescu,0.22988505747126436,0.28735632183908044,0.4827586206896552
20210401-W-Miami-SF-Bianca_Andreescu-Maria_Sakkari,Maria Sakkari,0.2413793103448276,0.2413793103448276,0.5172413793103449
20210331-W-Miami-QF-Naomi_Osaka-Maria_Sakkari,Naomi Osaka,0.08571428571428572,0.22857142857142856,0.6857142857142857
20210331-W-Miami-QF-Naomi_Osaka-Maria_Sakkari,Maria Sakkari,0.4444444444444444,0.15555555555555556,0.4
20210331-W-Miami-QF-Bianca_Andreescu-Sara_Sorribes_Tormo,Bianca Andreescu,0.36036036036036034,0.24324324324324326,0.3963963963963964
20210331-W-Miami-QF-Bianca_Andreescu-Sara_Sorribes_Tormo,Sara Sorribes Tormo,0.3541666666666667,0.3125,0.3333333333333333
20210329-W-Miami-R16-Naomi_Osaka-Elise_Mertens,Naomi Osaka,0.4230769230769231,0.1346153846153846,0.4423076923076923
20210329-W-Miami-R16-Naomi_Osaka-Elise_Mertens,Elise Mertens,0.3902439024390244,0.14634146341463414,0.4634146341463415
20210329-W-Miami-R16-Jessica_Pegula-Maria_Sakkari,Jessica Pegula,0.2619047619047619,0.3333333333333333,0.40476190476190477
20210329-W-Miami-R16-Jessica_Pegula-Maria_Sakkari,Maria Sakkari,0.3883495145631068,0.1941747572815534,0.4174757281553398
20210329-W-Miami-R16-Garbine_Muguruza-Bianca_Andreescu,Garbine Muguruza,0.2692307692307692,0.2948717948717949,0.4358974358974359
20210329-W-Miami-R16-Garbine_Muguruza-Bianca_Andreescu,Bianca Andreescu,0.484375,0.171875,0.34375
20210329-W-Miami-R16-Ashleigh_Barty-Victoria_Azarenka,Ashleigh Barty,0.25806451612903225,0.27419354838709675,0.46774193548387094
20210329-W-Miami-R16-Ashleigh_Barty-Victoria_Azarenka,Victoria Azarenka,0.30303030303030304,0.2727272727272727,0.42424242424242425
20210328-W-Miami-R32-Amanda_Anisimova-Bianca_Andreescu,Amanda Anisimova,0.30851063829787234,0.2127659574468085,0.4787234042553192
20210328-W-Miami-R32-Amanda_Anisimova-Bianca_Andreescu,Bianca Andreescu,0.25757575757575757,0.24242424242424243,0.5
20210326-W-Miami-R64-Xin_Yu_Wang-Garbine_Muguruza,Xin Yu Wang,0.25,0.19444444444444445,0.5555555555555556
20210326-W-Miami-R64-Xin_Yu_Wang-Garbine_Muguruza,Garbine Muguruza,0.28125,0.40625,0.3125
20210326-W-Miami-R64-Tereza_Martincova-Bianca_Andreescu,Tereza Martincova,0.2,0.2222222222222222,0.5777777777777777
20210326-W-Miami-R64-Tereza_Martincova-Bianca_Andreescu,Bianca Andreescu,0.345679012345679,0.2222222222222222,0.43209876543209874
20210326-W-Miami-R64-Paula_Badosa-Ons_Jabeur,Paula Badosa,0.31746031746031744,0.30158730158730157,0.38095238095238093
20210326-W-Miami-R64-Paula_Badosa-Ons_Jabeur,Ons Jabeur,0.36036036036036034,0.1981981981981982,0.44144144144144143
20210326-W-Miami-R64-Liudmila_Samsonova-Kiki_Bertens,Liudmila Samsonova,0.42857142857142855,0.21428571428571427,0.35714285714285715
20210326-W-Miami-R64-Liudmila_Samsonova-Kiki_Bertens,Kiki Bertens,0.14285714285714285,0.047619047619047616,0.8095238095238095
20210324-W-Miami-R128-Katerina_Siniakova-Ana_Konjuh,Katerina Siniakova,0.39285714285714285,0.26785714285714285,0.3392857142857143
20210324-W-Miami-R128-Katerina_Siniakova-Ana_Konjuh,Ana Konjuh,0.4507042253521127,0.15492957746478872,0.39436619718309857
20210323-W-Miami-R128-Arantxa_Rus-Marie_Bouzkova,Arantxa Rus,0.4318181818181818,0.20454545454545456,0.36363636363636365
20210323-W-Miami-R128-Arantxa_Rus-Marie_Bouzkova,Marie Bouzkova,0.26666666666666666,0.15555555555555556,0.5777777777777777
20210321-W-Monterrey-F-Leylah_Fernandez-Viktorija_Golubic,Leylah Fernandez,0.35294117647058826,0.23529411764705882,0.4117647058823529
20210321-W-Monterrey-F-Leylah_Fernandez-Viktorija_Golubic,Viktorija Golubic,0.25925925925925924,0.2222222222222222,0.5185185185185185
20210318-W-Monterrey-R16-Lauren_Davis-Viktorija_Golubic,Lauren Davis,0.23076923076923078,0.15384615384615385,0.6153846153846154
20210318-W-Monterrey-R16-Lauren_Davis-Viktorija_Golubic,Viktorija Golubic,0.42857142857142855,0.2,0.37142857142857144
20210317-W-St_Petersburg-R16-Jaqueline_Cristian-Jelena_Ostapenko,Jaqueline Cristian,0.3191489361702128,0.2765957446808511,0.40425531914893614
20210317-W-St_Petersburg-R16-Jaqueline_Cristian-Jelena_Ostapenko,Jelena Ostapenko,0.2247191011235955,0.2696629213483146,0.5056179775280899
20210316-W-Monterrey-R32-Kaja_Juvan-Camila_Osorio,Kaja Juvan,0.3269230769230769,0.21153846153846154,0.46153846153846156
20210316-W-Monterrey-R32-Kaja_Juvan-Camila_Osorio,Camila Osorio,0.25806451612903225,0.25806451612903225,0.4838709677419355
20210315-W-Monterrey-R32-Ann_Li-Arantxa_Rus,Ann Li,0.32608695652173914,0.1956521739130435,0.4782608695652174
20210315-W-Monterrey-R32-Ann_Li-Arantxa_Rus,Arantxa Rus,0.08108108108108109,0.32432432432432434,0.5945945945945946
20210313-W-Guadalajara-F-Eugenie_Bouchard-Sara_Sorribes_Tormo,Eugenie Bouchard,0.20224719101123595,0.2696629213483146,0.5280898876404494
20210313-W-Guadalajara-F-Eugenie_Bouchard-Sara_Sorribes_Tormo,Sara Sorribes Tormo,0.14705882352941177,0.35294117647058826,0.5
20210312-W-Guadalajara-SF-Sara_Sorribes_Tormo-Marie_Bouzkova,Sara Sorribes Tormo,0.14705882352941177,0.3235294117647059,0.5294117647058824
20210312-W-Guadalajara-SF-Sara_Sorribes_Tormo-Marie_Bouzkova,Marie Bouzkova,0.2708333333333333,0.1875,0.5416666666666666
20210312-W-Dubai-SF-Jil_Teichmann-Barbora_Krejcikova,Jil Teichmann,0.14583333333333334,0.16666666666666666,0.6875
20210312-W-Dubai-SF-Jil_Teichmann-Barbora_Krejcikova,Barbora Krejcikova,0.2463768115942029,0.21739130434782608,0.5362318840579711
20210309-W-Guadalajara-R32-Nadia_Podoroska-Giuliana_Olmos,Nadia Podoroska,0.26732673267326734,0.15841584158415842,0.5742574257425742
20210309-W-Guadalajara-R32-Nadia_Podoroska-Giuliana_Olmos,Giuliana Olmos,0.14035087719298245,0.21052631578947367,0.6491228070175439
20210309-W-Dubai-R32-Tereza_Martincova-Kiki_Bertens,Tereza Martincova,0.2972972972972973,0.24324324324324326,0.4594594594594595
20210309-W-Dubai-R32-Tereza_Martincova-Kiki_Bertens,Kiki Bertens,0.23728813559322035,0.15254237288135594,0.6101694915254238
20210308-W-Guadalajara-R32-Marie_Bouzkova-Irina_Bara,Marie Bouzkova,0.26785714285714285,0.26785714285714285,0.4642857142857143
20210308-W-Guadalajara-R32-Marie_Bouzkova-Irina_Bara,Irina Bara,0.25,0.21875,0.53125
20210307-W-Lyon-F-Clara_Tauson-Viktorija_Golubic,Clara Tauson,0.39436619718309857,0.28169014084507044,0.323943661971831
20210307-W-Lyon-F-Clara_Tauson-Viktorija_Golubic,Viktorija Golubic,0.24390243902439024,0.3170731707317073,0.43902439024390244
20210304-W-Lyon-R16-Arantxa_Rus-Greet_Minnen,Arantxa Rus,0.24561403508771928,0.2807017543859649,0.47368421052631576
20210304-W-Lyon-R16-Arantxa_Rus-Greet_Minnen,Greet Minnen,0.20253164556962025,0.34177215189873417,0.45569620253164556
20210303-W-Doha-R16-Elina_Svitolina-Misaki_Doi,Elina Svitolina,0.5555555555555556,0.15555555555555556,0.28888888888888886
20210303-W-Doha-R16-Elina_Svitolina-Misaki_Doi,Misaki Doi,0.3333333333333333,0.18181818181818182,0.48484848484848486
20210301-W-Lyon-R32-Arantxa_Rus-Xiyu_Wang,Arantxa Rus,0.16216216216216217,0.3783783783783784,0.4594594594594595
20210301-W-Lyon-R32-Arantxa_Rus-Xiyu_Wang,Xiyu Wang,0.15625,0.3229166666666667,0.5208333333333334
20210301-W-Doha-R32-Jelena_Ostapenko-Kiki_Bertens,Jelena Ostapenko,0.5098039215686274,0.13725490196078433,0.35294117647058826
20210301-W-Doha-R32-Jelena_Ostapenko-Kiki_Bertens,Kiki Bertens,0.125,0.16666666666666666,0.7083333333333334
20210301-W-Doha-R32-Anett_Kontaveit-Jennifer_Brady,Anett Kontaveit,0.5769230769230769,0.19230769230769232,0.23076923076923078
20210301-W-Doha-R32-Anett_Kontaveit-Jennifer_Brady,Jennifer Brady,0.28205128205128205,0.20512820512820512,0.5128205128205128
20210227-W-Adelaide-F-Iga_Swiatek-Belinda_Bencic,Iga Swiatek,0.5,0.19444444444444445,0.3055555555555556
20210227-W-Adelaide-F-Iga_Swiatek-Belinda_Bencic,Belinda Bencic,0.17391304347826086,0.2608695652173913,0.5652173913043478
20210226-W-Adelaide-SF-Iga_Swiatek-Jil_Teichmann,Iga Swiatek,0.42105263157894735,0.21052631578947367,0.3684210526315789
20210226-W-Adelaide-SF-Iga_Swiatek-Jil_Teichmann,Jil Teichmann,0.30952380952380953,0.14285714285714285,0.5476190476190477
20210225-W-Adelaide-QF-Jil_Teichmann-Anastasija_Sevastova,Jil Teichmann,0.30927835051546393,0.16494845360824742,0.5257731958762887
20210225-W-Adelaide-QF-Jil_Teichmann-Anastasija_Sevastova,Anastasija Sevastova,0.1827956989247312,0.25806451612903225,0.5591397849462365
20210221-W-ITF_Potchefstroom-F-Carol_Zhao-Nuria_Parrizas_Diaz,Carol Zhao,0.19047619047619047,0.0,0.8095238095238095
20210221-W-ITF_Potchefstroom-F-Carol_Zhao-Nuria_Parrizas_Diaz,Nuria Parrizas Diaz,0.39622641509433965,0.018867924528301886,0.5660377358490566
20210220-W-ITF_Potchefstroom-SF-Nuria_Parrizas_Diaz-Kathinka_Von_Deichmann,Nuria Parrizas Diaz,0.4074074074074074,0.18518518518518517,0.4074074074074074
20210220-W-ITF_Potchefstroom-SF-Nuria_Parrizas_Diaz-Kathinka_Von_Deichmann,Kathinka Von Deichmann,0.3333333333333333,0.2,0.4666666666666667
20210220-W-Australian_Open-F-Naomi_Osaka-Jennifer_Brady,Naomi Osaka,0.1836734693877551,0.2857142857142857,0.5306122448979592
20210220-W-Australian_Open-F-Naomi_Osaka-Jennifer_Brady,Jennifer Brady,0.2558139534883721,0.09302325581395349,0.6511627906976745
20210219-W-Phillip_Island_Trophy-F-Marie_Bouzkova-Daria_Kasatkina,Marie Bouzkova,0.42857142857142855,0.15714285714285714,0.4142857142857143
20210219-W-Phillip_Island_Trophy-F-Marie_Bouzkova-Daria_Kasatkina,Daria Kasatkina,0.5555555555555556,0.14814814814814814,0.2962962962962963
20210218-W-Phillip_Island_Trophy-SF-Marie_Bouzkova-Bianca_Andreescu,Marie Bouzkova,0.24096385542168675,0.3614457831325301,0.39759036144578314
20210218-W-Phillip_Island_Trophy-SF-Marie_Bouzkova-Bianca_Andreescu,Bianca Andreescu,0.34234234234234234,0.2072072072072072,0.45045045045045046
20210218-W-Australian_Open-SF-Naomi_Osaka-Serena_Williams,Naomi Osaka,0.39473684210526316,0.21052631578947367,0.39473684210526316
20210218-W-Australian_Open-SF-Naomi_Osaka-Serena_Williams,Serena Williams,0.19444444444444445,0.19444444444444445,0.6111111111111112
20210218-W-Australian_Open-SF-Jennifer_Brady-Karolina_Muchova,Jennifer Brady,0.1896551724137931,0.20689655172413793,0.603448275862069
20210218-W-Australian_Open-SF-Jennifer_Brady-Karolina_Muchova,Karolina Muchova,0.2676056338028169,0.2535211267605634,0.4788732394366197
20210217-W-Phillip_Island_Trophy-QF-Irina_Camelia_Begu-Bianca_Andreescu,Irina Camelia Begu,0.23529411764705882,0.2,0.5647058823529412
20210217-W-Phillip_Island_Trophy-QF-Irina_Camelia_Begu-Bianca_Andreescu,Bianca Andreescu,0.21428571428571427,0.25,0.5357142857142857
20210217-W-Australian_Open-QF-Jennifer_Brady-Jessica_Pegula,Jennifer Brady,0.23404255319148937,0.5106382978723404,0.2553191489361702
20210217-W-Australian_Open-QF-Jennifer_Brady-Jessica_Pegula,Jessica Pegula,0.24074074074074073,0.4444444444444444,0.3148148148148148
20210217-W-Australian_Open-QF-Ashleigh_Barty-Karolina_Muchova,Ashleigh Barty,0.22413793103448276,0.25862068965517243,0.5172413793103449
20210217-W-Australian_Open-QF-Ashleigh_Barty-Karolina_Muchova,Karolina Muchova,0.19402985074626866,0.3582089552238806,0.44776119402985076
20210216-W-Phillip_Island_Trophy-R16-Zarina_Diyas-Bianca_Andreescu,Zarina Diyas,0.0,0.0625,0.9375
20210216-W-Phillip_Island_Trophy-R16-Zarina_Diyas-Bianca_Andreescu,Bianca Andreescu,0.35294117647058826,0.23529411764705882,0.4117647058823529
20210215-W-Phillip_Island_Trophy-R32-Madison_Brengle-Bianca_Andreescu,Madison Brengle,0.32653061224489793,0.2857142857142857,0.3877551020408163
20210215-W-Phillip_Island_Trophy-R32-Madison_Brengle-Bianca_Andreescu,Bianca Andreescu,0.32413793103448274,0.23448275862068965,0.4413793103448276
20210214-W-Australian_Open-R16-Karolina_Muchova-Elise_Mertens,Karolina Muchova,0.328125,0.171875,0.5
20210214-W-Australian_Open-R16-Karolina_Muchova-Elise_Mertens,Elise Mertens,0.21818181818181817,0.2,0.5818181818181818
20210213-W-Australian_Open-R32-Karolina_Pliskova-Karolina_Muchova,Karolina Pliskova,0.27419354838709675,0.3064516129032258,0.41935483870967744
20210213-W-Australian_Open-R32-Karolina_Pliskova-Karolina_Muchova,Karolina Muchova,0.2923076923076923,0.24615384615384617,0.46153846153846156
20210211-W-Australian_Open-R64-Samantha_Stosur-Jessica_Pegula,Samantha Stosur,0.28,0.16,0.56
20210211-W-Australian_Open-R64-Samantha_Stosur-Jessica_Pegula,Jessica Pegula,0.4411764705882353,0.38235294117647056,0.17647058823529413
20210211-W-Australian_Open-R64-Elina_Svitolina-Coco_Gauff,Elina Svitolina,0.3023255813953488,0.3953488372093023,0.3023255813953488
20210211-W-Australian_Open-R64-Elina_Svitolina-Coco_Gauff,Coco Gauff,0.32,0.32,0.36
20210211-W-Australian_Open-R32-Naomi_Osaka-Ons_Jabeur,Naomi Osaka,0.3404255319148936,0.2765957446808511,0.3829787234042553
20210211-W-Australian_Open-R32-Naomi_Osaka-Ons_Jabeur,Ons Jabeur,0.2619047619047619,0.2619047619047619,0.47619047619047616
20210211-W-Australian_Open-R32-Anastasia_Potapova-Serena_Williams,Anastasia Potapova,0.35714285714285715,0.14285714285714285,0.5
20210211-W-Australian_Open-R32-Anastasia_Potapova-Serena_Williams,Serena Williams,0.21739130434782608,0.2608695652173913,0.5217391304347826
20210210-W-Australian_Open-R64-Rebecca_Marino-Marketa_Vondrousova,Rebecca Marino,0.2542372881355932,0.1864406779661017,0.559322033898305
20210210-W-Australian_Open-R64-Rebecca_Marino-Marketa_Vondrousova,Marketa Vondrousova,0.27906976744186046,0.3953488372093023,0.32558139534883723
20210210-W-Australian_Open-R64-Bianca_Andreescu-Su_Wei_Hsieh,Bianca Andreescu,0.32075471698113206,0.2830188679245283,0.39622641509433965
20210210-W-Australian_Open-R64-Bianca_Andreescu-Su_Wei_Hsieh,Su Wei Hsieh,0.35135135135135137,0.43243243243243246,0.21621621621621623
20210209-W-Australian_Open-R128-Elina_Svitolina-Marie_Bouzkova,Elina Svitolina,0.3333333333333333,0.23809523809523808,0.42857142857142855
20210209-W-Australian_Open-R128-Elina_Svitolina-Marie_Bouzkova,Marie Bouzkova,0.32857142857142857,0.22857142857142856,0.44285714285714284
20210209-W-Australian_Open-R128-Destanee_Aiava-Samantha_Stosur,Destanee Aiava,0.23333333333333334,0.26666666666666666,0.5
20210209-W-Australian_Open-R128-Destanee_Aiava-Samantha_Stosur,Samantha Stosur,0.29508196721311475,0.3114754098360656,0.39344262295081966
20210209-W-Australian_Open-R128-Coco_Gauff-Jil_Teichmann,Coco Gauff,0.2857142857142857,0.38095238095238093,0.3333333333333333
20210209-W-Australian_Open-R128-Coco_Gauff-Jil_Teichmann,Jil Teichmann,0.23076923076923078,0.23076923076923078,0.5384615384615384
20210209-W-Australian_Open-R128-Chloe_Paquet-Mayar_Sherif,Chloe Paquet,0.23529411764705882,0.20588235294117646,0.5588235294117647
20210209-W-Australian_Open-R128-Chloe_Paquet-Mayar_Sherif,Mayar Sherif,0.36764705882352944,0.19117647058823528,0.4411764705882353
20210209-W-Australian_Open-R128-Barbora_Strycova-Svetlana_Kuznetsova,Barbora Strycova,0.2222222222222222,0.1388888888888889,0.6388888888888888
20210209-W-Australian_Open-R128-Barbora_Strycova-Svetlana_Kuznetsova,Svetlana Kuznetsova,0.35185185185185186,0.2037037037037037,0.4444444444444444
20210208-W-Australian_Open-R128-Tsvetana_Pironkova-Su_Wei_Hsieh,Tsvetana Pironkova,0.2558139534883721,0.16279069767441862,0.5813953488372093
20210208-W-Australian_Open-R128-Tsvetana_Pironkova-Su_Wei_Hsieh,Su Wei Hsieh,0.375,0.14285714285714285,0.48214285714285715
20210208-W-Australian_Open-R128-Serena_Williams-Laura_Siegemund,Serena Williams,0.3157894736842105,0.4473684210526316,0.23684210526315788
20210208-W-Australian_Open-R128-Serena_Williams-Laura_Siegemund,Laura Siegemund,0.21052631578947367,0.3157894736842105,0.47368421052631576
20210208-W-Australian_Open-R128-Rebecca_Marino-Kimberly_Birrell,Rebecca Marino,0.21666666666666667,0.18333333333333332,0.6
20210208-W-Australian_Open-R128-Rebecca_Marino-Kimberly_Birrell,Kimberly Birrell,0.02564102564102564,0.23076923076923078,0.7435897435897436
20210208-W-Australian_Open-R128-Iga_Swiatek-Arantxa_Rus,Iga Swiatek,0.30612244897959184,0.32653061224489793,0.3673469387755102
20210208-W-Australian_Open-R128-Iga_Swiatek-Arantxa_Rus,Arantxa Rus,0.2653061224489796,0.14285714285714285,0.5918367346938775
20210207-W-Australian_Open-R128-Bianca_Andreescu-Mihaela_Buzarnescu,Bianca Andreescu,0.25,0.27631578947368424,0.47368421052631576
20210207-W-Australian_Open-R128-Bianca_Andreescu-Mihaela_Buzarnescu,Mihaela Buzarnescu,0.2127659574468085,0.2553191489361702,0.5319148936170213
20210206-W-Grampians_Trophy-QF-Sorana_Cirstea-Ann_Li,Sorana Cirstea,0.1935483870967742,0.4838709677419355,0.3225806451612903
20210206-W-Grampians_Trophy-QF-Sorana_Cirstea-Ann_Li,Ann Li,0.34285714285714286,0.45714285714285713,0.2
20210205-W-Yarra_Valley_Classic-QF-Sofia_Kenin-Garbine_Muguruza,Sofia Kenin,0.38095238095238093,0.2619047619047619,0.35714285714285715
20210205-W-Yarra_Valley_Classic-QF-Sofia_Kenin-Garbine_Muguruza,Garbine Muguruza,0.3333333333333333,0.4444444444444444,0.2222222222222222
20210205-W-ITF_Manacor-QF-Oksana_Selekhmeteva-Alexandra_Eala,Oksana Selekhmeteva,0.3392857142857143,0.4107142857142857,0.25
20210205-W-ITF_Manacor-QF-Oksana_Selekhmeteva-Alexandra_Eala,Alexandra Eala,0.1388888888888889,0.5,0.3611111111111111
20210205-W-Grampians_Trophy-QF-Jennifer_Brady-Barbora_Krejcikova,Jennifer Brady,0.4,0.175,0.425
20210205-W-Grampians_Trophy-QF-Jennifer_Brady-Barbora_Krejcikova,Barbora Krejcikova,0.36923076923076925,0.15384615384615385,0.47692307692307695
20210203-W-Yarra_Valley_Classic-R16-Petra_Kvitova-Nadia_Podoroska,Petra Kvitova,0.3333333333333333,0.25,0.4166666666666667
20210203-W-Yarra_Valley_Classic-R16-Petra_Kvitova-Nadia_Podoroska,Nadia Podoroska,0.3181818181818182,0.2878787878787879,0.3939393939393939
20210203-W-ITF_Manacor-R32-Ana_Lantigua_De_La_Nuez-Alexandra_Eala,Ana Lantigua De La Nuez,0.28125,0.3125,0.40625
20210203-W-ITF_Manacor-R32-Ana_Lantigua_De_La_Nuez-Alexandra_Eala,Alexandra Eala,0.38,0.38,0.24
20210203-W-Grampians_Trophy-R32-Sorana_Cirstea-Oksana_Kalashnikova,Sorana Cirstea,0.45454545454545453,0.2727272727272727,0.2727272727272727
20210203-W-Grampians_Trophy-R32-Sorana_Cirstea-Oksana_Kalashnikova,Oksana Kalashnikova,0.2,0.3142857142857143,0.4857142857142857
20210203-W-Grampians_Trophy-R32-Marta_Kostyuk-Gabriela_Dabrowski,Marta Kostyuk,0.47368421052631576,0.21052631578947367,0.3157894736842105
20210203-W-Grampians_Trophy-R32-Marta_Kostyuk-Gabriela_Dabrowski,Gabriela Dabrowski,0.275,0.15,0.575
20210203-W-Gippsland_Trophy-R16-Jasmine_Paolini-Karolina_Muchova,Jasmine Paolini,0.32786885245901637,0.18032786885245902,0.4918032786885246
20210203-W-Gippsland_Trophy-R16-Jasmine_Paolini-Karolina_Muchova,Karolina Muchova,0.18181818181818182,0.30303030303030304,0.5151515151515151
20210202-W-Yarra_Valley_Classic-R32-Venus_Williams-Petra_Kvitova,Venus Williams,0.36585365853658536,0.34146341463414637,0.2926829268292683
20210202-W-Yarra_Valley_Classic-R32-Venus_Williams-Petra_Kvitova,Petra Kvitova,0.4935064935064935,0.2597402597402597,0.24675324675324675
20210202-W-Yarra_Valley_Classic-R32-Marie_Bouzkova-Aliona_Bolsova,Marie Bouzkova,0.3620689655172414,0.13793103448275862,0.5
20210202-W-Yarra_Valley_Classic-R32-Marie_Bouzkova-Aliona_Bolsova,Aliona Bolsova,0.32142857142857145,0.14285714285714285,0.5357142857142857
20210202-W-Gippsland_Trophy-R32-Kaja_Juvan-Iga_Swiatek,Kaja Juvan,0.27586206896551724,0.1896551724137931,0.5344827586206896
20210202-W-Gippsland_Trophy-R32-Kaja_Juvan-Iga_Swiatek,Iga Swiatek,0.288135593220339,0.22033898305084745,0.4915254237288136
20210131-W-Gippsland_Trophy-R64-Jasmine_Paolini-Rebecca_Marino,Jasmine Paolini,0.16666666666666666,0.3055555555555556,0.5277777777777778
20210131-W-Gippsland_Trophy-R64-Jasmine_Paolini-Rebecca_Marino,Rebecca Marino,0.2153846153846154,0.12307692307692308,0.6615384615384615
20210128-W-ITF_Manacor-R16-Alba_Carrillo_Marin-Alexandra_Eala,Alba Carrillo Marin,0.4166666666666667,0.16666666666666666,0.4166666666666667
20210128-W-ITF_Manacor-R16-Alba_Carrillo_Marin-Alexandra_Eala,Alexandra Eala,0.3111111111111111,0.4222222222222222,0.26666666666666666
20210111-W-Abu_Dhabi-QF-Veronika_Kudermetova-Elina_Svitolina,Veronika Kudermetova,0.375,0.07692307692307693,0.5384615384615384
20210111-W-Abu_Dhabi-QF-Veronika_Kudermetova-Elina_Svitolina,Elina Svitolina,0.2542372881355932,0.11864406779661017,0.6101694915254238
20210110-W-Abu_Dhabi-R16-Ekaterina_Alexandrova-Elina_Svitolina,Ekaterina Alexandrova,0.34210526315789475,0.20175438596491227,0.45614035087719296
20210110-W-Abu_Dhabi-R16-Ekaterina_Alexandrova-Elina_Svitolina,Elina Svitolina,0.203125,0.328125,0.46875
20201010-W-Roland_Garros-F-Iga_Swiatek-Sofia_Kenin,Iga Swiatek,0.45098039215686275,0.23529411764705882,0.3137254901960784
20201010-W-Roland_Garros-F-Iga_Swiatek-Sofia_Kenin,Sofia Kenin,0.24324324324324326,0.1891891891891892,0.5675675675675675
20201008-W-Roland_Garros-SF-Iga_Swiatek-Nadia_Podoroska,Iga Swiatek,0.42592592592592593,0.2777777777777778,0.2962962962962963
20201008-W-Roland_Garros-SF-Iga_Swiatek-Nadia_Podoroska,Nadia Podoroska,0.17142857142857143,0.22857142857142856,0.6
20201006-W-Roland_Garros-QF-Iga_Swiatek-Martina_Trevisan,Iga Swiatek,0.3,0.36666666666666664,0.3333333333333333
20201006-W-Roland_Garros-QF-Iga_Swiatek-Martina_Trevisan,Martina Trevisan,0.42424242424242425,0.12121212121212122,0.45454545454545453
20201004-W-Roland_Garros-R16-Martina_Trevisan-Kiki_Bertens,Martina Trevisan,0.3389830508474576,0.23728813559322035,0.423728813559322
20201004-W-Roland_Garros-R16-Martina_Trevisan-Kiki_Bertens,Kiki Bertens,0.22916666666666666,0.22916666666666666,0.5416666666666666
20201002-W-Roland_Garros-R32-Kiki_Bertens-Katerina_Siniakova,Kiki Bertens,0.4,0.26666666666666666,0.3333333333333333
20201002-W-Roland_Garros-R32-Kiki_Bertens-Katerina_Siniakova,Katerina Siniakova,0.25,0.2222222222222222,0.5277777777777778
20201001-W-Roland_Garros-R64-Leylah_Fernandez-Polona_Hercog,Leylah Fernandez,0.36666666666666664,0.26666666666666666,0.36666666666666664
20201001-W-Roland_Garros-R64-Leylah_Fernandez-Polona_Hercog,Polona Hercog,0.2604166666666667,0.2604166666666667,0.4791666666666667
20201001-W-Roland_Garros-R64-Julia_Goerges-Laura_Siegemund,Julia Goerges,0.3880597014925373,0.1044776119402985,0.5074626865671642
20201001-W-Roland_Garros-R64-Julia_Goerges-Laura_Siegemund,Laura Siegemund,0.35555555555555557,0.24444444444444444,0.4
20201001-W-Roland_Garros-R64-Elena_Rybakina-Fiona_Ferro,Elena Rybakina,0.2833333333333333,0.25,0.4666666666666667
20201001-W-Roland_Garros-R64-Elena_Rybakina-Fiona_Ferro,Fiona Ferro,0.36363636363636365,0.22727272727272727,0.4090909090909091
20200930-W-Roland_Garros-R64-Kiki_Bertens-Sara_Errani,Kiki Bertens,0.41304347826086957,0.15942028985507245,0.427536231884058
20200930-W-Roland_Garros-R64-Kiki_Bertens-Sara_Errani,Sara Errani,0.3711340206185567,0.29896907216494845,0.32989690721649484
20200929-W-Roland_Garros-R128-Irina_Bara-Donna_Vekic,Irina Bara,0.42857142857142855,0.23809523809523808,0.3333333333333333
20200929-W-Roland_Garros-R128-Irina_Bara-Donna_Vekic,Donna Vekic,0.3382352941176471,0.19117647058823528,0.47058823529411764
20200929-W-Roland_Garros-R128-Danielle_Collins-Monica_Niculescu,Danielle Collins,0.5,0.1346153846153846,0.36538461538461536
20200929-W-Roland_Garros-R128-Danielle_Collins-Monica_Niculescu,Monica Niculescu,0.4,0.2571428571428571,0.34285714285714286
20200929-W-Roland_Garros-R128-Clara_Tauson-Jennifer_Brady,Clara Tauson,0.4083333333333333,0.175,0.4166666666666667
20200929-W-Roland_Garros-R128-Clara_Tauson-Jennifer_Brady,Jennifer Brady,0.3974358974358974,0.28205128205128205,0.32051282051282054
20200929-W-Roland_Garros-R128-Alison_Riske_Amritraj-Julia_Goerges,Alison Riske Amritraj,0.32727272727272727,0.21818181818181817,0.45454545454545453
20200929-W-Roland_Garros-R128-Alison_Riske_Amritraj-Julia_Goerges,Julia Goerges,0.3867924528301887,0.14150943396226415,0.4716981132075472
20200928-W-Roland_Garros-R128-Katarina_Zavatska-Kiki_Bertens,Katarina Zavatska,0.2727272727272727,0.22727272727272727,0.5
20200928-W-Roland_Garros-R128-Katarina_Zavatska-Kiki_Bertens,Kiki Bertens,0.3287671232876712,0.2602739726027397,0.410958904109589
20200928-W-Roland_Garros-R128-Kaja_Juvan-Angelique_Kerber,Kaja Juvan,0.42592592592592593,0.16666666666666666,0.4074074074074074
20200928-W-Roland_Garros-R128-Kaja_Juvan-Angelique_Kerber,Angelique Kerber,0.3111111111111111,0.15555555555555556,0.5333333333333333
20200928-W-Roland_Garros-R128-Christina_Mchale-Karolina_Muchova,Christina Mchale,0.34285714285714286,0.2571428571428571,0.4
20200928-W-Roland_Garros-R128-Christina_Mchale-Karolina_Muchova,Karolina Muchova,0.2463768115942029,0.17391304347826086,0.5797101449275363
20200928-W-Roland_Garros-R128-Arantxa_Rus-Clara_Burel,Arantxa Rus,0.21052631578947367,0.24210526315789474,0.5473684210526316
20200928-W-Roland_Garros-R128-Arantxa_Rus-Clara_Burel,Clara Burel,0.3333333333333333,0.18333333333333332,0.48333333333333334
20200927-W-Roland_Garros-R128-Anna_Blinkova-Astra_Sharma,Anna Blinkova,0.27710843373493976,0.3132530120481928,0.40963855421686746
20200927-W-Roland_Garros-R128-Anna_Blinkova-Astra_Sharma,Astra Sharma,0.3684210526315789,0.3157894736842105,0.3157894736842105
20200918-W-Rome-R16-Victoria_Azarenka-Daria_Kasatkina,Victoria Azarenka,0.40476190476190477,0.23809523809523808,0.35714285714285715
20200918-W-Rome-R16-Victoria_Azarenka-Daria_Kasatkina,Daria Kasatkina,0.34146341463414637,0.36585365853658536,0.2926829268292683
20200918-W-Rome-R16-Karolina_Pliskova-Anna_Blinkova,Karolina Pliskova,0.4489795918367347,0.3673469387755102,0.1836734693877551
20200918-W-Rome-R16-Karolina_Pliskova-Anna_Blinkova,Anna Blinkova,0.35294117647058826,0.35294117647058826,0.29411764705882354
20200918-W-Rome-R16-Elena_Rybakina-Yulia_Putintseva,Elena Rybakina,0.2916666666666667,0.21666666666666667,0.49166666666666664
20200918-W-Rome-R16-Elena_Rybakina-Yulia_Putintseva,Yulia Putintseva,0.25,0.3125,0.4375
20200917-W-Rome-R32-Kiki_Bertens-Polona_Hercog,Kiki Bertens,0.25,0.1590909090909091,0.5909090909090909
20200917-W-Rome-R32-Kiki_Bertens-Polona_Hercog,Polona Hercog,0.29508196721311475,0.2459016393442623,0.45901639344262296
20200915-W-Rome-R64-Katerina_Siniakova-Angelique_Kerber,Katerina Siniakova,0.4883720930232558,0.2558139534883721,0.2558139534883721
20200915-W-Rome-R64-Katerina_Siniakova-Angelique_Kerber,Angelique Kerber,0.2894736842105263,0.2894736842105263,0.42105263157894735
20200915-W-Rome-R64-Iga_Swiatek-Arantxa_Rus,Iga Swiatek,0.34065934065934067,0.25274725274725274,0.4065934065934066
20200915-W-Rome-R64-Iga_Swiatek-Arantxa_Rus,Arantxa Rus,0.24390243902439024,0.4146341463414634,0.34146341463414637
20200914-W-Rome-R64-Elena_Rybakina-Ekaterina_Alexandrova,Elena Rybakina,0.4666666666666667,0.4,0.13333333333333333
20200914-W-Rome-R64-Elena_Rybakina-Ekaterina_Alexandrova,Ekaterina Alexandrova,0.38461538461538464,0.3076923076923077,0.3076923076923077
20200912-W-US_Open-F-Naomi_Osaka-Victoria_Azarenka,Naomi Osaka,0.3333333333333333,0.2222222222222222,0.4444444444444444
20200912-W-US_Open-F-Naomi_Osaka-Victoria_Azarenka,Victoria Azarenka,0.34328358208955223,0.22388059701492538,0.43283582089552236
20200910-W-US_Open-SF-Victoria_Azarenka-Serena_Williams,Victoria Azarenka,0.42857142857142855,0.20408163265306123,0.3673469387755102
20200910-W-US_Open-SF-Victoria_Azarenka-Serena_Williams,Serena Williams,0.375,0.15625,0.453125
20200910-W-US_Open-SF-Naomi_Osaka-Jennifer_Brady,Naomi Osaka,0.373134328358209,0.23880597014925373,0.3880597014925373
20200910-W-US_Open-SF-Naomi_Osaka-Jennifer_Brady,Jennifer Brady,0.3,0.24285714285714285,0.45714285714285713
20200909-W-US_Open-QF-Victoria_Azarenka-Elise_Mertens,Victoria Azarenka,0.4146341463414634,0.4634146341463415,0.12195121951219512
20200909-W-US_Open-QF-Victoria_Azarenka-Elise_Mertens,Elise Mertens,0.4,0.2857142857142857,0.3142857142857143
20200909-W-US_Open-QF-Serena_Williams-Tsvetana_Pironkova,Serena Williams,0.32857142857142857,0.2,0.4714285714285714
20200909-W-US_Open-QF-Serena_Williams-Tsvetana_Pironkova,Tsvetana Pironkova,0.3225806451612903,0.1774193548387097,0.4838709677419355
20200907-W-US_Open-R16-Victoria_Azarenka-Karolina_Muchova,Victoria Azarenka,0.2903225806451613,0.2903225806451613,0.41935483870967744
20200907-W-US_Open-R16-Victoria_Azarenka-Karolina_Muchova,Karolina Muchova,0.2391304347826087,0.17391304347826086,0.5869565217391305
20200907-W-US_Open-R16-Sofia_Kenin-Elise_Mertens,Sofia Kenin,0.3898305084745763,0.1694915254237288,0.4406779661016949
20200907-W-US_Open-R16-Sofia_Kenin-Elise_Mertens,Elise Mertens,0.5,0.22727272727272727,0.2727272727272727
20200907-W-US_Open-R16-Serena_Williams-Maria_Sakkari,Serena Williams,0.24561403508771928,0.43859649122807015,0.3157894736842105
20200907-W-US_Open-R16-Serena_Williams-Maria_Sakkari,Maria Sakkari,0.31343283582089554,0.31343283582089554,0.373134328358209
20200907-W-US_Open-R16-Alize_Cornet-Tsvetana_Pironkova,Alize Cornet,0.3709677419354839,0.14516129032258066,0.4838709677419355
20200907-W-US_Open-R16-Alize_Cornet-Tsvetana_Pironkova,Tsvetana Pironkova,0.41509433962264153,0.11320754716981132,0.4716981132075472
20200906-W-US_Open-R16-Petra_Kvitova-Shelby_Rogers,Petra Kvitova,0.49,0.16,0.35
20200906-W-US_Open-R16-Petra_Kvitova-Shelby_Rogers,Shelby Rogers,0.28125,0.25,0.46875
20200906-W-US_Open-R16-Jennifer_Brady-Angelique_Kerber,Jennifer Brady,0.4888888888888889,0.2,0.3111111111111111
20200906-W-US_Open-R16-Jennifer_Brady-Angelique_Kerber,Angelique Kerber,0.2962962962962963,0.24074074074074073,0.46296296296296297
20200905-W-US_Open-R32-Victoria_Azarenka-Iga_Swiatek,Victoria Azarenka,0.3829787234042553,0.2978723404255319,0.2978723404255319
20200905-W-US_Open-R32-Victoria_Azarenka-Iga_Swiatek,Iga Swiatek,0.40625,0.1875,0.390625
20200905-W-US_Open-R32-Ons_Jabeur-Sofia_Kenin,Ons Jabeur,0.38095238095238093,0.19047619047619047,0.4126984126984127
20200905-W-US_Open-R32-Ons_Jabeur-Sofia_Kenin,Sofia Kenin,0.25925925925925924,0.5,0.24074074074074073
20200904-W-US_Open-R32-Jennifer_Brady-Caroline_Garcia,Jennifer Brady,0.25,0.39285714285714285,0.35714285714285715
20200904-W-US_Open-R32-Jennifer_Brady-Caroline_Garcia,Caroline Garcia,0.2857142857142857,0.21428571428571427,0.5
20200903-W-US_Open-R64-Katrina_Scott-Amanda_Anisimova,Katrina Scott,0.20754716981132076,0.05660377358490566,0.7169811320754716
20200903-W-US_Open-R64-Katrina_Scott-Amanda_Anisimova,Amanda Anisimova,0.31683168316831684,0.12871287128712872,0.5445544554455446
20200902-W-US_Open-R64-Shelby_Rogers-Elena_Rybakina,Shelby Rogers,0.25,0.3409090909090909,0.4090909090909091
20200902-W-US_Open-R64-Shelby_Rogers-Elena_Rybakina,Elena Rybakina,0.2549019607843137,0.1568627450980392,0.5882352941176471
20200902-W-US_Open-R64-Marta_Kostyuk-Anastasija_Sevastova,Marta Kostyuk,0.4,0.25,0.35
20200902-W-US_Open-R64-Marta_Kostyuk-Anastasija_Sevastova,Anastasija Sevastova,0.11764705882352941,0.38235294117647056,0.5
20200902-W-US_Open-R64-Caroline_Garcia-Karolina_Pliskova,Caroline Garcia,0.4807692307692308,0.19230769230769232,0.3269230769230769
20200902-W-US_Open-R64-Caroline_Garcia-Karolina_Pliskova,Karolina Pliskova,0.18604651162790697,0.37209302325581395,0.4418604651162791
20200902-W-US_Open-R64-Angelique_Kerber-Anna_Lena_Friedsam,Angelique Kerber,0.3090909090909091,0.34545454545454546,0.34545454545454546
20200902-W-US_Open-R64-Angelique_Kerber-Anna_Lena_Friedsam,Anna Lena Friedsam,0.38461538461538464,0.2,0.4153846153846154
20200901-W-US_Open-R128-Victoria_Azarenka-Barbara_Haas,Victoria Azarenka,0.4722222222222222,0.3888888888888889,0.1388888888888889
20200901-W-US_Open-R128-Victoria_Azarenka-Barbara_Haas,Barbara Haas,0.17391304347826086,0.4782608695652174,0.34782608695652173
20200831-W-US_Open-R128-Jennifer_Brady-Anna_Blinkova,Jennifer Brady,0.4473684210526316,0.3157894736842105,0.23684210526315788
20200831-W-US_Open-R128-Jennifer_Brady-Anna_Blinkova,Anna Blinkova,0.37209302325581395,0.3488372093023256,0.27906976744186046
20200831-W-US_Open-R128-Ajla_Tomljanovic-Angelique_Kerber,Ajla Tomljanovic,0.3157894736842105,0.22807017543859648,0.45614035087719296
20200831-W-US_Open-R128-Ajla_Tomljanovic-Angelique_Kerber,Angelique Kerber,0.30434782608695654,0.3695652173913043,0.32608695652173914
20200826-W-Cincinnati-QF-Naomi_Osaka-Anett_Kontaveit,Naomi Osaka,0.30158730158730157,0.20634920634920634,0.49206349206349204
20200826-W-Cincinnati-QF-Naomi_Osaka-Anett_Kontaveit,Anett Kontaveit,0.2631578947368421,0.15789473684210525,0.5789473684210527
20200826-W-Cincinnati-QF-Maria_Sakkari-Johanna_Konta,Maria Sakkari,0.24242424242424243,0.36363636363636365,0.3939393939393939
20200826-W-Cincinnati-QF-Maria_Sakkari-Johanna_Konta,Johanna Konta,0.2909090909090909,0.4909090909090909,0.21818181818181817
20200826-W-Cincinnati-QF-Jessica_Pegula-Elise_Mertens,Jessica Pegula,0.2647058823529412,0.2647058823529412,0.47058823529411764
20200826-W-Cincinnati-QF-Jessica_Pegula-Elise_Mertens,Elise Mertens,0.375,0.4375,0.15625
20200824-W-Cincinnati-R32-Naomi_Osaka-Karolina_Muchova,Naomi Osaka,0.22535211267605634,0.3380281690140845,0.43661971830985913
20200824-W-Cincinnati-R32-Naomi_Osaka-Karolina_Muchova,Karolina Muchova,0.31666666666666665,0.23333333333333334,0.45
20200822-W-Cincinnati-R64-Victoria_Azarenka-Donna_Vekic,Victoria Azarenka,0.45161290322580644,0.3548387096774194,0.1935483870967742
20200822-W-Cincinnati-R64-Victoria_Azarenka-Donna_Vekic,Donna Vekic,0.34210526315789475,0.2894736842105263,0.3684210526315789
20200822-W-Cincinnati-R64-Maria_Sakkari-Coco_Gauff,Maria Sakkari,0.3,0.375,0.325
20200822-W-Cincinnati-R64-Maria_Sakkari-Coco_Gauff,Coco Gauff,0.25,0.3125,0.4375
20200814-W-Lexington-QF-Coco_Gauff-Ons_Jabeur,Coco Gauff,0.3389830508474576,0.2542372881355932,0.4067796610169492
20200814-W-Lexington-QF-Coco_Gauff-Ons_Jabeur,Ons Jabeur,0.22784810126582278,0.22784810126582278,0.5443037974683544
20200812-W-Lexington-R16-Anna_Blinkova-Marie_Bouzkova,Anna Blinkova,0.358974358974359,0.28205128205128205,0.358974358974359
20200812-W-Lexington-R16-Anna_Blinkova-Marie_Bouzkova,Marie Bouzkova,0.4,0.35,0.25
20200308-W-Monterrey-F-Elina_Svitolina-Marie_Bouzkova,Elina Svitolina,0.38271604938271603,0.19753086419753085,0.4074074074074074
20200308-W-Monterrey-F-Elina_Svitolina-Marie_Bouzkova,Marie Bouzkova,0.3902439024390244,0.13821138211382114,0.4715447154471545
20200307-W-Monterrey-SF-Elina_Svitolina-Arantxa_Rus,Elina Svitolina,0.39285714285714285,0.2857142857142857,0.32142857142857145
20200307-W-Monterrey-SF-Elina_Svitolina-Arantxa_Rus,Arantxa Rus,0.1935483870967742,0.12903225806451613,0.6774193548387096
20200306-W-Monterrey-QF-Rebecca_Peterson-Arantxa_Rus,Rebecca Peterson,0.22857142857142856,0.11428571428571428,0.6571428571428571
20200306-W-Monterrey-QF-Rebecca_Peterson-Arantxa_Rus,Arantxa Rus,0.4117647058823529,0.08823529411764706,0.5
20200306-W-Monterrey-QF-Leylah_Fernandez-Elina_Svitolina,Leylah Fernandez,0.30357142857142855,0.125,0.5714285714285714
20200306-W-Monterrey-QF-Leylah_Fernandez-Elina_Svitolina,Elina Svitolina,0.30612244897959184,0.22448979591836735,0.46938775510204084
20200305-W-Monterrey-R16-Arantxa_Rus-Lauren_Davis,Arantxa Rus,0.3559322033898305,0.2033898305084746,0.4406779661016949
20200305-W-Monterrey-R16-Arantxa_Rus-Lauren_Davis,Lauren Davis,0.17391304347826086,0.2318840579710145,0.5942028985507246
20200304-W-Monterrey-R32-Kim_Clijsters-Johanna_Konta,Kim Clijsters,0.1956521739130435,0.391304347826087,0.41304347826086957
20200304-W-Monterrey-R32-Kim_Clijsters-Johanna_Konta,Johanna Konta,0.4358974358974359,0.3333333333333333,0.23076923076923078
20200303-W-Monterrey-R32-Tamara_Zidansek-Victoria_Azarenka,Tamara Zidansek,0.24390243902439024,0.43902439024390244,0.3170731707317073
20200303-W-Monterrey-R32-Tamara_Zidansek-Victoria_Azarenka,Victoria Azarenka,0.2571428571428571,0.34285714285714286,0.4
20200303-W-Monterrey-R32-Arantxa_Rus-Varvara_Flink,Arantxa Rus,0.25,0.1875,0.5625
20200303-W-Monterrey-R32-Arantxa_Rus-Varvara_Flink,Varvara Flink,0.15,0.4,0.45
20200227-W-Doha-QF-Belinda_Bencic-Svetlana_Kuznetsova,Belinda Bencic,0.3333333333333333,0.2619047619047619,0.38095238095238093
20200227-W-Doha-QF-Belinda_Bencic-Svetlana_Kuznetsova,Svetlana Kuznetsova,0.5789473684210527,0.14035087719298245,0.2807017543859649
20200227-W-Doha-QF-Ashleigh_Barty-Garbine_Muguruza,Ashleigh Barty,0.3076923076923077,0.23076923076923078,0.46153846153846156
20200227-W-Doha-QF-Ashleigh_Barty-Garbine_Muguruza,Garbine Muguruza,0.25609756097560976,0.24390243902439024,0.5
20200226-W-Doha-R16-Saisai_Zheng-Kiki_Bertens,Saisai Zheng,0.3333333333333333,0.18181818181818182,0.48484848484848486
20200226-W-Doha-R16-Saisai_Zheng-Kiki_Bertens,Kiki Bertens,0.27848101265822783,0.22784810126582278,0.4936708860759494
20200226-W-Doha-R16-Dayana_Yastremska-Garbine_Muguruza,Dayana Yastremska,0.32608695652173914,0.32608695652173914,0.34782608695652173
20200226-W-Doha-R16-Dayana_Yastremska-Garbine_Muguruza,Garbine Muguruza,0.03125,0.59375,0.375
20200225-W-Doha-R32-Petra_Kvitova-Carla_Suarez_Navarro,Petra Kvitova,0.4666666666666667,0.16,0.37333333333333335
20200225-W-Doha-R32-Petra_Kvitova-Carla_Suarez_Navarro,Carla Suarez Navarro,0.225,0.175,0.6
20200225-W-Acapulco-R32-Sara_Sorribes_Tormo-Sara_Errani,Sara Sorribes Tormo,0.23684210526315788,0.17105263157894737,0.5921052631578947
20200225-W-Acapulco-R32-Sara_Sorribes_Tormo-Sara_Errani,Sara Errani,0.323943661971831,0.18309859154929578,0.49295774647887325
20200224-W-Doha-R64-Su_Wei_Hsieh-Vera_Zvonareva,Su Wei Hsieh,0.30158730158730157,0.2222222222222222,0.47619047619047616
20200224-W-Doha-R64-Su_Wei_Hsieh-Vera_Zvonareva,Vera Zvonareva,0.3333333333333333,0.26666666666666666,0.4
20200224-W-Doha-R64-Shuai_Zhang-Carla_Suarez_Navarro,Shuai Zhang,0.40816326530612246,0.12244897959183673,0.46938775510204084
20200224-W-Doha-R64-Shuai_Zhang-Carla_Suarez_Navarro,Carla Suarez Navarro,0.3958333333333333,0.20833333333333334,0.375
20200224-W-Doha-R64-Iga_Swiatek-Donna_Vekic,Iga Swiatek,0.47619047619047616,0.1111111111111111,0.4126984126984127
20200224-W-Doha-R64-Iga_Swiatek-Donna_Vekic,Donna Vekic,0.3157894736842105,0.23684210526315788,0.4473684210526316
20200224-W-Doha-R64-Elena_Rybakina-Sorana_Cirstea,Elena Rybakina,0.32142857142857145,0.48214285714285715,0.19642857142857142
20200224-W-Doha-R64-Elena_Rybakina-Sorana_Cirstea,Sorana Cirstea,0.45,0.35,0.18333333333333332
20200224-W-Doha-R32-Karolina_Muchova-Kiki_Bertens,Karolina Muchova,0.26,0.18,0.56
20200224-W-Doha-R32-Karolina_Muchova-Kiki_Bertens,Kiki Bertens,0.2727272727272727,0.29545454545454547,0.4318181818181818
20200224-W-Acapulco-R32-Arantxa_Rus-Nao_Hibino,Arantxa Rus,0.296875,0.125,0.578125
20200224-W-Acapulco-R32-Arantxa_Rus-Nao_Hibino,Nao Hibino,0.3469387755102041,0.16326530612244897,0.4897959183673469
20200223-W-Doha-R64-Yaroslava_Shvedova-Laura_Siegemund,Yaroslava Shvedova,0.3541666666666667,0.125,0.5208333333333334
20200223-W-Doha-R64-Yaroslava_Shvedova-Laura_Siegemund,Laura Siegemund,0.4,0.225,0.375
20200219-W-Dubai-R16-Karolina_Pliskova-Kristina_Mladenovic,Karolina Pliskova,0.3333333333333333,0.4444444444444444,0.2222222222222222
20200219-W-Dubai-R16-Karolina_Pliskova-Kristina_Mladenovic,Kristina Mladenovic,0.3333333333333333,0.25925925925925924,0.4074074074074074
20200218-W-Dubai-R32-Su_Wei_Hsieh-Petra_Martic,Su Wei Hsieh,0.22807017543859648,0.22807017543859648,0.543859649122807
20200218-W-Dubai-R32-Su_Wei_Hsieh-Petra_Martic,Petra Martic,0.2857142857142857,0.25396825396825395,0.4444444444444444
20200218-W-Dubai-R32-Elena_Rybakina-Sofia_Kenin,Elena Rybakina,0.2835820895522388,0.208955223880597,0.4925373134328358
20200218-W-Dubai-R32-Elena_Rybakina-Sofia_Kenin,Sofia Kenin,0.38571428571428573,0.12857142857142856,0.4714285714285714
20200218-W-Dubai-R32-Dayana_Yastremska-Veronika_Kudermetova,Dayana Yastremska,0.3333333333333333,0.21333333333333335,0.4533333333333333
20200218-W-Dubai-R32-Dayana_Yastremska-Veronika_Kudermetova,Veronika Kudermetova,0.22666666666666666,0.36,0.41333333333333333
20200217-W-Dubai-R32-Marketa_Vondrousova-Anastasija_Sevastova,Marketa Vondrousova,0.38461538461538464,0.23076923076923078,0.38461538461538464
20200217-W-Dubai-R32-Marketa_Vondrousova-Anastasija_Sevastova,Anastasija Sevastova,0.24444444444444444,0.2,0.5555555555555556
20200217-W-Dubai-R32-Kim_Clijsters-Garbine_Muguruza,Kim Clijsters,0.23076923076923078,0.4423076923076923,0.3269230769230769
20200217-W-Dubai-R32-Kim_Clijsters-Garbine_Muguruza,Garbine Muguruza,0.2391304347826087,0.391304347826087,0.3695652173913043
20200217-W-Dubai-R32-Amanda_Anisimova-Barbora_Strycova,Amanda Anisimova,0.2992125984251969,0.2440944881889764,0.44881889763779526
20200217-W-Dubai-R32-Amanda_Anisimova-Barbora_Strycova,Barbora Strycova,0.3023255813953488,0.16279069767441862,0.5116279069767442
20200216-W-St_Petersburg-F-Elena_Rybakina-Kiki_Bertens,Elena Rybakina,0.1794871794871795,0.1794871794871795,0.6410256410256411
20200216-W-St_Petersburg-F-Elena_Rybakina-Kiki_Bertens,Kiki Bertens,0.4,0.15,0.45
20200216-W-Hua_Hin-F-Magda_Linette-Leonie_Kung,Magda Linette,0.3541666666666667,0.16666666666666666,0.4583333333333333
20200216-W-Hua_Hin-F-Magda_Linette-Leonie_Kung,Leonie Kung,0.14285714285714285,0.17857142857142858,0.6428571428571429
20200215-W-St_Petersburg-SF-Ekaterina_Alexandrova-Kiki_Bertens,Ekaterina Alexandrova,0.13793103448275862,0.20689655172413793,0.6379310344827587
20200215-W-St_Petersburg-SF-Ekaterina_Alexandrova-Kiki_Bertens,Kiki Bertens,0.20408163265306123,0.2857142857142857,0.5102040816326531
20200214-W-St_Petersburg-QF-Anastasia_Potapova-Kiki_Bertens,Anastasia Potapova,0.2916666666666667,0.16666666666666666,0.5416666666666666
20200214-W-St_Petersburg-QF-Anastasia_Potapova-Kiki_Bertens,Kiki Bertens,0.26506024096385544,0.1927710843373494,0.5421686746987951
20200213-W-St_Petersburg-R16-Veronika_Kudermetova-Kiki_Bertens,Veronika Kudermetova,0.32142857142857145,0.25,0.42857142857142855
20200213-W-St_Petersburg-R16-Veronika_Kudermetova-Kiki_Bertens,Kiki Bertens,0.2413793103448276,0.5517241379310345,0.20689655172413793
20200213-W-Hua_Hin-R16-Patricia_Maria_Tig-Xiaodi_You,Patricia Maria Tig,0.37209302325581395,0.3023255813953488,0.32558139534883723
20200213-W-Hua_Hin-R16-Patricia_Maria_Tig-Xiaodi_You,Xiaodi You,0.15151515151515152,0.24242424242424243,0.6060606060606061
20200211-W-St_Petersburg-R32-Veronika_Kudermetova-Yulia_Putintseva,Veronika Kudermetova,0.3008849557522124,0.19469026548672566,0.504424778761062
20200211-W-St_Petersburg-R32-Veronika_Kudermetova-Yulia_Putintseva,Yulia Putintseva,0.3620689655172414,0.29310344827586204,0.3448275862068966
20200211-W-St_Petersburg-R32-Daria_Kasatkina-Ekaterina_Alexandrova,Daria Kasatkina,0.08333333333333333,0.3055555555555556,0.6111111111111112
20200211-W-St_Petersburg-R32-Daria_Kasatkina-Ekaterina_Alexandrova,Ekaterina Alexandrova,0.2897196261682243,0.14018691588785046,0.5700934579439252
20200210-W-Hua_Hin-R32-Storm_Hunter-Ulrikke_Eikeri,Storm Hunter,0.38461538461538464,0.23076923076923078,0.38461538461538464
20200210-W-Hua_Hin-R32-Storm_Hunter-Ulrikke_Eikeri,Ulrikke Eikeri,0.41025641025641024,0.1794871794871795,0.41025641025641024
20200210-W-Hua_Hin-R32-Chloe_Paquet-Peangtarn_Plipuech,Chloe Paquet,0.34710743801652894,0.18181818181818182,0.47107438016528924
20200210-W-Hua_Hin-R32-Chloe_Paquet-Peangtarn_Plipuech,Peangtarn Plipuech,0.2807017543859649,0.17543859649122806,0.543859649122807
20200208-W-Fed_Cup_Qualifiers-RR-Aryna_Sabalenka-Kiki_Bertens,Aryna Sabalenka,0.18604651162790697,0.18604651162790697,0.627906976744186
20200208-W-Fed_Cup_Qualifiers-RR-Aryna_Sabalenka-Kiki_Bertens,Kiki Bertens,0.3611111111111111,0.19444444444444445,0.4444444444444444
20200208-W-Fed_Cup_Qualifiers-RR-Aliaksandra_Sasnovich-Arantxa_Rus,Aliaksandra Sasnovich,0.25,0.25,0.5
20200208-W-Fed_Cup_Qualifiers-RR-Aliaksandra_Sasnovich-Arantxa_Rus,Arantxa Rus,0.25,0.14583333333333334,0.6041666666666666
20200207-W-Fed_Cup_Qualifiers-RR-Naomi_Osaka-Sara_Sorribes_Tormo,Naomi Osaka,0.25,0.11842105263157894,0.631578947368421
20200207-W-Fed_Cup_Qualifiers-RR-Naomi_Osaka-Sara_Sorribes_Tormo,Sara Sorribes Tormo,0.4166666666666667,0.3333333333333333,0.25
20200207-W-Fed_Cup_Qualifiers-RR-Leylah_Fernandez-Jil_Teichmann,Leylah Fernandez,0.2549019607843137,0.3137254901960784,0.43137254901960786
20200207-W-Fed_Cup_Qualifiers-RR-Leylah_Fernandez-Jil_Teichmann,Jil Teichmann,0.40816326530612246,0.22448979591836735,0.3673469387755102
20200207-W-Fed_Cup_Qualifiers-RR-Aliaksandra_Sasnovich-Kiki_Bertens,Aliaksandra Sasnovich,0.359375,0.125,0.515625
20200207-W-Fed_Cup_Qualifiers-RR-Aliaksandra_Sasnovich-Kiki_Bertens,Kiki Bertens,0.3114754098360656,0.21311475409836064,0.47540983606557374
20200207-W-Doha-QF-Ons_Jabeur-Petra_Kvitova,Ons Jabeur,0.30357142857142855,0.19642857142857142,0.48214285714285715
20200207-W-Doha-QF-Ons_Jabeur-Petra_Kvitova,Petra Kvitova,0.2972972972972973,0.24324324324324326,0.4594594594594595
20200201-W-Australian_Open_Juniors-F-Victoria_Jimenez_Kasintseva-Weronika_Baszak,Victoria Jimenez Kasintseva,0.27586206896551724,0.22413793103448276,0.5
20200201-W-Australian_Open_Juniors-F-Victoria_Jimenez_Kasintseva-Weronika_Baszak,Weronika Baszak,0.2682926829268293,0.14634146341463414,0.5853658536585366
20200201-W-Australian_Open-F-Sofia_Kenin-Garbine_Muguruza,Sofia Kenin,0.4067796610169492,0.1864406779661017,0.4067796610169492
20200201-W-Australian_Open-F-Sofia_Kenin-Garbine_Muguruza,Garbine Muguruza,0.27848101265822783,0.20253164556962025,0.5189873417721519
20200130-W-Australian_Open-SF-Ashleigh_Barty-Sofia_Kenin,Ashleigh Barty,0.3793103448275862,0.1724137931034483,0.4482758620689655
20200130-W-Australian_Open-SF-Ashleigh_Barty-Sofia_Kenin,Sofia Kenin,0.21428571428571427,0.44642857142857145,0.3392857142857143
20200128-W-Australian_Open-QF-Ons_Jabeur-Sofia_Kenin,Ons Jabeur,0.3698630136986301,0.136986301369863,0.4931506849315068
20200128-W-Australian_Open-QF-Ons_Jabeur-Sofia_Kenin,Sofia Kenin,0.34146341463414637,0.36585365853658536,0.2926829268292683
20200127-W-Australian_Open-R16-Garbine_Muguruza-Kiki_Bertens,Garbine Muguruza,0.3157894736842105,0.34210526315789475,0.34210526315789475
20200127-W-Australian_Open-R16-Garbine_Muguruza-Kiki_Bertens,Kiki Bertens,0.30303030303030304,0.24242424242424243,0.45454545454545453
20200125-W-Australian_Open-R32-Zarina_Diyas-Kiki_Bertens,Zarina Diyas,0.3148148148148148,0.2222222222222222,0.46296296296296297
20200125-W-Australian_Open-R32-Zarina_Diyas-Kiki_Bertens,Kiki Bertens,0.543859649122807,0.14035087719298245,0.3157894736842105
20200125-W-Australian_Open-R32-Iga_Swiatek-Donna_Vekic,Iga Swiatek,0.41509433962264153,0.22641509433962265,0.3584905660377358
20200125-W-Australian_Open-R32-Iga_Swiatek-Donna_Vekic,Donna Vekic,0.2,0.24,0.56
20200125-W-Australian_Open-R32-Garbine_Muguruza-Elina_Svitolina,Garbine Muguruza,0.52,0.28,0.2
20200125-W-Australian_Open-R32-Garbine_Muguruza-Elina_Svitolina,Elina Svitolina,0.37037037037037035,0.14814814814814814,0.4444444444444444
20200125-W-Australian_Open-R32-Camila_Giorgi-Angelique_Kerber,Camila Giorgi,0.3925233644859813,0.11214953271028037,0.4953271028037383
20200125-W-Australian_Open-R32-Camila_Giorgi-Angelique_Kerber,Angelique Kerber,0.2647058823529412,0.2647058823529412,0.47058823529411764
20200125-W-Australian_Open-R32-Anastasia_Pavlyuchenkova-Karolina_Pliskova,Anastasia Pavlyuchenkova,0.4631578947368421,0.1368421052631579,0.4
20200125-W-Australian_Open-R32-Anastasia_Pavlyuchenkova-Karolina_Pliskova,Karolina Pliskova,0.323943661971831,0.22535211267605634,0.4507042253521127
20200124-W-Australian_Open-R32-Madison_Keys-Maria_Sakkari,Madison Keys,0.17857142857142858,0.07142857142857142,0.75
20200124-W-Australian_Open-R32-Madison_Keys-Maria_Sakkari,Maria Sakkari,0.17647058823529413,0.20588235294117646,0.6176470588235294
20200124-W-Australian_Open-R32-Coco_Gauff-Naomi_Osaka,Coco Gauff,0.2,0.16,0.64
20200124-W-Australian_Open-R32-Coco_Gauff-Naomi_Osaka,Naomi Osaka,0.20754716981132076,0.09433962264150944,0.6981132075471698
20200124-W-Australian_Open-R32-Caroline_Wozniacki-Ons_Jabeur,Caroline Wozniacki,0.16666666666666666,0.375,0.4375
20200124-W-Australian_Open-R32-Caroline_Wozniacki-Ons_Jabeur,Ons Jabeur,0.31896551724137934,0.23275862068965517,0.4396551724137931
20200124-W-Australian_Open-R32-Ashleigh_Barty-Elena_Rybakina,Ashleigh Barty,0.4772727272727273,0.18181818181818182,0.3409090909090909
20200124-W-Australian_Open-R32-Ashleigh_Barty-Elena_Rybakina,Elena Rybakina,0.3114754098360656,0.19672131147540983,0.4918032786885246
20200123-W-Australian_Open-R64-Lauren_Davis-Elina_Svitolina,Lauren Davis,0.4032258064516129,0.16129032258064516,0.43548387096774194
20200123-W-Australian_Open-R64-Lauren_Davis-Elina_Svitolina,Elina Svitolina,0.3620689655172414,0.25862068965517243,0.3793103448275862
20200123-W-Australian_Open-R64-Karolina_Muchova-Catherine_Cartan_Bellis,Karolina Muchova,0.3333333333333333,0.2,0.4666666666666667
20200123-W-Australian_Open-R64-Karolina_Muchova-Catherine_Cartan_Bellis,Catherine Cartan Bellis,0.23255813953488372,0.3488372093023256,0.37209302325581395
20200123-W-Australian_Open-R64-Iga_Swiatek-Carla_Suarez_Navarro,Iga Swiatek,0.3472222222222222,0.20833333333333334,0.4444444444444444
20200123-W-Australian_Open-R64-Iga_Swiatek-Carla_Suarez_Navarro,Carla Suarez Navarro,0.23076923076923078,0.2564102564102564,0.5128205128205128
20200123-W-Australian_Open-R64-Arina_Rodionova-Kiki_Bertens,Arina Rodionova,0.2,0.175,0.625
20200123-W-Australian_Open-R64-Arina_Rodionova-Kiki_Bertens,Kiki Bertens,0.35,0.21666666666666667,0.43333333333333335
20200122-W-Australian_Open-R64-Garbine_Muguruza-Ajla_Tomljanovic,Garbine Muguruza,0.4084507042253521,0.29577464788732394,0.29577464788732394
20200122-W-Australian_Open-R64-Garbine_Muguruza-Ajla_Tomljanovic,Ajla Tomljanovic,0.30303030303030304,0.3787878787878788,0.3181818181818182
20200122-W-Australian_Open-R64-Caroline_Wozniacki-Dayana_Yastremska,Caroline Wozniacki,0.29411764705882354,0.2647058823529412,0.4411764705882353
20200122-W-Australian_Open-R64-Caroline_Wozniacki-Dayana_Yastremska,Dayana Yastremska,0.3333333333333333,0.1839080459770115,0.4827586206896552
20200122-W-Australian_Open-R64-Arantxa_Rus-Madison_Keys,Arantxa Rus,0.22857142857142856,0.14285714285714285,0.6285714285714286
20200122-W-Australian_Open-R64-Arantxa_Rus-Madison_Keys,Madison Keys,0.2711864406779661,0.22033898305084745,0.5084745762711864
20200121-W-Australian_Open-R64-Coco_Gauff-Sorana_Cirstea,Coco Gauff,0.4307692307692308,0.26153846153846155,0.3076923076923077
20200121-W-Australian_Open-R64-Coco_Gauff-Sorana_Cirstea,Sorana Cirstea,0.2711864406779661,0.3389830508474576,0.3898305084745763
20200121-W-Australian_Open-R128-Svetlana_Kuznetsova-Marketa_Vondrousova,Svetlana Kuznetsova,0.44155844155844154,0.14285714285714285,0.4155844155844156
20200121-W-Australian_Open-R128-Svetlana_Kuznetsova-Marketa_Vondrousova,Marketa Vondrousova,0.3225806451612903,0.12903225806451613,0.5483870967741935
20200121-W-Australian_Open-R128-Rebecca_Peterson-Polona_Hercog,Rebecca Peterson,0.2391304347826087,0.13043478260869565,0.6304347826086957
20200121-W-Australian_Open-R128-Rebecca_Peterson-Polona_Hercog,Polona Hercog,0.23728813559322035,0.22033898305084745,0.5423728813559322
20200121-W-Australian_Open-R128-Misaki_Doi-Harriet_Dart,Misaki Doi,0.3017241379310345,0.22413793103448276,0.47413793103448276
20200121-W-Australian_Open-R128-Misaki_Doi-Harriet_Dart,Harriet Dart,0.32608695652173914,0.20652173913043478,0.4673913043478261
20200121-W-Australian_Open-R128-Magda_Linette-Arantxa_Rus,Magda Linette,0.3146067415730337,0.14606741573033707,0.5393258426966292
20200121-W-Australian_Open-R128-Magda_Linette-Arantxa_Rus,Arantxa Rus,0.25,0.1,0.65
20200121-W-Australian_Open-R128-Kirsten_Flipkens-Karolina_Muchova,Kirsten Flipkens,0.375,0.2916666666666667,0.3333333333333333
20200121-W-Australian_Open-R128-Kirsten_Flipkens-Karolina_Muchova,Karolina Muchova,0.375,0.2980769230769231,0.3269230769230769
20200121-W-Australian_Open-R128-Kiki_Bertens-Irina_Camelia_Begu,Kiki Bertens,0.4,0.14285714285714285,0.45714285714285713
20200121-W-Australian_Open-R128-Kiki_Bertens-Irina_Camelia_Begu,Irina Camelia Begu,0.25,0.22727272727272727,0.5227272727272727
20200121-W-Australian_Open-R128-Kateryna_Bondarenko-Arina_Rodionova,Kateryna Bondarenko,0.34210526315789475,0.12280701754385964,0.5350877192982456
20200121-W-Australian_Open-R128-Kateryna_Bondarenko-Arina_Rodionova,Arina Rodionova,0.24390243902439024,0.1951219512195122,0.5609756097560976
20200121-W-Australian_Open-R128-Donna_Vekic-Maria_Sharapova,Donna Vekic,0.4117647058823529,0.14705882352941177,0.4411764705882353
20200121-W-Australian_Open-R128-Donna_Vekic-Maria_Sharapova,Maria Sharapova,0.35555555555555557,0.15555555555555556,0.4888888888888889
20200121-W-Australian_Open-R128-Anna_Blinkova-Jasmine_Paolini,Anna Blinkova,0.4142857142857143,0.17142857142857143,0.4142857142857143
20200121-W-Australian_Open-R128-Anna_Blinkova-Jasmine_Paolini,Jasmine Paolini,0.3181818181818182,0.19696969696969696,0.48484848484848486
20200121-W-Australian_Open-R128-Alize_Cornet-Monica_Niculescu,Alize Cornet,0.5625,0.1875,0.25
20200121-W-Australian_Open-R128-Alize_Cornet-Monica_Niculescu,Monica Niculescu,0.27692307692307694,0.24615384615384617,0.47692307692307695
20200120-W-Australian_Open-R128-Marie_Bouzkova-Naomi_Osaka,Marie Bouzkova,0.4166666666666667,0.041666666666666664,0.5416666666666666
20200120-W-Australian_Open-R128-Marie_Bouzkova-Naomi_Osaka,Naomi Osaka,0.40384615384615385,0.11538461538461539,0.4807692307692308
20200120-W-Australian_Open-R128-Jil_Teichmann-Ekaterina_Alexandrova,Jil Teichmann,0.2459016393442623,0.22950819672131148,0.5245901639344263
20200120-W-Australian_Open-R128-Jil_Teichmann-Ekaterina_Alexandrova,Ekaterina Alexandrova,0.31313131313131315,0.26262626262626265,0.42424242424242425
20200120-W-Australian_Open-R128-Caroline_Wozniacki-Kristie_Ahn,Caroline Wozniacki,0.1935483870967742,0.4838709677419355,0.3225806451612903
20200120-W-Australian_Open-R128-Caroline_Wozniacki-Kristie_Ahn,Kristie Ahn,0.3220338983050847,0.13559322033898305,0.5423728813559322
20200120-W-Australian_Open-R128-Ashleigh_Barty-Lesia_Tsurenko,Ashleigh Barty,0.2459016393442623,0.2786885245901639,0.47540983606557374
20200120-W-Australian_Open-R128-Ashleigh_Barty-Lesia_Tsurenko,Lesia Tsurenko,0.1590909090909091,0.25,0.5909090909090909
20200117-W-Australian_Open-Q2-Leylah_Fernandez-Mayo_Hibi,Leylah Fernandez,0.4225352112676056,0.1267605633802817,0.4507042253521127
20200117-W-Australian_Open-Q2-Leylah_Fernandez-Mayo_Hibi,Mayo Hibi,0.2826086956521739,0.1956521739130435,0.5217391304347826
20200116-W-Hobart-QF-Lizette_Cabrera-Elena_Rybakina,Lizette Cabrera,0.43820224719101125,0.16853932584269662,0.39325842696629215
20200116-W-Hobart-QF-Lizette_Cabrera-Elena_Rybakina,Elena Rybakina,0.411214953271028,0.19626168224299065,0.3925233644859813
20200116-W-Adelaide-QF-Ashleigh_Barty-Marketa_Vondrousova,Ashleigh Barty,0.3384615384615385,0.24615384615384617,0.4153846153846154
20200116-W-Adelaide-QF-Ashleigh_Barty-Marketa_Vondrousova,Marketa Vondrousova,0.1794871794871795,0.2564102564102564,0.5641025641025641
20200115-W-Australian_Open-Q1-Lesley_Pattinama_Kerkhove-Eva_Guerrero_Alvarez,Lesley Pattinama Kerkhove,0.38,0.14,0.48
20200115-W-Australian_Open-Q1-Lesley_Pattinama_Kerkhove-Eva_Guerrero_Alvarez,Eva Guerrero Alvarez,0.1951219512195122,0.14634146341463414,0.6585365853658537
20200114-W-Australian_Open-Q1-Rebecca_Sramkova-Maddison_Inglis,Rebecca Sramkova,0.24761904761904763,0.19047619047619047,0.5619047619047619
20200114-W-Australian_Open-Q1-Rebecca_Sramkova-Maddison_Inglis,Maddison Inglis,0.25757575757575757,0.21212121212121213,0.5303030303030303
20200112-W-Auckland-F-Serena_Williams-Jessica_Pegula,Serena Williams,0.41333333333333333,0.2,0.38666666666666666
20200112-W-Auckland-F-Serena_Williams-Jessica_Pegula,Jessica Pegula,0.3023255813953488,0.18604651162790697,0.4883720930232558
20200111-W-Brisbane-SF-Naomi_Osaka-Karolina_Pliskova,Naomi Osaka,0.42857142857142855,0.14285714285714285,0.42857142857142855
20200111-W-Brisbane-SF-Naomi_Osaka-Karolina_Pliskova,Karolina Pliskova,0.4307692307692308,0.2,0.36923076923076925
20200111-W-Auckland-SF-Caroline_Wozniacki-Jessica_Pegula,Caroline Wozniacki,0.2391304347826087,0.2608695652173913,0.5
20200111-W-Auckland-SF-Caroline_Wozniacki-Jessica_Pegula,Jessica Pegula,0.35714285714285715,0.25,0.39285714285714285
20200111-W-Auckland-SF-Amanda_Anisimova-Serena_Williams,Amanda Anisimova,0.45454545454545453,0.22727272727272727,0.3181818181818182
20200111-W-Auckland-SF-Amanda_Anisimova-Serena_Williams,Serena Williams,0.5,0.375,0.125
20200110-W-Shenzhen-SF-Elena_Rybakina-Kristyna_Pliskova,Elena Rybakina,0.47058823529411764,0.2647058823529412,0.2647058823529412
20200110-W-Shenzhen-SF-Elena_Rybakina-Kristyna_Pliskova,Kristyna Pliskova,0.4090909090909091,0.18181818181818182,0.4090909090909091
20200110-W-Brisbane-QF-Naomi_Osaka-Kiki_Bertens,Naomi Osaka,0.3611111111111111,0.20833333333333334,0.4305555555555556
20200110-W-Brisbane-QF-Naomi_Osaka-Kiki_Bertens,Kiki Bertens,0.2711864406779661,0.23728813559322035,0.4915254237288136
20200110-W-Auckland-QF-Caroline_Wozniacki-Julia_Goerges,Caroline Wozniacki,0.16666666666666666,0.5833333333333334,0.25
20200110-W-Auckland-QF-Caroline_Wozniacki-Julia_Goerges,Julia Goerges,0.45454545454545453,0.2,0.34545454545454546
20200110-W-Auckland-QF-Amanda_Anisimova-Eugenie_Bouchard,Amanda Anisimova,0.39080459770114945,0.11494252873563218,0.4942528735632184
20200110-W-Auckland-QF-Amanda_Anisimova-Eugenie_Bouchard,Eugenie Bouchard,0.359375,0.0625,0.578125
20200109-W-Shenzhen-R32-Yafan_Wang-Sara_Sorribes_Tormo,Yafan Wang,0.3146067415730337,0.23595505617977527,0.449438202247191
20200109-W-Shenzhen-R32-Yafan_Wang-Sara_Sorribes_Tormo,Sara Sorribes Tormo,0.20408163265306123,0.32653061224489793,0.46938775510204084
20200109-W-Shenzhen-QF-Elena_Rybakina-Elise_Mertens,Elena Rybakina,0.47435897435897434,0.21794871794871795,0.3076923076923077
20200109-W-Shenzhen-QF-Elena_Rybakina-Elise_Mertens,Elise Mertens,0.3898305084745763,0.1864406779661017,0.423728813559322
20200109-W-Brisbane-R16-Anett_Kontaveit-Kiki_Bertens,Anett Kontaveit,0.34523809523809523,0.16666666666666666,0.47619047619047616
20200109-W-Brisbane-R16-Anett_Kontaveit-Kiki_Bertens,Kiki Bertens,0.2727272727272727,0.2909090909090909,0.43636363636363634
20200107-W-Brisbane-R32-Dayana_Yastremska-Kiki_Bertens,Dayana Yastremska,0.2702702702702703,0.22972972972972974,0.5
20200107-W-Brisbane-R32-Dayana_Yastremska-Kiki_Bertens,Kiki Bertens,0.13953488372093023,0.13953488372093023,0.7209302325581395
20200106-W-Brisbane-R32-Danielle_Collins-Elina_Svitolina,Danielle Collins,0.45652173913043476,0.2391304347826087,0.30434782608695654
20200106-W-Brisbane-R32-Danielle_Collins-Elina_Svitolina,Elina Svitolina,0.045454545454545456,0.36363636363636365,0.5909090909090909
20200106-W-Auckland-R32-Valentina_Ivanov-Jil_Teichmann,Valentina Ivanov,0.2682926829268293,0.12195121951219512,0.6097560975609756
20200106-W-Auckland-R32-Valentina_Ivanov-Jil_Teichmann,Jil Teichmann,0.38235294117647056,0.19117647058823528,0.4264705882352941
20191214-W-ITF_Dubai-F-Ana_Bogdan-Daria_Snigur,Ana Bogdan,0.3235294117647059,0.2647058823529412,0.4117647058823529
20191214-W-ITF_Dubai-F-Ana_Bogdan-Daria_Snigur,Daria Snigur,0.20512820512820512,0.2564102564102564,0.5384615384615384
20191130-W-ITF_Solarino-F-Urszula_Radwanska-Indy_De_Vroome,Urszula Radwanska,0.32,0.12,0.56
20191130-W-ITF_Solarino-F-Urszula_Radwanska-Indy_De_Vroome,Indy De Vroome,0.5087719298245614,0.17543859649122806,0.3157894736842105
20191109-W-Fed_Cup_World_Group_F-RR-Ashleigh_Barty-Caroline_Garcia,Ashleigh Barty,0.5172413793103449,0.1724137931034483,0.3103448275862069
20191109-W-Fed_Cup_World_Group_F-RR-Ashleigh_Barty-Caroline_Garcia,Caroline Garcia,0.08333333333333333,0.3055555555555556,0.6111111111111112
20191101-W-Shenzhen_Finals-RR-Elina_Svitolina-Sofia_Kenin,Elina Svitolina,0.2916666666666667,0.16666666666666666,0.5416666666666666
20191101-W-Shenzhen_Finals-RR-Elina_Svitolina-Sofia_Kenin,Sofia Kenin,0.3956043956043956,0.12087912087912088,0.4835164835164835
20191031-W-Shenzhen_Finals-RR-Belinda_Bencic-Kiki_Bertens,Belinda Bencic,0.2571428571428571,0.3142857142857143,0.42857142857142855
20191031-W-Shenzhen_Finals-RR-Belinda_Bencic-Kiki_Bertens,Kiki Bertens,0.2857142857142857,0.14285714285714285,0.5714285714285714
20191030-W-Shenzhen_Finals-RR-Karolina_Pliskova-Bianca_Andreescu,Karolina Pliskova,0.56,0.08,0.36
20191030-W-Shenzhen_Finals-RR-Karolina_Pliskova-Bianca_Andreescu,Bianca Andreescu,0.2692307692307692,0.19230769230769232,0.5384615384615384
20191030-W-Shenzhen_Finals-RR-Elina_Svitolina-Simona_Halep,Elina Svitolina,0.3409090909090909,0.1590909090909091,0.5
20191030-W-Shenzhen_Finals-RR-Elina_Svitolina-Simona_Halep,Simona Halep,0.2916666666666667,0.18055555555555555,0.5277777777777778
20191029-W-Shenzhen_Finals-RR-Petra_Kvitova-Belinda_Bencic,Petra Kvitova,0.37735849056603776,0.11320754716981132,0.5094339622641509
20191029-W-Shenzhen_Finals-RR-Petra_Kvitova-Belinda_Bencic,Belinda Bencic,0.325,0.1,0.55
20191029-W-Shenzhen_Finals-RR-Ashleigh_Barty-Kiki_Bertens,Ashleigh Barty,0.2631578947368421,0.18421052631578946,0.5526315789473685
20191029-W-Shenzhen_Finals-RR-Ashleigh_Barty-Kiki_Bertens,Kiki Bertens,0.2926829268292683,0.17073170731707318,0.5365853658536586
20191028-W-Shenzhen_Finals-RR-Elina_Svitolina-Karolina_Pliskova,Elina Svitolina,0.3695652173913043,0.21739130434782608,0.41304347826086957
20191028-W-Shenzhen_Finals-RR-Elina_Svitolina-Karolina_Pliskova,Karolina Pliskova,0.38095238095238093,0.15476190476190477,0.4642857142857143
20191026-W-Zhuhai-SF-Kiki_Bertens-Saisai_Zheng,Kiki Bertens,0.3088235294117647,0.20588235294117646,0.4852941176470588
20191026-W-Zhuhai-SF-Kiki_Bertens-Saisai_Zheng,Saisai Zheng,0.2638888888888889,0.2361111111111111,0.4861111111111111
20191025-W-Zhuhai-RR-Karolina_Muchova-Sofia_Kenin,Karolina Muchova,0.33783783783783783,0.20270270270270271,0.4594594594594595
20191025-W-Zhuhai-RR-Karolina_Muchova-Sofia_Kenin,Sofia Kenin,0.3333333333333333,0.15789473684210525,0.5087719298245614
20191025-W-ITF_Szekesfehervar-QF-Kaja_Juvan-Katarina_Zavatska,Kaja Juvan,0.2692307692307692,0.038461538461538464,0.6923076923076923
20191025-W-ITF_Szekesfehervar-QF-Kaja_Juvan-Katarina_Zavatska,Katarina Zavatska,0.3404255319148936,0.1702127659574468,0.48936170212765956
20191024-W-Zhuhai-RR-Karolina_Muchova-Alison_Riske_Amritraj,Karolina Muchova,0.3114754098360656,0.2786885245901639,0.4098360655737705
20191024-W-Zhuhai-RR-Karolina_Muchova-Alison_Riske_Amritraj,Alison Riske Amritraj,0.26666666666666666,0.2833333333333333,0.45
20191024-W-Zhuhai-RR-Dayana_Yastremska-Kiki_Bertens,Dayana Yastremska,0.2727272727272727,0.15151515151515152,0.5757575757575758
20191024-W-Zhuhai-RR-Dayana_Yastremska-Kiki_Bertens,Kiki Bertens,0.10526315789473684,0.15789473684210525,0.7368421052631579
20191022-W-Zhuhai-RR-Kiki_Bertens-Donna_Vekic,Kiki Bertens,0.24444444444444444,0.28888888888888886,0.4666666666666667
20191022-W-Zhuhai-RR-Kiki_Bertens-Donna_Vekic,Donna Vekic,0.2727272727272727,0.19696969696969696,0.5303030303030303
20191019-W-Moscow-R32-Dayana_Yastremska-Daria_Kasatkina,Dayana Yastremska,0.3793103448275862,0.3448275862068966,0.27586206896551724
20191019-W-Moscow-R32-Dayana_Yastremska-Daria_Kasatkina,Daria Kasatkina,0.15625,0.5625,0.28125
20191018-W-Moscow-QF-Veronika_Kudermetova-Anastasia_Pavlyuchenkova,Veronika Kudermetova,0.375,0.2159090909090909,0.4090909090909091
20191018-W-Moscow-QF-Veronika_Kudermetova-Anastasia_Pavlyuchenkova,Anastasia Pavlyuchenkova,0.2545454545454545,0.32727272727272727,0.41818181818181815
20191018-W-Moscow-QF-Kirsten_Flipkens-Belinda_Bencic,Kirsten Flipkens,0.2619047619047619,0.2619047619047619,0.47619047619047616
20191018-W-Moscow-QF-Kirsten_Flipkens-Belinda_Bencic,Belinda Bencic,0.1864406779661017,0.5084745762711864,0.3050847457627119
20191018-W-Moscow-QF-Kiki_Bertens-Kristina_Mladenovic,Kiki Bertens,0.36619718309859156,0.19718309859154928,0.43661971830985913
20191018-W-Moscow-QF-Kiki_Bertens-Kristina_Mladenovic,Kristina Mladenovic,0.2676056338028169,0.323943661971831,0.39436619718309857
20191018-W-Moscow-QF-Karolina_Muchova-Ekaterina_Alexandrova,Karolina Muchova,0.2857142857142857,0.3333333333333333,0.3333333333333333
20191018-W-Moscow-QF-Karolina_Muchova-Ekaterina_Alexandrova,Ekaterina Alexandrova,0.23529411764705882,0.2549019607843137,0.5098039215686274
20191017-W-Moscow-R16-Kiki_Bertens-Kaia_Kanepi,Kiki Bertens,0.4520547945205479,0.1506849315068493,0.3972602739726027
20191017-W-Moscow-R16-Kiki_Bertens-Kaia_Kanepi,Kaia Kanepi,0.3048780487804878,0.17073170731707318,0.524390243902439
20191017-W-Moscow-R16-Elina_Svitolina-Veronika_Kudermetova,Elina Svitolina,0.34210526315789475,0.2631578947368421,0.39473684210526316
20191017-W-Moscow-R16-Elina_Svitolina-Veronika_Kudermetova,Veronika Kudermetova,0.33707865168539325,0.2247191011235955,0.43820224719101125
20191016-W-Moscow-R16-Ekaterina_Alexandrova-Anna_Kalinskaya,Ekaterina Alexandrova,0.41935483870967744,0.2903225806451613,0.2903225806451613
20191016-W-Moscow-R16-Ekaterina_Alexandrova-Anna_Kalinskaya,Anna Kalinskaya,0.16,0.24,0.6
20191015-W-Moscow-R32-Ons_Jabeur-Veronika_Kudermetova,Ons Jabeur,0.2857142857142857,0.2857142857142857,0.42857142857142855
20191015-W-Moscow-R32-Ons_Jabeur-Veronika_Kudermetova,Veronika Kudermetova,0.20833333333333334,0.4375,0.3541666666666667
20191015-W-Moscow-R32-Katerina_Siniakova-Polona_Hercog,Katerina Siniakova,0.21052631578947367,0.18421052631578946,0.6052631578947368
20191015-W-Moscow-R32-Katerina_Siniakova-Polona_Hercog,Polona Hercog,0.32653061224489793,0.1836734693877551,0.4897959183673469
20191015-W-Moscow-R32-Jana_Cepelova-Ekaterina_Alexandrova,Jana Cepelova,0.12903225806451613,0.1935483870967742,0.6774193548387096
20191015-W-Moscow-R32-Jana_Cepelova-Ekaterina_Alexandrova,Ekaterina Alexandrova,0.28,0.2,0.52
20191012-W-Tianjin-SF-Heather_Watson-Veronika_Kudermetova,Heather Watson,0.4166666666666667,0.2777777777777778,0.3055555555555556
20191012-W-Tianjin-SF-Heather_Watson-Veronika_Kudermetova,Veronika Kudermetova,0.3333333333333333,0.07142857142857142,0.5952380952380952
20191011-W-Tianjin-QF-Dayana_Yastremska-Veronika_Kudermetova,Dayana Yastremska,0.2127659574468085,0.1702127659574468,0.6170212765957447
20191011-W-Tianjin-QF-Dayana_Yastremska-Veronika_Kudermetova,Veronika Kudermetova,0.175,0.35,0.45
20191011-W-Linz-QF-Coco_Gauff-Kiki_Bertens,Coco Gauff,0.3448275862068966,0.25862068965517243,0.39655172413793105
20191011-W-Linz-QF-Coco_Gauff-Kiki_Bertens,Kiki Bertens,0.28,0.16,0.54
20191010-W-Tianjin-R16-Shuai_Peng-Dayana_Yastremska,Shuai Peng,0.13793103448275862,0.2413793103448276,0.6206896551724138
20191010-W-Tianjin-R16-Shuai_Peng-Dayana_Yastremska,Dayana Yastremska,0.45614035087719296,0.10526315789473684,0.43859649122807015
20191010-W-Linz-R16-Kiki_Bertens-Alison_Van_Uytvanck,Kiki Bertens,0.463768115942029,0.18840579710144928,0.34782608695652173
20191010-W-Linz-R16-Kiki_Bertens-Alison_Van_Uytvanck,Alison Van Uytvanck,0.3620689655172414,0.2413793103448276,0.39655172413793105
20191009-W-Linz-R32-Misaki_Doi-Kiki_Bertens,Misaki Doi,0.14925373134328357,0.2835820895522388,0.5671641791044776
20191009-W-Linz-R32-Misaki_Doi-Kiki_Bertens,Kiki Bertens,0.3137254901960784,0.17647058823529413,0.5098039215686274
20191008-W-Tianjin-R32-Ajla_Tomljanovic-Veronika_Kudermetova,Ajla Tomljanovic,0.32432432432432434,0.1891891891891892,0.4864864864864865
20191008-W-Tianjin-R32-Ajla_Tomljanovic-Veronika_Kudermetova,Veronika Kudermetova,0.27586206896551724,0.3275862068965517,0.39655172413793105
20191005-W-Beijing-SF-Caroline_Wozniacki-Naomi_Osaka,Caroline Wozniacki,0.2903225806451613,0.25806451612903225,0.45161290322580644
20191005-W-Beijing-SF-Caroline_Wozniacki-Naomi_Osaka,Naomi Osaka,0.3582089552238806,0.23880597014925373,0.40298507462686567
20191005-W-Beijing-SF-Ashleigh_Barty-Kiki_Bertens,Ashleigh Barty,0.29213483146067415,0.2696629213483146,0.43820224719101125
20191005-W-Beijing-SF-Ashleigh_Barty-Kiki_Bertens,Kiki Bertens,0.36231884057971014,0.2318840579710145,0.4057971014492754
20191004-W-Beijing-QF-Naomi_Osaka-Bianca_Andreescu,Naomi Osaka,0.2727272727272727,0.21212121212121213,0.5151515151515151
20191004-W-Beijing-QF-Naomi_Osaka-Bianca_Andreescu,Bianca Andreescu,0.29333333333333333,0.2,0.5066666666666667
20191004-W-Beijing-QF-Kiki_Bertens-Elina_Svitolina,Kiki Bertens,0.4117647058823529,0.23529411764705882,0.35294117647058826
20191004-W-Beijing-QF-Kiki_Bertens-Elina_Svitolina,Elina Svitolina,0.2653061224489796,0.24489795918367346,0.46938775510204084
20191003-W-Beijing-R16-Naomi_Osaka-Alison_Riske_Amritraj,Naomi Osaka,0.2708333333333333,0.22916666666666666,0.5
20191003-W-Beijing-R16-Naomi_Osaka-Alison_Riske_Amritraj,Alison Riske Amritraj,0.25,0.17857142857142858,0.5714285714285714
20191003-W-Beijing-R16-Jennifer_Brady-Bianca_Andreescu,Jennifer Brady,0.25806451612903225,0.0967741935483871,0.6451612903225806
20191003-W-Beijing-R16-Jennifer_Brady-Bianca_Andreescu,Bianca Andreescu,0.3023255813953488,0.27906976744186046,0.4186046511627907
20191003-W-Beijing-R16-Daria_Kasatkina-Ekaterina_Alexandrova,Daria Kasatkina,0.17857142857142858,0.5357142857142857,0.2857142857142857
20191003-W-Beijing-R16-Daria_Kasatkina-Ekaterina_Alexandrova,Ekaterina Alexandrova,0.27586206896551724,0.1724137931034483,0.5517241379310345
20191003-W-Beijing-R16-Caroline_Wozniacki-Katerina_Siniakova,Caroline Wozniacki,0.16326530612244897,0.3877551020408163,0.4489795918367347
20191003-W-Beijing-R16-Caroline_Wozniacki-Katerina_Siniakova,Katerina Siniakova,0.24242424242424243,0.18181818181818182,0.5757575757575758
20191002-W-Beijing-R32-Bianca_Andreescu-Elise_Mertens,Bianca Andreescu,0.2857142857142857,0.22857142857142856,0.4857142857142857
20191002-W-Beijing-R32-Bianca_Andreescu-Elise_Mertens,Elise Mertens,0.2711864406779661,0.1694915254237288,0.559322033898305
20191002-W-Beijing-R16-Kiki_Bertens-Polona_Hercog,Kiki Bertens,0.19642857142857142,0.26785714285714285,0.5357142857142857
20191002-W-Beijing-R16-Kiki_Bertens-Polona_Hercog,Polona Hercog,0.25882352941176473,0.24705882352941178,0.49411764705882355
20191002-W-Beijing-R16-Elina_Svitolina-Sofia_Kenin,Elina Svitolina,0.4794520547945205,0.0684931506849315,0.4520547945205479
20191002-W-Beijing-R16-Elina_Svitolina-Sofia_Kenin,Sofia Kenin,0.4,0.18095238095238095,0.41904761904761906
20191002-W-Beijing-R16-Belinda_Bencic-Petra_Kvitova,Belinda Bencic,0.32142857142857145,0.2857142857142857,0.39285714285714285
20191002-W-Beijing-R16-Belinda_Bencic-Petra_Kvitova,Petra Kvitova,0.4,0.22,0.38
20191002-W-Beijing-R16-Ashleigh_Barty-Saisai_Zheng,Ashleigh Barty,0.3333333333333333,0.22916666666666666,0.4375
20191002-W-Beijing-R16-Ashleigh_Barty-Saisai_Zheng,Saisai Zheng,0.2903225806451613,0.20967741935483872,0.5
20191001-W-Beijing-R32-Yulia_Putintseva-Ashleigh_Barty,Yulia Putintseva,0.16666666666666666,0.2777777777777778,0.5555555555555556
20191001-W-Beijing-R32-Yulia_Putintseva-Ashleigh_Barty,Ashleigh Barty,0.32653061224489793,0.16326530612244897,0.5102040816326531
20191001-W-Beijing-R32-Caroline_Wozniacki-Christina_Mchale,Caroline Wozniacki,0.275,0.425,0.3
20191001-W-Beijing-R32-Caroline_Wozniacki-Christina_Mchale,Christina Mchale,0.2641509433962264,0.20754716981132076,0.5283018867924528
20191001-W-Beijing-R32-Angelique_Kerber-Polona_Hercog,Angelique Kerber,0.1836734693877551,0.14285714285714285,0.673469387755102
20191001-W-Beijing-R32-Angelique_Kerber-Polona_Hercog,Polona Hercog,0.4418604651162791,0.11627906976744186,0.4418604651162791
20190930-W-Beijing-R64-Caroline_Wozniacki-Lauren_Davis,Caroline Wozniacki,0.27586206896551724,0.4482758620689655,0.2413793103448276
20190930-W-Beijing-R64-Caroline_Wozniacki-Lauren_Davis,Lauren Davis,0.30434782608695654,0.2391304347826087,0.45652173913043476
20190930-W-Beijing-R64-Bianca_Andreescu-Aliaksandra_Sasnovich,Bianca Andreescu,0.2545454545454545,0.2727272727272727,0.4727272727272727
20190930-W-Beijing-R64-Bianca_Andreescu-Aliaksandra_Sasnovich,Aliaksandra Sasnovich,0.27941176470588236,0.14705882352941177,0.5735294117647058
20190930-W-Beijing-R32-Elina_Svitolina-Yafan_Wang,Elina Svitolina,0.38028169014084506,0.15492957746478872,0.4647887323943662
20190930-W-Beijing-R32-Elina_Svitolina-Yafan_Wang,Yafan Wang,0.37209302325581395,0.11627906976744186,0.5116279069767442
20190930-W-Beijing-R32-Dayana_Yastremska-Kiki_Bertens,Dayana Yastremska,0.22535211267605634,0.14084507042253522,0.6338028169014085
20190930-W-Beijing-R32-Dayana_Yastremska-Kiki_Bertens,Kiki Bertens,0.16216216216216217,0.16216216216216217,0.6756756756756757
20190929-W-Beijing-R64-Bernarda_Pera-Ekaterina_Alexandrova,Bernarda Pera,0.23529411764705882,0.1323529411764706,0.6323529411764706
20190929-W-Beijing-R64-Bernarda_Pera-Ekaterina_Alexandrova,Ekaterina Alexandrova,0.3076923076923077,0.11538461538461539,0.5576923076923077
20190929-W-Beijing-R64-Anastasija_Sevastova-Elina_Svitolina,Anastasija Sevastova,0.35714285714285715,0.13095238095238096,0.5119047619047619
20190929-W-Beijing-R64-Anastasija_Sevastova-Elina_Svitolina,Elina Svitolina,0.4225352112676056,0.22535211267605634,0.36619718309859156
20190928-W-Wuhan-F-Aryna_Sabalenka-Alison_Riske_Amritraj,Aryna Sabalenka,0.4,0.17142857142857143,0.42857142857142855
20190928-W-Wuhan-F-Aryna_Sabalenka-Alison_Riske_Amritraj,Alison Riske Amritraj,0.36585365853658536,0.2926829268292683,0.34146341463414637
20190928-W-Beijing-R64-Sofia_Kenin-Garbine_Muguruza,Sofia Kenin,0.34146341463414637,0.14634146341463414,0.5121951219512195
20190928-W-Beijing-R64-Sofia_Kenin-Garbine_Muguruza,Garbine Muguruza,0.29850746268656714,0.1044776119402985,0.5970149253731343
20190928-W-Beijing-R64-Jelena_Ostapenko-Karolina_Pliskova,Jelena Ostapenko,0.4457831325301205,0.18072289156626506,0.37349397590361444
20190928-W-Beijing-R64-Jelena_Ostapenko-Karolina_Pliskova,Karolina Pliskova,0.3508771929824561,0.15789473684210525,0.49122807017543857
20190928-W-Beijing-R64-Donna_Vekic-Kiki_Bertens,Donna Vekic,0.2597402597402597,0.2597402597402597,0.4805194805194805
20190928-W-Beijing-R64-Donna_Vekic-Kiki_Bertens,Kiki Bertens,0.3684210526315789,0.19298245614035087,0.43859649122807015
20190926-W-Wuhan-QF-Elina_Svitolina-Alison_Riske_Amritraj,Elina Svitolina,0.225,0.1,0.675
20190926-W-Wuhan-QF-Elina_Svitolina-Alison_Riske_Amritraj,Alison Riske Amritraj,0.42105263157894735,0.15789473684210525,0.42105263157894735
20190926-W-Wuhan-QF-Dayana_Yastremska-Petra_Kvitova,Dayana Yastremska,0.25,0.20833333333333334,0.5
20190926-W-Wuhan-QF-Dayana_Yastremska-Petra_Kvitova,Petra Kvitova,0.25,0.2777777777777778,0.4722222222222222
20190926-W-Wuhan-QF-Ashleigh_Barty-Petra_Martic,Ashleigh Barty,0.345679012345679,0.09876543209876543,0.5555555555555556
20190926-W-Wuhan-QF-Ashleigh_Barty-Petra_Martic,Petra Martic,0.24358974358974358,0.15384615384615385,0.5897435897435898
20190925-W-Wuhan-R16-Svetlana_Kuznetsova-Elina_Svitolina,Svetlana Kuznetsova,0.3333333333333333,0.07407407407407407,0.5925925925925926
20190925-W-Wuhan-R16-Svetlana_Kuznetsova-Elina_Svitolina,Elina Svitolina,0.4,0.2,0.4
20190925-W-Wuhan-R16-Sloane_Stephens-Petra_Kvitova,Sloane Stephens,0.25806451612903225,0.25806451612903225,0.4838709677419355
20190925-W-Wuhan-R16-Sloane_Stephens-Petra_Kvitova,Petra Kvitova,0.18,0.3,0.52
20190925-W-Wuhan-R16-Dayana_Yastremska-Karolina_Pliskova,Dayana Yastremska,0.4444444444444444,0.37777777777777777,0.15555555555555556
20190925-W-Wuhan-R16-Dayana_Yastremska-Karolina_Pliskova,Karolina Pliskova,0.15789473684210525,0.6842105263157895,0.15789473684210525
20190925-W-Wuhan-R16-Ashleigh_Barty-Sofia_Kenin,Ashleigh Barty,0.32653061224489793,0.10204081632653061,0.5714285714285714
20190925-W-Wuhan-R16-Ashleigh_Barty-Sofia_Kenin,Sofia Kenin,0.2765957446808511,0.1702127659574468,0.5531914893617021
20190924-W-Wuhan-R32-Karolina_Pliskova-Amanda_Anisimova,Karolina Pliskova,0.43636363636363634,0.12727272727272726,0.43636363636363634
20190924-W-Wuhan-R32-Karolina_Pliskova-Amanda_Anisimova,Amanda Anisimova,0.37142857142857144,0.14285714285714285,0.4857142857142857
20190924-W-Wuhan-R32-Bernarda_Pera-Kiki_Bertens,Bernarda Pera,0.24324324324324326,0.20270270270270271,0.5540540540540541
20190924-W-Wuhan-R32-Bernarda_Pera-Kiki_Bertens,Kiki Bertens,0.19642857142857142,0.23214285714285715,0.5714285714285714
20190924-W-Tashkent-R32-Nigina_Abduraimova-Monica_Niculescu,Nigina Abduraimova,0.27586206896551724,0.1896551724137931,0.5344827586206896
20190924-W-Tashkent-R32-Nigina_Abduraimova-Monica_Niculescu,Monica Niculescu,0.2702702702702703,0.4594594594594595,0.2702702702702703
20190922-W-Seoul-F-Magda_Linette-Karolina_Muchova,Magda Linette,0.29411764705882354,0.14705882352941177,0.5588235294117647
20190922-W-Seoul-F-Magda_Linette-Karolina_Muchova,Karolina Muchova,0.3333333333333333,0.3333333333333333,0.3333333333333333
20190921-W-Seoul-SF-Karolina_Muchova-Yafan_Wang,Karolina Muchova,0.5064935064935064,0.14285714285714285,0.35064935064935066
20190921-W-Seoul-SF-Karolina_Muchova-Yafan_Wang,Yafan Wang,0.3617021276595745,0.3191489361702128,0.3191489361702128
20190919-W-Seoul-R16-Patricia_Maria_Tig-Paula_Badosa,Patricia Maria Tig,0.2807017543859649,0.19298245614035087,0.5263157894736842
20190919-W-Seoul-R16-Patricia_Maria_Tig-Paula_Badosa,Paula Badosa,0.29411764705882354,0.20588235294117646,0.5
20190919-W-Osaka-R16-Anastasia_Pavlyuchenkova-Kiki_Bertens,Anastasia Pavlyuchenkova,0.3333333333333333,0.2708333333333333,0.3958333333333333
20190919-W-Osaka-R16-Anastasia_Pavlyuchenkova-Kiki_Bertens,Kiki Bertens,0.3125,0.16666666666666666,0.5208333333333334
20190918-W-Guangzhou-R32-Laura_Siegemund-Sofia_Kenin,Laura Siegemund,0.23404255319148937,0.1702127659574468,0.5957446808510638
20190918-W-Guangzhou-R32-Laura_Siegemund-Sofia_Kenin,Sofia Kenin,0.11764705882352941,0.35294117647058826,0.5294117647058824
20190918-W-Guangzhou-R16-Marie_Bouzkova-Elina_Svitolina,Marie Bouzkova,0.35555555555555557,0.13333333333333333,0.5111111111111111
20190918-W-Guangzhou-R16-Marie_Bouzkova-Elina_Svitolina,Elina Svitolina,0.2708333333333333,0.125,0.5833333333333334
20190918-W-Guangzhou-R16-Aleksandra_Krunic-Anna_Blinkova,Aleksandra Krunic,0.26785714285714285,0.30357142857142855,0.42857142857142855
20190918-W-Guangzhou-R16-Aleksandra_Krunic-Anna_Blinkova,Anna Blinkova,0.2926829268292683,0.5121951219512195,0.17073170731707318
20190917-W-Guangzhou-R32-Andrea_Petkovic-Lesley_Pattinama_Kerkhove,Andrea Petkovic,0.2857142857142857,0.18181818181818182,0.5324675324675324
20190917-W-Guangzhou-R32-Andrea_Petkovic-Lesley_Pattinama_Kerkhove,Lesley Pattinama Kerkhove,0.3058823529411765,0.16470588235294117,0.5294117647058824
20190913-W-Zhengzhou-R16-Kiki_Bertens-Ajla_Tomljanovic,Kiki Bertens,0.2727272727272727,0.2,0.5272727272727272
20190913-W-Zhengzhou-R16-Kiki_Bertens-Ajla_Tomljanovic,Ajla Tomljanovic,0.4107142857142857,0.25,0.3392857142857143
20190911-W-Zhengzhou-R16-Karolina_Pliskova-Polona_Hercog,Karolina Pliskova,0.35,0.03333333333333333,0.6166666666666667
20190911-W-Zhengzhou-R16-Karolina_Pliskova-Polona_Hercog,Polona Hercog,0.24193548387096775,0.06451612903225806,0.6935483870967742
20190911-W-Hiroshima-R16-Priscilla_Hon-Su_Wei_Hsieh,Priscilla Hon,0.36792452830188677,0.1792452830188679,0.4528301886792453
20190911-W-Hiroshima-R16-Priscilla_Hon-Su_Wei_Hsieh,Su Wei Hsieh,0.49056603773584906,0.16981132075471697,0.33962264150943394
20190910-W-Zhengzhou-R32-Bibiane_Schoofs-Saisai_Zheng,Bibiane Schoofs,0.15625,0.265625,0.578125
20190910-W-Zhengzhou-R32-Bibiane_Schoofs-Saisai_Zheng,Saisai Zheng,0.26666666666666666,0.26666666666666666,0.4666666666666667
20190910-W-Hiroshima-R32-Risa_Ozaki-Su_Wei_Hsieh,Risa Ozaki,0.34,0.14,0.5
20190910-W-Hiroshima-R32-Risa_Ozaki-Su_Wei_Hsieh,Su Wei Hsieh,0.43478260869565216,0.17391304347826086,0.391304347826087
20190907-W-US_Open-F-Serena_Williams-Bianca_Andreescu,Serena Williams,0.3728813559322034,0.15254237288135594,0.4745762711864407
20190907-W-US_Open-F-Serena_Williams-Bianca_Andreescu,Bianca Andreescu,0.35,0.2,0.425
20190905-W-US_Open-SF-Belinda_Bencic-Bianca_Andreescu,Belinda Bencic,0.23333333333333334,0.3333333333333333,0.43333333333333335
20190905-W-US_Open-SF-Belinda_Bencic-Bianca_Andreescu,Bianca Andreescu,0.3670886075949367,0.22784810126582278,0.4050632911392405
20190904-W-US_Open-QF-Elise_Mertens-Bianca_Andreescu,Elise Mertens,0.30434782608695654,0.21739130434782608,0.4782608695652174
20190904-W-US_Open-QF-Elise_Mertens-Bianca_Andreescu,Bianca Andreescu,0.39285714285714285,0.2261904761904762,0.38095238095238093
20190903-W-US_Open-QF-Serena_Williams-Qiang_Wang,Serena Williams,0.5121951219512195,0.2926829268292683,0.1951219512195122
20190903-W-US_Open-QF-Serena_Williams-Qiang_Wang,Qiang Wang,0.0,0.2727272727272727,0.7272727272727273
20190902-W-US_Open-R16-Bianca_Andreescu-Taylor_Townsend,Bianca Andreescu,0.38235294117647056,0.38235294117647056,0.23529411764705882
20190902-W-US_Open-R16-Bianca_Andreescu-Taylor_Townsend,Taylor Townsend,0.32075471698113206,0.2830188679245283,0.39622641509433965
20190831-W-US_Open-R32-Sorana_Cirstea-Taylor_Townsend,Sorana Cirstea,0.41304347826086957,0.21739130434782608,0.3695652173913043
20190831-W-US_Open-R32-Sorana_Cirstea-Taylor_Townsend,Taylor Townsend,0.41379310344827586,0.2413793103448276,0.3448275862068966
20190831-W-US_Open-R32-Naomi_Osaka-Coco_Gauff,Naomi Osaka,0.45714285714285713,0.08571428571428572,0.45714285714285713
20190831-W-US_Open-R32-Naomi_Osaka-Coco_Gauff,Coco Gauff,0.17647058823529413,0.2647058823529412,0.5588235294117647
20190831-W-US_Open-R32-Kristie_Ahn-Jelena_Ostapenko,Kristie Ahn,0.23684210526315788,0.23684210526315788,0.5263157894736842
20190831-W-US_Open-R32-Kristie_Ahn-Jelena_Ostapenko,Jelena Ostapenko,0.27692307692307694,0.2,0.5230769230769231
20190831-W-US_Open-R32-Julia_Goerges-Kiki_Bertens,Julia Goerges,0.29545454545454547,0.2727272727272727,0.4318181818181818
20190831-W-US_Open-R32-Julia_Goerges-Kiki_Bertens,Kiki Bertens,0.15151515151515152,0.12121212121212122,0.7272727272727273
20190831-W-US_Open-R32-Donna_Vekic-Yulia_Putintseva,Donna Vekic,0.4230769230769231,0.11538461538461539,0.46153846153846156
20190831-W-US_Open-R32-Donna_Vekic-Yulia_Putintseva,Yulia Putintseva,0.3125,0.15625,0.5
20190831-W-US_Open-R32-Caroline_Wozniacki-Bianca_Andreescu,Caroline Wozniacki,0.3333333333333333,0.12121212121212122,0.5454545454545454
20190831-W-US_Open-R32-Caroline_Wozniacki-Bianca_Andreescu,Bianca Andreescu,0.2876712328767123,0.273972602739726,0.4383561643835616
20190830-W-US_Open-R32-Madison_Keys-Sofia_Kenin,Madison Keys,0.29545454545454547,0.22727272727272727,0.4772727272727273
20190830-W-US_Open-R32-Madison_Keys-Sofia_Kenin,Sofia Kenin,0.2,0.34285714285714286,0.45714285714285713
20190829-W-US_Open-R64-Taylor_Townsend-Simona_Halep,Taylor Townsend,0.3333333333333333,0.3137254901960784,0.35294117647058826
20190829-W-US_Open-R64-Taylor_Townsend-Simona_Halep,Simona Halep,0.36065573770491804,0.4098360655737705,0.22950819672131148
20190829-W-US_Open-R64-Su_Wei_Hsieh-Karolina_Muchova,Su Wei Hsieh,0.1774193548387097,0.3387096774193548,0.4838709677419355
20190829-W-US_Open-R64-Su_Wei_Hsieh-Karolina_Muchova,Karolina Muchova,0.31521739130434784,0.22826086956521738,0.45652173913043476
20190829-W-US_Open-R64-Laura_Siegemund-Sofia_Kenin,Laura Siegemund,0.31746031746031744,0.14285714285714285,0.5396825396825397
20190829-W-US_Open-R64-Laura_Siegemund-Sofia_Kenin,Sofia Kenin,0.3076923076923077,0.28205128205128205,0.41025641025641024
20190829-W-US_Open-R64-Kirsten_Flipkens-Bianca_Andreescu,Kirsten Flipkens,0.425531914893617,0.1276595744680851,0.44680851063829785
20190829-W-US_Open-R64-Kirsten_Flipkens-Bianca_Andreescu,Bianca Andreescu,0.36363636363636365,0.2727272727272727,0.36363636363636365
20190829-W-US_Open-R64-Kaia_Kanepi-Donna_Vekic,Kaia Kanepi,0.36363636363636365,0.10909090909090909,0.5272727272727272
20190829-W-US_Open-R64-Kaia_Kanepi-Donna_Vekic,Donna Vekic,0.3114754098360656,0.16393442622950818,0.5245901639344263
20190829-W-US_Open-R64-Iga_Swiatek-Anastasija_Sevastova,Iga Swiatek,0.30864197530864196,0.14814814814814814,0.5432098765432098
20190829-W-US_Open-R64-Iga_Swiatek-Anastasija_Sevastova,Anastasija Sevastova,0.3125,0.20833333333333334,0.4791666666666667
20190829-W-US_Open-R64-Francesca_Di_Lorenzo-Julia_Goerges,Francesca Di Lorenzo,0.1875,0.125,0.6875
20190829-W-US_Open-R64-Francesca_Di_Lorenzo-Julia_Goerges,Julia Goerges,0.3770491803278688,0.18032786885245902,0.4426229508196721
20190829-W-US_Open-R64-Anastasia_Pavlyuchenkova-Kiki_Bertens,Anastasia Pavlyuchenkova,0.37037037037037035,0.14814814814814814,0.48148148148148145
20190829-W-US_Open-R64-Anastasia_Pavlyuchenkova-Kiki_Bertens,Kiki Bertens,0.4318181818181818,0.1590909090909091,0.4090909090909091
20190827-W-US_Open-R128-Paula_Badosa-Kiki_Bertens,Paula Badosa,0.2222222222222222,0.2222222222222222,0.5555555555555556
20190827-W-US_Open-R128-Paula_Badosa-Kiki_Bertens,Kiki Bertens,0.4523809523809524,0.21428571428571427,0.3333333333333333
20190827-W-US_Open-R128-Katie_Volynets-Bianca_Andreescu,Katie Volynets,0.18518518518518517,0.14814814814814814,0.6666666666666666
20190827-W-US_Open-R128-Katie_Volynets-Bianca_Andreescu,Bianca Andreescu,0.3246753246753247,0.22077922077922077,0.45454545454545453
20190827-W-US_Open-R128-Donna_Vekic-Richel_Hogenkamp,Donna Vekic,0.3918918918918919,0.1891891891891892,0.4189189189189189
20190827-W-US_Open-R128-Donna_Vekic-Richel_Hogenkamp,Richel Hogenkamp,0.35,0.18333333333333332,0.4666666666666667
20190826-W-US_Open-R128-Whitney_Osuigwe-Elina_Svitolina,Whitney Osuigwe,0.3269230769230769,0.09615384615384616,0.5769230769230769
20190826-W-US_Open-R128-Whitney_Osuigwe-Elina_Svitolina,Elina Svitolina,0.35135135135135137,0.16216216216216217,0.4864864864864865
20190826-W-US_Open-R128-Serena_Williams-Maria_Sharapova,Serena Williams,0.1935483870967742,0.5161290322580645,0.2903225806451613
20190826-W-US_Open-R128-Serena_Williams-Maria_Sharapova,Maria Sharapova,0.12,0.24,0.64
20190826-W-US_Open-R128-Priscilla_Hon-Margarita_Gasparyan,Priscilla Hon,0.21428571428571427,0.2857142857142857,0.5
20190826-W-US_Open-R128-Priscilla_Hon-Margarita_Gasparyan,Margarita Gasparyan,0.14285714285714285,0.40476190476190477,0.4523809523809524
20190826-W-US_Open-R128-Iga_Swiatek-Ivana_Jorovic,Iga Swiatek,0.5588235294117647,0.17647058823529413,0.2647058823529412
20190826-W-US_Open-R128-Iga_Swiatek-Ivana_Jorovic,Ivana Jorovic,0.16666666666666666,0.20833333333333334,0.625
20190826-W-US_Open-R128-Angelique_Kerber-Kristina_Mladenovic,Angelique Kerber,0.4852941176470588,0.19117647058823528,0.3235294117647059
20190826-W-US_Open-R128-Angelique_Kerber-Kristina_Mladenovic,Kristina Mladenovic,0.4421052631578947,0.22105263157894736,0.3368421052631579
20190818-W-New_York-Q3-Jil_Teichmann-Laura_Siegemund,Jil Teichmann,0.2727272727272727,0.16666666666666666,0.5606060606060606
20190818-W-New_York-Q3-Jil_Teichmann-Laura_Siegemund,Laura Siegemund,0.37142857142857144,0.19047619047619047,0.4380952380952381
20190817-W-Cincinnati-SF-Madison_Keys-Sofia_Kenin,Madison Keys,0.38181818181818183,0.14545454545454545,0.45454545454545453
20190817-W-Cincinnati-SF-Madison_Keys-Sofia_Kenin,Sofia Kenin,0.325,0.2,0.475
20190816-W-Cincinnati-QF-Madison_Keys-Venus_Williams,Madison Keys,0.4,0.12727272727272726,0.4727272727272727
20190816-W-Cincinnati-QF-Madison_Keys-Venus_Williams,Venus Williams,0.0625,0.34375,0.59375
20190816-W-Cincinnati-QF-Ashleigh_Barty-Maria_Sakkari,Ashleigh Barty,0.32,0.3,0.38
20190816-W-Cincinnati-QF-Ashleigh_Barty-Maria_Sakkari,Maria Sakkari,0.3559322033898305,0.0847457627118644,0.559322033898305
20190815-W-Cincinnati-R16-Sofia_Kenin-Elina_Svitolina,Sofia Kenin,0.4268292682926829,0.15853658536585366,0.4146341463414634
20190815-W-Cincinnati-R16-Sofia_Kenin-Elina_Svitolina,Elina Svitolina,0.2978723404255319,0.1276595744680851,0.574468085106383
20190814-W-Cincinnati-R32-Anett_Kontaveit-Iga_Swiatek,Anett Kontaveit,0.31666666666666665,0.16666666666666666,0.5166666666666667
20190814-W-Cincinnati-R32-Anett_Kontaveit-Iga_Swiatek,Iga Swiatek,0.3064516129032258,0.1774193548387097,0.5161290322580645
20190813-W-Cincinnati-R64-Venus_Williams-Kiki_Bertens,Venus Williams,0.3181818181818182,0.19696969696969696,0.48484848484848486
20190813-W-Cincinnati-R64-Venus_Williams-Kiki_Bertens,Kiki Bertens,0.3194444444444444,0.1388888888888889,0.5416666666666666
20190813-W-Cincinnati-R64-Madison_Keys-Garbine_Muguruza,Madison Keys,0.37254901960784315,0.10784313725490197,0.5196078431372549
20190813-W-Cincinnati-R64-Madison_Keys-Garbine_Muguruza,Garbine Muguruza,0.1794871794871795,0.2564102564102564,0.5641025641025641
20190812-W-Cincinnati-R64-Caty_Mcnally-Elise_Mertens,Caty Mcnally,0.3469387755102041,0.12244897959183673,0.5306122448979592
20190812-W-Cincinnati-R64-Caty_Mcnally-Elise_Mertens,Elise Mertens,0.40816326530612246,0.16326530612244897,0.42857142857142855
20190811-W-Toronto-F-Serena_Williams-Bianca_Andreescu,Serena Williams,0.23076923076923078,0.07692307692307693,0.6923076923076923
20190811-W-Toronto-F-Serena_Williams-Bianca_Andreescu,Bianca Andreescu,0.2222222222222222,0.1111111111111111,0.6666666666666666
20190810-W-Toronto-SF-Bianca_Andreescu-Sofia_Kenin,Bianca Andreescu,0.3287671232876712,0.1095890410958904,0.5616438356164384
20190810-W-Toronto-SF-Bianca_Andreescu-Sofia_Kenin,Sofia Kenin,0.27692307692307694,0.13846153846153847,0.5846153846153846
20190809-W-Toronto-QF-Serena_Williams-Naomi_Osaka,Serena Williams,0.38636363636363635,0.11363636363636363,0.5
20190809-W-Toronto-QF-Serena_Williams-Naomi_Osaka,Naomi Osaka,0.2,0.16666666666666666,0.6333333333333333
20190809-W-Toronto-QF-Karolina_Pliskova-Bianca_Andreescu,Karolina Pliskova,0.21153846153846154,0.21153846153846154,0.5769230769230769
20190809-W-Toronto-QF-Karolina_Pliskova-Bianca_Andreescu,Bianca Andreescu,0.3333333333333333,0.13725490196078433,0.5294117647058824
20190808-W-Toronto-R16-Dayana_Yastremska-Sofia_Kenin,Dayana Yastremska,0.3333333333333333,0.16666666666666666,0.5
20190808-W-Toronto-R16-Dayana_Yastremska-Sofia_Kenin,Sofia Kenin,0.24,0.48,0.28
20190808-W-Toronto-R16-Bianca_Andreescu-Kiki_Bertens,Bianca Andreescu,0.323943661971831,0.16901408450704225,0.5070422535211268
20190808-W-Toronto-R16-Bianca_Andreescu-Kiki_Bertens,Kiki Bertens,0.2,0.11428571428571428,0.6857142857142857
20190808-W-Toronto-R16-Belinda_Bencic-Elina_Svitolina,Belinda Bencic,0.3181818181818182,0.22727272727272727,0.45454545454545453
20190808-W-Toronto-R16-Belinda_Bencic-Elina_Svitolina,Elina Svitolina,0.3448275862068966,0.20689655172413793,0.4482758620689655
20190807-W-Toronto-R32-Dayana_Yastremska-Victoria_Azarenka,Dayana Yastremska,0.6060606060606061,0.16666666666666666,0.22727272727272727
20190807-W-Toronto-R32-Dayana_Yastremska-Victoria_Azarenka,Victoria Azarenka,0.2857142857142857,0.6071428571428571,0.10714285714285714
20190807-W-Toronto-R32-Bianca_Andreescu-Daria_Kasatkina,Bianca Andreescu,0.4375,0.09821428571428571,0.45535714285714285
20190807-W-Toronto-R32-Bianca_Andreescu-Daria_Kasatkina,Daria Kasatkina,0.3188405797101449,0.14492753623188406,0.5362318840579711
20190806-W-Toronto-R64-Bianca_Andreescu-Eugenie_Bouchard,Bianca Andreescu,0.36486486486486486,0.21621621621621623,0.4189189189189189
20190806-W-Toronto-R64-Bianca_Andreescu-Eugenie_Bouchard,Eugenie Bouchard,0.18,0.22,0.6
20190806-W-Toronto-R32-Francesca_Di_Lorenzo-Kiki_Bertens,Francesca Di Lorenzo,0.16666666666666666,0.05555555555555555,0.7777777777777778
20190806-W-Toronto-R32-Francesca_Di_Lorenzo-Kiki_Bertens,Kiki Bertens,0.39473684210526316,0.15789473684210525,0.4473684210526316
20190805-W-Toronto-R64-Su_Wei_Hsieh-Sofia_Kenin,Su Wei Hsieh,0.40425531914893614,0.14893617021276595,0.44680851063829785
20190805-W-Toronto-R64-Su_Wei_Hsieh-Sofia_Kenin,Sofia Kenin,0.375,0.20833333333333334,0.4166666666666667
20190805-W-Toronto-R64-Anett_Kontaveit-Maria_Sharapova,Anett Kontaveit,0.32098765432098764,0.2839506172839506,0.3950617283950617
20190805-W-Toronto-R64-Anett_Kontaveit-Maria_Sharapova,Maria Sharapova,0.29411764705882354,0.19117647058823528,0.5147058823529411
20190801-W-Washington-R16-Christina_Mchale-Caty_Mcnally,Christina Mchale,0.2923076923076923,0.2,0.5076923076923077
20190801-W-Washington-R16-Christina_Mchale-Caty_Mcnally,Caty Mcnally,0.3150684931506849,0.1917808219178082,0.4931506849315068
20190801-W-ITF_Lexington-R16-Katie_Swan-Yuxuan_Zhang,Katie Swan,0.4230769230769231,0.34615384615384615,0.23076923076923078
20190801-W-ITF_Lexington-R16-Katie_Swan-Yuxuan_Zhang,Yuxuan Zhang,0.09090909090909091,0.13636363636363635,0.7727272727272727
20190731-W-Washington-R16-Lauren_Davis-Sofia_Kenin,Lauren Davis,0.32,0.17333333333333334,0.5066666666666667
20190731-W-Washington-R16-Lauren_Davis-Sofia_Kenin,Sofia Kenin,0.25773195876288657,0.23711340206185566,0.5051546391752577
20190728-W-Palermo-F-Jil_Teichmann-Kiki_Bertens,Jil Teichmann,0.2727272727272727,0.23636363636363636,0.4909090909090909
20190728-W-Palermo-F-Jil_Teichmann-Kiki_Bertens,Kiki Bertens,0.2692307692307692,0.15384615384615385,0.5769230769230769
20190727-W-Palermo-SF-Kiki_Bertens-Paula_Badosa,Kiki Bertens,0.3157894736842105,0.24561403508771928,0.43859649122807015
20190727-W-Palermo-SF-Kiki_Bertens-Paula_Badosa,Paula Badosa,0.21739130434782608,0.21739130434782608,0.5652173913043478
20190726-W-Palermo-QF-Jasmine_Paolini-Kiki_Bertens,Jasmine Paolini,0.21428571428571427,0.30357142857142855,0.48214285714285715
20190726-W-Palermo-QF-Jasmine_Paolini-Kiki_Bertens,Kiki Bertens,0.25396825396825395,0.2222222222222222,0.5238095238095238
20190726-W-Palermo-QF-Arantxa_Rus-Paula_Badosa,Arantxa Rus,0.2619047619047619,0.16666666666666666,0.5714285714285714
20190726-W-Palermo-QF-Arantxa_Rus-Paula_Badosa,Paula Badosa,0.3888888888888889,0.19444444444444445,0.4166666666666667
20190725-W-Palermo-R16-Arantxa_Rus-Viktoria_Hruncakova,Arantxa Rus,0.3870967741935484,0.25806451612903225,0.3548387096774194
20190725-W-Palermo-R16-Arantxa_Rus-Viktoria_Hruncakova,Viktoria Hruncakova,0.3114754098360656,0.16393442622950818,0.5245901639344263
20190725-W-Palermo-R16-Aleksandra_Krunic-Kiki_Bertens,Aleksandra Krunic,0.2619047619047619,0.16666666666666666,0.5714285714285714
20190725-W-Palermo-R16-Aleksandra_Krunic-Kiki_Bertens,Kiki Bertens,0.30434782608695654,0.30434782608695654,0.391304347826087
20190724-W-Palermo-R16-Jil_Teichmann-Gabriela_Ce,Jil Teichmann,0.41025641025641024,0.15384615384615385,0.4358974358974359
20190724-W-Palermo-R16-Jil_Teichmann-Gabriela_Ce,Gabriela Ce,0.3023255813953488,0.23255813953488372,0.46511627906976744
20190723-W-Palermo-R32-Ekaterine_Gorgodze-Kiki_Bertens,Ekaterine Gorgodze,0.23076923076923078,0.20512820512820512,0.5641025641025641
20190723-W-Palermo-R32-Ekaterine_Gorgodze-Kiki_Bertens,Kiki Bertens,0.3333333333333333,0.3333333333333333,0.3333333333333333
20190723-W-Palermo-R32-Daria_Saville-Jil_Teichmann,Daria Saville,0.373134328358209,0.11940298507462686,0.5074626865671642
20190723-W-Palermo-R32-Daria_Saville-Jil_Teichmann,Jil Teichmann,0.35714285714285715,0.17142857142857143,0.4714285714285714
20190722-W-Palermo-R32-Arantxa_Rus-Amandine_Hesse,Arantxa Rus,0.2391304347826087,0.21739130434782608,0.5434782608695652
20190722-W-Palermo-R32-Arantxa_Rus-Amandine_Hesse,Amandine Hesse,0.14285714285714285,0.16326530612244897,0.6938775510204082
20190721-W-Bucharest-F-Patricia_Maria_Tig-Elena_Rybakina,Patricia Maria Tig,0.3333333333333333,0.20833333333333334,0.4583333333333333
20190721-W-Bucharest-F-Patricia_Maria_Tig-Elena_Rybakina,Elena Rybakina,0.5306122448979592,0.1836734693877551,0.2857142857142857
20190720-W-Bucharest-SF-Patricia_Maria_Tig-Laura_Siegemund,Patricia Maria Tig,0.39473684210526316,0.2631578947368421,0.34210526315789475
20190720-W-Bucharest-SF-Patricia_Maria_Tig-Laura_Siegemund,Laura Siegemund,0.3269230769230769,0.11538461538461539,0.5576923076923077
20190720-W-Bucharest-SF-Elena_Rybakina-Martina_Di_Giuseppe,Elena Rybakina,0.4,0.35,0.25
20190720-W-Bucharest-SF-Elena_Rybakina-Martina_Di_Giuseppe,Martina Di Giuseppe,0.4838709677419355,0.06451612903225806,0.45161290322580644
20190719-W-Bucharest-QF-Patricia_Maria_Tig-Kristyna_Pliskova,Patricia Maria Tig,0.45098039215686275,0.11764705882352941,0.43137254901960786
20190719-W-Bucharest-QF-Patricia_Maria_Tig-Kristyna_Pliskova,Kristyna Pliskova,0.4246575342465753,0.1643835616438356,0.410958904109589
20190716-W-Bucharest-R32-Anna_Bondar-Patricia_Maria_Tig,Anna Bondar,0.2857142857142857,0.17142857142857143,0.5428571428571428
20190716-W-Bucharest-R32-Anna_Bondar-Patricia_Maria_Tig,Patricia Maria Tig,0.5217391304347826,0.17391304347826086,0.30434782608695654
20190715-W-Bucharest-R32-Laura_Siegemund-Anhelina_Kalinina,Laura Siegemund,0.3655913978494624,0.25806451612903225,0.3763440860215054
20190715-W-Bucharest-R32-Laura_Siegemund-Anhelina_Kalinina,Anhelina Kalinina,0.3103448275862069,0.26436781609195403,0.42528735632183906
20190712-W-Wimbledon_Juniors-SF-Emma_Navarro-Daria_Snigur,Emma Navarro,0.29411764705882354,0.23529411764705882,0.47058823529411764
20190712-W-Wimbledon_Juniors-SF-Emma_Navarro-Daria_Snigur,Daria Snigur,0.4883720930232558,0.27906976744186046,0.23255813953488372
20190708-W-Wimbledon-R16-Carla_Suarez_Navarro-Serena_Williams,Carla Suarez Navarro,0.24242424242424243,0.21212121212121213,0.5151515151515151
20190708-W-Wimbledon-R16-Carla_Suarez_Navarro-Serena_Williams,Serena Williams,0.3584905660377358,0.2830188679245283,0.3584905660377358
20190706-W-Wimbledon-R32-Sloane_Stephens-Johanna_Konta,Sloane Stephens,0.39655172413793105,0.1896551724137931,0.41379310344827586
20190706-W-Wimbledon-R32-Sloane_Stephens-Johanna_Konta,Johanna Konta,0.2698412698412698,0.30158730158730157,0.42857142857142855
20190706-W-Wimbledon-R32-Serena_Williams-Julia_Goerges,Serena Williams,0.3157894736842105,0.3157894736842105,0.3684210526315789
20190706-W-Wimbledon-R32-Serena_Williams-Julia_Goerges,Julia Goerges,0.28205128205128205,0.23076923076923078,0.48717948717948717
20190706-W-Wimbledon-R32-Petra_Kvitova-Magda_Linette,Petra Kvitova,0.33962264150943394,0.3584905660377358,0.3018867924528302
20190706-W-Wimbledon-R32-Petra_Kvitova-Magda_Linette,Magda Linette,0.43478260869565216,0.2608695652173913,0.30434782608695654
20190706-W-Wimbledon-R32-Carla_Suarez_Navarro-Lauren_Davis,Carla Suarez Navarro,0.2857142857142857,0.23809523809523808,0.47619047619047616
20190706-W-Wimbledon-R32-Carla_Suarez_Navarro-Lauren_Davis,Lauren Davis,0.29411764705882354,0.13725490196078433,0.5686274509803921
20190706-W-Wimbledon-R32-Barbora_Strycova-Kiki_Bertens,Barbora Strycova,0.41304347826086957,0.2608695652173913,0.32608695652173914
20190706-W-Wimbledon-R32-Barbora_Strycova-Kiki_Bertens,Kiki Bertens,0.2982456140350877,0.2631578947368421,0.43859649122807015
20190705-W-Wimbledon-R64-Karolina_Pliskova-Monica_Puig,Karolina Pliskova,0.39285714285714285,0.42857142857142855,0.17857142857142858
20190705-W-Wimbledon-R64-Karolina_Pliskova-Monica_Puig,Monica Puig,0.15,0.35,0.475
20190705-W-Wimbledon-R32-Shuai_Zhang-Caroline_Wozniacki,Shuai Zhang,0.4098360655737705,0.32786885245901637,0.26229508196721313
20190705-W-Wimbledon-R32-Shuai_Zhang-Caroline_Wozniacki,Caroline Wozniacki,0.18421052631578946,0.5263157894736842,0.2894736842105263
20190705-W-Wimbledon-R32-Karolina_Pliskova-Su_Wei_Hsieh,Karolina Pliskova,0.4153846153846154,0.27692307692307694,0.3076923076923077
20190705-W-Wimbledon-R32-Karolina_Pliskova-Su_Wei_Hsieh,Su Wei Hsieh,0.5,0.25,0.25
20190705-W-Wimbledon-R32-Coco_Gauff-Polona_Hercog,Coco Gauff,0.2222222222222222,0.2222222222222222,0.5432098765432098
20190705-W-Wimbledon-R32-Coco_Gauff-Polona_Hercog,Polona Hercog,0.3218390804597701,0.16091954022988506,0.5172413793103449
20190704-W-Wimbledon-R64-Taylor_Townsend-Kiki_Bertens,Taylor Townsend,0.4111111111111111,0.15555555555555556,0.4222222222222222
20190704-W-Wimbledon-R64-Taylor_Townsend-Kiki_Bertens,Kiki Bertens,0.4657534246575342,0.2602739726027397,0.273972602739726
20190704-W-Wimbledon-R64-Kaja_Juvan-Serena_Williams,Kaja Juvan,0.14583333333333334,0.4166666666666667,0.4375
20190704-W-Wimbledon-R64-Kaja_Juvan-Serena_Williams,Serena Williams,0.2542372881355932,0.3728813559322034,0.3728813559322034
20190704-W-Wimbledon-R64-Amanda_Anisimova-Magda_Linette,Amanda Anisimova,0.1891891891891892,0.4189189189189189,0.3783783783783784
20190704-W-Wimbledon-R64-Amanda_Anisimova-Magda_Linette,Magda Linette,0.35294117647058826,0.35294117647058826,0.29411764705882354
20190703-W-Wimbledon-R64-Margarita_Gasparyan-Elina_Svitolina,Margarita Gasparyan,0.4691358024691358,0.24691358024691357,0.2839506172839506
20190703-W-Wimbledon-R64-Margarita_Gasparyan-Elina_Svitolina,Elina Svitolina,0.22413793103448276,0.4827586206896552,0.29310344827586204
20190703-W-Wimbledon-R64-Coco_Gauff-Magdalena_Rybarikova,Coco Gauff,0.45454545454545453,0.24242424242424243,0.30303030303030304
20190703-W-Wimbledon-R64-Coco_Gauff-Magdalena_Rybarikova,Magdalena Rybarikova,0.2894736842105263,0.10526315789473684,0.6052631578947368
20190702-W-Wimbledon-R128-Tamara_Zidansek-Eugenie_Bouchard,Tamara Zidansek,0.3764705882352941,0.25882352941176473,0.36470588235294116
20190702-W-Wimbledon-R128-Tamara_Zidansek-Eugenie_Bouchard,Eugenie Bouchard,0.21348314606741572,0.39325842696629215,0.39325842696629215
20190702-W-Wimbledon-R128-Sorana_Cirstea-Amanda_Anisimova,Sorana Cirstea,0.2222222222222222,0.4444444444444444,0.3333333333333333
20190702-W-Wimbledon-R128-Sorana_Cirstea-Amanda_Anisimova,Amanda Anisimova,0.48148148148148145,0.3333333333333333,0.18518518518518517
20190702-W-Wimbledon-R128-Sloane_Stephens-Timea_Bacsinszky,Sloane Stephens,0.423728813559322,0.22033898305084745,0.3559322033898305
20190702-W-Wimbledon-R128-Sloane_Stephens-Timea_Bacsinszky,Timea Bacsinszky,0.15384615384615385,0.38461538461538464,0.46153846153846156
20190702-W-Wimbledon-R128-Serena_Williams-Giulia_Gatto_Monticone,Serena Williams,0.29310344827586204,0.20689655172413793,0.4827586206896552
20190702-W-Wimbledon-R128-Serena_Williams-Giulia_Gatto_Monticone,Giulia Gatto Monticone,0.21875,0.1875,0.59375
20190702-W-Wimbledon-R128-Kiki_Bertens-Mandy_Minella,Kiki Bertens,0.2222222222222222,0.3055555555555556,0.4722222222222222
20190702-W-Wimbledon-R128-Kiki_Bertens-Mandy_Minella,Mandy Minella,0.0975609756097561,0.2682926829268293,0.6341463414634146
20190702-W-Wimbledon-R128-Ivana_Jorovic-Lesley_Pattinama_Kerkhove,Ivana Jorovic,0.3484848484848485,0.19696969696969696,0.45454545454545453
20190702-W-Wimbledon-R128-Ivana_Jorovic-Lesley_Pattinama_Kerkhove,Lesley Pattinama Kerkhove,0.33962264150943394,0.1509433962264151,0.5094339622641509
20190702-W-Wimbledon-R128-Belinda_Bencic-Anastasia_Pavlyuchenkova,Belinda Bencic,0.5833333333333334,0.19444444444444445,0.2222222222222222
20190702-W-Wimbledon-R128-Belinda_Bencic-Anastasia_Pavlyuchenkova,Anastasia Pavlyuchenkova,0.41304347826086957,0.15217391304347827,0.43478260869565216
20190702-W-Wimbledon-R128-Ashleigh_Barty-Saisai_Zheng,Ashleigh Barty,0.3404255319148936,0.3617021276595745,0.2978723404255319
20190702-W-Wimbledon-R128-Ashleigh_Barty-Saisai_Zheng,Saisai Zheng,0.2682926829268293,0.1951219512195122,0.5365853658536586
20190702-W-Wimbledon-R128-Andrea_Petkovic-Monica_Niculescu,Andrea Petkovic,0.36363636363636365,0.2727272727272727,0.3522727272727273
20190702-W-Wimbledon-R128-Andrea_Petkovic-Monica_Niculescu,Monica Niculescu,0.323943661971831,0.36619718309859156,0.30985915492957744
20190701-W-Wimbledon-R128-Madison_Brengle-Marketa_Vondrousova,Madison Brengle,0.27906976744186046,0.2558139534883721,0.46511627906976744
20190701-W-Wimbledon-R128-Madison_Brengle-Marketa_Vondrousova,Marketa Vondrousova,0.3582089552238806,0.11940298507462686,0.5223880597014925
20190701-W-Wimbledon-R128-Karolina_Pliskova-Lin_Zhu,Karolina Pliskova,0.32142857142857145,0.3392857142857143,0.3392857142857143
20190701-W-Wimbledon-R128-Karolina_Pliskova-Lin_Zhu,Lin Zhu,0.2826086956521739,0.2826086956521739,0.43478260869565216
20190701-W-Wimbledon-R128-Iga_Swiatek-Viktorija_Golubic,Iga Swiatek,0.2777777777777778,0.2916666666666667,0.4305555555555556
20190701-W-Wimbledon-R128-Iga_Swiatek-Viktorija_Golubic,Viktorija Golubic,0.4482758620689655,0.3103448275862069,0.2413793103448276
20190701-W-Wimbledon-R128-Daria_Saville-Elina_Svitolina,Daria Saville,0.375,0.2,0.425
20190701-W-Wimbledon-R128-Daria_Saville-Elina_Svitolina,Elina Svitolina,0.358974358974359,0.23076923076923078,0.38461538461538464
20190701-W-Wimbledon-R128-Alize_Cornet-Victoria_Azarenka,Alize Cornet,0.35714285714285715,0.2619047619047619,0.35714285714285715
20190701-W-Wimbledon-R128-Alize_Cornet-Victoria_Azarenka,Victoria Azarenka,0.4,0.3,0.2833333333333333
20190628-W-Eastbourne-SF-Karolina_Pliskova-Kiki_Bertens,Karolina Pliskova,0.4864864864864865,0.24324324324324326,0.2702702702702703
20190628-W-Eastbourne-SF-Karolina_Pliskova-Kiki_Bertens,Kiki Bertens,0.14814814814814814,0.18518518518518517,0.6666666666666666
20190627-W-Wimbledon-Q3-Sabine_Lisicki-Lesley_Pattinama_Kerkhove,Sabine Lisicki,0.37349397590361444,0.1566265060240964,0.46987951807228917
20190627-W-Wimbledon-Q3-Sabine_Lisicki-Lesley_Pattinama_Kerkhove,Lesley Pattinama Kerkhove,0.27906976744186046,0.16279069767441862,0.5581395348837209
20190627-W-Eastbourne-QF-Aryna_Sabalenka-Kiki_Bertens,Aryna Sabalenka,0.36,0.17333333333333334,0.4533333333333333
20190627-W-Eastbourne-QF-Aryna_Sabalenka-Kiki_Bertens,Kiki Bertens,0.4126984126984127,0.1111111111111111,0.47619047619047616
20190626-W-Eastbourne-R16-Anna_Lena_Friedsam-Kiki_Bertens,Anna Lena Friedsam,0.3333333333333333,0.10416666666666667,0.5625
20190626-W-Eastbourne-R16-Anna_Lena_Friedsam-Kiki_Bertens,Kiki Bertens,0.4583333333333333,0.14583333333333334,0.3958333333333333
20190625-W-Wimbledon-Q1-En_Shuo_Liang-Emma_Raducanu,En Shuo Liang,0.4,0.18461538461538463,0.4153846153846154
20190625-W-Wimbledon-Q1-En_Shuo_Liang-Emma_Raducanu,Emma Raducanu,0.2413793103448276,0.1724137931034483,0.5862068965517241
20190625-W-Eastbourne-R32-Yulia_Putintseva-Kiki_Bertens,Yulia Putintseva,0.14634146341463414,0.24390243902439024,0.6097560975609756
20190625-W-Eastbourne-R32-Yulia_Putintseva-Kiki_Bertens,Kiki Bertens,0.41304347826086957,0.13043478260869565,0.45652173913043476
20190620-W-Mallorca-R16-Belinda_Bencic-Shelby_Rogers,Belinda Bencic,0.375,0.05,0.575
20190620-W-Mallorca-R16-Belinda_Bencic-Shelby_Rogers,Shelby Rogers,0.42105263157894735,0.03508771929824561,0.543859649122807
20190619-W-Birmingham-R16-Petra_Martic-Margarita_Gasparyan,Petra Martic,0.40384615384615385,0.3076923076923077,0.28846153846153844
20190619-W-Birmingham-R16-Petra_Martic-Margarita_Gasparyan,Margarita Gasparyan,0.375,0.19642857142857142,0.42857142857142855
20190618-W-Birmingham-R32-Venus_Williams-Aliaksandra_Sasnovich,Venus Williams,0.3235294117647059,0.2647058823529412,0.4117647058823529
20190618-W-Birmingham-R32-Venus_Williams-Aliaksandra_Sasnovich,Aliaksandra Sasnovich,0.35294117647058826,0.0784313725490196,0.5686274509803921
20190618-W-Birmingham-R32-Petra_Martic-Ekaterina_Alexandrova,Petra Martic,0.3170731707317073,0.1951219512195122,0.4878048780487805
20190618-W-Birmingham-R32-Petra_Martic-Ekaterina_Alexandrova,Ekaterina Alexandrova,0.39622641509433965,0.09433962264150944,0.5094339622641509
20190618-W-Birmingham-R32-Maria_Sakkari-Naomi_Osaka,Maria Sakkari,0.2833333333333333,0.26666666666666666,0.45
20190618-W-Birmingham-R32-Maria_Sakkari-Naomi_Osaka,Naomi Osaka,0.36666666666666664,0.26666666666666666,0.36666666666666664
20190616-W-s_Hertogenbosch-F-Kiki_Bertens-Alison_Riske_Amritraj,Kiki Bertens,0.36507936507936506,0.19047619047619047,0.4444444444444444
20190616-W-s_Hertogenbosch-F-Kiki_Bertens-Alison_Riske_Amritraj,Alison Riske Amritraj,0.275,0.3375,0.3875
20190615-W-s_Hertogenbosch-SF-Elena_Rybakina-Kiki_Bertens,Elena Rybakina,0.2916666666666667,0.125,0.5833333333333334
20190615-W-s_Hertogenbosch-SF-Elena_Rybakina-Kiki_Bertens,Kiki Bertens,0.16666666666666666,0.19444444444444445,0.6388888888888888
20190614-W-s_Hertogenbosch-QF-Natalia_Vikhlyantseva-Kiki_Bertens,Natalia Vikhlyantseva,0.3181818181818182,0.13636363636363635,0.5454545454545454
20190614-W-s_Hertogenbosch-QF-Natalia_Vikhlyantseva-Kiki_Bertens,Kiki Bertens,0.25925925925925924,0.14814814814814814,0.5555555555555556
20190613-W-s_Hertogenbosch-R16-Kiki_Bertens-Arantxa_Rus,Kiki Bertens,0.2222222222222222,0.18518518518518517,0.5740740740740741
20190613-W-s_Hertogenbosch-R16-Kiki_Bertens-Arantxa_Rus,Arantxa Rus,0.17647058823529413,0.1568627450980392,0.6666666666666666
20190611-W-s_Hertogenbosch-R32-Johanna_Larsson-Kiki_Bertens,Johanna Larsson,0.14285714285714285,0.17857142857142858,0.6785714285714286
20190611-W-s_Hertogenbosch-R32-Johanna_Larsson-Kiki_Bertens,Kiki Bertens,0.2777777777777778,0.19444444444444445,0.5277777777777778
20190611-W-s_Hertogenbosch-R32-Alison_Riske_Amritraj-Karolina_Muchova,Alison Riske Amritraj,0.3225806451612903,0.3548387096774194,0.3225806451612903
20190611-W-s_Hertogenbosch-R32-Alison_Riske_Amritraj-Karolina_Muchova,Karolina Muchova,0.3108108108108108,0.24324324324324326,0.44594594594594594
20190610-W-s_Hertogenbosch-R32-Arantxa_Rus-Bibiane_Schoofs,Arantxa Rus,0.2549019607843137,0.3333333333333333,0.4117647058823529
20190610-W-s_Hertogenbosch-R32-Arantxa_Rus-Bibiane_Schoofs,Bibiane Schoofs,0.23809523809523808,0.23809523809523808,0.5238095238095238
20190531-W-Roland_Garros-R32-Carla_Suarez_Navarro-Marketa_Vondrousova,Carla Suarez Navarro,0.30434782608695654,0.18840579710144928,0.5072463768115942
20190531-W-Roland_Garros-R32-Carla_Suarez_Navarro-Marketa_Vondrousova,Marketa Vondrousova,0.43137254901960786,0.19607843137254902,0.37254901960784315
20190530-W-Roland_Garros-R64-Ashleigh_Barty-Danielle_Collins,Ashleigh Barty,0.3269230769230769,0.25,0.4230769230769231
20190530-W-Roland_Garros-R64-Ashleigh_Barty-Danielle_Collins,Danielle Collins,0.3191489361702128,0.14893617021276595,0.5106382978723404
20190528-W-Roland_Garros-R128-Simona_Halep-Ajla_Tomljanovic,Simona Halep,0.24074074074074073,0.2777777777777778,0.48148148148148145
20190528-W-Roland_Garros-R128-Simona_Halep-Ajla_Tomljanovic,Ajla Tomljanovic,0.23728813559322035,0.23728813559322035,0.5254237288135594
20190527-W-Roland_Garros-R128-Marie_Bouzkova-Bianca_Andreescu,Marie Bouzkova,0.30985915492957744,0.19718309859154928,0.49295774647887325
20190527-W-Roland_Garros-R128-Marie_Bouzkova-Bianca_Andreescu,Bianca Andreescu,0.381294964028777,0.2014388489208633,0.4172661870503597
20190527-W-Roland_Garros-R128-Kiki_Bertens-Pauline_Parmentier,Kiki Bertens,0.3090909090909091,0.2909090909090909,0.4
20190527-W-Roland_Garros-R128-Kiki_Bertens-Pauline_Parmentier,Pauline Parmentier,0.28125,0.25,0.46875
20190526-W-Roland_Garros-R128-Venus_Williams-Elina_Svitolina,Venus Williams,0.21568627450980393,0.13725490196078433,0.6470588235294118
20190526-W-Roland_Garros-R128-Venus_Williams-Elina_Svitolina,Elina Svitolina,0.4,0.275,0.325
20190522-W-Strasbourg-R32-Diana_Marcinkevica-Daria_Saville,Diana Marcinkevica,0.4,0.2,0.4
20190522-W-Strasbourg-R32-Diana_Marcinkevica-Daria_Saville,Daria Saville,0.42028985507246375,0.2753623188405797,0.30434782608695654
20190522-W-Strasbourg-R16-Aryna_Sabalenka-Laura_Siegemund,Aryna Sabalenka,0.3695652173913043,0.2608695652173913,0.3695652173913043
20190522-W-Strasbourg-R16-Aryna_Sabalenka-Laura_Siegemund,Laura Siegemund,0.35555555555555557,0.1111111111111111,0.5333333333333333
20190520-W-Strasbourg-R32-Chloe_Paquet-Sofia_Kenin,Chloe Paquet,0.30303030303030304,0.15151515151515152,0.5454545454545454
20190520-W-Strasbourg-R32-Chloe_Paquet-Sofia_Kenin,Sofia Kenin,0.32142857142857145,0.125,0.5535714285714286
20190518-W-Rome-SF-Kiki_Bertens-Johanna_Konta,Kiki Bertens,0.26865671641791045,0.208955223880597,0.5223880597014925
20190518-W-Rome-SF-Kiki_Bertens-Johanna_Konta,Johanna Konta,0.3627450980392157,0.19607843137254902,0.4411764705882353
20190517-W-Rome-QF-Marketa_Vondrousova-Johanna_Konta,Marketa Vondrousova,0.43902439024390244,0.1951219512195122,0.36585365853658536
20190517-W-Rome-QF-Marketa_Vondrousova-Johanna_Konta,Johanna Konta,0.46511627906976744,0.1744186046511628,0.36046511627906974
20190517-W-Rome-QF-Maria_Sakkari-Kristina_Mladenovic,Maria Sakkari,0.4857142857142857,0.2,0.3142857142857143
20190517-W-Rome-QF-Maria_Sakkari-Kristina_Mladenovic,Kristina Mladenovic,0.373134328358209,0.22388059701492538,0.40298507462686567
20190516-W-Rome-R32-Amanda_Anisimova-Kiki_Bertens,Amanda Anisimova,0.35802469135802467,0.1111111111111111,0.5308641975308642
20190516-W-Rome-R32-Amanda_Anisimova-Kiki_Bertens,Kiki Bertens,0.24615384615384617,0.18461538461538463,0.5692307692307692
20190516-W-Rome-R16-Venus_Williams-Johanna_Konta,Venus Williams,0.3333333333333333,0.4,0.26666666666666666
20190516-W-Rome-R16-Venus_Williams-Johanna_Konta,Johanna Konta,0.56,0.18,0.26
20190516-W-Rome-R16-Carla_Suarez_Navarro-Kiki_Bertens,Carla Suarez Navarro,0.27692307692307694,0.26153846153846155,0.46153846153846156
20190516-W-Rome-R16-Carla_Suarez_Navarro-Kiki_Bertens,Kiki Bertens,0.2909090909090909,0.23636363636363636,0.4727272727272727
20190514-W-Rome-R32-Karolina_Pliskova-Ajla_Tomljanovic,Karolina Pliskova,0.3055555555555556,0.19444444444444445,0.5
20190514-W-Rome-R32-Karolina_Pliskova-Ajla_Tomljanovic,Ajla Tomljanovic,0.16666666666666666,0.19047619047619047,0.6428571428571429
20190513-W-Rome-R64-Elisabetta_Cocciaretto-Amanda_Anisimova,Elisabetta Cocciaretto,0.26,0.22,0.52
20190513-W-Rome-R64-Elisabetta_Cocciaretto-Amanda_Anisimova,Amanda Anisimova,0.35714285714285715,0.19642857142857142,0.44642857142857145
20190513-W-Rome-R64-Aliaksandra_Sasnovich-Dominika_Cibulkova,Aliaksandra Sasnovich,0.43636363636363634,0.05454545454545454,0.509090909090909
20190513-W-Rome-R64-Aliaksandra_Sasnovich-Dominika_Cibulkova,Dominika Cibulkova,0.40476190476190477,0.2857142857142857,0.30952380952380953
20190510-W-Madrid-SF-Sloane_Stephens-Kiki_Bertens,Sloane Stephens,0.10526315789473684,0.2807017543859649,0.6140350877192983
20190510-W-Madrid-SF-Sloane_Stephens-Kiki_Bertens,Kiki Bertens,0.1568627450980392,0.27450980392156865,0.5686274509803921
20190509-W-Madrid-QF-Sloane_Stephens-Petra_Martic,Sloane Stephens,0.38461538461538464,0.1346153846153846,0.4807692307692308
20190509-W-Madrid-QF-Sloane_Stephens-Petra_Martic,Petra Martic,0.2558139534883721,0.18604651162790697,0.5581395348837209
20190509-W-Madrid-QF-Petra_Kvitova-Kiki_Bertens,Petra Kvitova,0.24489795918367346,0.12244897959183673,0.6326530612244898
20190509-W-Madrid-QF-Petra_Kvitova-Kiki_Bertens,Kiki Bertens,0.28205128205128205,0.3076923076923077,0.41025641025641024
20190509-W-Madrid-QF-Naomi_Osaka-Belinda_Bencic,Naomi Osaka,0.45,0.1,0.45
20190509-W-Madrid-QF-Naomi_Osaka-Belinda_Bencic,Belinda Bencic,0.4067796610169492,0.2542372881355932,0.3389830508474576
20190508-W-Madrid-R16-Anastasija_Sevastova-Kiki_Bertens,Anastasija Sevastova,0.26666666666666666,0.13333333333333333,0.6
20190508-W-Madrid-R16-Anastasija_Sevastova-Kiki_Bertens,Kiki Bertens,0.42857142857142855,0.2653061224489796,0.30612244897959184
20190506-W-Madrid-R32-Kiki_Bertens-Jelena_Ostapenko,Kiki Bertens,0.32,0.24,0.44
20190506-W-Madrid-R32-Kiki_Bertens-Jelena_Ostapenko,Jelena Ostapenko,0.203125,0.296875,0.5
20190505-W-Madrid-R64-Maria_Sakkari-Carla_Suarez_Navarro,Maria Sakkari,0.15555555555555556,0.2222222222222222,0.6222222222222222
20190505-W-Madrid-R64-Maria_Sakkari-Carla_Suarez_Navarro,Carla Suarez Navarro,0.20408163265306123,0.30612244897959184,0.4897959183673469
20190504-W-Prague-F-Jil_Teichmann-Karolina_Muchova,Jil Teichmann,0.27848101265822783,0.22784810126582278,0.4936708860759494
20190504-W-Prague-F-Jil_Teichmann-Karolina_Muchova,Karolina Muchova,0.24528301886792453,0.20754716981132076,0.5471698113207547
20190504-W-Madrid-R64-Kiki_Bertens-Katerina_Siniakova,Kiki Bertens,0.325,0.225,0.45
20190504-W-Madrid-R64-Kiki_Bertens-Katerina_Siniakova,Katerina Siniakova,0.2631578947368421,0.21052631578947367,0.5263157894736842
20190504-W-Madrid-R64-Anett_Kontaveit-Aliaksandra_Sasnovich,Anett Kontaveit,0.35714285714285715,0.16666666666666666,0.47619047619047616
20190504-W-Madrid-R64-Anett_Kontaveit-Aliaksandra_Sasnovich,Aliaksandra Sasnovich,0.4090909090909091,0.20454545454545456,0.38636363636363635
20190501-W-Rabat-R16-Su_Wei_Hsieh-Lara_Arruabarrena,Su Wei Hsieh,0.42,0.21,0.37
20190501-W-Rabat-R16-Su_Wei_Hsieh-Lara_Arruabarrena,Lara Arruabarrena,0.3561643835616438,0.273972602739726,0.3698630136986301
20190429-W-Rabat-R32-Yulia_Putintseva-Tamara_Zidansek,Yulia Putintseva,0.2,0.3230769230769231,0.47692307692307695
20190429-W-Rabat-R32-Yulia_Putintseva-Tamara_Zidansek,Tamara Zidansek,0.367816091954023,0.1724137931034483,0.45977011494252873
20190427-W-Stuttgart-SF-Petra_Kvitova-Kiki_Bertens,Petra Kvitova,0.33783783783783783,0.1891891891891892,0.47297297297297297
20190427-W-Stuttgart-SF-Petra_Kvitova-Kiki_Bertens,Kiki Bertens,0.24528301886792453,0.18867924528301888,0.5660377358490566
20190426-W-Stuttgart-QF-Naomi_Osaka-Donna_Vekic,Naomi Osaka,0.25882352941176473,0.25882352941176473,0.4823529411764706
20190426-W-Stuttgart-QF-Naomi_Osaka-Donna_Vekic,Donna Vekic,0.3448275862068966,0.15517241379310345,0.5
20190426-W-Stuttgart-QF-Kiki_Bertens-Angelique_Kerber,Kiki Bertens,0.37735849056603776,0.18867924528301888,0.4339622641509434
20190426-W-Stuttgart-QF-Kiki_Bertens-Angelique_Kerber,Angelique Kerber,0.2619047619047619,0.21428571428571427,0.5238095238095238
20190425-W-Stuttgart-R16-Laura_Siegemund-Anastasija_Sevastova,Laura Siegemund,0.23809523809523808,0.14285714285714285,0.6190476190476191
20190425-W-Stuttgart-R16-Laura_Siegemund-Anastasija_Sevastova,Anastasija Sevastova,0.27941176470588236,0.17647058823529413,0.5441176470588235
20190425-W-Stuttgart-R16-Kiki_Bertens-Belinda_Bencic,Kiki Bertens,0.3559322033898305,0.11864406779661017,0.5254237288135594
20190425-W-Stuttgart-R16-Kiki_Bertens-Belinda_Bencic,Belinda Bencic,0.22033898305084745,0.2542372881355932,0.5254237288135594
20190425-W-Stuttgart-R16-Karolina_Pliskova-Victoria_Azarenka,Karolina Pliskova,0.24489795918367346,0.42857142857142855,0.32653061224489793
20190425-W-Stuttgart-R16-Karolina_Pliskova-Victoria_Azarenka,Victoria Azarenka,0.38028169014084506,0.36619718309859156,0.2535211267605634
20190423-W-Stuttgart-R32-Anna_Lena_Friedsam-Kiki_Bertens,Anna Lena Friedsam,0.16,0.2,0.64
20190423-W-Stuttgart-R32-Anna_Lena_Friedsam-Kiki_Bertens,Kiki Bertens,0.38333333333333336,0.18333333333333332,0.43333333333333335
20190423-W-Stuttgart-R32-Andrea_Petkovic-Sara_Sorribes_Tormo,Andrea Petkovic,0.4,0.23529411764705882,0.36470588235294116
20190423-W-Stuttgart-R32-Andrea_Petkovic-Sara_Sorribes_Tormo,Sara Sorribes Tormo,0.3191489361702128,0.2765957446808511,0.40425531914893614
20190420-W-Fed_Cup_World_Group_SF-RR-Ashleigh_Barty-Victoria_Azarenka,Ashleigh Barty,0.25,0.30357142857142855,0.44642857142857145
20190420-W-Fed_Cup_World_Group_SF-RR-Ashleigh_Barty-Victoria_Azarenka,Victoria Azarenka,0.14545454545454545,0.4,0.45454545454545453
20190419-W-ITF_Dothan-QF-Elena_Gabriela_Ruse-Usue_Maitane_Arconada,Elena Gabriela Ruse,0.32653061224489793,0.3469387755102041,0.32653061224489793
20190419-W-ITF_Dothan-QF-Elena_Gabriela_Ruse-Usue_Maitane_Arconada,Usue Maitane Arconada,0.08571428571428572,0.3142857142857143,0.6
20190414-W-ITF_Istanbul-F-Vitalia_Diatchenko-Ankita_Raina,Vitalia Diatchenko,0.4888888888888889,0.2,0.3111111111111111
20190414-W-ITF_Istanbul-F-Vitalia_Diatchenko-Ankita_Raina,Ankita Raina,0.16666666666666666,0.2222222222222222,0.6111111111111112
20190413-W-Lugano-SF-Fiona_Ferro-Polona_Hercog,Fiona Ferro,0.3275862068965517,0.08620689655172414,0.5862068965517241
20190413-W-Lugano-SF-Fiona_Ferro-Polona_Hercog,Polona Hercog,0.4423076923076923,0.07692307692307693,0.4807692307692308
20190412-W-Bogota-QF-Astra_Sharma-Sara_Errani,Astra Sharma,0.3287671232876712,0.2054794520547945,0.4657534246575342
20190412-W-Bogota-QF-Astra_Sharma-Sara_Errani,Sara Errani,0.16,0.44,0.4
20190411-W-Bogota-R16-Sara_Errani-Bibiane_Schoofs,Sara Errani,0.3,0.15,0.55
20190411-W-Bogota-R16-Sara_Errani-Bibiane_Schoofs,Bibiane Schoofs,0.23333333333333334,0.05,0.7166666666666667
20190410-W-Lugano-R32-Veronika_Kudermetova-Jil_Teichmann,Veronika Kudermetova,0.3217391304347826,0.17391304347826086,0.5043478260869565
20190410-W-Lugano-R32-Veronika_Kudermetova-Jil_Teichmann,Jil Teichmann,0.25806451612903225,0.16129032258064516,0.5806451612903226
20190410-W-Lugano-R16-Sorana_Cirstea-Polona_Hercog,Sorana Cirstea,0.296875,0.15625,0.546875
20190410-W-Lugano-R16-Sorana_Cirstea-Polona_Hercog,Polona Hercog,0.2828282828282828,0.1717171717171717,0.5454545454545454
20190409-W-Lugano-R32-Carla_Suarez_Navarro-Polona_Hercog,Carla Suarez Navarro,0.2328767123287671,0.2054794520547945,0.5616438356164384
20190409-W-Lugano-R32-Carla_Suarez_Navarro-Polona_Hercog,Polona Hercog,0.225,0.225,0.55
20190409-W-Bogota-R32-Emiliana_Arango-Bibiane_Schoofs,Emiliana Arango,0.07692307692307693,0.21153846153846154,0.7115384615384616
20190409-W-Bogota-R32-Emiliana_Arango-Bibiane_Schoofs,Bibiane Schoofs,0.2708333333333333,0.1875,0.5416666666666666
20190408-W-Lugano-R32-Arantxa_Rus-Viktorija_Golubic,Arantxa Rus,0.33695652173913043,0.14130434782608695,0.5217391304347826
20190408-W-Lugano-R32-Arantxa_Rus-Viktorija_Golubic,Viktorija Golubic,0.2619047619047619,0.2619047619047619,0.47619047619047616
20190406-W-Charleston-SF-Caroline_Wozniacki-Petra_Martic,Caroline Wozniacki,0.4117647058823529,0.20588235294117646,0.38235294117647056
20190406-W-Charleston-SF-Caroline_Wozniacki-Petra_Martic,Petra Martic,0.37254901960784315,0.17647058823529413,0.45098039215686275
20190405-W-Madrid-R64-Naomi_Osaka-Dominika_Cibulkova,Naomi Osaka,0.44,0.17333333333333334,0.38666666666666666
20190405-W-Madrid-R64-Naomi_Osaka-Dominika_Cibulkova,Dominika Cibulkova,0.45652173913043476,0.2391304347826087,0.30434782608695654
20190405-W-Charleston-QF-Madison_Keys-Sloane_Stephens,Madison Keys,0.25961538461538464,0.3076923076923077,0.4230769230769231
20190405-W-Charleston-QF-Madison_Keys-Sloane_Stephens,Sloane Stephens,0.296875,0.34375,0.359375
20190405-W-Charleston-QF-Caroline_Wozniacki-Maria_Sakkari,Caroline Wozniacki,0.3170731707317073,0.3170731707317073,0.36585365853658536
20190405-W-Charleston-QF-Caroline_Wozniacki-Maria_Sakkari,Maria Sakkari,0.3283582089552239,0.11940298507462686,0.5522388059701493
20190404-W-Charleston-R16-Maria_Sakkari-Kiki_Bertens,Maria Sakkari,0.3333333333333333,0.21052631578947367,0.45614035087719296
20190404-W-Charleston-R16-Maria_Sakkari-Kiki_Bertens,Kiki Bertens,0.2602739726027397,0.2054794520547945,0.5342465753424658
20190404-W-Charleston-R16-Caroline_Wozniacki-Mihaela_Buzarnescu,Caroline Wozniacki,0.3055555555555556,0.3472222222222222,0.3472222222222222
20190404-W-Charleston-R16-Caroline_Wozniacki-Mihaela_Buzarnescu,Mihaela Buzarnescu,0.3877551020408163,0.22448979591836735,0.3877551020408163
20190403-W-Charleston-R32-Caroline_Wozniacki-Laura_Siegemund,Caroline Wozniacki,0.4473684210526316,0.23684210526315788,0.3157894736842105
20190403-W-Charleston-R32-Caroline_Wozniacki-Laura_Siegemund,Laura Siegemund,0.43478260869565216,0.08695652173913043,0.4782608695652174
20190402-W-Charleston-R32-Martina_Trevisan-Kiki_Bertens,Martina Trevisan,0.24242424242424243,0.12121212121212122,0.6363636363636364
20190402-W-Charleston-R32-Martina_Trevisan-Kiki_Bertens,Kiki Bertens,0.2777777777777778,0.3611111111111111,0.3611111111111111
20190401-W-Charleston-R64-Anna_Lena_Friedsam-Tamara_Zidansek,Anna Lena Friedsam,0.20634920634920634,0.15873015873015872,0.6349206349206349
20190401-W-Charleston-R64-Anna_Lena_Friedsam-Tamara_Zidansek,Tamara Zidansek,0.3384615384615385,0.18461538461538463,0.47692307692307695
20190328-W-Miami-SF-Anett_Kontaveit-Ashleigh_Barty,Anett Kontaveit,0.17647058823529413,0.1568627450980392,0.6666666666666666
20190328-W-Miami-SF-Anett_Kontaveit-Ashleigh_Barty,Ashleigh Barty,0.25,0.15625,0.59375
20190327-W-Miami-QF-Karolina_Pliskova-Marketa_Vondrousova,Karolina Pliskova,0.2978723404255319,0.19148936170212766,0.5106382978723404
20190327-W-Miami-QF-Karolina_Pliskova-Marketa_Vondrousova,Marketa Vondrousova,0.3333333333333333,0.06666666666666667,0.6
20190326-W-Miami-QF-Ashleigh_Barty-Petra_Kvitova,Ashleigh Barty,0.27450980392156865,0.17647058823529413,0.5490196078431373
20190326-W-Miami-QF-Ashleigh_Barty-Petra_Kvitova,Petra Kvitova,0.3333333333333333,0.13333333333333333,0.5333333333333333
20190325-W-Miami-R16-Caroline_Wozniacki-Su_Wei_Hsieh,Caroline Wozniacki,0.29850746268656714,0.14925373134328357,0.5522388059701493
20190325-W-Miami-R16-Caroline_Wozniacki-Su_Wei_Hsieh,Su Wei Hsieh,0.3764705882352941,0.24705882352941178,0.3764705882352941
20190325-W-Miami-R16-Ashleigh_Barty-Kiki_Bertens,Ashleigh Barty,0.34615384615384615,0.21153846153846154,0.4423076923076923
20190325-W-Miami-R16-Ashleigh_Barty-Kiki_Bertens,Kiki Bertens,0.2236842105263158,0.23684210526315788,0.5394736842105263
20190325-W-Miami-R16-Anett_Kontaveit-Bianca_Andreescu,Anett Kontaveit,0.3870967741935484,0.1935483870967742,0.41935483870967744
20190325-W-Miami-R16-Anett_Kontaveit-Bianca_Andreescu,Bianca Andreescu,0.22580645161290322,0.16129032258064516,0.6129032258064516
20190324-W-Miami-R32-Elise_Mertens-Marketa_Vondrousova,Elise Mertens,0.28378378378378377,0.10810810810810811,0.6081081081081081
20190324-W-Miami-R32-Elise_Mertens-Marketa_Vondrousova,Marketa Vondrousova,0.34,0.1,0.56
20190323-W-Miami-R32-Viktoria_Hruncakova-Kiki_Bertens,Viktoria Hruncakova,0.3125,0.10416666666666667,0.5833333333333334
20190323-W-Miami-R32-Viktoria_Hruncakova-Kiki_Bertens,Kiki Bertens,0.3181818181818182,0.20454545454545456,0.4772727272727273
20190323-W-Miami-R32-Su_Wei_Hsieh-Naomi_Osaka,Su Wei Hsieh,0.2804878048780488,0.2804878048780488,0.43902439024390244
20190323-W-Miami-R32-Su_Wei_Hsieh-Naomi_Osaka,Naomi Osaka,0.32558139534883723,0.19767441860465115,0.47674418604651164
20190323-W-Miami-R32-Bianca_Andreescu-Angelique_Kerber,Bianca Andreescu,0.40860215053763443,0.16129032258064516,0.43010752688172044
20190323-W-Miami-R32-Bianca_Andreescu-Angelique_Kerber,Angelique Kerber,0.2727272727272727,0.24242424242424243,0.48484848484848486
20190322-W-Miami-R64-Jelena_Ostapenko-Marketa_Vondrousova,Jelena Ostapenko,0.32142857142857145,0.017857142857142856,0.6607142857142857
20190322-W-Miami-R64-Jelena_Ostapenko-Marketa_Vondrousova,Marketa Vondrousova,0.2857142857142857,0.2,0.5142857142857142
20190322-W-Miami-R64-Daria_Kasatkina-Coco_Gauff,Daria Kasatkina,0.21428571428571427,0.2857142857142857,0.5
20190322-W-Miami-R64-Daria_Kasatkina-Coco_Gauff,Coco Gauff,0.28,0.12,0.58
20190322-W-Miami-R64-Bianca_Andreescu-Sofia_Kenin,Bianca Andreescu,0.3333333333333333,0.1875,0.4791666666666667
20190322-W-Miami-R64-Bianca_Andreescu-Sofia_Kenin,Sofia Kenin,0.22916666666666666,0.20833333333333334,0.5625
20190322-W-Miami-R128-Bianca_Andreescu-Irina_Camelia_Begu,Bianca Andreescu,0.3372093023255814,0.18604651162790697,0.47674418604651164
20190322-W-Miami-R128-Bianca_Andreescu-Irina_Camelia_Begu,Irina Camelia Begu,0.25757575757575757,0.15151515151515152,0.5909090909090909
20190321-W-Miami-R64-Xiyu_Wang-Kiki_Bertens,Xiyu Wang,0.13953488372093023,0.20930232558139536,0.6511627906976745
20190321-W-Miami-R64-Xiyu_Wang-Kiki_Bertens,Kiki Bertens,0.45714285714285713,0.05714285714285714,0.4857142857142857
20190321-W-Miami-R128-Nao_Hibino-Karolina_Muchova,Nao Hibino,0.22448979591836735,0.16326530612244897,0.6122448979591837
20190321-W-Miami-R128-Nao_Hibino-Karolina_Muchova,Karolina Muchova,0.2765957446808511,0.14893617021276595,0.574468085106383
20190321-W-Miami-R128-Misaki_Doi-Xin_Yu_Wang,Misaki Doi,0.2608695652173913,0.15217391304347827,0.5869565217391305
20190321-W-Miami-R128-Misaki_Doi-Xin_Yu_Wang,Xin Yu Wang,0.3,0.12857142857142856,0.5714285714285714
20190320-W-Miami-R128-Xiyu_Wang-Monica_Puig,Xiyu Wang,0.4166666666666667,0.25,0.3333333333333333
20190320-W-Miami-R128-Xiyu_Wang-Monica_Puig,Monica Puig,0.2926829268292683,0.17073170731707318,0.5365853658536586
20190320-W-Miami-R128-Dominika_Cibulkova-Victoria_Azarenka,Dominika Cibulkova,0.42857142857142855,0.15584415584415584,0.4155844155844156
20190320-W-Miami-R128-Dominika_Cibulkova-Victoria_Azarenka,Victoria Azarenka,0.391304347826087,0.18840579710144928,0.42028985507246375
20190317-W-Indian_Wells-F-Angelique_Kerber-Bianca_Andreescu,Angelique Kerber,0.22857142857142856,0.24285714285714285,0.5285714285714286
20190317-W-Indian_Wells-F-Angelique_Kerber-Bianca_Andreescu,Bianca Andreescu,0.42424242424242425,0.12121212121212122,0.45454545454545453
20190315-W-Indian_Wells-SF-Bianca_Andreescu-Elina_Svitolina,Bianca Andreescu,0.2608695652173913,0.20869565217391303,0.5304347826086957
20190315-W-Indian_Wells-SF-Bianca_Andreescu-Elina_Svitolina,Elina Svitolina,0.22916666666666666,0.16666666666666666,0.6041666666666666
20190314-W-Indian_Wells-QF-Venus_Williams-Angelique_Kerber,Venus Williams,0.4588235294117647,0.07058823529411765,0.47058823529411764
20190314-W-Indian_Wells-QF-Venus_Williams-Angelique_Kerber,Angelique Kerber,0.509090909090909,0.16363636363636364,0.32727272727272727
20190314-W-Indian_Wells-QF-Karolina_Pliskova-Belinda_Bencic,Karolina Pliskova,0.3902439024390244,0.12195121951219512,0.4878048780487805
20190314-W-Indian_Wells-QF-Karolina_Pliskova-Belinda_Bencic,Belinda Bencic,0.44776119402985076,0.19402985074626866,0.3582089552238806
20190313-W-Indian_Wells-QF-Bianca_Andreescu-Garbine_Muguruza,Bianca Andreescu,0.45161290322580644,0.12903225806451613,0.41935483870967744
20190313-W-Indian_Wells-QF-Bianca_Andreescu-Garbine_Muguruza,Garbine Muguruza,0.125,0.09375,0.78125
20190312-W-Indian_Wells-R16-Qiang_Wang-Bianca_Andreescu,Qiang Wang,0.17777777777777778,0.26666666666666666,0.5555555555555556
20190312-W-Indian_Wells-R16-Qiang_Wang-Bianca_Andreescu,Bianca Andreescu,0.35294117647058826,0.21568627450980393,0.43137254901960786
20190312-W-Indian_Wells-R16-Kiki_Bertens-Garbine_Muguruza,Kiki Bertens,0.2571428571428571,0.1,0.6428571428571429
20190312-W-Indian_Wells-R16-Kiki_Bertens-Garbine_Muguruza,Garbine Muguruza,0.27956989247311825,0.26881720430107525,0.45161290322580644
20190312-W-Indian_Wells-R16-Ashleigh_Barty-Elina_Svitolina,Ashleigh Barty,0.3212121212121212,0.12727272727272726,0.5454545454545454
20190312-W-Indian_Wells-R16-Ashleigh_Barty-Elina_Svitolina,Elina Svitolina,0.19230769230769232,0.21794871794871795,0.5897435897435898
20190312-W-Guadalajara-R32-Fanny_Stollar-Renata_Zarazua,Fanny Stollar,0.21818181818181817,0.16363636363636364,0.6181818181818182
20190312-W-Guadalajara-R32-Fanny_Stollar-Renata_Zarazua,Renata Zarazua,0.05555555555555555,0.3888888888888889,0.5555555555555556
20190311-W-Indian_Wells-R32-Natalia_Vikhlyantseva-Angelique_Kerber,Natalia Vikhlyantseva,0.2962962962962963,0.14814814814814814,0.5555555555555556
20190311-W-Indian_Wells-R32-Natalia_Vikhlyantseva-Angelique_Kerber,Angelique Kerber,0.22448979591836735,0.2857142857142857,0.4897959183673469
20190311-W-Indian_Wells-R32-Danielle_Collins-Naomi_Osaka,Danielle Collins,0.2571428571428571,0.22857142857142856,0.5142857142857142
20190311-W-Indian_Wells-R32-Danielle_Collins-Naomi_Osaka,Naomi Osaka,0.3275862068965517,0.22413793103448276,0.4482758620689655
20190310-W-Indian_Wells-R32-Qiang_Wang-Elise_Mertens,Qiang Wang,0.24705882352941178,0.2235294117647059,0.5294117647058824
20190310-W-Indian_Wells-R32-Qiang_Wang-Elise_Mertens,Elise Mertens,0.368,0.128,0.504
20190310-W-Indian_Wells-R32-Kiki_Bertens-Johanna_Konta,Kiki Bertens,0.34,0.2,0.46
20190310-W-Indian_Wells-R32-Kiki_Bertens-Johanna_Konta,Johanna Konta,0.23943661971830985,0.16901408450704225,0.5915492957746479
20190310-W-Indian_Wells-R32-Bianca_Andreescu-Stefanie_Voegele,Bianca Andreescu,0.4878048780487805,0.14634146341463414,0.36585365853658536
20190310-W-Indian_Wells-R32-Bianca_Andreescu-Stefanie_Voegele,Stefanie Voegele,0.18181818181818182,0.13636363636363635,0.6818181818181818
20190309-W-Indian_Wells-R64-Venus_Williams-Petra_Kvitova,Venus Williams,0.22033898305084745,0.3220338983050847,0.4576271186440678
20190309-W-Indian_Wells-R64-Venus_Williams-Petra_Kvitova,Petra Kvitova,0.2857142857142857,0.19387755102040816,0.5204081632653061
20190309-W-Indian_Wells-R64-Caroline_Wozniacki-Ekaterina_Alexandrova,Caroline Wozniacki,0.18181818181818182,0.36363636363636365,0.45454545454545453
20190309-W-Indian_Wells-R64-Caroline_Wozniacki-Ekaterina_Alexandrova,Ekaterina Alexandrova,0.3181818181818182,0.19090909090909092,0.4909090909090909
20190309-W-Indian_Wells-R64-Amanda_Anisimova-Elise_Mertens,Amanda Anisimova,0.29545454545454547,0.3409090909090909,0.36363636363636365
20190309-W-Indian_Wells-R64-Amanda_Anisimova-Elise_Mertens,Elise Mertens,0.27586206896551724,0.5172413793103449,0.1724137931034483
20190308-W-Indian_Wells-R64-Sofia_Kenin-Elina_Svitolina,Sofia Kenin,0.3333333333333333,0.18888888888888888,0.4777777777777778
20190308-W-Indian_Wells-R64-Sofia_Kenin-Elina_Svitolina,Elina Svitolina,0.33707865168539325,0.14606741573033707,0.5168539325842697
20190308-W-Indian_Wells-R64-Magda_Linette-Kiki_Bertens,Magda Linette,0.2222222222222222,0.15555555555555556,0.6222222222222222
20190308-W-Indian_Wells-R64-Magda_Linette-Kiki_Bertens,Kiki Bertens,0.1794871794871795,0.3076923076923077,0.5128205128205128
20190308-W-Indian_Wells-R64-Dominika_Cibulkova-Bianca_Andreescu,Dominika Cibulkova,0.14285714285714285,0.19047619047619047,0.6666666666666666
20190308-W-Indian_Wells-R64-Dominika_Cibulkova-Bianca_Andreescu,Bianca Andreescu,0.3023255813953488,0.11627906976744186,0.5813953488372093
20190308-W-Indian_Wells-R64-Aliaksandra_Sasnovich-Kateryna_Baindl,Aliaksandra Sasnovich,0.20481927710843373,0.25301204819277107,0.5301204819277109
20190308-W-Indian_Wells-R64-Aliaksandra_Sasnovich-Kateryna_Baindl,Kateryna Baindl,0.23636363636363636,0.16363636363636364,0.5818181818181818
20190307-W-Indian_Wells-R128-Andrea_Petkovic-Venus_Williams,Andrea Petkovic,0.30158730158730157,0.20634920634920634,0.49206349206349204
20190307-W-Indian_Wells-R128-Andrea_Petkovic-Venus_Williams,Venus Williams,0.36764705882352944,0.1323529411764706,0.5
20190306-W-Indian_Wells-R128-Sofia_Kenin-Yafan_Wang,Sofia Kenin,0.3620689655172414,0.16379310344827586,0.47413793103448276
20190306-W-Indian_Wells-R128-Sofia_Kenin-Yafan_Wang,Yafan Wang,0.22807017543859648,0.3157894736842105,0.45614035087719296
20190306-W-Indian_Wells-R128-Magda_Linette-Petra_Martic,Magda Linette,0.32941176470588235,0.1411764705882353,0.5294117647058824
20190306-W-Indian_Wells-R128-Magda_Linette-Petra_Martic,Petra Martic,0.18292682926829268,0.35365853658536583,0.4634146341463415
20190306-W-Indian_Wells-R128-Caty_Mcnally-Bernarda_Pera,Caty Mcnally,0.15217391304347827,0.2391304347826087,0.6086956521739131
20190306-W-Indian_Wells-R128-Caty_Mcnally-Bernarda_Pera,Bernarda Pera,0.4358974358974359,0.20512820512820512,0.358974358974359
20190306-W-Indian_Wells-R128-Bianca_Andreescu-Irina_Camelia_Begu,Bianca Andreescu,0.29411764705882354,0.17647058823529413,0.5294117647058824
20190306-W-Indian_Wells-R128-Bianca_Andreescu-Irina_Camelia_Begu,Irina Camelia Begu,0.2839506172839506,0.18518518518518517,0.5308641975308642
20190306-W-Indian_Wells-R128-Amanda_Anisimova-Aleksandra_Krunic,Amanda Anisimova,0.4339622641509434,0.20754716981132076,0.3584905660377358
20190306-W-Indian_Wells-R128-Amanda_Anisimova-Aleksandra_Krunic,Aleksandra Krunic,0.3055555555555556,0.05555555555555555,0.6111111111111112
20190301-W-Acapulco-SF-Donna_Vekic-Yafan_Wang,Donna Vekic,0.28169014084507044,0.18309859154929578,0.5070422535211268
20190301-W-Acapulco-SF-Donna_Vekic-Yafan_Wang,Yafan Wang,0.2391304347826087,0.34782608695652173,0.41304347826086957
20190301-W-Acapulco-SF-Bianca_Andreescu-Sofia_Kenin,Bianca Andreescu,0.2638888888888889,0.16666666666666666,0.5694444444444444
20190301-W-Acapulco-SF-Bianca_Andreescu-Sofia_Kenin,Sofia Kenin,0.36923076923076925,0.15384615384615385,0.47692307692307695
20190228-W-Acapulco-R16-Varvara_Flink-Johanna_Konta,Varvara Flink,0.2826086956521739,0.15217391304347827,0.5652173913043478
20190228-W-Acapulco-R16-Varvara_Flink-Johanna_Konta,Johanna Konta,0.3,0.175,0.525
20190228-W-Acapulco-QF-Sofia_Kenin-Victoria_Azarenka,Sofia Kenin,0.3723404255319149,0.23404255319148937,0.39361702127659576
20190228-W-Acapulco-QF-Sofia_Kenin-Victoria_Azarenka,Victoria Azarenka,0.2545454545454545,0.2909090909090909,0.45454545454545453
20190228-W-Acapulco-QF-Saisai_Zheng-Bianca_Andreescu,Saisai Zheng,0.21428571428571427,0.17857142857142858,0.6071428571428571
20190228-W-Acapulco-QF-Saisai_Zheng-Bianca_Andreescu,Bianca Andreescu,0.2875,0.2375,0.475
20190226-W-Acapulco-R32-Katie_Boulter-Conny_Perrin,Katie Boulter,0.38571428571428573,0.2,0.4142857142857143
20190226-W-Acapulco-R32-Katie_Boulter-Conny_Perrin,Conny Perrin,0.21739130434782608,0.13043478260869565,0.6521739130434783
20190226-W-Acapulco-R32-Jil_Teichmann-Bianca_Andreescu,Jil Teichmann,0.2,0.1,0.7
20190226-W-Acapulco-R32-Jil_Teichmann-Bianca_Andreescu,Bianca Andreescu,0.3064516129032258,0.1935483870967742,0.5
20190223-W-Budapest-SF-Anastasia_Potapova-Marketa_Vondrousova,Anastasia Potapova,0.35135135135135137,0.13513513513513514,0.5135135135135135
20190223-W-Budapest-SF-Anastasia_Potapova-Marketa_Vondrousova,Marketa Vondrousova,0.46153846153846156,0.23076923076923078,0.3076923076923077
20190223-W-Budapest-SF-Alison_Van_Uytvanck-Ekaterina_Alexandrova,Alison Van Uytvanck,0.23809523809523808,0.20634920634920634,0.5555555555555556
20190223-W-Budapest-SF-Alison_Van_Uytvanck-Ekaterina_Alexandrova,Ekaterina Alexandrova,0.2872340425531915,0.2765957446808511,0.425531914893617
20190221-W-Dubai-QF-Karolina_Pliskova-Su_Wei_Hsieh,Karolina Pliskova,0.2948717948717949,0.1282051282051282,0.5641025641025641
20190221-W-Dubai-QF-Karolina_Pliskova-Su_Wei_Hsieh,Su Wei Hsieh,0.3380281690140845,0.19718309859154928,0.4647887323943662
20190221-W-Budapest-R16-Iga_Swiatek-Alison_Van_Uytvanck,Iga Swiatek,0.2898550724637681,0.21739130434782608,0.4927536231884058
20190221-W-Budapest-R16-Iga_Swiatek-Alison_Van_Uytvanck,Alison Van Uytvanck,0.2127659574468085,0.2553191489361702,0.5319148936170213
20190221-W-Budapest-R16-Arantxa_Rus-Ekaterina_Alexandrova,Arantxa Rus,0.20833333333333334,0.125,0.6458333333333334
20190221-W-Budapest-R16-Arantxa_Rus-Ekaterina_Alexandrova,Ekaterina Alexandrova,0.34146341463414637,0.1951219512195122,0.4634146341463415
20190220-W-Dubai-R16-Sofia_Kenin-Viktoria_Hruncakova,Sofia Kenin,0.275,0.2,0.5125
20190220-W-Dubai-R16-Sofia_Kenin-Viktoria_Hruncakova,Viktoria Hruncakova,0.35294117647058826,0.16176470588235295,0.4852941176470588
20190220-W-Dubai-R16-Kristina_Mladenovic-Carla_Suarez_Navarro,Kristina Mladenovic,0.2558139534883721,0.1511627906976744,0.5930232558139535
20190220-W-Dubai-R16-Kristina_Mladenovic-Carla_Suarez_Navarro,Carla Suarez Navarro,0.375,0.14285714285714285,0.48214285714285715
20190220-W-Dubai-R16-Jennifer_Brady-Petra_Kvitova,Jennifer Brady,0.25,0.31666666666666665,0.43333333333333335
20190220-W-Dubai-R16-Jennifer_Brady-Petra_Kvitova,Petra Kvitova,0.35,0.1875,0.4625
20190220-W-Budapest-R32-Georgina_Garcia_Perez-Marketa_Vondrousova,Georgina Garcia Perez,0.1320754716981132,0.20754716981132076,0.660377358490566
20190220-W-Budapest-R32-Georgina_Garcia_Perez-Marketa_Vondrousova,Marketa Vondrousova,0.38095238095238093,0.19047619047619047,0.42857142857142855
20190219-W-Dubai-R32-Viktoria_Hruncakova-Kiki_Bertens,Viktoria Hruncakova,0.2962962962962963,0.20987654320987653,0.49382716049382713
20190219-W-Dubai-R32-Viktoria_Hruncakova-Kiki_Bertens,Kiki Bertens,0.3013698630136986,0.1643835616438356,0.5342465753424658
20190219-W-Dubai-R32-Su_Wei_Hsieh-Aliaksandra_Sasnovich,Su Wei Hsieh,0.3235294117647059,0.2647058823529412,0.4117647058823529
20190219-W-Dubai-R32-Su_Wei_Hsieh-Aliaksandra_Sasnovich,Aliaksandra Sasnovich,0.26666666666666666,0.13333333333333333,0.6
20190219-W-Dubai-R32-Naomi_Osaka-Kristina_Mladenovic,Naomi Osaka,0.33962264150943394,0.09433962264150944,0.5660377358490566
20190219-W-Dubai-R32-Naomi_Osaka-Kristina_Mladenovic,Kristina Mladenovic,0.3793103448275862,0.13793103448275862,0.4827586206896552
20190219-W-Budapest-R32-Tereza_Smitkova-Ysaline_Bonaventure,Tereza Smitkova,0.38571428571428573,0.18571428571428572,0.42857142857142855
20190219-W-Budapest-R32-Tereza_Smitkova-Ysaline_Bonaventure,Ysaline Bonaventure,0.18333333333333332,0.35,0.4666666666666667
20190218-W-Budapest-R32-Fiona_Ferro-Arantxa_Rus,Fiona Ferro,0.15384615384615385,0.2153846153846154,0.6307692307692307
20190218-W-Budapest-R32-Fiona_Ferro-Arantxa_Rus,Arantxa Rus,0.2631578947368421,0.12280701754385964,0.6140350877192983
20190217-W-Dubai-R64-Alize_Cornet-Timea_Babos,Alize Cornet,0.32558139534883723,0.11627906976744186,0.5581395348837209
20190217-W-Dubai-R64-Alize_Cornet-Timea_Babos,Timea Babos,0.18867924528301888,0.07547169811320754,0.7358490566037735
20190214-W-Doha-QF-Elise_Mertens-Kiki_Bertens,Elise Mertens,0.20588235294117646,0.23529411764705882,0.5588235294117647
20190214-W-Doha-QF-Elise_Mertens-Kiki_Bertens,Kiki Bertens,0.2727272727272727,0.19480519480519481,0.5324675324675324
20190213-W-Doha-R16-Su_Wei_Hsieh-Karolina_Muchova,Su Wei Hsieh,0.2222222222222222,0.28888888888888886,0.4888888888888889
20190213-W-Doha-R16-Su_Wei_Hsieh-Karolina_Muchova,Karolina Muchova,0.4,0.21818181818181817,0.38181818181818183
20190213-W-Doha-R16-Kiki_Bertens-Carla_Suarez_Navarro,Kiki Bertens,0.3968253968253968,0.14285714285714285,0.4603174603174603
20190213-W-Doha-R16-Kiki_Bertens-Carla_Suarez_Navarro,Carla Suarez Navarro,0.20930232558139536,0.20930232558139536,0.5813953488372093
20190212-W-Doha-R32-Camila_Giorgi-Kiki_Bertens,Camila Giorgi,0.3372093023255814,0.18604651162790697,0.47674418604651164
20190212-W-Doha-R32-Camila_Giorgi-Kiki_Bertens,Kiki Bertens,0.20754716981132076,0.18867924528301888,0.6037735849056604
20190210-W-Fed_Cup_World_Group_II-RR-Arantxa_Rus-Bianca_Andreescu,Arantxa Rus,0.14705882352941177,0.11764705882352941,0.7352941176470589
20190210-W-Fed_Cup_World_Group_II-RR-Arantxa_Rus-Bianca_Andreescu,Bianca Andreescu,0.1875,0.25,0.5625
20190209-W-Fed_Cup_World_Group_II_R1-RR-Francoise_Abanda-Arantxa_Rus,Francoise Abanda,0.20408163265306123,0.25510204081632654,0.5408163265306123
20190209-W-Fed_Cup_World_Group_II_R1-RR-Francoise_Abanda-Arantxa_Rus,Arantxa Rus,0.31645569620253167,0.1518987341772152,0.5316455696202531
20190209-W-Fed_Cup_World_Group_II-RR-Bianca_Andreescu-Richel_Hogenkamp,Bianca Andreescu,0.42,0.16,0.42
20190209-W-Fed_Cup_World_Group_II-RR-Bianca_Andreescu-Richel_Hogenkamp,Richel Hogenkamp,0.37037037037037035,0.14814814814814814,0.48148148148148145
20190208-W-Fed_Cup_G1-RR-Yulia_Putintseva-Ankita_Raina,Yulia Putintseva,0.36538461538461536,0.21153846153846154,0.4230769230769231
20190208-W-Fed_Cup_G1-RR-Yulia_Putintseva-Ankita_Raina,Ankita Raina,0.2676056338028169,0.19718309859154928,0.5352112676056338
20190202-W-St_Petersburg-SF-Vera_Zvonareva-Donna_Vekic,Vera Zvonareva,0.2413793103448276,0.20689655172413793,0.5517241379310345
20190202-W-St_Petersburg-SF-Vera_Zvonareva-Donna_Vekic,Donna Vekic,0.37254901960784315,0.23529411764705882,0.39215686274509803
20190202-W-St_Petersburg-SF-Aryna_Sabalenka-Kiki_Bertens,Aryna Sabalenka,0.21875,0.296875,0.484375
20190202-W-St_Petersburg-SF-Aryna_Sabalenka-Kiki_Bertens,Kiki Bertens,0.37735849056603776,0.16981132075471697,0.4528301886792453
20190202-W-Hua_Hin-SF-Tamara_Zidansek-Ajla_Tomljanovic,Tamara Zidansek,0.38636363636363635,0.06818181818181818,0.5454545454545454
20190202-W-Hua_Hin-SF-Tamara_Zidansek-Ajla_Tomljanovic,Ajla Tomljanovic,0.2926829268292683,0.3902439024390244,0.3170731707317073
20190202-W-Hua_Hin-SF-Dayana_Yastremska-Magda_Linette,Dayana Yastremska,0.3939393939393939,0.19696969696969696,0.4090909090909091
20190202-W-Hua_Hin-SF-Dayana_Yastremska-Magda_Linette,Magda Linette,0.16129032258064516,0.3548387096774194,0.4838709677419355
20190201-W-St_Petersburg-QF-Vera_Zvonareva-Daria_Kasatkina,Vera Zvonareva,0.3684210526315789,0.21052631578947367,0.42105263157894735
20190201-W-St_Petersburg-QF-Vera_Zvonareva-Daria_Kasatkina,Daria Kasatkina,0.23880597014925373,0.22388059701492538,0.5373134328358209
20190201-W-St_Petersburg-QF-Petra_Kvitova-Donna_Vekic,Petra Kvitova,0.2459016393442623,0.09836065573770492,0.6557377049180327
20190201-W-St_Petersburg-QF-Petra_Kvitova-Donna_Vekic,Donna Vekic,0.2727272727272727,0.15151515151515152,0.5757575757575758
20190201-W-St_Petersburg-QF-Aryna_Sabalenka-Ekaterina_Alexandrova,Aryna Sabalenka,0.2909090909090909,0.2909090909090909,0.41818181818181815
20190201-W-St_Petersburg-QF-Aryna_Sabalenka-Ekaterina_Alexandrova,Ekaterina Alexandrova,0.3333333333333333,0.21568627450980393,0.45098039215686275
20190201-W-St_Petersburg-QF-Anastasia_Pavlyuchenkova-Kiki_Bertens,Anastasia Pavlyuchenkova,0.24,0.22,0.54
20190201-W-St_Petersburg-QF-Anastasia_Pavlyuchenkova-Kiki_Bertens,Kiki Bertens,0.48148148148148145,0.16666666666666666,0.35185185185185186
20190201-W-Hua_Hin-QF-Yafan_Wang-Magda_Linette,Yafan Wang,0.29508196721311475,0.22950819672131148,0.47540983606557374
20190201-W-Hua_Hin-QF-Yafan_Wang-Magda_Linette,Magda Linette,0.32727272727272727,0.2909090909090909,0.38181818181818183
20190131-W-St_Petersburg-R16-Tereza_Martincova-Ekaterina_Alexandrova,Tereza Martincova,0.10526315789473684,0.3157894736842105,0.5789473684210527
20190131-W-St_Petersburg-R16-Tereza_Martincova-Ekaterina_Alexandrova,Ekaterina Alexandrova,0.23728813559322035,0.3050847457627119,0.4576271186440678
20190131-W-St_Petersburg-R16-Kiki_Bertens-Ysaline_Bonaventure,Kiki Bertens,0.3611111111111111,0.25,0.3888888888888889
20190131-W-St_Petersburg-R16-Kiki_Bertens-Ysaline_Bonaventure,Ysaline Bonaventure,0.2222222222222222,0.2962962962962963,0.48148148148148145
20190131-W-St_Petersburg-R16-Aryna_Sabalenka-Alison_Van_Uytvanck,Aryna Sabalenka,0.4,0.28888888888888886,0.28888888888888886
20190131-W-St_Petersburg-R16-Aryna_Sabalenka-Alison_Van_Uytvanck,Alison Van Uytvanck,0.4444444444444444,0.37037037037037035,0.18518518518518517
20190131-W-Hua_Hin-R16-Viktorija_Golubic-Ying_Ying_Duan,Viktorija Golubic,0.2545454545454545,0.38181818181818183,0.36363636363636365
20190131-W-Hua_Hin-R16-Viktorija_Golubic-Ying_Ying_Duan,Ying Ying Duan,0.35365853658536583,0.18292682926829268,0.4634146341463415
20190131-W-Hua_Hin-R16-Jennifer_Brady-Tamara_Zidansek,Jennifer Brady,0.27472527472527475,0.2087912087912088,0.5164835164835165
20190131-W-Hua_Hin-R16-Jennifer_Brady-Tamara_Zidansek,Tamara Zidansek,0.38961038961038963,0.15584415584415584,0.45454545454545453
20190130-W-St_Petersburg-R32-Ekaterina_Alexandrova-Katie_Boulter,Ekaterina Alexandrova,0.31343283582089554,0.23880597014925373,0.44776119402985076
20190130-W-St_Petersburg-R32-Ekaterina_Alexandrova-Katie_Boulter,Katie Boulter,0.3230769230769231,0.2153846153846154,0.46153846153846156
20190130-W-St_Petersburg-R16-Vera_Zvonareva-Julia_Goerges,Vera Zvonareva,0.21739130434782608,0.17391304347826086,0.6086956521739131
20190130-W-St_Petersburg-R16-Vera_Zvonareva-Julia_Goerges,Julia Goerges,0.3465346534653465,0.09900990099009901,0.5544554455445545
20190129-W-St_Petersburg-R32-Olga_Danilovic-Veronika_Kudermetova,Olga Danilovic,0.2608695652173913,0.15217391304347827,0.5869565217391305
20190129-W-St_Petersburg-R32-Olga_Danilovic-Veronika_Kudermetova,Veronika Kudermetova,0.25,0.4444444444444444,0.3055555555555556
20190123-W-Australian_Open-QF-Serena_Williams-Karolina_Pliskova,Serena Williams,0.4270833333333333,0.19791666666666666,0.375
20190123-W-Australian_Open-QF-Serena_Williams-Karolina_Pliskova,Karolina Pliskova,0.4583333333333333,0.2708333333333333,0.2708333333333333
20190122-W-Australian_Open-QF-Petra_Kvitova-Ashleigh_Barty,Petra Kvitova,0.35185185185185186,0.25925925925925924,0.3888888888888889
20190122-W-Australian_Open-QF-Petra_Kvitova-Ashleigh_Barty,Ashleigh Barty,0.2,0.23333333333333334,0.5666666666666667
20190120-W-Australian_Open-R16-Danielle_Collins-Angelique_Kerber,Danielle Collins,0.5625,0.08333333333333333,0.3541666666666667
20190120-W-Australian_Open-R16-Danielle_Collins-Angelique_Kerber,Angelique Kerber,0.22727272727272727,0.13636363636363635,0.5909090909090909
20190120-W-Australian_Open-R16-Ashleigh_Barty-Maria_Sharapova,Ashleigh Barty,0.2535211267605634,0.16901408450704225,0.5774647887323944
20190120-W-Australian_Open-R16-Ashleigh_Barty-Maria_Sharapova,Maria Sharapova,0.22413793103448276,0.1724137931034483,0.603448275862069
20190119-W-Australian_Open-R32-Dayana_Yastremska-Serena_Williams,Dayana Yastremska,0.34285714285714286,0.08571428571428572,0.5714285714285714
20190119-W-Australian_Open-R32-Dayana_Yastremska-Serena_Williams,Serena Williams,0.3333333333333333,0.23333333333333334,0.43333333333333335
20190118-W-Australian_Open-R32-Aryna_Sabalenka-Amanda_Anisimova,Aryna Sabalenka,0.3333333333333333,0.14814814814814814,0.5185185185185185
20190118-W-Australian_Open-R32-Aryna_Sabalenka-Amanda_Anisimova,Amanda Anisimova,0.32608695652173914,0.3695652173913043,0.30434782608695654
20190117-W-Australian_Open-R64-Madison_Keys-Anastasia_Potapova,Madison Keys,0.42105263157894735,0.14035087719298245,0.43859649122807015
20190117-W-Australian_Open-R64-Madison_Keys-Anastasia_Potapova,Anastasia Potapova,0.35555555555555557,0.2222222222222222,0.4222222222222222
20190117-W-Australian_Open-R64-Camila_Giorgi-Iga_Swiatek,Camila Giorgi,0.32432432432432434,0.35135135135135137,0.32432432432432434
20190117-W-Australian_Open-R64-Camila_Giorgi-Iga_Swiatek,Iga Swiatek,0.22727272727272727,0.13636363636363635,0.6363636363636364
20190116-W-Australian_Open-R64-Marketa_Vondrousova-Petra_Martic,Marketa Vondrousova,0.27586206896551724,0.1206896551724138,0.603448275862069
20190116-W-Australian_Open-R64-Marketa_Vondrousova-Petra_Martic,Petra Martic,0.3076923076923077,0.17307692307692307,0.5192307692307693
20190116-W-Australian_Open-R64-Caroline_Wozniacki-Johanna_Larsson,Caroline Wozniacki,0.3902439024390244,0.34146341463414637,0.2682926829268293
20190116-W-Australian_Open-R64-Caroline_Wozniacki-Johanna_Larsson,Johanna Larsson,0.27906976744186046,0.20930232558139536,0.5116279069767442
20190115-W-Australian_Open-R128-Whitney_Osuigwe-Bianca_Andreescu,Whitney Osuigwe,0.19047619047619047,0.27380952380952384,0.5357142857142857
20190115-W-Australian_Open-R128-Whitney_Osuigwe-Bianca_Andreescu,Bianca Andreescu,0.27522935779816515,0.24770642201834864,0.47706422018348627
20190115-W-Australian_Open-R128-Viktoria_Hruncakova-Kateryna_Baindl,Viktoria Hruncakova,0.38235294117647056,0.19607843137254902,0.4215686274509804
20190115-W-Australian_Open-R128-Viktoria_Hruncakova-Kateryna_Baindl,Kateryna Baindl,0.2727272727272727,0.3181818181818182,0.4090909090909091
20190115-W-Australian_Open-R128-Veronika_Kudermetova-Sofia_Kenin,Veronika Kudermetova,0.3116883116883117,0.15584415584415584,0.5324675324675324
20190115-W-Australian_Open-R128-Veronika_Kudermetova-Sofia_Kenin,Sofia Kenin,0.2786885245901639,0.26229508196721313,0.45901639344262296
20190115-W-Australian_Open-R128-Samantha_Stosur-Dayana_Yastremska,Samantha Stosur,0.30434782608695654,0.43478260869565216,0.2608695652173913
20190115-W-Australian_Open-R128-Samantha_Stosur-Dayana_Yastremska,Dayana Yastremska,0.2777777777777778,0.48148148148148145,0.24074074074074073
20190114-W-Australian_Open-R128-Shuai_Peng-Eugenie_Bouchard,Shuai Peng,0.23333333333333334,0.23333333333333334,0.5333333333333333
20190114-W-Australian_Open-R128-Shuai_Peng-Eugenie_Bouchard,Eugenie Bouchard,0.38235294117647056,0.3235294117647059,0.29411764705882354
20190114-W-Australian_Open-R128-Maria_Sharapova-Harriet_Dart,Maria Sharapova,0.3958333333333333,0.4375,0.16666666666666666
20190114-W-Australian_Open-R128-Maria_Sharapova-Harriet_Dart,Harriet Dart,0.3,0.4,0.3
20190114-W-Australian_Open-R128-Kiki_Bertens-Alison_Riske_Amritraj,Kiki Bertens,0.2777777777777778,0.2222222222222222,0.5
20190114-W-Australian_Open-R128-Kiki_Bertens-Alison_Riske_Amritraj,Alison Riske Amritraj,0.21212121212121213,0.24242424242424243,0.5454545454545454
20190114-W-Australian_Open-R128-Caroline_Wozniacki-Alison_Van_Uytvanck,Caroline Wozniacki,0.37777777777777777,0.3333333333333333,0.28888888888888886
20190114-W-Australian_Open-R128-Caroline_Wozniacki-Alison_Van_Uytvanck,Alison Van Uytvanck,0.3148148148148148,0.25925925925925924,0.42592592592592593
20190114-W-Australian_Open-R128-Beatriz_Haddad_Maia-Bernarda_Pera,Beatriz Haddad Maia,0.2073170731707317,0.2073170731707317,0.573170731707317
20190114-W-Australian_Open-R128-Beatriz_Haddad_Maia-Bernarda_Pera,Bernarda Pera,0.23684210526315788,0.13157894736842105,0.631578947368421
20190114-W-Australian_Open-R128-Astra_Sharma-Priscilla_Hon,Astra Sharma,0.20967741935483872,0.3709677419354839,0.41935483870967744
20190114-W-Australian_Open-R128-Astra_Sharma-Priscilla_Hon,Priscilla Hon,0.30120481927710846,0.21686746987951808,0.4578313253012048
20190111-W-Sydney-SF-Petra_Kvitova-Aliaksandra_Sasnovich,Petra Kvitova,0.45454545454545453,0.18181818181818182,0.36363636363636365
20190111-W-Sydney-SF-Petra_Kvitova-Aliaksandra_Sasnovich,Aliaksandra Sasnovich,0.36666666666666664,0.1,0.5333333333333333
20190111-W-Sydney-SF-Ashleigh_Barty-Kiki_Bertens,Ashleigh Barty,0.2857142857142857,0.2714285714285714,0.44285714285714284
20190111-W-Sydney-SF-Ashleigh_Barty-Kiki_Bertens,Kiki Bertens,0.3125,0.2,0.4875
20190111-W-Hobart-SF-Alize_Cornet-Sofia_Kenin,Alize Cornet,0.25925925925925924,0.07407407407407407,0.6666666666666666
20190111-W-Hobart-SF-Alize_Cornet-Sofia_Kenin,Sofia Kenin,0.31746031746031744,0.1746031746031746,0.5079365079365079
20190111-W-Australian_Open-Q3-Tereza_Smitkova-Bianca_Andreescu,Tereza Smitkova,0.18181818181818182,0.15151515151515152,0.6666666666666666
20190111-W-Australian_Open-Q3-Tereza_Smitkova-Bianca_Andreescu,Bianca Andreescu,0.3333333333333333,0.23333333333333334,0.43333333333333335
20190110-W-Sydney-QF-Yulia_Putintseva-Kiki_Bertens,Yulia Putintseva,0.11538461538461539,0.19230769230769232,0.6923076923076923
20190110-W-Sydney-QF-Yulia_Putintseva-Kiki_Bertens,Kiki Bertens,0.3333333333333333,0.20512820512820512,0.46153846153846156
20190110-W-Hobart-QF-Dayana_Yastremska-Belinda_Bencic,Dayana Yastremska,0.4084507042253521,0.09859154929577464,0.49295774647887325
20190110-W-Hobart-QF-Dayana_Yastremska-Belinda_Bencic,Belinda Bencic,0.30434782608695654,0.21739130434782608,0.4782608695652174
20190110-W-Australian_Open-Q2-Valentini_Grammatikopoulou-Bianca_Andreescu,Valentini Grammatikopoulou,0.3333333333333333,0.17777777777777778,0.4888888888888889
20190110-W-Australian_Open-Q2-Valentini_Grammatikopoulou-Bianca_Andreescu,Bianca Andreescu,0.4473684210526316,0.18421052631578946,0.3684210526315789
20190109-W-Hobart-R16-Magda_Linette-Greet_Minnen,Magda Linette,0.25675675675675674,0.1891891891891892,0.5540540540540541
20190109-W-Hobart-R16-Magda_Linette-Greet_Minnen,Greet Minnen,0.33766233766233766,0.23376623376623376,0.42857142857142855
20190108-W-Hobart-R32-Maria_Sakkari-Magda_Linette,Maria Sakkari,0.3411764705882353,0.1411764705882353,0.5058823529411764
20190108-W-Hobart-R32-Maria_Sakkari-Magda_Linette,Magda Linette,0.3076923076923077,0.23076923076923078,0.46153846153846156
20190108-W-Australian_Open-Q1-Iga_Swiatek-Olga_Danilovic,Iga Swiatek,0.2840909090909091,0.19318181818181818,0.5227272727272727
20190108-W-Australian_Open-Q1-Iga_Swiatek-Olga_Danilovic,Olga Danilovic,0.19117647058823528,0.2647058823529412,0.5441176470588235
20190107-W-Sydney-R32-Kiki_Bertens-Bernarda_Pera,Kiki Bertens,0.23255813953488372,0.3023255813953488,0.46511627906976744
20190107-W-Sydney-R32-Kiki_Bertens-Bernarda_Pera,Bernarda Pera,0.4117647058823529,0.14705882352941177,0.4411764705882353
20190107-W-Hobart-R32-Ana_Bogdan-Ons_Jabeur,Ana Bogdan,0.2982456140350877,0.22807017543859648,0.47368421052631576
20190107-W-Hobart-R32-Ana_Bogdan-Ons_Jabeur,Ons Jabeur,0.2,0.3411764705882353,0.4588235294117647
20190105-W-Brisbane-SF-Naomi_Osaka-Lesia_Tsurenko,Naomi Osaka,0.275,0.125,0.6
20190105-W-Brisbane-SF-Naomi_Osaka-Lesia_Tsurenko,Lesia Tsurenko,0.40625,0.21875,0.375
20190105-W-Brisbane-SF-Karolina_Pliskova-Donna_Vekic,Karolina Pliskova,0.6,0.08888888888888889,0.3111111111111111
20190105-W-Brisbane-SF-Karolina_Pliskova-Donna_Vekic,Donna Vekic,0.4444444444444444,0.15555555555555556,0.4
20190105-W-Auckland-SF-Su_Wei_Hsieh-Bianca_Andreescu,Su Wei Hsieh,0.3191489361702128,0.2553191489361702,0.425531914893617
20190105-W-Auckland-SF-Su_Wei_Hsieh-Bianca_Andreescu,Bianca Andreescu,0.4727272727272727,0.21818181818181817,0.3090909090909091
20190104-W-ITF_Hong_Kong-SF-Dasha_Lopatetskaya-Monika_Kilnarova,Dasha Lopatetskaya,0.2857142857142857,0.3877551020408163,0.32653061224489793
20190104-W-ITF_Hong_Kong-SF-Dasha_Lopatetskaya-Monika_Kilnarova,Monika Kilnarova,0.2916666666666667,0.25,0.4583333333333333
20190104-W-Brisbane-QF-Aliaksandra_Sasnovich-Donna_Vekic,Aliaksandra Sasnovich,0.34146341463414637,0.07317073170731707,0.5853658536585366
20190104-W-Brisbane-QF-Aliaksandra_Sasnovich-Donna_Vekic,Donna Vekic,0.46153846153846156,0.2692307692307692,0.2692307692307692
20190104-W-Auckland-QF-Venus_Williams-Bianca_Andreescu,Venus Williams,0.16216216216216217,0.36486486486486486,0.47297297297297297
20190104-W-Auckland-QF-Venus_Williams-Bianca_Andreescu,Bianca Andreescu,0.41379310344827586,0.1724137931034483,0.41379310344827586
20190103-W-Brisbane-QF-Naomi_Osaka-Anastasija_Sevastova,Naomi Osaka,0.3389830508474576,0.2711864406779661,0.3898305084745763
20190103-W-Brisbane-QF-Naomi_Osaka-Anastasija_Sevastova,Anastasija Sevastova,0.42105263157894735,0.21052631578947367,0.3684210526315789
20190103-W-Auckland-R16-Caroline_Wozniacki-Bianca_Andreescu,Caroline Wozniacki,0.22807017543859648,0.3508771929824561,0.42105263157894735
20190103-W-Auckland-R16-Caroline_Wozniacki-Bianca_Andreescu,Bianca Andreescu,0.48148148148148145,0.14814814814814814,0.37037037037037035
20190103-W-Auckland-QF-Eugenie_Bouchard-Julia_Goerges,Eugenie Bouchard,0.3541666666666667,0.08333333333333333,0.5625
20190103-W-Auckland-QF-Eugenie_Bouchard-Julia_Goerges,Julia Goerges,0.336283185840708,0.12389380530973451,0.5398230088495575
20190102-W-Brisbane-R16-Karolina_Pliskova-Marie_Bouzkova,Karolina Pliskova,0.47368421052631576,0.21052631578947367,0.3157894736842105
20190102-W-Brisbane-R16-Karolina_Pliskova-Marie_Bouzkova,Marie Bouzkova,0.46511627906976744,0.06976744186046512,0.46511627906976744
20190102-W-Brisbane-R16-Donna_Vekic-Kiki_Bertens,Donna Vekic,0.19047619047619047,0.30158730158730157,0.49206349206349204
20190102-W-Brisbane-R16-Donna_Vekic-Kiki_Bertens,Kiki Bertens,0.3229166666666667,0.19791666666666666,0.4791666666666667
20190101-W-Auckland-R32-Venus_Williams-Victoria_Azarenka,Venus Williams,0.23636363636363636,0.34545454545454546,0.41818181818181815
20190101-W-Auckland-R32-Venus_Williams-Victoria_Azarenka,Victoria Azarenka,0.35365853658536583,0.1951219512195122,0.45121951219512196
20190101-W-Auckland-R32-Timea_Babos-Bianca_Andreescu,Timea Babos,0.1875,0.2708333333333333,0.5416666666666666
20190101-W-Auckland-R32-Timea_Babos-Bianca_Andreescu,Bianca Andreescu,0.34328358208955223,0.208955223880597,0.44776119402985076
20181231-W-Brisbane-R32-Samantha_Stosur-Marie_Bouzkova,Samantha Stosur,0.28,0.22,0.5
20181231-W-Brisbane-R32-Samantha_Stosur-Marie_Bouzkova,Marie Bouzkova,0.43037974683544306,0.22784810126582278,0.34177215189873417
20181231-W-Brisbane-R32-Daria_Kasatkina-Kimberly_Birrell,Daria Kasatkina,0.2625,0.1875,0.55
20181231-W-Brisbane-R32-Daria_Kasatkina-Kimberly_Birrell,Kimberly Birrell,0.3274336283185841,0.1504424778761062,0.5221238938053098
20181214-W-ITF_Dubai-SF-Evgeniya_Rodina-Viktoria_Hruncakova,Evgeniya Rodina,0.2727272727272727,0.0,0.7272727272727273
20181214-W-ITF_Dubai-SF-Evgeniya_Rodina-Viktoria_Hruncakova,Viktoria Hruncakova,0.375,0.3,0.325
20181211-W-ITF_Dubai-R32-Natalia_Vikhlyantseva-Kristina_Mladenovic,Natalia Vikhlyantseva,0.22448979591836735,0.30612244897959184,0.46938775510204084
20181211-W-ITF_Dubai-R32-Natalia_Vikhlyantseva-Kristina_Mladenovic,Kristina Mladenovic,0.0,0.6774193548387096,0.3225806451612903
20181211-W-ITF_Dubai-R32-Kaja_Juvan-Tatjana_Maria,Kaja Juvan,0.32142857142857145,0.17857142857142858,0.5
20181211-W-ITF_Dubai-R32-Kaja_Juvan-Tatjana_Maria,Tatjana Maria,0.15789473684210525,0.5526315789473685,0.2894736842105263
20181102-W-Zhuhai-RR-Madison_Keys-Qiang_Wang,Madison Keys,0.35443037974683544,0.10126582278481013,0.5443037974683544
20181102-W-Zhuhai-RR-Madison_Keys-Qiang_Wang,Qiang Wang,0.30612244897959184,0.1836734693877551,0.5102040816326531
20181030-W-Zhuhai-RR-Ashleigh_Barty-Aryna_Sabalenka,Ashleigh Barty,0.175,0.25,0.575
20181030-W-Zhuhai-RR-Ashleigh_Barty-Aryna_Sabalenka,Aryna Sabalenka,0.25,0.3076923076923077,0.4423076923076923
20181029-W-Zhuhai-RR-Daria_Kasatkina-Qiang_Wang,Daria Kasatkina,0.09433962264150944,0.41509433962264153,0.49056603773584906
20181029-W-Zhuhai-RR-Daria_Kasatkina-Qiang_Wang,Qiang Wang,0.25609756097560976,0.18292682926829268,0.5609756097560976
20181019-W-Moscow-SF-Daria_Kasatkina-Johanna_Konta,Daria Kasatkina,0.4489795918367347,0.1836734693877551,0.3673469387755102
20181019-W-Moscow-SF-Daria_Kasatkina-Johanna_Konta,Johanna Konta,0.3709677419354839,0.1774193548387097,0.45161290322580644
20181018-W-Moscow-QF-Daria_Kasatkina-Anastasia_Pavlyuchenkova,Daria Kasatkina,0.4411764705882353,0.3235294117647059,0.23529411764705882
20181018-W-Moscow-QF-Daria_Kasatkina-Anastasia_Pavlyuchenkova,Anastasia Pavlyuchenkova,0.36923076923076925,0.15384615384615385,0.47692307692307695
20181017-W-Moscow-R16-Anastasia_Pavlyuchenkova-Valentini_Grammatikopoulou,Anastasia Pavlyuchenkova,0.42,0.2,0.38
20181017-W-Moscow-R16-Anastasia_Pavlyuchenkova-Valentini_Grammatikopoulou,Valentini Grammatikopoulou,0.28,0.14,0.58
20181017-W-Moscow-R16-Alize_Cornet-Daria_Kasatkina,Alize Cornet,0.2875,0.125,0.5875
20181017-W-Moscow-R16-Alize_Cornet-Daria_Kasatkina,Daria Kasatkina,0.24705882352941178,0.16470588235294117,0.5882352941176471
20181017-W-Luxembourg-R16-Eugenie_Bouchard-Carla_Suarez_Navarro,Eugenie Bouchard,0.6410256410256411,0.20512820512820512,0.15384615384615385
20181017-W-Luxembourg-R16-Eugenie_Bouchard-Carla_Suarez_Navarro,Carla Suarez Navarro,0.4,0.15,0.45
20181013-W-Hong_Kong-SF-Qiang_Wang-Garbine_Muguruza,Qiang Wang,0.3977272727272727,0.25,0.3522727272727273
20181013-W-Hong_Kong-SF-Qiang_Wang-Garbine_Muguruza,Garbine Muguruza,0.37209302325581395,0.23255813953488372,0.3953488372093023
20181006-W-Beijing-SF-Caroline_Wozniacki-Qiang_Wang,Caroline Wozniacki,0.22857142857142856,0.4,0.37142857142857144
20181006-W-Beijing-SF-Caroline_Wozniacki-Qiang_Wang,Qiang Wang,0.25757575757575757,0.18181818181818182,0.5606060606060606
20181005-W-Beijing-QF-Caroline_Wozniacki-Katerina_Siniakova,Caroline Wozniacki,0.21875,0.5,0.28125
20181005-W-Beijing-QF-Caroline_Wozniacki-Katerina_Siniakova,Katerina Siniakova,0.3541666666666667,0.125,0.5208333333333334
20181004-W-Beijing-R16-Caroline_Wozniacki-Anett_Kontaveit,Caroline Wozniacki,0.27586206896551724,0.3448275862068966,0.3793103448275862
20181004-W-Beijing-R16-Caroline_Wozniacki-Anett_Kontaveit,Anett Kontaveit,0.34375,0.17708333333333334,0.4791666666666667
20181003-W-Beijing-R32-Caroline_Wozniacki-Petra_Martic,Caroline Wozniacki,0.2857142857142857,0.24489795918367346,0.46938775510204084
20181003-W-Beijing-R32-Caroline_Wozniacki-Petra_Martic,Petra Martic,0.4027777777777778,0.08333333333333333,0.5138888888888888
20181001-W-Beijing-R64-Caroline_Wozniacki-Belinda_Bencic,Caroline Wozniacki,0.2647058823529412,0.3235294117647059,0.4117647058823529
20181001-W-Beijing-R64-Caroline_Wozniacki-Belinda_Bencic,Belinda Bencic,0.3384615384615385,0.16923076923076924,0.49230769230769234
20180908-W-US_Open-F-Serena_Williams-Naomi_Osaka,Serena Williams,0.375,0.2,0.425
20180908-W-US_Open-F-Serena_Williams-Naomi_Osaka,Naomi Osaka,0.3,0.26666666666666666,0.43333333333333335
20180907-W-US_Open_Juniors-QF-Emma_Raducanu-Clara_Burel,Emma Raducanu,0.25,0.3055555555555556,0.4444444444444444
20180907-W-US_Open_Juniors-QF-Emma_Raducanu-Clara_Burel,Clara Burel,0.425531914893617,0.3829787234042553,0.19148936170212766
20180904-W-US_Open-QF-Serena_Williams-Karolina_Pliskova,Serena Williams,0.35294117647058826,0.13725490196078433,0.5098039215686274
20180904-W-US_Open-QF-Serena_Williams-Karolina_Pliskova,Karolina Pliskova,0.17073170731707318,0.24390243902439024,0.5853658536585366
20180903-W-US_Open-R16-Madison_Keys-Dominika_Cibulkova,Madison Keys,0.3392857142857143,0.26785714285714285,0.39285714285714285
20180903-W-US_Open-R16-Madison_Keys-Dominika_Cibulkova,Dominika Cibulkova,0.19444444444444445,0.16666666666666666,0.6388888888888888
20180902-W-US_Open-R16-Ashleigh_Barty-Karolina_Pliskova,Ashleigh Barty,0.36666666666666664,0.1,0.5333333333333333
20180902-W-US_Open-R16-Ashleigh_Barty-Karolina_Pliskova,Karolina Pliskova,0.275,0.275,0.45
20180830-W-US_Open-R64-Maria_Sharapova-Sorana_Cirstea,Maria Sharapova,0.3018867924528302,0.22641509433962265,0.4716981132075472
20180830-W-US_Open-R64-Maria_Sharapova-Sorana_Cirstea,Sorana Cirstea,0.19642857142857142,0.25,0.5535714285714286
20180828-W-US_Open-R128-Samantha_Stosur-Caroline_Wozniacki,Samantha Stosur,0.3111111111111111,0.13333333333333333,0.5555555555555556
20180828-W-US_Open-R128-Samantha_Stosur-Caroline_Wozniacki,Caroline Wozniacki,0.28125,0.375,0.34375
20180827-W-US_Open-R128-Venus_Williams-Svetlana_Kuznetsova,Venus Williams,0.41818181818181815,0.2818181818181818,0.3
20180827-W-US_Open-R128-Venus_Williams-Svetlana_Kuznetsova,Svetlana Kuznetsova,0.39705882352941174,0.2647058823529412,0.3382352941176471
20180815-W-Cincinnati-R32-Serena_Williams-Petra_Kvitova,Serena Williams,0.2857142857142857,0.20634920634920634,0.5079365079365079
20180815-W-Cincinnati-R32-Serena_Williams-Petra_Kvitova,Petra Kvitova,0.28,0.26,0.46
20180730-W-Washington-R32-Belinda_Bencic-Harriet_Dart,Belinda Bencic,0.38181818181818183,0.21818181818181817,0.4
20180730-W-Washington-R32-Belinda_Bencic-Harriet_Dart,Harriet Dart,0.35,0.13333333333333333,0.5166666666666667
20180730-W-Washington-R32-Andrea_Petkovic-Jamie_Loeb,Andrea Petkovic,0.36,0.2,0.44
20180730-W-Washington-R32-Andrea_Petkovic-Jamie_Loeb,Jamie Loeb,0.20454545454545456,0.11363636363636363,0.6818181818181818
20180727-W-ITF_Prague-QF-Iga_Swiatek-Mona_Barthel,Iga Swiatek,0.423728813559322,0.2542372881355932,0.3220338983050847
20180727-W-ITF_Prague-QF-Iga_Swiatek-Mona_Barthel,Mona Barthel,0.358974358974359,0.23076923076923078,0.41025641025641024
20180722-W-ITF_Berkeley-F-Nicole_Gibbs-Sofia_Kenin,Nicole Gibbs,0.2,0.08888888888888889,0.7111111111111111
20180722-W-ITF_Berkeley-F-Nicole_Gibbs-Sofia_Kenin,Sofia Kenin,0.3125,0.20833333333333334,0.4791666666666667
20180719-W-Bucharest-R16-Claire_Liu-Petra_Martic,Claire Liu,0.29523809523809524,0.18095238095238095,0.5238095238095238
20180719-W-Bucharest-R16-Claire_Liu-Petra_Martic,Petra Martic,0.34177215189873417,0.17721518987341772,0.4810126582278481
20180714-W-Wimbledon-F-Serena_Williams-Angelique_Kerber,Serena Williams,0.3157894736842105,0.19298245614035087,0.49122807017543857
20180714-W-Wimbledon-F-Serena_Williams-Angelique_Kerber,Angelique Kerber,0.43478260869565216,0.30434782608695654,0.2608695652173913
20180710-W-Wimbledon-QF-Kiki_Bertens-Julia_Goerges,Kiki Bertens,0.27419354838709675,0.25806451612903225,0.46774193548387094
20180710-W-Wimbledon-QF-Kiki_Bertens-Julia_Goerges,Julia Goerges,0.38461538461538464,0.2948717948717949,0.32051282051282054
20180710-W-Wimbledon-QF-Dominika_Cibulkova-Jelena_Ostapenko,Dominika Cibulkova,0.21739130434782608,0.30434782608695654,0.4782608695652174
20180710-W-Wimbledon-QF-Dominika_Cibulkova-Jelena_Ostapenko,Jelena Ostapenko,0.36363636363636365,0.2077922077922078,0.42857142857142855
20180710-W-Wimbledon-QF-Camila_Giorgi-Serena_Williams,Camila Giorgi,0.24444444444444444,0.4,0.35555555555555557
20180710-W-Wimbledon-QF-Camila_Giorgi-Serena_Williams,Serena Williams,0.3,0.36,0.34
20180710-W-Wimbledon-QF-Angelique_Kerber-Daria_Kasatkina,Angelique Kerber,0.2916666666666667,0.3125,0.3958333333333333
20180710-W-Wimbledon-QF-Angelique_Kerber-Daria_Kasatkina,Daria Kasatkina,0.4246575342465753,0.1232876712328767,0.4520547945205479
20180707-W-Wimbledon-R32-Naomi_Osaka-Angelique_Kerber,Naomi Osaka,0.42592592592592593,0.1111111111111111,0.46296296296296297
20180707-W-Wimbledon-R32-Naomi_Osaka-Angelique_Kerber,Angelique Kerber,0.625,0.15625,0.21875
20180705-W-Wimbledon-R64-Yulia_Putintseva-Daria_Kasatkina,Yulia Putintseva,0.2647058823529412,0.08823529411764706,0.6176470588235294
20180705-W-Wimbledon-R64-Yulia_Putintseva-Daria_Kasatkina,Daria Kasatkina,0.46153846153846156,0.15384615384615385,0.34615384615384615
20180705-W-Wimbledon-R64-Naomi_Osaka-Katie_Boulter,Naomi Osaka,0.3469387755102041,0.3469387755102041,0.30612244897959184
20180705-W-Wimbledon-R64-Naomi_Osaka-Katie_Boulter,Katie Boulter,0.3333333333333333,0.358974358974359,0.3076923076923077
20180705-W-Wimbledon-R64-Eugenie_Bouchard-Ashleigh_Barty,Eugenie Bouchard,0.3673469387755102,0.22448979591836735,0.40816326530612246
20180705-W-Wimbledon-R64-Eugenie_Bouchard-Ashleigh_Barty,Ashleigh Barty,0.3148148148148148,0.2777777777777778,0.4074074074074074
20180702-W-Wimbledon-R64-Caroline_Wozniacki-Kate_Makarova,Caroline Wozniacki,0.29411764705882354,0.21568627450980393,0.49019607843137253
20180702-W-Wimbledon-R64-Caroline_Wozniacki-Kate_Makarova,Kate Makarova,0.4634146341463415,0.0975609756097561,0.43902439024390244
20180702-W-Wimbledon-R128-Donna_Vekic-Sloane_Stephens,Donna Vekic,0.34285714285714286,0.37142857142857144,0.2857142857142857
20180702-W-Wimbledon-R128-Donna_Vekic-Sloane_Stephens,Sloane Stephens,0.20408163265306123,0.22448979591836735,0.5714285714285714
20180624-W-ITF_Ilkley-F-Tereza_Smitkova-Dayana_Yastremska,Tereza Smitkova,0.203125,0.171875,0.625
20180624-W-ITF_Ilkley-F-Tereza_Smitkova-Dayana_Yastremska,Dayana Yastremska,0.25675675675675674,0.24324324324324326,0.5
20180623-W-Birmingham-SF-Petra_Kvitova-Mihaela_Buzarnescu,Petra Kvitova,0.32,0.24,0.44
20180623-W-Birmingham-SF-Petra_Kvitova-Mihaela_Buzarnescu,Mihaela Buzarnescu,0.25,0.15,0.6
20180611-W-s_Hertogenbosch-R32-Coco_Vandeweghe-Aliaksandra_Sasnovich,Coco Vandeweghe,0.35,0.23333333333333334,0.4166666666666667
20180611-W-s_Hertogenbosch-R32-Coco_Vandeweghe-Aliaksandra_Sasnovich,Aliaksandra Sasnovich,0.2037037037037037,0.2222222222222222,0.5740740740740741
20180607-W-Roland_Garros-SF-Madison_Keys-Sloane_Stephens,Madison Keys,0.27419354838709675,0.2903225806451613,0.43548387096774194
20180607-W-Roland_Garros-SF-Madison_Keys-Sloane_Stephens,Sloane Stephens,0.2647058823529412,0.5294117647058824,0.20588235294117646
20180606-W-Roland_Garros-QF-Maria_Sharapova-Garbine_Muguruza,Maria Sharapova,0.25,0.21875,0.53125
20180606-W-Roland_Garros-QF-Maria_Sharapova-Garbine_Muguruza,Garbine Muguruza,0.24242424242424243,0.45454545454545453,0.30303030303030304
20180605-W-Roland_Garros-QF-Sloane_Stephens-Daria_Kasatkina,Sloane Stephens,0.3333333333333333,0.3333333333333333,0.3333333333333333
20180605-W-Roland_Garros-QF-Sloane_Stephens-Daria_Kasatkina,Daria Kasatkina,0.2,0.3333333333333333,0.4666666666666667
20180603-W-Roland_Garros-R16-Caroline_Wozniacki-Daria_Kasatkina,Caroline Wozniacki,0.2923076923076923,0.13846153846153847,0.5692307692307692
20180603-W-Roland_Garros-R16-Caroline_Wozniacki-Daria_Kasatkina,Daria Kasatkina,0.30985915492957744,0.2112676056338028,0.4788732394366197
20180602-W-Roland_Garros-R32-Caroline_Garcia-Irina_Camelia_Begu,Caroline Garcia,0.37777777777777777,0.24444444444444444,0.37777777777777777
20180602-W-Roland_Garros-R32-Caroline_Garcia-Irina_Camelia_Begu,Irina Camelia Begu,0.20930232558139536,0.20930232558139536,0.5813953488372093
20180531-W-Roland_Garros-R64-Maria_Sharapova-Donna_Vekic,Maria Sharapova,0.3787878787878788,0.2727272727272727,0.3484848484848485
20180531-W-Roland_Garros-R64-Maria_Sharapova-Donna_Vekic,Donna Vekic,0.3877551020408163,0.22448979591836735,0.3877551020408163
20180530-W-Roland_Garros-R64-Katerina_Siniakova-Kateryna_Baindl,Katerina Siniakova,0.4025974025974026,0.2077922077922078,0.38961038961038963
20180530-W-Roland_Garros-R64-Katerina_Siniakova-Kateryna_Baindl,Kateryna Baindl,0.25287356321839083,0.22988505747126436,0.5172413793103449
20180524-W-Roland_Garros-Q2-Veronika_Kudermetova-Nicole_Gibbs,Veronika Kudermetova,0.30952380952380953,0.2261904761904762,0.4642857142857143
20180524-W-Roland_Garros-Q2-Veronika_Kudermetova-Nicole_Gibbs,Nicole Gibbs,0.23809523809523808,0.19047619047619047,0.5714285714285714
20180523-W-Roland_Garros-Q1-Bianca_Andreescu-Vera_Lapko,Bianca Andreescu,0.39285714285714285,0.19642857142857142,0.4107142857142857
20180523-W-Roland_Garros-Q1-Bianca_Andreescu-Vera_Lapko,Vera Lapko,0.34,0.14,0.52
20180426-W-Stuttgart-R16-Karolina_Pliskova-Veronika_Kudermetova,Karolina Pliskova,0.34146341463414637,0.3902439024390244,0.2682926829268293
20180426-W-Stuttgart-R16-Karolina_Pliskova-Veronika_Kudermetova,Veronika Kudermetova,0.45161290322580644,0.20967741935483872,0.3387096774193548
20180421-W-Fed_Cup_World_Group_II_R1-RR-Bianca_Andreescu-Lesia_Tsurenko,Bianca Andreescu,0.25316455696202533,0.12658227848101267,0.620253164556962
20180421-W-Fed_Cup_World_Group_II_R1-RR-Bianca_Andreescu-Lesia_Tsurenko,Lesia Tsurenko,0.2978723404255319,0.23404255319148937,0.46808510638297873
20180413-W-ITF_Osaka-QF-Rebecca_Marino-Kurumi_Nara,Rebecca Marino,0.27419354838709675,0.12903225806451613,0.5967741935483871
20180413-W-ITF_Osaka-QF-Rebecca_Marino-Kurumi_Nara,Kurumi Nara,0.15789473684210525,0.10526315789473684,0.7368421052631579
20180408-W-ITF_Kashiwa-F-Luksika_Kumkhum-Bianca_Andreescu,Luksika Kumkhum,0.3333333333333333,0.23809523809523808,0.42857142857142855
20180408-W-ITF_Kashiwa-F-Luksika_Kumkhum-Bianca_Andreescu,Bianca Andreescu,0.3191489361702128,0.19148936170212766,0.48936170212765956
20180408-W-Charleston-SF-Madison_Keys-Kiki_Bertens,Madison Keys,0.2465753424657534,0.2876712328767123,0.4657534246575342
20180408-W-Charleston-SF-Madison_Keys-Kiki_Bertens,Kiki Bertens,0.29545454545454547,0.25,0.45454545454545453
20180407-W-ITF_Kashiwa-SF-Destanee_Aiava-Bianca_Andreescu,Destanee Aiava,0.17142857142857143,0.17142857142857143,0.6571428571428571
20180407-W-ITF_Kashiwa-SF-Destanee_Aiava-Bianca_Andreescu,Bianca Andreescu,0.35294117647058826,0.2647058823529412,0.38235294117647056
20180407-W-Charleston-QF-Alize_Cornet-Kiki_Bertens,Alize Cornet,0.25,0.22916666666666666,0.5208333333333334
20180407-W-Charleston-QF-Alize_Cornet-Kiki_Bertens,Kiki Bertens,0.3114754098360656,0.2459016393442623,0.4426229508196721
20180405-W-Charleston-R16-Naomi_Osaka-Julia_Goerges,Naomi Osaka,0.32075471698113206,0.22641509433962265,0.4528301886792453
20180405-W-Charleston-R16-Naomi_Osaka-Julia_Goerges,Julia Goerges,0.39622641509433965,0.18867924528301888,0.41509433962264153
20180405-W-Charleston-R16-Ashleigh_Barty-Anastasija_Sevastova,Ashleigh Barty,0.3333333333333333,0.2222222222222222,0.4444444444444444
20180405-W-Charleston-R16-Ashleigh_Barty-Anastasija_Sevastova,Anastasija Sevastova,0.375,0.375,0.25
20180404-W-Charleston-R32-Naomi_Osaka-Laura_Siegemund,Naomi Osaka,0.36231884057971014,0.2318840579710145,0.4057971014492754
20180404-W-Charleston-R32-Naomi_Osaka-Laura_Siegemund,Laura Siegemund,0.39344262295081966,0.26229508196721313,0.3442622950819672
20180404-W-Charleston-R32-Kristyna_Pliskova-Petra_Kvitova,Kristyna Pliskova,0.38,0.2,0.42
20180404-W-Charleston-R32-Kristyna_Pliskova-Petra_Kvitova,Petra Kvitova,0.34146341463414637,0.24390243902439024,0.4146341463414634
20180404-W-Charleston-R32-Ashleigh_Barty-Tatjana_Maria,Ashleigh Barty,0.5154639175257731,0.12371134020618557,0.36082474226804123
20180404-W-Charleston-R32-Ashleigh_Barty-Tatjana_Maria,Tatjana Maria,0.2894736842105263,0.2631578947368421,0.4473684210526316
20180403-W-Charleston-R64-Ashleigh_Barty-Sofia_Kenin,Ashleigh Barty,0.42,0.16,0.42
20180403-W-Charleston-R64-Ashleigh_Barty-Sofia_Kenin,Sofia Kenin,0.17647058823529413,0.3235294117647059,0.5
20180402-W-Charleston-R64-Jennifer_Brady-Naomi_Osaka,Jennifer Brady,0.26666666666666666,0.26666666666666666,0.4666666666666667
20180402-W-Charleston-R64-Jennifer_Brady-Naomi_Osaka,Naomi Osaka,0.4222222222222222,0.2222222222222222,0.35555555555555557
20180329-W-Miami-SF-Jelena_Ostapenko-Danielle_Collins,Jelena Ostapenko,0.410958904109589,0.2465753424657534,0.3424657534246575
20180329-W-Miami-SF-Jelena_Ostapenko-Danielle_Collins,Danielle Collins,0.20408163265306123,0.40816326530612246,0.3877551020408163
20180328-W-Miami-QF-Danielle_Collins-Venus_Williams,Danielle Collins,0.2830188679245283,0.41509433962264153,0.3018867924528302
20180328-W-Miami-QF-Danielle_Collins-Venus_Williams,Venus Williams,0.26,0.34,0.4
20180326-W-Miami-R16-Monica_Puig-Danielle_Collins,Monica Puig,0.34285714285714286,0.21428571428571427,0.42857142857142855
20180326-W-Miami-R16-Monica_Puig-Danielle_Collins,Danielle Collins,0.3125,0.34375,0.359375
20180325-W-Miami-R32-Venus_Williams-Kiki_Bertens,Venus Williams,0.24489795918367346,0.336734693877551,0.41836734693877553
20180325-W-Miami-R32-Venus_Williams-Kiki_Bertens,Kiki Bertens,0.3893805309734513,0.1504424778761062,0.46017699115044247
20180325-W-Miami-R32-Danielle_Collins-Donna_Vekic,Danielle Collins,0.4225352112676056,0.2112676056338028,0.36619718309859156
20180325-W-Miami-R32-Danielle_Collins-Donna_Vekic,Donna Vekic,0.35714285714285715,0.19642857142857142,0.44642857142857145
20180324-W-Miami-R32-Christina_Mchale-Garbine_Muguruza,Christina Mchale,0.0,0.19230769230769232,0.8076923076923077
20180324-W-Miami-R32-Christina_Mchale-Garbine_Muguruza,Garbine Muguruza,0.22950819672131148,0.3114754098360656,0.45901639344262296
20180323-W-Miami-R64-Naomi_Osaka-Elina_Svitolina,Naomi Osaka,0.3157894736842105,0.19298245614035087,0.49122807017543857
20180323-W-Miami-R64-Naomi_Osaka-Elina_Svitolina,Elina Svitolina,0.5263157894736842,0.21052631578947367,0.2631578947368421
20180323-W-Miami-R64-Danielle_Collins-Coco_Vandeweghe,Danielle Collins,0.2962962962962963,0.24074074074074073,0.46296296296296297
20180323-W-Miami-R64-Danielle_Collins-Coco_Vandeweghe,Coco Vandeweghe,0.27692307692307694,0.24615384615384617,0.47692307692307695
20180321-W-Miami-R128-Serena_Williams-Naomi_Osaka,Serena Williams,0.2857142857142857,0.3333333333333333,0.38095238095238093
20180321-W-Miami-R128-Serena_Williams-Naomi_Osaka,Naomi Osaka,0.3333333333333333,0.4,0.26666666666666666
20180321-W-Miami-R128-Lauren_Davis-Petra_Martic,Lauren Davis,0.2982456140350877,0.22807017543859648,0.47368421052631576
20180321-W-Miami-R128-Lauren_Davis-Petra_Martic,Petra Martic,0.23809523809523808,0.40476190476190477,0.35714285714285715
20180317-W-Indian_Wells-SF-Venus_Williams-Daria_Kasatkina,Venus Williams,0.371900826446281,0.10743801652892562,0.5206611570247934
20180317-W-Indian_Wells-SF-Venus_Williams-Daria_Kasatkina,Daria Kasatkina,0.4166666666666667,0.16666666666666666,0.4166666666666667
20180315-W-Indian_Wells-QF-Angelique_Kerber-Daria_Kasatkina,Angelique Kerber,0.2,0.17777777777777778,0.6222222222222222
20180315-W-Indian_Wells-QF-Angelique_Kerber-Daria_Kasatkina,Daria Kasatkina,0.53125,0.03125,0.4375
20180314-W-Indian_Wells-QF-Karolina_Pliskova-Naomi_Osaka,Karolina Pliskova,0.22857142857142856,0.11428571428571428,0.6571428571428571
20180314-W-Indian_Wells-QF-Karolina_Pliskova-Naomi_Osaka,Naomi Osaka,0.28,0.28,0.44
20180313-W-Indian_Wells-R16-Naomi_Osaka-Maria_Sakkari,Naomi Osaka,0.296875,0.265625,0.4375
20180313-W-Indian_Wells-R16-Naomi_Osaka-Maria_Sakkari,Maria Sakkari,0.17647058823529413,0.2549019607843137,0.5686274509803921
20180313-W-Indian_Wells-R16-Marketa_Vondrousova-Petra_Martic,Marketa Vondrousova,0.38,0.18,0.44
20180313-W-Indian_Wells-R16-Marketa_Vondrousova-Petra_Martic,Petra Martic,0.32558139534883723,0.32558139534883723,0.3488372093023256
20180312-W-Indian_Wells-R32-Venus_Williams-Serena_Williams,Venus Williams,0.38235294117647056,0.20588235294117646,0.4117647058823529
20180312-W-Indian_Wells-R32-Venus_Williams-Serena_Williams,Serena Williams,0.2807017543859649,0.21052631578947367,0.5087719298245614
20180311-W-Indian_Wells-R32-Coco_Vandeweghe-Maria_Sakkari,Coco Vandeweghe,0.25,0.15625,0.59375
20180311-W-Indian_Wells-R32-Coco_Vandeweghe-Maria_Sakkari,Maria Sakkari,0.3142857142857143,0.3142857142857143,0.37142857142857144
20180223-W-Dubai-SF-Garbine_Muguruza-Daria_Kasatkina,Garbine Muguruza,0.23300970873786409,0.1553398058252427,0.6116504854368932
20180223-W-Dubai-SF-Garbine_Muguruza-Daria_Kasatkina,Daria Kasatkina,0.2535211267605634,0.18309859154929578,0.5633802816901409
20180221-W-Dubai-R16-Daria_Kasatkina-Johanna_Konta,Daria Kasatkina,0.25333333333333335,0.25333333333333335,0.49333333333333335
20180221-W-Dubai-R16-Daria_Kasatkina-Johanna_Konta,Johanna Konta,0.22764227642276422,0.21951219512195122,0.5528455284552846
20180216-W-Doha-QF-Caroline_Wozniacki-Angelique_Kerber,Caroline Wozniacki,0.42857142857142855,0.2087912087912088,0.3626373626373626
20180216-W-Doha-QF-Caroline_Wozniacki-Angelique_Kerber,Angelique Kerber,0.4065934065934066,0.23076923076923078,0.3626373626373626
20180215-W-Doha-R16-Caroline_Wozniacki-Monica_Niculescu,Caroline Wozniacki,0.4262295081967213,0.2786885245901639,0.29508196721311475
20180215-W-Doha-R16-Caroline_Wozniacki-Monica_Niculescu,Monica Niculescu,0.3333333333333333,0.2857142857142857,0.38095238095238093
20180210-W-Fed_Cup_World_Group_II-RR-Sorana_Cirstea-Carol_Zhao,Sorana Cirstea,0.41025641025641024,0.358974358974359,0.23076923076923078
20180210-W-Fed_Cup_World_Group_II-RR-Sorana_Cirstea-Carol_Zhao,Carol Zhao,0.23809523809523808,0.14285714285714285,0.6190476190476191
20180202-W-St_Petersburg-QF-Petra_Kvitova-Jelena_Ostapenko,Petra Kvitova,0.34782608695652173,0.21739130434782608,0.43478260869565216
20180202-W-St_Petersburg-QF-Petra_Kvitova-Jelena_Ostapenko,Jelena Ostapenko,0.24,0.16,0.6
20180201-W-St_Petersburg-R16-Anastasia_Potapova-Caroline_Wozniacki,Anastasia Potapova,0.3076923076923077,0.1346153846153846,0.5576923076923077
20180201-W-St_Petersburg-R16-Anastasia_Potapova-Caroline_Wozniacki,Caroline Wozniacki,0.5,0.23333333333333334,0.26666666666666666
20180127-W-Australian_Open-F-Caroline_Wozniacki-Simona_Halep,Caroline Wozniacki,0.3142857142857143,0.42857142857142855,0.2571428571428571
20180127-W-Australian_Open-F-Caroline_Wozniacki-Simona_Halep,Simona Halep,0.29357798165137616,0.30275229357798167,0.4036697247706422
20180123-W-Australian_Open-QF-Caroline_Wozniacki-Carla_Suarez_Navarro,Caroline Wozniacki,0.3582089552238806,0.3582089552238806,0.2835820895522388
20180123-W-Australian_Open-QF-Caroline_Wozniacki-Carla_Suarez_Navarro,Carla Suarez Navarro,0.34146341463414637,0.21951219512195122,0.4268292682926829
20180122-W-Australian_Open-R16-Su_Wei_Hsieh-Angelique_Kerber,Su Wei Hsieh,0.45054945054945056,0.17582417582417584,0.38461538461538464
20180122-W-Australian_Open-R16-Su_Wei_Hsieh-Angelique_Kerber,Angelique Kerber,0.3380281690140845,0.36619718309859156,0.29577464788732394
20180122-W-Australian_Open-QF-Elina_Svitolina-Elise_Mertens,Elina Svitolina,0.2972972972972973,0.16216216216216217,0.5405405405405406
20180122-W-Australian_Open-QF-Elina_Svitolina-Elise_Mertens,Elise Mertens,0.48936170212765956,0.2127659574468085,0.2978723404255319
20180121-W-Australian_Open-R16-Caroline_Wozniacki-Magdalena_Rybarikova,Caroline Wozniacki,0.5714285714285714,0.2857142857142857,0.14285714285714285
20180121-W-Australian_Open-R16-Caroline_Wozniacki-Magdalena_Rybarikova,Magdalena Rybarikova,0.4782608695652174,0.13043478260869565,0.391304347826087
20180119-W-Australian_Open-R32-Elina_Svitolina-Marta_Kostyuk,Elina Svitolina,0.21739130434782608,0.2608695652173913,0.5217391304347826
20180119-W-Australian_Open-R32-Elina_Svitolina-Marta_Kostyuk,Marta Kostyuk,0.2682926829268293,0.14634146341463414,0.5853658536585366
20180119-W-Australian_Open-R32-Caroline_Wozniacki-Kiki_Bertens,Caroline Wozniacki,0.3333333333333333,0.2962962962962963,0.37037037037037035
20180119-W-Australian_Open-R32-Caroline_Wozniacki-Kiki_Bertens,Kiki Bertens,0.3709677419354839,0.1935483870967742,0.43548387096774194
20180117-W-Australian_Open-R64-Elina_Svitolina-Katerina_Siniakova,Elina Svitolina,0.27450980392156865,0.17647058823529413,0.5490196078431373
20180117-W-Australian_Open-R64-Elina_Svitolina-Katerina_Siniakova,Katerina Siniakova,0.28431372549019607,0.18627450980392157,0.5294117647058824
20180115-W-Australian_Open-R32-Su_Wei_Hsieh-Agnieszka_Radwanska,Su Wei Hsieh,0.4264705882352941,0.22058823529411764,0.35294117647058826
20180115-W-Australian_Open-R32-Su_Wei_Hsieh-Agnieszka_Radwanska,Agnieszka Radwanska,0.47058823529411764,0.08823529411764706,0.4411764705882353
20180105-W-Brisbane-SF-Karolina_Pliskova-Elina_Svitolina,Karolina Pliskova,0.3076923076923077,0.17307692307692307,0.5192307692307693
20180105-W-Brisbane-SF-Karolina_Pliskova-Elina_Svitolina,Elina Svitolina,0.35384615384615387,0.23076923076923078,0.4153846153846154
20171111-W-Fed_Cup_World_Group_F-RR-Aliaksandra_Sasnovich-Coco_Vandeweghe,Aliaksandra Sasnovich,0.23076923076923078,0.28205128205128205,0.48717948717948717
20171111-W-Fed_Cup_World_Group_F-RR-Aliaksandra_Sasnovich-Coco_Vandeweghe,Coco Vandeweghe,0.22,0.38,0.4
20171029-W-Singapore-F-Caroline_Wozniacki-Venus_Williams,Caroline Wozniacki,0.625,0.08333333333333333,0.2916666666666667
20171029-W-Singapore-F-Caroline_Wozniacki-Venus_Williams,Venus Williams,0.35064935064935066,0.15584415584415584,0.4935064935064935
20171028-W-Singapore-SF-Caroline_Garcia-Venus_Williams,Caroline Garcia,0.3333333333333333,0.18055555555555555,0.4861111111111111
20171028-W-Singapore-SF-Caroline_Garcia-Venus_Williams,Venus Williams,0.3717948717948718,0.2692307692307692,0.358974358974359
20171026-W-Singapore-RR-Venus_Williams-Garbine_Muguruza,Venus Williams,0.26,0.24,0.5
20171026-W-Singapore-RR-Venus_Williams-Garbine_Muguruza,Garbine Muguruza,0.2459016393442623,0.22950819672131148,0.5245901639344263
20171026-W-Singapore-RR-Karolina_Pliskova-Jelena_Ostapenko,Karolina Pliskova,0.19047619047619047,0.23809523809523808,0.5714285714285714
20171026-W-Singapore-RR-Karolina_Pliskova-Jelena_Ostapenko,Jelena Ostapenko,0.4583333333333333,0.20833333333333334,0.3333333333333333
20171024-W-Singapore-RR-Karolina_Pliskova-Garbine_Muguruza,Karolina Pliskova,0.4827586206896552,0.27586206896551724,0.2413793103448276
20171024-W-Singapore-RR-Karolina_Pliskova-Garbine_Muguruza,Garbine Muguruza,0.15789473684210525,0.2894736842105263,0.5526315789473685
20171022-W-Singapore-RR-Garbine_Muguruza-Jelena_Ostapenko,Garbine Muguruza,0.2,0.3142857142857143,0.4857142857142857
20171022-W-Singapore-RR-Garbine_Muguruza-Jelena_Ostapenko,Jelena Ostapenko,0.35185185185185186,0.12962962962962962,0.5185185185185185
20171019-W-Moscow-QF-Julia_Goerges-Lesia_Tsurenko,Julia Goerges,0.36363636363636365,0.2878787878787879,0.3484848484848485
20171019-W-Moscow-QF-Julia_Goerges-Lesia_Tsurenko,Lesia Tsurenko,0.20833333333333334,0.3333333333333333,0.4583333333333333
20171017-W-Moscow-R32-Julia_Goerges-Polina_Monova,Julia Goerges,0.5813953488372093,0.16279069767441862,0.2558139534883721
20171017-W-Moscow-R32-Julia_Goerges-Polina_Monova,Polina Monova,0.23529411764705882,0.3235294117647059,0.4411764705882353
20171013-W-Hong_Kong-QF-Naomi_Osaka-Anastasia_Pavlyuchenkova,Naomi Osaka,0.43243243243243246,0.13513513513513514,0.43243243243243246
20171013-W-Hong_Kong-QF-Naomi_Osaka-Anastasia_Pavlyuchenkova,Anastasia Pavlyuchenkova,0.41379310344827586,0.27586206896551724,0.3103448275862069
20171010-W-Hong_Kong-R32-Caroline_Wozniacki-Eugenie_Bouchard,Caroline Wozniacki,0.40625,0.28125,0.28125
20171010-W-Hong_Kong-R32-Caroline_Wozniacki-Eugenie_Bouchard,Eugenie Bouchard,0.3333333333333333,0.05555555555555555,0.6111111111111112
20171002-W-Beijing-R32-Caroline_Wozniacki-Anastasia_Pavlyuchenkova,Caroline Wozniacki,0.35555555555555557,0.28888888888888886,0.35555555555555557
20171002-W-Beijing-R32-Caroline_Wozniacki-Anastasia_Pavlyuchenkova,Anastasia Pavlyuchenkova,0.4594594594594595,0.10810810810810811,0.43243243243243246
20170928-W-Wuhan-QF-Jelena_Ostapenko-Garbine_Muguruza,Jelena Ostapenko,0.3132530120481928,0.2891566265060241,0.39759036144578314
20170928-W-Wuhan-QF-Jelena_Ostapenko-Garbine_Muguruza,Garbine Muguruza,0.225,0.325,0.45
20170926-W-Wuhan-R32-Lesia_Tsurenko-Garbine_Muguruza,Lesia Tsurenko,0.28,0.2,0.52
20170926-W-Wuhan-R32-Lesia_Tsurenko-Garbine_Muguruza,Garbine Muguruza,0.1836734693877551,0.32653061224489793,0.4897959183673469
20170924-W-Tokyo-F-Caroline_Wozniacki-Anastasia_Pavlyuchenkova,Caroline Wozniacki,0.375,0.4583333333333333,0.16666666666666666
20170924-W-Tokyo-F-Caroline_Wozniacki-Anastasia_Pavlyuchenkova,Anastasia Pavlyuchenkova,0.42592592592592593,0.16666666666666666,0.4074074074074074
20170923-W-Tokyo-SF-Caroline_Wozniacki-Garbine_Muguruza,Caroline Wozniacki,0.3333333333333333,0.3333333333333333,0.3333333333333333
20170923-W-Tokyo-SF-Caroline_Wozniacki-Garbine_Muguruza,Garbine Muguruza,0.24324324324324326,0.13513513513513514,0.6216216216216216
20170922-W-Tokyo-QF-Caroline_Garcia-Garbine_Muguruza,Caroline Garcia,0.35,0.125,0.525
20170922-W-Tokyo-QF-Caroline_Garcia-Garbine_Muguruza,Garbine Muguruza,0.39285714285714285,0.2857142857142857,0.32142857142857145
20170920-W-Tokyo-R16-Monica_Puig-Garbine_Muguruza,Monica Puig,0.32558139534883723,0.20930232558139536,0.46511627906976744
20170920-W-Tokyo-R16-Monica_Puig-Garbine_Muguruza,Garbine Muguruza,0.375,0.375,0.25
20170915-W-ITF_Biarritz-QF-Jil_Teichmann-Polona_Hercog,Jil Teichmann,0.21333333333333335,0.30666666666666664,0.48
20170915-W-ITF_Biarritz-QF-Jil_Teichmann-Polona_Hercog,Polona Hercog,0.3333333333333333,0.15476190476190477,0.5119047619047619
20170907-W-US_Open-SF-Madison_Keys-Coco_Vandeweghe,Madison Keys,0.4864864864864865,0.2702702702702703,0.24324324324324326
20170907-W-US_Open-SF-Madison_Keys-Coco_Vandeweghe,Coco Vandeweghe,0.25,0.1875,0.5625
20170904-W-US_Open-R16-Madison_Keys-Elina_Svitolina,Madison Keys,0.3877551020408163,0.14285714285714285,0.46938775510204084
20170904-W-US_Open-R16-Madison_Keys-Elina_Svitolina,Elina Svitolina,0.3076923076923077,0.2692307692307692,0.4230769230769231
20170904-W-US_Open-R16-Garbine_Muguruza-Petra_Kvitova,Garbine Muguruza,0.17142857142857143,0.2,0.6285714285714286
20170904-W-US_Open-R16-Garbine_Muguruza-Petra_Kvitova,Petra Kvitova,0.25396825396825395,0.2698412698412698,0.47619047619047616
20170902-W-US_Open-R32-Daria_Kasatkina-Jelena_Ostapenko,Daria Kasatkina,0.34782608695652173,0.2608695652173913,0.391304347826087
20170902-W-US_Open-R32-Daria_Kasatkina-Jelena_Ostapenko,Jelena Ostapenko,0.30158730158730157,0.19047619047619047,0.5079365079365079
20170901-W-US_Open-R32-Maria_Sharapova-Sofia_Kenin,Maria Sharapova,0.36507936507936506,0.2857142857142857,0.3492063492063492
20170901-W-US_Open-R32-Maria_Sharapova-Sofia_Kenin,Sofia Kenin,0.16666666666666666,0.5833333333333334,0.25
20170901-W-ITF_Dunakeszi-QF-Dayana_Yastremska-Anna_Bondar,Dayana Yastremska,0.3888888888888889,0.16666666666666666,0.4444444444444444
20170901-W-ITF_Dunakeszi-QF-Dayana_Yastremska-Anna_Bondar,Anna Bondar,0.03225806451612903,0.16129032258064516,0.8064516129032258
20170815-W-Cincinnati-R32-Simona_Halep-Taylor_Townsend,Simona Halep,0.375,0.3,0.325
20170815-W-Cincinnati-R32-Simona_Halep-Taylor_Townsend,Taylor Townsend,0.3333333333333333,0.08888888888888889,0.5777777777777777
20170813-W-Toronto-F-Caroline_Wozniacki-Elina_Svitolina,Caroline Wozniacki,0.16666666666666666,0.2777777777777778,0.5555555555555556
20170813-W-Toronto-F-Caroline_Wozniacki-Elina_Svitolina,Elina Svitolina,0.22448979591836735,0.40816326530612246,0.3673469387755102
20170812-W-Toronto-SF-Elina_Svitolina-Simona_Halep,Elina Svitolina,0.2222222222222222,0.4074074074074074,0.37037037037037035
20170812-W-Toronto-SF-Elina_Svitolina-Simona_Halep,Simona Halep,0.1875,0.22916666666666666,0.5833333333333334
20170812-W-Toronto-SF-Caroline_Wozniacki-Sloane_Stephens,Caroline Wozniacki,0.12,0.48,0.4
20170812-W-Toronto-SF-Caroline_Wozniacki-Sloane_Stephens,Sloane Stephens,0.2923076923076923,0.16923076923076924,0.5384615384615384
20170811-W-Toronto-QF-Karolina_Pliskova-Caroline_Wozniacki,Karolina Pliskova,0.3333333333333333,0.23809523809523808,0.42857142857142855
20170811-W-Toronto-QF-Karolina_Pliskova-Caroline_Wozniacki,Caroline Wozniacki,0.3181818181818182,0.3787878787878788,0.30303030303030304
20170811-W-Toronto-QF-Elina_Svitolina-Garbine_Muguruza,Elina Svitolina,0.23636363636363636,0.2545454545454545,0.509090909090909
20170811-W-Toronto-QF-Elina_Svitolina-Garbine_Muguruza,Garbine Muguruza,0.22093023255813954,0.19767441860465115,0.5813953488372093
20170810-W-Toronto-R16-Angelique_Kerber-Sloane_Stephens,Angelique Kerber,0.2608695652173913,0.1956521739130435,0.5434782608695652
20170810-W-Toronto-R16-Angelique_Kerber-Sloane_Stephens,Sloane Stephens,0.4166666666666667,0.2777777777777778,0.3055555555555556
20170809-W-Toronto-R32-Karolina_Pliskova-Anastasia_Pavlyuchenkova,Karolina Pliskova,0.3125,0.5625,0.125
20170809-W-Toronto-R32-Karolina_Pliskova-Anastasia_Pavlyuchenkova,Anastasia Pavlyuchenkova,0.4634146341463415,0.21951219512195122,0.3170731707317073
20170808-W-Toronto-R32-Caroline_Wozniacki-Ekaterina_Alexandrova,Caroline Wozniacki,0.15384615384615385,0.5384615384615384,0.3076923076923077
20170808-W-Toronto-R32-Caroline_Wozniacki-Ekaterina_Alexandrova,Ekaterina Alexandrova,0.25,0.25,0.5
20170803-W-Washington-R16-Bianca_Andreescu-Kristina_Mladenovic,Bianca Andreescu,0.475,0.1,0.425
20170803-W-Washington-R16-Bianca_Andreescu-Kristina_Mladenovic,Kristina Mladenovic,0.21428571428571427,0.23809523809523808,0.5476190476190477
20170731-W-Washington-R32-Bianca_Andreescu-Camila_Giorgi,Bianca Andreescu,0.2708333333333333,0.16666666666666666,0.5625
20170731-W-Washington-R32-Bianca_Andreescu-Camila_Giorgi,Camila Giorgi,0.25,0.1527777777777778,0.5972222222222222
20170723-W-ITF_Stockton-F-Ashley_Kratzer-Sofia_Kenin,Ashley Kratzer,0.3055555555555556,0.1111111111111111,0.5833333333333334
20170723-W-ITF_Stockton-F-Ashley_Kratzer-Sofia_Kenin,Sofia Kenin,0.53125,0.1875,0.28125
20170715-W-Wimbledon-F-Venus_Williams-Garbine_Muguruza,Venus Williams,0.28846153846153844,0.07692307692307693,0.6346153846153846
20170715-W-Wimbledon-F-Venus_Williams-Garbine_Muguruza,Garbine Muguruza,0.34285714285714286,0.2,0.45714285714285713
20170713-W-Wimbledon-SF-Venus_Williams-Johanna_Konta,Venus Williams,0.43243243243243246,0.24324324324324326,0.32432432432432434
20170713-W-Wimbledon-SF-Venus_Williams-Johanna_Konta,Johanna Konta,0.34210526315789475,0.07894736842105263,0.5789473684210527
20170713-W-Wimbledon-SF-Garbine_Muguruza-Magdalena_Rybarikova,Garbine Muguruza,0.33962264150943394,0.33962264150943394,0.32075471698113206
20170713-W-Wimbledon-SF-Garbine_Muguruza-Magdalena_Rybarikova,Magdalena Rybarikova,0.2,0.16,0.64
20170711-W-Wimbledon-QF-Venus_Williams-Jelena_Ostapenko,Venus Williams,0.14814814814814814,0.25925925925925924,0.5925925925925926
20170711-W-Wimbledon-QF-Venus_Williams-Jelena_Ostapenko,Jelena Ostapenko,0.3958333333333333,0.125,0.4791666666666667
20170711-W-Wimbledon-QF-Garbine_Muguruza-Svetlana_Kuznetsova,Garbine Muguruza,0.2619047619047619,0.3333333333333333,0.40476190476190477
20170711-W-Wimbledon-QF-Garbine_Muguruza-Svetlana_Kuznetsova,Svetlana Kuznetsova,0.45454545454545453,0.11363636363636363,0.4318181818181818
20170710-W-Wimbledon-R16-Elina_Svitolina-Jelena_Ostapenko,Elina Svitolina,0.25,0.3,0.45
20170710-W-Wimbledon-R16-Elina_Svitolina-Jelena_Ostapenko,Jelena Ostapenko,0.4270833333333333,0.1875,0.3854166666666667
20170708-W-Wimbledon-R32-Anett_Kontaveit-Caroline_Wozniacki,Anett Kontaveit,0.33636363636363636,0.18181818181818182,0.4818181818181818
20170708-W-Wimbledon-R32-Anett_Kontaveit-Caroline_Wozniacki,Caroline Wozniacki,0.35555555555555557,0.24444444444444444,0.37777777777777777
20170707-W-Wimbledon-R32-Dominika_Cibulkova-Ana_Konjuh,Dominika Cibulkova,0.2857142857142857,0.21428571428571427,0.5
20170707-W-Wimbledon-R32-Dominika_Cibulkova-Ana_Konjuh,Ana Konjuh,0.391304347826087,0.14782608695652175,0.4608695652173913
20170707-W-Wimbledon-R32-Carina_Witthoeft-Elina_Svitolina,Carina Witthoeft,0.3023255813953488,0.20930232558139536,0.4883720930232558
20170707-W-Wimbledon-R32-Carina_Witthoeft-Elina_Svitolina,Elina Svitolina,0.47058823529411764,0.17647058823529413,0.35294117647058826
20170706-W-Wimbledon-R64-Tsvetana_Pironkova-Caroline_Wozniacki,Tsvetana Pironkova,0.3695652173913043,0.2826086956521739,0.34782608695652173
20170706-W-Wimbledon-R64-Tsvetana_Pironkova-Caroline_Wozniacki,Caroline Wozniacki,0.46938775510204084,0.2857142857142857,0.24489795918367346
20170705-W-Wimbledon-R64-Elina_Svitolina-Francesca_Schiavone,Elina Svitolina,0.37142857142857144,0.2571428571428571,0.37142857142857144
20170705-W-Wimbledon-R64-Elina_Svitolina-Francesca_Schiavone,Francesca Schiavone,0.23529411764705882,0.11764705882352941,0.6470588235294118
20170705-W-Wimbledon-R64-Donna_Vekic-Johanna_Konta,Donna Vekic,0.4,0.10666666666666667,0.49333333333333335
20170705-W-Wimbledon-R64-Donna_Vekic-Johanna_Konta,Johanna Konta,0.3391304347826087,0.17391304347826086,0.48695652173913045
20170704-W-Wimbledon-R128-Oceane_Dodin-Lucie_Safarova,Oceane Dodin,0.32,0.12,0.56
20170704-W-Wimbledon-R128-Oceane_Dodin-Lucie_Safarova,Lucie Safarova,0.52,0.12,0.36
20170704-W-Wimbledon-R128-Bianca_Andreescu-Kristina_Kucova,Bianca Andreescu,0.29411764705882354,0.20588235294117646,0.5
20170704-W-Wimbledon-R128-Bianca_Andreescu-Kristina_Kucova,Kristina Kucova,0.28125,0.25,0.46875
20170703-W-Wimbledon-R128-Elina_Svitolina-Ashleigh_Barty,Elina Svitolina,0.35,0.21666666666666667,0.43333333333333335
20170703-W-Wimbledon-R128-Elina_Svitolina-Ashleigh_Barty,Ashleigh Barty,0.36666666666666664,0.08888888888888889,0.5444444444444444
20170622-W-Mallorca-R16-Kirsten_Flipkens-Roberta_Vinci,Kirsten Flipkens,0.35714285714285715,0.2571428571428571,0.38571428571428573
20170622-W-Mallorca-R16-Kirsten_Flipkens-Roberta_Vinci,Roberta Vinci,0.4880952380952381,0.2261904761904762,0.2857142857142857
20170622-W-Birmingham-R16-Camila_Giorgi-Elina_Svitolina,Camila Giorgi,0.3488372093023256,0.20930232558139536,0.4418604651162791
20170622-W-Birmingham-R16-Camila_Giorgi-Elina_Svitolina,Elina Svitolina,0.2653061224489796,0.14285714285714285,0.5918367346938775
20170617-W-s_Hertogenbosch-SF-Anett_Kontaveit-Lesia_Tsurenko,Anett Kontaveit,0.3108108108108108,0.22972972972972974,0.4594594594594595
20170617-W-s_Hertogenbosch-SF-Anett_Kontaveit-Lesia_Tsurenko,Lesia Tsurenko,0.3,0.24285714285714285,0.45714285714285713
20170605-W-Roland_Garros-R16-Elina_Svitolina-Petra_Martic,Elina Svitolina,0.36363636363636365,0.14285714285714285,0.4935064935064935
20170605-W-Roland_Garros-R16-Elina_Svitolina-Petra_Martic,Petra Martic,0.34328358208955223,0.11940298507462686,0.5373134328358209
20170604-W-Roland_Garros-R32-Anastasija_Sevastova-Petra_Martic,Anastasija Sevastova,0.23076923076923078,0.1282051282051282,0.6410256410256411
20170604-W-Roland_Garros-R32-Anastasija_Sevastova-Petra_Martic,Petra Martic,0.4864864864864865,0.1891891891891892,0.32432432432432434
20170604-W-Roland_Garros-R16-Venus_Williams-Timea_Bacsinszky,Venus Williams,0.28735632183908044,0.2413793103448276,0.47126436781609193
20170604-W-Roland_Garros-R16-Venus_Williams-Timea_Bacsinszky,Timea Bacsinszky,0.3375,0.3125,0.35
20170601-W-Roland_Garros-R64-Sorana_Cirstea-Carla_Suarez_Navarro,Sorana Cirstea,0.24,0.2,0.56
20170601-W-Roland_Garros-R64-Sorana_Cirstea-Carla_Suarez_Navarro,Carla Suarez Navarro,0.36538461538461536,0.19230769230769232,0.4423076923076923
20170530-W-Roland_Garros-R128-Agnieszka_Radwanska-Fiona_Ferro,Agnieszka Radwanska,0.6363636363636364,0.18181818181818182,0.18181818181818182
20170530-W-Roland_Garros-R128-Agnieszka_Radwanska-Fiona_Ferro,Fiona Ferro,0.3728813559322034,0.0847457627118644,0.5423728813559322
20170529-W-Roland_Garros-R128-Kiki_Bertens-Ajla_Tomljanovic,Kiki Bertens,0.2127659574468085,0.23404255319148937,0.5531914893617021
20170529-W-Roland_Garros-R128-Kiki_Bertens-Ajla_Tomljanovic,Ajla Tomljanovic,0.22916666666666666,0.1875,0.5833333333333334
20170529-W-Roland_Garros-R128-Anett_Kontaveit-Monica_Niculescu,Anett Kontaveit,0.65625,0.078125,0.265625
20170529-W-Roland_Garros-R128-Anett_Kontaveit-Monica_Niculescu,Monica Niculescu,0.24444444444444444,0.4,0.35555555555555557
20170528-W-Roland_Garros-R128-Angelique_Kerber-Kate_Makarova,Angelique Kerber,0.35555555555555557,0.2,0.4444444444444444
20170528-W-Roland_Garros-R128-Angelique_Kerber-Kate_Makarova,Kate Makarova,0.4444444444444444,0.25925925925925924,0.2962962962962963
20170527-W-Nurnberg-F-Kiki_Bertens-Barbora_Krejcikova,Kiki Bertens,0.391304347826087,0.30434782608695654,0.30434782608695654
20170527-W-Nurnberg-F-Kiki_Bertens-Barbora_Krejcikova,Barbora Krejcikova,0.2222222222222222,0.1111111111111111,0.6666666666666666
20170519-W-Rome-QF-Elina_Svitolina-Karolina_Pliskova,Elina Svitolina,0.30434782608695654,0.21739130434782608,0.4782608695652174
20170519-W-Rome-QF-Elina_Svitolina-Karolina_Pliskova,Karolina Pliskova,0.2631578947368421,0.19298245614035087,0.543859649122807
20170519-W-ITF_Trnava-QF-Anastasia_Potapova-Kateryna_Baindl,Anastasia Potapova,0.37735849056603776,0.22641509433962265,0.39622641509433965
20170519-W-ITF_Trnava-QF-Anastasia_Potapova-Kateryna_Baindl,Kateryna Baindl,0.2,0.15555555555555556,0.6444444444444445
20170517-W-Rome-R32-Anett_Kontaveit-Angelique_Kerber,Anett Kontaveit,0.5098039215686274,0.1568627450980392,0.3333333333333333
20170517-W-Rome-R32-Anett_Kontaveit-Angelique_Kerber,Angelique Kerber,0.25806451612903225,0.2903225806451613,0.45161290322580644
20170509-W-Madrid-R32-Dominika_Cibulkova-Oceane_Dodin,Dominika Cibulkova,0.4482758620689655,0.3103448275862069,0.2413793103448276
20170509-W-Madrid-R32-Dominika_Cibulkova-Oceane_Dodin,Oceane Dodin,0.46808510638297873,0.3191489361702128,0.2127659574468085
20170508-W-Madrid-R32-Maria_Sharapova-Eugenie_Bouchard,Maria Sharapova,0.37254901960784315,0.27450980392156865,0.35294117647058826
20170508-W-Madrid-R32-Maria_Sharapova-Eugenie_Bouchard,Eugenie Bouchard,0.2698412698412698,0.4444444444444444,0.2857142857142857
20170503-W-Prague-R16-Caroline_Wozniacki-Jelena_Ostapenko,Caroline Wozniacki,0.24561403508771928,0.3157894736842105,0.43859649122807015
20170503-W-Prague-R16-Caroline_Wozniacki-Jelena_Ostapenko,Jelena Ostapenko,0.47368421052631576,0.12781954887218044,0.39849624060150374
20170429-W-Stuttgart-SF-Maria_Sharapova-Kristina_Mladenovic,Maria Sharapova,0.36065573770491804,0.26229508196721313,0.3770491803278688
20170429-W-Stuttgart-SF-Maria_Sharapova-Kristina_Mladenovic,Kristina Mladenovic,0.3953488372093023,0.32558139534883723,0.27906976744186046
20170423-W-Fed_Cup_World_Group_PO-RR-Lesia_Tsurenko-Julia_Goerges,Lesia Tsurenko,0.275,0.2,0.525
20170423-W-Fed_Cup_World_Group_PO-RR-Lesia_Tsurenko-Julia_Goerges,Julia Goerges,0.39622641509433965,0.16981132075471697,0.4339622641509434
20170422-W-Fed_Cup_World_Group_R1-RR-Angelique_Kerber-Lesia_Tsurenko,Angelique Kerber,0.3333333333333333,0.3333333333333333,0.3333333333333333
20170422-W-Fed_Cup_World_Group_R1-RR-Angelique_Kerber-Lesia_Tsurenko,Lesia Tsurenko,0.36585365853658536,0.12195121951219512,0.5121951219512195
20170422-W-Fed_Cup_World_Group_PO-RR-Julia_Goerges-Elina_Svitolina,Julia Goerges,0.3918918918918919,0.24324324324324326,0.36486486486486486
20170422-W-Fed_Cup_World_Group_PO-RR-Julia_Goerges-Elina_Svitolina,Elina Svitolina,0.25,0.39285714285714285,0.35714285714285715
20170419-W-ITF_Dothan-R32-Lizette_Cabrera-Amanda_Anisimova,Lizette Cabrera,0.23076923076923078,0.19230769230769232,0.5769230769230769
20170419-W-ITF_Dothan-R32-Lizette_Cabrera-Amanda_Anisimova,Amanda Anisimova,0.3230769230769231,0.2153846153846154,0.46153846153846156
20170409-W-Charleston-F-Jelena_Ostapenko-Daria_Kasatkina,Jelena Ostapenko,0.375,0.0625,0.5625
20170409-W-Charleston-F-Jelena_Ostapenko-Daria_Kasatkina,Daria Kasatkina,0.3125,0.4375,0.25
20170407-W-Charleston-QF-Caroline_Wozniacki-Jelena_Ostapenko,Caroline Wozniacki,0.34782608695652173,0.4782608695652174,0.17391304347826086
20170407-W-Charleston-QF-Caroline_Wozniacki-Jelena_Ostapenko,Jelena Ostapenko,0.4805194805194805,0.24675324675324675,0.2727272727272727
20170401-W-ITF_Santa_Margherita_Di_Pula-F-Bianca_Andreescu-Bernarda_Pera,Bianca Andreescu,0.32038834951456313,0.14563106796116504,0.5339805825242718
20170401-W-ITF_Santa_Margherita_Di_Pula-F-Bianca_Andreescu-Bernarda_Pera,Bernarda Pera,0.22448979591836735,0.2653061224489796,0.5102040816326531
20170328-W-Miami-QF-Caroline_Wozniacki-Lucie_Safarova,Caroline Wozniacki,0.3076923076923077,0.41025641025641024,0.28205128205128205
20170328-W-Miami-QF-Caroline_Wozniacki-Lucie_Safarova,Lucie Safarova,0.3614457831325301,0.18072289156626506,0.4578313253012048
20170326-W-Miami-R32-Shelby_Rogers-Angelique_Kerber,Shelby Rogers,0.4411764705882353,0.08823529411764706,0.47058823529411764
20170326-W-Miami-R32-Shelby_Rogers-Angelique_Kerber,Angelique Kerber,0.38095238095238093,0.2619047619047619,0.35714285714285715
20170326-W-Miami-R32-Madison_Keys-Lara_Arruabarrena,Madison Keys,0.32051282051282054,0.19230769230769232,0.48717948717948717
20170326-W-Miami-R32-Madison_Keys-Lara_Arruabarrena,Lara Arruabarrena,0.2777777777777778,0.3611111111111111,0.3611111111111111
20170324-W-Miami-R64-Madison_Keys-Viktorija_Golubic,Madison Keys,0.39622641509433965,0.20754716981132076,0.39622641509433965
20170324-W-Miami-R64-Madison_Keys-Viktorija_Golubic,Viktorija Golubic,0.08,0.2,0.72
20170321-W-Miami-R128-Carina_Witthoeft-Nicole_Gibbs,Carina Witthoeft,0.30434782608695654,0.30434782608695654,0.3695652173913043
20170321-W-Miami-R128-Carina_Witthoeft-Nicole_Gibbs,Nicole Gibbs,0.2982456140350877,0.14035087719298245,0.5614035087719298
20170311-W-ITF_Zhuhai-SF-Denisa_Allertova-Maryna_Zanevska,Denisa Allertova,0.29545454545454547,0.36363636363636365,0.3409090909090909
20170311-W-ITF_Zhuhai-SF-Denisa_Allertova-Maryna_Zanevska,Maryna Zanevska,0.18518518518518517,0.2962962962962963,0.5185185185185185
20170309-W-Indian_Wells-R128-Eugenie_Bouchard-Annika_Beck,Eugenie Bouchard,0.2912621359223301,0.1941747572815534,0.5145631067961165
20170309-W-Indian_Wells-R128-Eugenie_Bouchard-Annika_Beck,Annika Beck,0.3275862068965517,0.20689655172413793,0.46551724137931033
20170308-W-Indian_Wells-R128-Louisa_Chirico-Francesca_Schiavone,Louisa Chirico,0.25,0.32142857142857145,0.42857142857142855
20170308-W-Indian_Wells-R128-Louisa_Chirico-Francesca_Schiavone,Francesca Schiavone,0.3793103448275862,0.10344827586206896,0.5172413793103449
20170212-W-Fed_Cup_World_Group_R1-RR-Kiki_Bertens-Aliaksandra_Sasnovich,Kiki Bertens,0.24444444444444444,0.2222222222222222,0.5333333333333333
20170212-W-Fed_Cup_World_Group_R1-RR-Kiki_Bertens-Aliaksandra_Sasnovich,Aliaksandra Sasnovich,0.4857142857142857,0.2571428571428571,0.2571428571428571
20170212-W-Fed_Cup_World_Group_R1-RR-Belinda_Bencic-Pauline_Parmentier,Belinda Bencic,0.42857142857142855,0.2857142857142857,0.2857142857142857
20170212-W-Fed_Cup_World_Group_R1-RR-Belinda_Bencic-Pauline_Parmentier,Pauline Parmentier,0.3333333333333333,0.21428571428571427,0.4523809523809524
20170212-W-Fed_Cup_World_Group_R1-RR-Aryna_Sabalenka-Michaella_Krajicek,Aryna Sabalenka,0.47368421052631576,0.2631578947368421,0.2631578947368421
20170212-W-Fed_Cup_World_Group_R1-RR-Aryna_Sabalenka-Michaella_Krajicek,Michaella Krajicek,0.47058823529411764,0.20588235294117646,0.3235294117647059
20170211-W-Fed_Cup_World_Group_R1-RR-Aryna_Sabalenka-Kiki_Bertens,Aryna Sabalenka,0.40404040404040403,0.24242424242424243,0.35353535353535354
20170211-W-Fed_Cup_World_Group_R1-RR-Aryna_Sabalenka-Kiki_Bertens,Kiki Bertens,0.35185185185185186,0.3333333333333333,0.3148148148148148
20170211-W-Fed_Cup_World_Group_QF-RR-Aliaksandra_Sasnovich-Michaella_Krajicek,Aliaksandra Sasnovich,0.463768115942029,0.18840579710144928,0.34782608695652173
20170211-W-Fed_Cup_World_Group_QF-RR-Aliaksandra_Sasnovich-Michaella_Krajicek,Michaella Krajicek,0.34782608695652173,0.17391304347826086,0.4782608695652174
20170122-W-Australian_Open-R16-Sorana_Cirstea-Garbine_Muguruza,Sorana Cirstea,0.2222222222222222,0.19444444444444445,0.5833333333333334
20170122-W-Australian_Open-R16-Sorana_Cirstea-Garbine_Muguruza,Garbine Muguruza,0.4375,0.25,0.3125
20170121-W-Australian_Open-R32-Serena_Williams-Nicole_Gibbs,Serena Williams,0.3055555555555556,0.3333333333333333,0.3611111111111111
20170121-W-Australian_Open-R32-Serena_Williams-Nicole_Gibbs,Nicole Gibbs,0.22580645161290322,0.1935483870967742,0.5806451612903226
20170121-W-Australian_Open-R32-Karolina_Pliskova-Jelena_Ostapenko,Karolina Pliskova,0.4897959183673469,0.2857142857142857,0.22448979591836735
20170121-W-Australian_Open-R32-Karolina_Pliskova-Jelena_Ostapenko,Jelena Ostapenko,0.39759036144578314,0.2289156626506024,0.37349397590361444
20170121-W-Australian_Open-R32-Dominika_Cibulkova-Kate_Makarova,Dominika Cibulkova,0.35714285714285715,0.21428571428571427,0.42857142857142855
20170121-W-Australian_Open-R32-Dominika_Cibulkova-Kate_Makarova,Kate Makarova,0.35,0.2125,0.4375
20170120-W-Australian_Open-R32-Venus_Williams-Ying_Ying_Duan,Venus Williams,0.4883720930232558,0.18604651162790697,0.32558139534883723
20170120-W-Australian_Open-R32-Venus_Williams-Ying_Ying_Duan,Ying Ying Duan,0.13793103448275862,0.2413793103448276,0.6206896551724138
20170120-W-Australian_Open-R32-Eugenie_Bouchard-Coco_Vandeweghe,Eugenie Bouchard,0.24074074074074073,0.37037037037037035,0.3888888888888889
20170120-W-Australian_Open-R32-Eugenie_Bouchard-Coco_Vandeweghe,Coco Vandeweghe,0.32098765432098764,0.2839506172839506,0.3950617283950617
20170120-W-Australian_Open-R32-Ashleigh_Barty-Mona_Barthel,Ashleigh Barty,0.30851063829787234,0.26595744680851063,0.425531914893617
20170120-W-Australian_Open-R32-Ashleigh_Barty-Mona_Barthel,Mona Barthel,0.41304347826086957,0.2826086956521739,0.30434782608695654
20170119-W-Australian_Open-R64-Caroline_Wozniacki-Donna_Vekic,Caroline Wozniacki,0.5806451612903226,0.2903225806451613,0.12903225806451613
20170119-W-Australian_Open-R64-Caroline_Wozniacki-Donna_Vekic,Donna Vekic,0.35714285714285715,0.125,0.5178571428571429
20170119-W-Australian_Open-R64-Agnieszka_Radwanska-Mirjana_Lucic,Agnieszka Radwanska,0.42857142857142855,0.42857142857142855,0.14285714285714285
20170119-W-Australian_Open-R64-Agnieszka_Radwanska-Mirjana_Lucic,Mirjana Lucic,0.484375,0.21875,0.296875
20170118-W-Australian_Open-R64-Shuai_Peng-Eugenie_Bouchard,Shuai Peng,0.33962264150943394,0.22641509433962265,0.4339622641509434
20170118-W-Australian_Open-R64-Shuai_Peng-Eugenie_Bouchard,Eugenie Bouchard,0.38095238095238093,0.3333333333333333,0.2857142857142857
20170118-W-Australian_Open-R64-Ashleigh_Barty-Shelby_Rogers,Ashleigh Barty,0.48717948717948717,0.2564102564102564,0.2564102564102564
20170118-W-Australian_Open-R64-Ashleigh_Barty-Shelby_Rogers,Shelby Rogers,0.3333333333333333,0.24242424242424243,0.42424242424242425
20170116-W-Australian_Open-R128-Louisa_Chirico-Eugenie_Bouchard,Louisa Chirico,0.2413793103448276,0.20689655172413793,0.5517241379310345
20170116-W-Australian_Open-R128-Louisa_Chirico-Eugenie_Bouchard,Eugenie Bouchard,0.4318181818181818,0.29545454545454547,0.2727272727272727
20170116-W-Australian_Open-R128-Ashleigh_Barty-Annika_Beck,Ashleigh Barty,0.33783783783783783,0.25675675675675674,0.40540540540540543
20170116-W-Australian_Open-R128-Ashleigh_Barty-Annika_Beck,Annika Beck,0.2894736842105263,0.2894736842105263,0.42105263157894735
20170112-W-Sydney_-_Apia_International-SF-Eugenie_Bouchard-Johanna_Konta,Eugenie Bouchard,0.21212121212121213,0.24242424242424243,0.5454545454545454
20170112-W-Sydney_-_Apia_International-SF-Eugenie_Bouchard-Johanna_Konta,Johanna Konta,0.3902439024390244,0.3170731707317073,0.2926829268292683
20170112-W-Sydney-SF-Eugenie_Bouchard-Johanna_Konta,Eugenie Bouchard,0.21212121212121213,0.24242424242424243,0.5454545454545454
20170112-W-Sydney-SF-Eugenie_Bouchard-Johanna_Konta,Johanna Konta,0.3902439024390244,0.3170731707317073,0.2926829268292683
20170106-W-Brisbane-SF-Elina_Svitolina-Karolina_Pliskova,Elina Svitolina,0.43478260869565216,0.34782608695652173,0.21739130434782608
20170106-W-Brisbane-SF-Elina_Svitolina-Karolina_Pliskova,Karolina Pliskova,0.32432432432432434,0.40540540540540543,0.2702702702702703
20161126-W-ITF_Valencia-SF-Jasmine_Paolini-Cristina_Bucsa,Jasmine Paolini,0.39759036144578314,0.20481927710843373,0.39759036144578314
20161126-W-ITF_Valencia-SF-Jasmine_Paolini-Cristina_Bucsa,Cristina Bucsa,0.3375,0.2125,0.45
20161112-W-Fed_Cup_World_Group_F-RR-Petra_Kvitova-Caroline_Garcia,Petra Kvitova,0.475,0.2,0.325
20161112-W-Fed_Cup_World_Group_F-RR-Petra_Kvitova-Caroline_Garcia,Caroline Garcia,0.42857142857142855,0.40476190476190477,0.16666666666666666
20161112-W-Fed_Cup_World_Group_F-RR-Kristina_Mladenovic-Karolina_Pliskova,Kristina Mladenovic,0.37962962962962965,0.21296296296296297,0.4074074074074074
20161112-W-Fed_Cup_World_Group_F-RR-Kristina_Mladenovic-Karolina_Pliskova,Karolina Pliskova,0.3902439024390244,0.2682926829268293,0.34146341463414637
20161110-W-ITF_Tokyo-R16-Aryna_Sabalenka-Shuai_Zhang,Aryna Sabalenka,0.41304347826086957,0.15217391304347827,0.43478260869565216
20161110-W-ITF_Tokyo-R16-Aryna_Sabalenka-Shuai_Zhang,Shuai Zhang,0.4166666666666667,0.3055555555555556,0.2777777777777778
20161028-W-ITF_Poitiers-QF-Pauline_Parmentier-Elena_Gabriela_Ruse,Pauline Parmentier,0.3181818181818182,0.25,0.4318181818181818
20161028-W-ITF_Poitiers-QF-Pauline_Parmentier-Elena_Gabriela_Ruse,Elena Gabriela Ruse,0.3333333333333333,0.2,0.4666666666666667
20161024-W-Singapore-RR-Garbine_Muguruza-Karolina_Pliskova,Garbine Muguruza,0.39080459770114945,0.16091954022988506,0.4482758620689655
20161024-W-Singapore-RR-Garbine_Muguruza-Karolina_Pliskova,Karolina Pliskova,0.2361111111111111,0.3194444444444444,0.4444444444444444
20161024-W-Singapore-RR-Agnieszka_Radwanska-Svetlana_Kuznetsova,Agnieszka Radwanska,0.3076923076923077,0.24358974358974358,0.44871794871794873
20161024-W-Singapore-RR-Agnieszka_Radwanska-Svetlana_Kuznetsova,Svetlana Kuznetsova,0.30097087378640774,0.20388349514563106,0.49514563106796117
20161016-W-Hong_Kong-F-Caroline_Wozniacki-Kristina_Mladenovic,Caroline Wozniacki,0.3611111111111111,0.4444444444444444,0.19444444444444445
20161016-W-Hong_Kong-F-Caroline_Wozniacki-Kristina_Mladenovic,Kristina Mladenovic,0.41237113402061853,0.23711340206185566,0.35051546391752575
20161015-W-Hong_Kong-SF-Caroline_Wozniacki-Jelena_Jankovic,Caroline Wozniacki,0.3333333333333333,0.2982456140350877,0.3333333333333333
20161015-W-Hong_Kong-SF-Caroline_Wozniacki-Jelena_Jankovic,Jelena Jankovic,0.38596491228070173,0.2807017543859649,0.3333333333333333
20161001-W-Wuhan-F-Petra_Kvitova-Dominika_Cibulkova,Petra Kvitova,0.475,0.1,0.425
20161001-W-Wuhan-F-Petra_Kvitova-Dominika_Cibulkova,Dominika Cibulkova,0.09090909090909091,0.13636363636363635,0.7727272727272727
20160929-W-Wuhan-QF-Agnieszka_Radwanska-Svetlana_Kuznetsova,Agnieszka Radwanska,0.3287671232876712,0.2876712328767123,0.3835616438356164
20160929-W-Wuhan-QF-Agnieszka_Radwanska-Svetlana_Kuznetsova,Svetlana Kuznetsova,0.42727272727272725,0.10909090909090909,0.4636363636363636
20160928-W-Wuhan-R16-Petra_Kvitova-Angelique_Kerber,Petra Kvitova,0.3288590604026846,0.2751677852348993,0.3959731543624161
20160928-W-Wuhan-R16-Petra_Kvitova-Angelique_Kerber,Angelique Kerber,0.2876712328767123,0.3424657534246575,0.3698630136986301
20160928-W-Wuhan-R16-Agnieszka_Radwanska-Caroline_Wozniacki,Agnieszka Radwanska,0.425531914893617,0.23404255319148937,0.3404255319148936
20160928-W-Wuhan-R16-Agnieszka_Radwanska-Caroline_Wozniacki,Caroline Wozniacki,0.32075471698113206,0.20754716981132076,0.4716981132075472
20160924-W-ITF_Saint_Petersburg-F-Natalia_Vikhlyantseva-Donna_Vekic,Natalia Vikhlyantseva,0.37209302325581395,0.18604651162790697,0.4418604651162791
20160924-W-ITF_Saint_Petersburg-F-Natalia_Vikhlyantseva-Donna_Vekic,Donna Vekic,0.2631578947368421,0.21052631578947367,0.5263157894736842
20160916-W-ITF_Biarritz-QF-Carina_Witthoeft-Rebecca_Sramkova,Carina Witthoeft,0.5,0.17647058823529413,0.3235294117647059
20160916-W-ITF_Biarritz-QF-Carina_Witthoeft-Rebecca_Sramkova,Rebecca Sramkova,0.64,0.18,0.18
20160904-W-US_Open-R16-Caroline_Wozniacki-Madison_Keys,Caroline Wozniacki,0.3333333333333333,0.4074074074074074,0.25925925925925924
20160904-W-US_Open-R16-Caroline_Wozniacki-Madison_Keys,Madison Keys,0.3382352941176471,0.1323529411764706,0.5294117647058824
20160902-W-US_Open-R32-Elina_Svitolina-Petra_Kvitova,Elina Svitolina,0.4166666666666667,0.125,0.4583333333333333
20160902-W-US_Open-R32-Elina_Svitolina-Petra_Kvitova,Petra Kvitova,0.4576271186440678,0.13559322033898305,0.4067796610169492
20160831-W-US_Open-R64-Caroline_Wozniacki-Svetlana_Kuznetsova,Caroline Wozniacki,0.4888888888888889,0.2222222222222222,0.28888888888888886
20160831-W-US_Open-R64-Caroline_Wozniacki-Svetlana_Kuznetsova,Svetlana Kuznetsova,0.36764705882352944,0.19117647058823528,0.4411764705882353
20160829-W-US_Open-R128-Monica_Puig-Saisai_Zheng,Monica Puig,0.2549019607843137,0.2549019607843137,0.49019607843137253
20160829-W-US_Open-R128-Monica_Puig-Saisai_Zheng,Saisai Zheng,0.3333333333333333,0.25925925925925924,0.4074074074074074
20160827-W-New_Haven-F-Agnieszka_Radwanska-Elina_Svitolina,Agnieszka Radwanska,0.46938775510204084,0.1836734693877551,0.3469387755102041
20160827-W-New_Haven-F-Agnieszka_Radwanska-Elina_Svitolina,Elina Svitolina,0.25,0.2,0.55
20160821-W-Cincinnati-F-Angelique_Kerber-Karolina_Pliskova,Angelique Kerber,0.3488372093023256,0.06976744186046512,0.5813953488372093
20160821-W-Cincinnati-F-Angelique_Kerber-Karolina_Pliskova,Karolina Pliskova,0.47058823529411764,0.14705882352941177,0.38235294117647056
20160820-W-Cincinnati-SF-Garbine_Muguruza-Karolina_Pliskova,Garbine Muguruza,0.17857142857142858,0.21428571428571427,0.6071428571428571
20160820-W-Cincinnati-SF-Garbine_Muguruza-Karolina_Pliskova,Karolina Pliskova,0.3333333333333333,0.26666666666666666,0.4
20160725-W-Montreal-R64-Petra_Kvitova-Magda_Linette,Petra Kvitova,0.4878048780487805,0.17073170731707318,0.34146341463414637
20160725-W-Montreal-R64-Petra_Kvitova-Magda_Linette,Magda Linette,0.375,0.125,0.5
20160723-W-Washington-SF-Jessica_Pegula-Lauren_Davis,Jessica Pegula,0.20754716981132076,0.20754716981132076,0.5849056603773585
20160723-W-Washington-SF-Jessica_Pegula-Lauren_Davis,Lauren Davis,0.20930232558139536,0.32558139534883723,0.46511627906976744
20160719-W-Washington-R32-Camila_Giorgi-Eugenie_Bouchard,Camila Giorgi,0.2857142857142857,0.2619047619047619,0.4523809523809524
20160719-W-Washington-R32-Camila_Giorgi-Eugenie_Bouchard,Eugenie Bouchard,0.19444444444444445,0.16666666666666666,0.6388888888888888
20160709-W-Wimbledon-F-Serena_Williams-Angelique_Kerber,Serena Williams,0.39655172413793105,0.1724137931034483,0.43103448275862066
20160709-W-Wimbledon-F-Serena_Williams-Angelique_Kerber,Angelique Kerber,0.34285714285714286,0.2857142857142857,0.37142857142857144
20160707-W-Wimbledon-SF-Venus_Williams-Angelique_Kerber,Venus Williams,0.3275862068965517,0.3275862068965517,0.3448275862068966
20160707-W-Wimbledon-SF-Venus_Williams-Angelique_Kerber,Angelique Kerber,0.40540540540540543,0.40540540540540543,0.1891891891891892
20160707-W-Wimbledon-SF-Elena_Vesnina-Serena_Williams,Elena Vesnina,0.4166666666666667,0.16666666666666666,0.4166666666666667
20160707-W-Wimbledon-SF-Elena_Vesnina-Serena_Williams,Serena Williams,0.53125,0.3125,0.15625
20160630-W-Wimbledon-R64-Eugenie_Bouchard-Johanna_Konta,Eugenie Bouchard,0.32,0.34,0.34
20160630-W-Wimbledon-R64-Eugenie_Bouchard-Johanna_Konta,Johanna Konta,0.36507936507936506,0.2222222222222222,0.4126984126984127
20160622-W-Eastbourne-R16-Petra_Kvitova-Johanna_Konta,Petra Kvitova,0.34210526315789475,0.18421052631578946,0.47368421052631576
20160622-W-Eastbourne-R16-Petra_Kvitova-Johanna_Konta,Johanna Konta,0.22413793103448276,0.3620689655172414,0.41379310344827586
20160620-W-Eastbourne-R64-Eugenie_Bouchard-Varvara_Lepchenko,Eugenie Bouchard,0.34285714285714286,0.2857142857142857,0.37142857142857144
20160620-W-Eastbourne-R64-Eugenie_Bouchard-Varvara_Lepchenko,Varvara Lepchenko,0.21212121212121213,0.12121212121212122,0.6666666666666666
20160603-W-Roland_Garros-SF-Serena_Williams-Kiki_Bertens,Serena Williams,0.3780487804878049,0.17073170731707318,0.45121951219512196
20160603-W-Roland_Garros-SF-Serena_Williams-Kiki_Bertens,Kiki Bertens,0.3404255319148936,0.2553191489361702,0.40425531914893614
20160603-W-Roland_Garros-SF-Samantha_Stosur-Garbine_Muguruza,Samantha Stosur,0.2413793103448276,0.3793103448275862,0.3793103448275862
20160603-W-Roland_Garros-SF-Samantha_Stosur-Garbine_Muguruza,Garbine Muguruza,0.32608695652173914,0.3695652173913043,0.30434782608695654
20160528-W-Roland_Garros-R32-Pauline_Parmentier-Timea_Bacsinszky,Pauline Parmentier,0.225,0.15,0.625
20160528-W-Roland_Garros-R32-Pauline_Parmentier-Timea_Bacsinszky,Timea Bacsinszky,0.26666666666666666,0.2833333333333333,0.45
20160526-W-Roland_Garros-R64-Teliana_Pereira-Serena_Williams,Teliana Pereira,0.13793103448275862,0.2413793103448276,0.6206896551724138
20160526-W-Roland_Garros-R64-Teliana_Pereira-Serena_Williams,Serena Williams,0.5416666666666666,0.1875,0.2708333333333333
20160526-W-Roland_Garros-R64-Kristina_Mladenovic-Timea_Babos,Kristina Mladenovic,0.4444444444444444,0.24444444444444444,0.3111111111111111
20160526-W-Roland_Garros-R64-Kristina_Mladenovic-Timea_Babos,Timea Babos,0.2558139534883721,0.2558139534883721,0.4883720930232558
20160526-W-Roland_Garros-R64-Ana_Ivanovic-Kurumi_Nara,Ana Ivanovic,0.5087719298245614,0.24561403508771928,0.24561403508771928
20160526-W-Roland_Garros-R64-Ana_Ivanovic-Kurumi_Nara,Kurumi Nara,0.3333333333333333,0.3111111111111111,0.35555555555555557
20160524-W-Roland_Garros-R128-Eugenie_Bouchard-Laura_Siegemund,Eugenie Bouchard,0.3409090909090909,0.3409090909090909,0.3181818181818182
20160524-W-Roland_Garros-R128-Eugenie_Bouchard-Laura_Siegemund,Laura Siegemund,0.4,0.17777777777777778,0.4222222222222222
20160522-W-Roland_Garros-R128-Heather_Watson-Nicole_Gibbs,Heather Watson,0.3644859813084112,0.205607476635514,0.42990654205607476
20160522-W-Roland_Garros-R128-Heather_Watson-Nicole_Gibbs,Nicole Gibbs,0.18461538461538463,0.24615384615384617,0.5692307692307692
20160520-W-Roland_Garros-Q3-Louisa_Chirico-Irina_Khromacheva,Louisa Chirico,0.4418604651162791,0.3488372093023256,0.20930232558139536
20160520-W-Roland_Garros-Q3-Louisa_Chirico-Irina_Khromacheva,Irina Khromacheva,0.325,0.35,0.325
20160508-W-ITF_Indian_Harbour_Beach-F-Jennifer_Brady-Taylor_Townsend,Jennifer Brady,0.29545454545454547,0.3409090909090909,0.36363636363636365
20160508-W-ITF_Indian_Harbour_Beach-F-Jennifer_Brady-Taylor_Townsend,Taylor Townsend,0.39285714285714285,0.10714285714285714,0.5
20160430-W-Prague-F-Samantha_Stosur-Lucie_Safarova,Samantha Stosur,0.391304347826087,0.21739130434782608,0.391304347826087
20160430-W-Prague-F-Samantha_Stosur-Lucie_Safarova,Lucie Safarova,0.2698412698412698,0.3492063492063492,0.38095238095238093
20160423-W-Stuttgart-QF-Petra_Kvitova-Garbine_Muguruza,Petra Kvitova,0.375,0.125,0.5
20160423-W-Stuttgart-QF-Petra_Kvitova-Garbine_Muguruza,Garbine Muguruza,0.2564102564102564,0.1282051282051282,0.6153846153846154
20160416-W-Fed_Cup_World_Group_SF-RR-Kristina_Mladenovic-Richel_Hogenkamp,Kristina Mladenovic,0.5,0.1206896551724138,0.3793103448275862
20160416-W-Fed_Cup_World_Group_SF-RR-Kristina_Mladenovic-Richel_Hogenkamp,Richel Hogenkamp,0.2413793103448276,0.13793103448275862,0.6206896551724138
20160416-W-Fed_Cup_World_Group_SF-RR-Barbora_Strycova-Timea_Bacsinszky,Barbora Strycova,0.32432432432432434,0.1891891891891892,0.4864864864864865
20160416-W-Fed_Cup_World_Group_SF-RR-Barbora_Strycova-Timea_Bacsinszky,Timea Bacsinszky,0.125,0.125,0.75
20160407-W-Charleston-R16-Mirjana_Lucic-Laura_Siegemund,Mirjana Lucic,0.3230769230769231,0.16923076923076924,0.5076923076923077
20160407-W-Charleston-R16-Mirjana_Lucic-Laura_Siegemund,Laura Siegemund,0.37209302325581395,0.13953488372093023,0.4883720930232558
20160406-W-Charleston-R32-Elena_Vesnina-Belinda_Bencic,Elena Vesnina,0.5333333333333333,0.2,0.26666666666666666
20160406-W-Charleston-R32-Elena_Vesnina-Belinda_Bencic,Belinda Bencic,0.46153846153846156,0.11538461538461539,0.4230769230769231
20160404-W-Katowice-R32-Kirsten_Flipkens-Donna_Vekic,Kirsten Flipkens,0.4375,0.09375,0.46875
20160404-W-Katowice-R32-Kirsten_Flipkens-Donna_Vekic,Donna Vekic,0.23809523809523808,0.09523809523809523,0.6666666666666666
20160402-W-Miami-F-Svetlana_Kuznetsova-Victoria_Azarenka,Svetlana Kuznetsova,0.17142857142857143,0.11428571428571428,0.7142857142857143
20160402-W-Miami-F-Svetlana_Kuznetsova-Victoria_Azarenka,Victoria Azarenka,0.4772727272727273,0.20454545454545456,0.3181818181818182
20160327-W-Miami-R32-Magda_Linette-Victoria_Azarenka,Magda Linette,0.2962962962962963,0.18518518518518517,0.5185185185185185
20160327-W-Miami-R32-Magda_Linette-Victoria_Azarenka,Victoria Azarenka,0.37142857142857144,0.37142857142857144,0.2571428571428571
20160325-W-Miami-R64-Petra_Kvitova-Irina_Falconi,Petra Kvitova,0.42857142857142855,0.12244897959183673,0.4489795918367347
20160325-W-Miami-R64-Petra_Kvitova-Irina_Falconi,Irina Falconi,0.24242424242424243,0.12121212121212122,0.6363636363636364
20160324-W-Miami-R64-Caroline_Wozniacki-Vania_King,Caroline Wozniacki,0.43902439024390244,0.36585365853658536,0.1951219512195122
20160324-W-Miami-R64-Caroline_Wozniacki-Vania_King,Vania King,0.4166666666666667,0.20833333333333334,0.375
20160316-W-Indian_Wells-QF-Petra_Kvitova-Agnieszka_Radwanska,Petra Kvitova,0.2857142857142857,0.18571428571428572,0.5285714285714286
20160316-W-Indian_Wells-QF-Petra_Kvitova-Agnieszka_Radwanska,Agnieszka Radwanska,0.3125,0.28125,0.40625
20160315-W-Indian_Wells-R16-Agnieszka_Radwanska-Jelena_Jankovic,Agnieszka Radwanska,0.2857142857142857,0.3142857142857143,0.4
20160315-W-Indian_Wells-R16-Agnieszka_Radwanska-Jelena_Jankovic,Jelena Jankovic,0.28846153846153844,0.19230769230769232,0.5192307692307693
20160313-W-Indian_Wells-R32-Serena_Williams-Yulia_Putintseva,Serena Williams,0.33962264150943394,0.20754716981132076,0.4528301886792453
20160313-W-Indian_Wells-R32-Serena_Williams-Yulia_Putintseva,Yulia Putintseva,0.45,0.15,0.4
20160310-W-Indian_Wells-R128-Risa_Ozaki-Eugenie_Bouchard,Risa Ozaki,0.22448979591836735,0.20408163265306123,0.5714285714285714
20160310-W-Indian_Wells-R128-Risa_Ozaki-Eugenie_Bouchard,Eugenie Bouchard,0.32142857142857145,0.14285714285714285,0.5357142857142857
20160303-W-Monterrey-R16-Caroline_Wozniacki-Mirjana_Lucic,Caroline Wozniacki,0.35,0.4,0.25
20160303-W-Monterrey-R16-Caroline_Wozniacki-Mirjana_Lucic,Mirjana Lucic,0.40298507462686567,0.14925373134328357,0.44776119402985076
20160213-W-Kaohsiung-SF-Misaki_Doi-Su_Wei_Hsieh,Misaki Doi,0.3235294117647059,0.35294117647058826,0.3235294117647059
20160213-W-Kaohsiung-SF-Misaki_Doi-Su_Wei_Hsieh,Su Wei Hsieh,0.30303030303030304,0.09090909090909091,0.6060606060606061
20160207-W-Fed_Cup_World_Group_R1-RR-Richel_Hogenkamp-Svetlana_Kuznetsova,Richel Hogenkamp,0.25806451612903225,0.2903225806451613,0.45161290322580644
20160207-W-Fed_Cup_World_Group_R1-RR-Richel_Hogenkamp-Svetlana_Kuznetsova,Svetlana Kuznetsova,0.29850746268656714,0.20149253731343283,0.5
20160128-W-Australian_Open-SF-Agnieszka_Radwanska-Serena_Williams,Agnieszka Radwanska,0.4,0.2,0.4
20160128-W-Australian_Open-SF-Agnieszka_Radwanska-Serena_Williams,Serena Williams,0.5789473684210527,0.12280701754385964,0.2982456140350877
20160126-W-Australian_Open-QF-Serena_Williams-Maria_Sharapova,Serena Williams,0.4186046511627907,0.20930232558139536,0.37209302325581395
20160126-W-Australian_Open-QF-Serena_Williams-Maria_Sharapova,Maria Sharapova,0.25806451612903225,0.41935483870967744,0.3225806451612903
20160124-W-Australian_Open-R16-Serena_Williams-Margarita_Gasparyan,Serena Williams,0.3333333333333333,0.3333333333333333,0.3333333333333333
20160124-W-Australian_Open-R16-Serena_Williams-Margarita_Gasparyan,Margarita Gasparyan,0.21052631578947367,0.2631578947368421,0.5263157894736842
20160123-W-Australian_Open-R32-Victoria_Azarenka-Naomi_Osaka,Victoria Azarenka,0.4523809523809524,0.2619047619047619,0.2857142857142857
20160123-W-Australian_Open-R32-Victoria_Azarenka-Naomi_Osaka,Naomi Osaka,0.08333333333333333,0.25,0.6666666666666666
20160123-W-Australian_Open-R16-Maria_Sharapova-Belinda_Bencic,Maria Sharapova,0.4090909090909091,0.14772727272727273,0.4431818181818182
20160123-W-Australian_Open-R16-Maria_Sharapova-Belinda_Bencic,Belinda Bencic,0.2894736842105263,0.2631578947368421,0.4473684210526316
20160122-W-Australian_Open-R32-Serena_Williams-Daria_Kasatkina,Serena Williams,0.4722222222222222,0.2777777777777778,0.25
20160122-W-Australian_Open-R32-Serena_Williams-Daria_Kasatkina,Daria Kasatkina,0.25,0.0,0.75
20160122-W-Australian_Open-R32-Maria_Sharapova-Lauren_Davis,Maria Sharapova,0.38596491228070173,0.2631578947368421,0.3508771929824561
20160122-W-Australian_Open-R32-Maria_Sharapova-Lauren_Davis,Lauren Davis,0.24444444444444444,0.26666666666666666,0.4888888888888889
20160122-W-Australian_Open-R32-Kristina_Mladenovic-Daria_Saville,Kristina Mladenovic,0.3695652173913043,0.20652173913043478,0.42391304347826086
20160122-W-Australian_Open-R32-Kristina_Mladenovic-Daria_Saville,Daria Saville,0.4142857142857143,0.32857142857142857,0.2571428571428571
20160121-W-Australian_Open-R64-Danka_Kovinic-Victoria_Azarenka,Danka Kovinic,0.25925925925925924,0.25925925925925924,0.48148148148148145
20160121-W-Australian_Open-R64-Danka_Kovinic-Victoria_Azarenka,Victoria Azarenka,0.42105263157894735,0.47368421052631576,0.10526315789473684
20160118-W-Australian_Open-R128-Carina_Witthoeft-Saisai_Zheng,Carina Witthoeft,0.2564102564102564,0.07692307692307693,0.6666666666666666
20160118-W-Australian_Open-R128-Carina_Witthoeft-Saisai_Zheng,Saisai Zheng,0.3939393939393939,0.21212121212121213,0.3939393939393939
20160116-W-Hobart-SF-Eugenie_Bouchard-Dominika_Cibulkova,Eugenie Bouchard,0.373134328358209,0.208955223880597,0.417910447761194
20160116-W-Hobart-SF-Eugenie_Bouchard-Dominika_Cibulkova,Dominika Cibulkova,0.34375,0.28125,0.375
20160116-W-Hobart-F-Eugenie_Bouchard-Alize_Cornet,Eugenie Bouchard,0.2916666666666667,0.1875,0.5208333333333334
20160116-W-Hobart-F-Eugenie_Bouchard-Alize_Cornet,Alize Cornet,0.42857142857142855,0.21428571428571427,0.35714285714285715
20160115-W-Sydney-F-Svetlana_Kuznetsova-Monica_Puig,Svetlana Kuznetsova,0.5833333333333334,0.2916666666666667,0.125
20160115-W-Sydney-F-Svetlana_Kuznetsova-Monica_Puig,Monica Puig,0.2903225806451613,0.16129032258064516,0.5483870967741935
20160115-W-Hobart-SF-Alize_Cornet-Johanna_Larsson,Alize Cornet,0.5454545454545454,0.21212121212121213,0.24242424242424243
20160115-W-Hobart-SF-Alize_Cornet-Johanna_Larsson,Johanna Larsson,0.17647058823529413,0.17647058823529413,0.6470588235294118
20160114-W-Hobart-QF-Camila_Giorgi-Eugenie_Bouchard,Camila Giorgi,0.18421052631578946,0.3157894736842105,0.5
20160114-W-Hobart-QF-Camila_Giorgi-Eugenie_Bouchard,Eugenie Bouchard,0.40625,0.1875,0.40625
20160113-W-Australian_Open-Q1-Lin_Zhu-Elena_Vesnina,Lin Zhu,0.21621621621621623,0.4189189189189189,0.36486486486486486
20160113-W-Australian_Open-Q1-Lin_Zhu-Elena_Vesnina,Elena Vesnina,0.3113207547169811,0.3584905660377358,0.330188679245283
20160112-W-Hobart-R16-Dominika_Cibulkova-Kimberly_Birrell,Dominika Cibulkova,0.15384615384615385,0.6923076923076923,0.15384615384615385
20160112-W-Hobart-R16-Dominika_Cibulkova-Kimberly_Birrell,Kimberly Birrell,0.3125,0.125,0.5625
20160112-W-Hobart-R16-Alison_Van_Uytvanck-Eugenie_Bouchard,Alison Van Uytvanck,0.2777777777777778,0.18518518518518517,0.5370370370370371
20160112-W-Hobart-R16-Alison_Van_Uytvanck-Eugenie_Bouchard,Eugenie Bouchard,0.175,0.4125,0.4125
20160111-W-Hobart-R32-Denisa_Allertova-Alize_Cornet,Denisa Allertova,0.19672131147540983,0.26229508196721313,0.5409836065573771
20160111-W-Hobart-R32-Denisa_Allertova-Alize_Cornet,Alize Cornet,0.425,0.2,0.375
20160111-W-Hobart-R32-Bethanie_Mattek_Sands-Eugenie_Bouchard,Bethanie Mattek Sands,0.2857142857142857,0.17857142857142858,0.5357142857142857
20160111-W-Hobart-R32-Bethanie_Mattek_Sands-Eugenie_Bouchard,Eugenie Bouchard,0.4878048780487805,0.24390243902439024,0.2682926829268293
20160111-W-Hobart-R16-Camila_Giorgi-Nao_Hibino,Camila Giorgi,0.42857142857142855,0.22448979591836735,0.3469387755102041
20160111-W-Hobart-R16-Camila_Giorgi-Nao_Hibino,Nao Hibino,0.17857142857142858,0.35714285714285715,0.4642857142857143
20160110-W-Hobart-R32-Maddison_Inglis-Margarita_Gasparyan,Maddison Inglis,0.29545454545454547,0.29545454545454547,0.4090909090909091
20160110-W-Hobart-R32-Maddison_Inglis-Margarita_Gasparyan,Margarita Gasparyan,0.3488372093023256,0.27906976744186046,0.37209302325581395
20160109-W-Brisbane-F-Angelique_Kerber-Victoria_Azarenka,Angelique Kerber,0.45098039215686275,0.09803921568627451,0.45098039215686275
20160109-W-Brisbane-F-Angelique_Kerber-Victoria_Azarenka,Victoria Azarenka,0.5526315789473685,0.21052631578947367,0.23684210526315788
20160108-W-Brisbane-SF-Carla_Suarez_Navarro-Angelique_Kerber,Carla Suarez Navarro,0.32558139534883723,0.18604651162790697,0.4883720930232558
20160108-W-Brisbane-SF-Carla_Suarez_Navarro-Angelique_Kerber,Angelique Kerber,0.44642857142857145,0.21428571428571427,0.3392857142857143
20160107-W-Brisbane-QF-Varvara_Lepchenko-Carla_Suarez_Navarro,Varvara Lepchenko,0.2903225806451613,0.1827956989247312,0.5268817204301075
20160107-W-Brisbane-QF-Varvara_Lepchenko-Carla_Suarez_Navarro,Carla Suarez Navarro,0.28888888888888886,0.28888888888888886,0.4222222222222222
20160107-W-Brisbane-QF-Anastasia_Pavlyuchenkova-Angelique_Kerber,Anastasia Pavlyuchenkova,0.423728813559322,0.15254237288135594,0.423728813559322
20160107-W-Brisbane-QF-Anastasia_Pavlyuchenkova-Angelique_Kerber,Angelique Kerber,0.5897435897435898,0.20512820512820512,0.20512820512820512
20160105-W-Brisbane-R16-Samantha_Stosur-Carla_Suarez_Navarro,Samantha Stosur,0.3709677419354839,0.12903225806451613,0.5
20160105-W-Brisbane-R16-Samantha_Stosur-Carla_Suarez_Navarro,Carla Suarez Navarro,0.3076923076923077,0.24615384615384617,0.4461538461538462
20160105-W-Auckland-R32-Venus_Williams-Daria_Kasatkina,Venus Williams,0.35,0.05,0.6
20160105-W-Auckland-R32-Venus_Williams-Daria_Kasatkina,Daria Kasatkina,0.36507936507936506,0.07936507936507936,0.5555555555555556
20160104-W-Brisbane-R32-Sara_Errani-Belinda_Bencic,Sara Errani,0.35,0.15,0.5
20160104-W-Brisbane-R32-Sara_Errani-Belinda_Bencic,Belinda Bencic,0.5625,0.1875,0.25
20160104-W-Brisbane-R32-Roberta_Vinci-Jelena_Jankovic,Roberta Vinci,0.43661971830985913,0.22535211267605634,0.3380281690140845
20160104-W-Brisbane-R32-Roberta_Vinci-Jelena_Jankovic,Jelena Jankovic,0.45054945054945056,0.15384615384615385,0.3956043956043956
20160104-W-Brisbane-R32-Elena_Vesnina-Victoria_Azarenka,Elena Vesnina,0.35294117647058826,0.17647058823529413,0.47058823529411764
20160104-W-Brisbane-R32-Elena_Vesnina-Victoria_Azarenka,Victoria Azarenka,0.4857142857142857,0.2571428571428571,0.2571428571428571
20160104-W-Auckland-R32-Polona_Hercog-Sloane_Stephens,Polona Hercog,0.11363636363636363,0.20454545454545456,0.6818181818181818
20160104-W-Auckland-R32-Polona_Hercog-Sloane_Stephens,Sloane Stephens,0.28205128205128205,0.2564102564102564,0.46153846153846156
20160104-W-Auckland-R32-Jelena_Ostapenko-Johanna_Larsson,Jelena Ostapenko,0.3333333333333333,0.26666666666666666,0.4
20160104-W-Auckland-R32-Jelena_Ostapenko-Johanna_Larsson,Johanna Larsson,0.21428571428571427,0.21428571428571427,0.5714285714285714
20160103-W-Brisbane-R32-Anastasia_Pavlyuchenkova-Timea_Bacsinszky,Anastasia Pavlyuchenkova,0.5681818181818182,0.18181818181818182,0.25
20160103-W-Brisbane-R32-Anastasia_Pavlyuchenkova-Timea_Bacsinszky,Timea Bacsinszky,0.1935483870967742,0.2903225806451613,0.5161290322580645
20151108-W-ITF_Waco-F-Viktorija_Golubic-Nicole_Gibbs,Viktorija Golubic,0.6571428571428571,0.05714285714285714,0.2857142857142857
20151108-W-ITF_Waco-F-Viktorija_Golubic-Nicole_Gibbs,Nicole Gibbs,0.23255813953488372,0.18604651162790697,0.5813953488372093
20151107-W-Zhuhai-SF-Elina_Svitolina-Karolina_Pliskova,Elina Svitolina,0.28,0.24,0.48
20151107-W-Zhuhai-SF-Elina_Svitolina-Karolina_Pliskova,Karolina Pliskova,0.575,0.125,0.3
20151107-W-Zhuhai-RR-Elina_Svitolina-Carla_Suarez_Navarro,Elina Svitolina,0.3387096774193548,0.20967741935483872,0.45161290322580644
20151107-W-Zhuhai-RR-Elina_Svitolina-Carla_Suarez_Navarro,Carla Suarez Navarro,0.359375,0.1640625,0.4765625
20151105-W-ITF_Waco-R16-Grace_Min-Anna_Tatishvili,Grace Min,0.2,0.24,0.56
20151105-W-ITF_Waco-R16-Grace_Min-Anna_Tatishvili,Anna Tatishvili,0.3877551020408163,0.2857142857142857,0.32653061224489793
20151031-W-Singapore-SF-Maria_Sharapova-Petra_Kvitova,Maria Sharapova,0.3181818181818182,0.18181818181818182,0.5
20151031-W-Singapore-SF-Maria_Sharapova-Petra_Kvitova,Petra Kvitova,0.375,0.25,0.375
20151027-W-Singapore-RR-Flavia_Pennetta-Agnieszka_Radwanska,Flavia Pennetta,0.5166666666666667,0.13333333333333333,0.35
20151027-W-Singapore-RR-Flavia_Pennetta-Agnieszka_Radwanska,Agnieszka Radwanska,0.3269230769230769,0.3076923076923077,0.36538461538461536
20151025-W-Singapore-RR-Maria_Sharapova-Agnieszka_Radwanska,Maria Sharapova,0.45794392523364486,0.17757009345794392,0.3644859813084112
20151025-W-Singapore-RR-Maria_Sharapova-Agnieszka_Radwanska,Agnieszka Radwanska,0.296875,0.390625,0.3125
20151025-W-Singapore-RR-Lucie_Safarova-Garbine_Muguruza,Lucie Safarova,0.3333333333333333,0.2619047619047619,0.40476190476190477
20151025-W-Singapore-RR-Lucie_Safarova-Garbine_Muguruza,Garbine Muguruza,0.27586206896551724,0.29310344827586204,0.43103448275862066
20151025-W-Singapore-RR-Angelique_Kerber-Garbine_Muguruza,Angelique Kerber,0.3541666666666667,0.2916666666666667,0.3541666666666667
20151025-W-Singapore-RR-Angelique_Kerber-Garbine_Muguruza,Garbine Muguruza,0.5084745762711864,0.2033898305084746,0.288135593220339
20151024-W-Moscow-F-Svetlana_Kuznetsova-Anastasia_Pavlyuchenkova,Svetlana Kuznetsova,0.375,0.25,0.375
20151024-W-Moscow-F-Svetlana_Kuznetsova-Anastasia_Pavlyuchenkova,Anastasia Pavlyuchenkova,0.30434782608695654,0.13043478260869565,0.5652173913043478
20151021-W-Moscow-R16-Anastasija_Sevastova-Karolina_Pliskova,Anastasija Sevastova,0.40229885057471265,0.14942528735632185,0.4482758620689655
20151021-W-Moscow-R16-Anastasija_Sevastova-Karolina_Pliskova,Karolina Pliskova,0.296875,0.1875,0.515625
20151016-W-Hong_Kong-QF-Venus_Williams-Alize_Cornet,Venus Williams,0.4444444444444444,0.2222222222222222,0.3333333333333333
20151016-W-Hong_Kong-QF-Venus_Williams-Alize_Cornet,Alize Cornet,0.15,0.15,0.7
20151011-W-Beijing-F-Timea_Bacsinszky-Garbine_Muguruza,Timea Bacsinszky,0.2916666666666667,0.16666666666666666,0.5416666666666666
20151011-W-Beijing-F-Timea_Bacsinszky-Garbine_Muguruza,Garbine Muguruza,0.3114754098360656,0.21311475409836064,0.47540983606557374
20151010-W-Beijing-SF-Agnieszka_Radwanska-Garbine_Muguruza,Agnieszka Radwanska,0.23728813559322035,0.22033898305084745,0.5254237288135594
20151010-W-Beijing-SF-Agnieszka_Radwanska-Garbine_Muguruza,Garbine Muguruza,0.3557692307692308,0.16346153846153846,0.4807692307692308
20151006-W-Beijing-R32-Mariana_Duque_Marino-Timea_Bacsinszky,Mariana Duque Marino,0.20689655172413793,0.15517241379310345,0.6379310344827587
20151006-W-Beijing-R32-Mariana_Duque_Marino-Timea_Bacsinszky,Timea Bacsinszky,0.3877551020408163,0.1836734693877551,0.42857142857142855
20151006-W-Beijing-R32-Ana_Ivanovic-Venus_Williams,Ana Ivanovic,0.4888888888888889,0.1111111111111111,0.4
20151006-W-Beijing-R32-Ana_Ivanovic-Venus_Williams,Venus Williams,0.19230769230769232,0.21153846153846154,0.5961538461538461
20151006-W-Beijing-R16-Irina_Falconi-Garbine_Muguruza,Irina Falconi,0.17142857142857143,0.17142857142857143,0.6571428571428571
20151006-W-Beijing-R16-Irina_Falconi-Garbine_Muguruza,Garbine Muguruza,0.3018867924528302,0.20754716981132076,0.49056603773584906
20151005-W-Beijing-R16-Kateryna_Bondarenko-Madison_Keys,Kateryna Bondarenko,0.2903225806451613,0.0967741935483871,0.6129032258064516
20151005-W-Beijing-R16-Kateryna_Bondarenko-Madison_Keys,Madison Keys,0.24489795918367346,0.14285714285714285,0.6122448979591837
20151004-W-Wuhan-F-Venus_Williams-Garbine_Muguruza,Venus Williams,0.42105263157894735,0.2631578947368421,0.3157894736842105
20151004-W-Wuhan-F-Venus_Williams-Garbine_Muguruza,Garbine Muguruza,0.23529411764705882,0.23529411764705882,0.5294117647058824
20151002-W-Wuhan-SF-Angelique_Kerber-Garbine_Muguruza,Angelique Kerber,0.4117647058823529,0.13725490196078433,0.45098039215686275
20151002-W-Wuhan-SF-Angelique_Kerber-Garbine_Muguruza,Garbine Muguruza,0.3894736842105263,0.15789473684210525,0.45263157894736844
20150925-W-Tokyo-QF-Belinda_Bencic-Garbine_Muguruza,Belinda Bencic,0.3548387096774194,0.25806451612903225,0.3870967741935484
20150925-W-Tokyo-QF-Belinda_Bencic-Garbine_Muguruza,Garbine Muguruza,0.3611111111111111,0.08333333333333333,0.5555555555555556
20150923-W-Tokyo-R16-Garbine_Muguruza-Barbora_Strycova,Garbine Muguruza,0.3283582089552239,0.22388059701492538,0.44776119402985076
20150923-W-Tokyo-R16-Garbine_Muguruza-Barbora_Strycova,Barbora Strycova,0.28205128205128205,0.10256410256410256,0.6153846153846154
20150912-W-US_Open-F-Roberta_Vinci-Flavia_Pennetta,Roberta Vinci,0.3076923076923077,0.13846153846153847,0.5538461538461539
20150912-W-US_Open-F-Roberta_Vinci-Flavia_Pennetta,Flavia Pennetta,0.3559322033898305,0.22033898305084745,0.423728813559322
20150911-W-US_Open-SF-Serena_Williams-Roberta_Vinci,Serena Williams,0.3625,0.175,0.4625
20150911-W-US_Open-SF-Serena_Williams-Roberta_Vinci,Roberta Vinci,0.40476190476190477,0.2619047619047619,0.3333333333333333
20150909-W-US_Open-QF-Venus_Williams-Serena_Williams,Venus Williams,0.29545454545454547,0.20454545454545456,0.5
20150909-W-US_Open-QF-Venus_Williams-Serena_Williams,Serena Williams,0.4074074074074074,0.12962962962962962,0.46296296296296297
20150906-W-US_Open-R16-Serena_Williams-Madison_Keys,Serena Williams,0.34615384615384615,0.2692307692307692,0.38461538461538464
20150906-W-US_Open-R16-Serena_Williams-Madison_Keys,Madison Keys,0.4117647058823529,0.08823529411764706,0.5
20150905-W-US_Open-R32-Angelique_Kerber-Victoria_Azarenka,Angelique Kerber,0.43564356435643564,0.19801980198019803,0.36633663366336633
20150905-W-US_Open-R32-Angelique_Kerber-Victoria_Azarenka,Victoria Azarenka,0.48936170212765956,0.1702127659574468,0.3404255319148936
20150904-W-US_Open-R32-Venus_Williams-Belinda_Bencic,Venus Williams,0.3888888888888889,0.2222222222222222,0.3888888888888889
20150904-W-US_Open-R32-Venus_Williams-Belinda_Bencic,Belinda Bencic,0.2692307692307692,0.2692307692307692,0.46153846153846156
20150904-W-US_Open-R32-Dominika_Cibulkova-Eugenie_Bouchard,Dominika Cibulkova,0.3113207547169811,0.36792452830188677,0.32075471698113206
20150904-W-US_Open-R32-Dominika_Cibulkova-Eugenie_Bouchard,Eugenie Bouchard,0.3780487804878049,0.35365853658536583,0.2682926829268293
20150904-W-US_Open-R32-Bethanie_Mattek_Sands-Serena_Williams,Bethanie Mattek Sands,0.39285714285714285,0.42857142857142855,0.17857142857142858
20150904-W-US_Open-R32-Bethanie_Mattek_Sands-Serena_Williams,Serena Williams,0.5405405405405406,0.28378378378378377,0.17567567567567569
20150903-W-US_Open-R64-Caroline_Wozniacki-Petra_Cetkovska,Caroline Wozniacki,0.2903225806451613,0.20967741935483872,0.5
20150903-W-US_Open-R64-Caroline_Wozniacki-Petra_Cetkovska,Petra Cetkovska,0.42748091603053434,0.1450381679389313,0.42748091603053434
20150902-W-US_Open-R64-Serena_Williams-Kiki_Bertens,Serena Williams,0.2857142857142857,0.2857142857142857,0.42857142857142855
20150902-W-US_Open-R64-Serena_Williams-Kiki_Bertens,Kiki Bertens,0.2641509433962264,0.11320754716981132,0.6226415094339622
20150902-W-US_Open-R64-Mariana_Duque_Marino-Oceane_Dodin,Mariana Duque Marino,0.39215686274509803,0.13725490196078433,0.47058823529411764
20150902-W-US_Open-R64-Mariana_Duque_Marino-Oceane_Dodin,Oceane Dodin,0.2777777777777778,0.19444444444444445,0.5277777777777778
20150902-W-US_Open-R64-Eugenie_Bouchard-Polona_Hercog,Eugenie Bouchard,0.29069767441860467,0.20930232558139536,0.5
20150902-W-US_Open-R64-Eugenie_Bouchard-Polona_Hercog,Polona Hercog,0.28378378378378377,0.16216216216216217,0.5540540540540541
20150831-W-US_Open-R128-Serena_Williams-Vitalia_Diatchenko,Serena Williams,0.75,0.125,0.125
20150831-W-US_Open-R128-Serena_Williams-Vitalia_Diatchenko,Vitalia Diatchenko,0.14285714285714285,0.0,0.8571428571428571
20150831-W-US_Open-R128-Eugenie_Bouchard-Alison_Riske_Amritraj,Eugenie Bouchard,0.29310344827586204,0.22413793103448276,0.4827586206896552
20150831-W-US_Open-R128-Eugenie_Bouchard-Alison_Riske_Amritraj,Alison Riske Amritraj,0.23809523809523808,0.21428571428571427,0.5476190476190477
20150831-W-US_Open-R128-Dominika_Cibulkova-Ana_Ivanovic,Dominika Cibulkova,0.32894736842105265,0.27631578947368424,0.39473684210526316
20150831-W-US_Open-R128-Dominika_Cibulkova-Ana_Ivanovic,Ana Ivanovic,0.36,0.16,0.48
20150831-W-US_Open-R128-Alison_Van_Uytvanck-Jessica_Pegula,Alison Van Uytvanck,0.19607843137254902,0.13725490196078433,0.6666666666666666
20150831-W-US_Open-R128-Alison_Van_Uytvanck-Jessica_Pegula,Jessica Pegula,0.3,0.18,0.52
20150829-W-New_Haven-F-Petra_Kvitova-Lucie_Safarova,Petra Kvitova,0.3235294117647059,0.23529411764705882,0.4411764705882353
20150829-W-New_Haven-F-Petra_Kvitova-Lucie_Safarova,Lucie Safarova,0.3508771929824561,0.19298245614035087,0.45614035087719296
20150828-W-New_Haven-SF-Lesia_Tsurenko-Lucie_Safarova,Lesia Tsurenko,0.13636363636363635,0.18181818181818182,0.6818181818181818
20150828-W-New_Haven-SF-Lesia_Tsurenko-Lucie_Safarova,Lucie Safarova,0.2641509433962264,0.18867924528301888,0.5471698113207547
20150827-W-Seoul-F-Aliaksandra_Sasnovich-Irina_Camelia_Begu,Aliaksandra Sasnovich,0.20588235294117646,0.23529411764705882,0.5588235294117647
20150827-W-Seoul-F-Aliaksandra_Sasnovich-Irina_Camelia_Begu,Irina Camelia Begu,0.22727272727272727,0.29545454545454547,0.4772727272727273
20150826-W-New_Haven-R16-Petra_Kvitova-Madison_Keys,Petra Kvitova,0.27419354838709675,0.24193548387096775,0.4838709677419355
20150826-W-New_Haven-R16-Petra_Kvitova-Madison_Keys,Madison Keys,0.21428571428571427,0.19642857142857142,0.5892857142857143
20150824-W-New_Haven-R32-Lucie_Safarova-Daria_Saville,Lucie Safarova,0.3111111111111111,0.2222222222222222,0.4666666666666667
20150824-W-New_Haven-R32-Lucie_Safarova-Daria_Saville,Daria Saville,0.2127659574468085,0.0851063829787234,0.7021276595744681
20150824-W-New_Haven-R32-Eugenie_Bouchard-Roberta_Vinci,Eugenie Bouchard,0.23809523809523808,0.16666666666666666,0.5952380952380952
20150824-W-New_Haven-R32-Eugenie_Bouchard-Roberta_Vinci,Roberta Vinci,0.625,0.0625,0.3125
20150822-W-Cincinnati-SF-Serena_Williams-Elina_Svitolina,Serena Williams,0.359375,0.203125,0.4375
20150822-W-Cincinnati-SF-Serena_Williams-Elina_Svitolina,Elina Svitolina,0.41935483870967744,0.03225806451612903,0.5483870967741935
20150821-W-Cincinnati-QF-Lucie_Safarova-Elina_Svitolina,Lucie Safarova,0.32142857142857145,0.14285714285714285,0.5357142857142857
20150821-W-Cincinnati-QF-Lucie_Safarova-Elina_Svitolina,Elina Svitolina,0.3783783783783784,0.2702702702702703,0.35135135135135137
20150821-W-Cincinnati-QF-Ana_Ivanovic-Serena_Williams,Ana Ivanovic,0.3137254901960784,0.27450980392156865,0.4117647058823529
20150821-W-Cincinnati-QF-Ana_Ivanovic-Serena_Williams,Serena Williams,0.40350877192982454,0.14035087719298245,0.45614035087719296
20150820-W-Cincinnati-R16-Elina_Svitolina-Caroline_Garcia,Elina Svitolina,0.32,0.28,0.4
20150820-W-Cincinnati-R16-Elina_Svitolina-Caroline_Garcia,Caroline Garcia,0.20408163265306123,0.12244897959183673,0.673469387755102
20150818-W-Cincinnati-R32-Anna_Karolina_Schmiedlova-Agnieszka_Radwanska,Anna Karolina Schmiedlova,0.49333333333333335,0.14666666666666667,0.36
20150818-W-Cincinnati-R32-Anna_Karolina_Schmiedlova-Agnieszka_Radwanska,Agnieszka Radwanska,0.2,0.25333333333333335,0.5466666666666666
20150813-W-Toronto-R16-Serena_Williams-Andrea_Petkovic,Serena Williams,0.5,0.16666666666666666,0.3333333333333333
20150813-W-Toronto-R16-Serena_Williams-Andrea_Petkovic,Andrea Petkovic,0.09523809523809523,0.42857142857142855,0.47619047619047616
20150813-W-Toronto-R16-Daria_Saville-Roberta_Vinci,Daria Saville,0.32075471698113206,0.11320754716981132,0.5660377358490566
20150813-W-Toronto-R16-Daria_Saville-Roberta_Vinci,Roberta Vinci,0.2972972972972973,0.16216216216216217,0.5405405405405406
20150812-W-Toronto-R32-Petra_Kvitova-Victoria_Azarenka,Petra Kvitova,0.25,0.125,0.625
20150812-W-Toronto-R32-Petra_Kvitova-Victoria_Azarenka,Victoria Azarenka,0.29411764705882354,0.17647058823529413,0.5294117647058824
20150811-W-Toronto-R64-Eugenie_Bouchard-Belinda_Bencic,Eugenie Bouchard,0.3614457831325301,0.07228915662650602,0.5662650602409639
20150811-W-Toronto-R64-Eugenie_Bouchard-Belinda_Bencic,Belinda Bencic,0.2962962962962963,0.2962962962962963,0.4074074074074074
20150811-W-Toronto-R64-Dominika_Cibulkova-Sloane_Stephens,Dominika Cibulkova,0.2549019607843137,0.23529411764705882,0.5098039215686274
20150811-W-Toronto-R64-Dominika_Cibulkova-Sloane_Stephens,Sloane Stephens,0.22077922077922077,0.11688311688311688,0.6623376623376623
20150808-W-Stanford-SF-Angelique_Kerber-Elina_Svitolina,Angelique Kerber,0.3617021276595745,0.2553191489361702,0.3829787234042553
20150808-W-Stanford-SF-Angelique_Kerber-Elina_Svitolina,Elina Svitolina,0.30303030303030304,0.06060606060606061,0.6363636363636364
20150807-W-Stanford-QF-Agnieszka_Radwanska-Angelique_Kerber,Agnieszka Radwanska,0.4,0.2,0.4
20150807-W-Stanford-QF-Agnieszka_Radwanska-Angelique_Kerber,Angelique Kerber,0.3763440860215054,0.23655913978494625,0.3870967741935484
20150807-W-Cincinnati-R64-Alison_Riske_Amritraj-Elina_Svitolina,Alison Riske Amritraj,0.23863636363636365,0.125,0.6363636363636364
20150807-W-Cincinnati-R64-Alison_Riske_Amritraj-Elina_Svitolina,Elina Svitolina,0.2545454545454545,0.16363636363636364,0.5818181818181818
20150805-W-Stanford-R32-Kateryna_Bondarenko-Elina_Svitolina,Kateryna Bondarenko,0.3392857142857143,0.11607142857142858,0.5446428571428571
20150805-W-Stanford-R32-Kateryna_Bondarenko-Elina_Svitolina,Elina Svitolina,0.2727272727272727,0.16883116883116883,0.5584415584415584
20150803-W-Stanford-R32-Madison_Keys-Aleksandra_Krunic,Madison Keys,0.4222222222222222,0.17777777777777778,0.4
20150803-W-Stanford-R32-Madison_Keys-Aleksandra_Krunic,Aleksandra Krunic,0.23529411764705882,0.11764705882352941,0.6470588235294118
20150802-W-Baku-F-Margarita_Gasparyan-Patricia_Maria_Tig,Margarita Gasparyan,0.32786885245901637,0.22950819672131148,0.4426229508196721
20150802-W-Baku-F-Margarita_Gasparyan-Patricia_Maria_Tig,Patricia Maria Tig,0.2727272727272727,0.22077922077922077,0.5064935064935064
20150730-W-Baku-R16-Karin_Knapp-Anett_Kontaveit,Karin Knapp,0.30434782608695654,0.391304347826087,0.30434782608695654
20150730-W-Baku-R16-Karin_Knapp-Anett_Kontaveit,Anett Kontaveit,0.10526315789473684,0.18421052631578946,0.7105263157894737
20150721-W-ITF_Sacramento-R32-Karina_Kristina_Vyrlan-Catherine_Cartan_Bellis,Karina Kristina Vyrlan,0.1875,0.09375,0.71875
20150721-W-ITF_Sacramento-R32-Karina_Kristina_Vyrlan-Catherine_Cartan_Bellis,Catherine Cartan Bellis,0.3404255319148936,0.14893617021276595,0.5106382978723404
20150719-W-Bastad-F-Mona_Barthel-Johanna_Larsson,Mona Barthel,0.30337078651685395,0.19101123595505617,0.5056179775280899
20150719-W-Bastad-F-Mona_Barthel-Johanna_Larsson,Johanna Larsson,0.2549019607843137,0.3333333333333333,0.4117647058823529
20150715-W-Bastad-R32-Ysaline_Bonaventure-Serena_Williams,Ysaline Bonaventure,0.23333333333333334,0.2,0.5666666666666667
20150715-W-Bastad-R32-Ysaline_Bonaventure-Serena_Williams,Serena Williams,0.32142857142857145,0.32142857142857145,0.35714285714285715
20150711-W-Wimbledon-F-Serena_Williams-Garbine_Muguruza,Serena Williams,0.38095238095238093,0.38095238095238093,0.23809523809523808
20150711-W-Wimbledon-F-Serena_Williams-Garbine_Muguruza,Garbine Muguruza,0.15789473684210525,0.5,0.34210526315789475
20150709-W-Wimbledon-SF-Maria_Sharapova-Serena_Williams,Maria Sharapova,0.2692307692307692,0.23076923076923078,0.5
20150709-W-Wimbledon-SF-Maria_Sharapova-Serena_Williams,Serena Williams,0.29545454545454547,0.22727272727272727,0.4772727272727273
20150709-W-Wimbledon-SF-Agnieszka_Radwanska-Garbine_Muguruza,Agnieszka Radwanska,0.3333333333333333,0.2222222222222222,0.4444444444444444
20150709-W-Wimbledon-SF-Agnieszka_Radwanska-Garbine_Muguruza,Garbine Muguruza,0.36666666666666664,0.18888888888888888,0.4444444444444444
20150707-W-Wimbledon-QF-Victoria_Azarenka-Serena_Williams,Victoria Azarenka,0.30952380952380953,0.2857142857142857,0.40476190476190477
20150707-W-Wimbledon-QF-Victoria_Azarenka-Serena_Williams,Serena Williams,0.34782608695652173,0.2318840579710145,0.42028985507246375
20150707-W-Wimbledon-QF-Maria_Sharapova-Coco_Vandeweghe,Maria Sharapova,0.2830188679245283,0.2641509433962264,0.4528301886792453
20150707-W-Wimbledon-QF-Maria_Sharapova-Coco_Vandeweghe,Coco Vandeweghe,0.3218390804597701,0.20689655172413793,0.47126436781609193
20150707-W-Wimbledon-QF-Garbine_Muguruza-Timea_Bacsinszky,Garbine Muguruza,0.37209302325581395,0.18604651162790697,0.4418604651162791
20150707-W-Wimbledon-QF-Garbine_Muguruza-Timea_Bacsinszky,Timea Bacsinszky,0.3333333333333333,0.14814814814814814,0.5185185185185185
20150707-W-Wimbledon-QF-Agnieszka_Radwanska-Madison_Keys,Agnieszka Radwanska,0.2926829268292683,0.2926829268292683,0.4146341463414634
20150707-W-Wimbledon-QF-Agnieszka_Radwanska-Madison_Keys,Madison Keys,0.3333333333333333,0.18518518518518517,0.48148148148148145
20150706-W-Wimbledon-R16-Venus_Williams-Serena_Williams,Venus Williams,0.4117647058823529,0.17647058823529413,0.4117647058823529
20150706-W-Wimbledon-R16-Venus_Williams-Serena_Williams,Serena Williams,0.5531914893617021,0.1276595744680851,0.3191489361702128
20150706-W-Wimbledon-R16-Maria_Sharapova-Zarina_Diyas,Maria Sharapova,0.3333333333333333,0.40350877192982454,0.2631578947368421
20150706-W-Wimbledon-R16-Maria_Sharapova-Zarina_Diyas,Zarina Diyas,0.28205128205128205,0.3333333333333333,0.38461538461538464
20150706-W-Wimbledon-R16-Coco_Vandeweghe-Lucie_Safarova,Coco Vandeweghe,0.3191489361702128,0.2765957446808511,0.40425531914893614
20150706-W-Wimbledon-R16-Coco_Vandeweghe-Lucie_Safarova,Lucie Safarova,0.4098360655737705,0.14754098360655737,0.4426229508196721
20150706-W-Wimbledon-R16-Caroline_Wozniacki-Garbine_Muguruza,Caroline Wozniacki,0.24324324324324326,0.16216216216216217,0.5945945945945946
20150706-W-Wimbledon-R16-Caroline_Wozniacki-Garbine_Muguruza,Garbine Muguruza,0.33783783783783783,0.14864864864864866,0.5135135135135135
20150704-W-Wimbledon-R32-Timea_Bacsinszky-Sabine_Lisicki,Timea Bacsinszky,0.36363636363636365,0.24242424242424243,0.3939393939393939
20150704-W-Wimbledon-R32-Timea_Bacsinszky-Sabine_Lisicki,Sabine Lisicki,0.22,0.18,0.6
20150704-W-Wimbledon-R32-Camila_Giorgi-Caroline_Wozniacki,Camila Giorgi,0.35294117647058826,0.17647058823529413,0.47058823529411764
20150704-W-Wimbledon-R32-Camila_Giorgi-Caroline_Wozniacki,Caroline Wozniacki,0.25,0.5,0.25
20150703-W-Wimbledon-R32-Maria_Sharapova-Irina_Camelia_Begu,Maria Sharapova,0.3103448275862069,0.2413793103448276,0.4482758620689655
20150703-W-Wimbledon-R32-Maria_Sharapova-Irina_Camelia_Begu,Irina Camelia Begu,0.24390243902439024,0.17073170731707318,0.5853658536585366
20150702-W-Wimbledon-R64-Anastasia_Pavlyuchenkova-Angelique_Kerber,Anastasia Pavlyuchenkova,0.44,0.14,0.42
20150702-W-Wimbledon-R64-Anastasia_Pavlyuchenkova-Angelique_Kerber,Angelique Kerber,0.5365853658536586,0.17073170731707318,0.2926829268292683
20150701-W-Wimbledon-R64-Su_Wei_Hsieh-Lucie_Safarova,Su Wei Hsieh,0.3333333333333333,0.21212121212121213,0.45454545454545453
20150701-W-Wimbledon-R64-Su_Wei_Hsieh-Lucie_Safarova,Lucie Safarova,0.40425531914893614,0.3617021276595745,0.23404255319148937
20150701-W-Wimbledon-R64-Kristina_Mladenovic-Jelena_Ostapenko,Kristina Mladenovic,0.28125,0.125,0.59375
20150701-W-Wimbledon-R64-Kristina_Mladenovic-Jelena_Ostapenko,Jelena Ostapenko,0.375,0.14285714285714285,0.48214285714285715
20150701-W-Wimbledon-R64-Coco_Vandeweghe-Karolina_Pliskova,Coco Vandeweghe,0.38636363636363635,0.11363636363636363,0.5
20150701-W-Wimbledon-R64-Coco_Vandeweghe-Karolina_Pliskova,Karolina Pliskova,0.2653061224489796,0.12244897959183673,0.6122448979591837
20150630-W-Wimbledon-R128-Sachia_Vickery-Kate_Makarova,Sachia Vickery,0.21951219512195122,0.14634146341463414,0.6341463414634146
20150630-W-Wimbledon-R128-Sachia_Vickery-Kate_Makarova,Kate Makarova,0.24324324324324326,0.24324324324324326,0.5135135135135135
20150630-W-Wimbledon-R128-Petra_Kvitova-Kiki_Bertens,Petra Kvitova,0.34782608695652173,0.5217391304347826,0.13043478260869565
20150630-W-Wimbledon-R128-Petra_Kvitova-Kiki_Bertens,Kiki Bertens,0.15,0.1,0.75
20150630-W-Wimbledon-R128-Elina_Svitolina-Misaki_Doi,Elina Svitolina,0.3541666666666667,0.0625,0.5833333333333334
20150630-W-Wimbledon-R128-Elina_Svitolina-Misaki_Doi,Misaki Doi,0.34523809523809523,0.09523809523809523,0.5595238095238095
20150629-W-Wimbledon-R128-Ana_Ivanovic-Yi_Fan_Xu,Ana Ivanovic,0.44,0.18,0.36
20150629-W-Wimbledon-R128-Ana_Ivanovic-Yi_Fan_Xu,Yi Fan Xu,0.3333333333333333,0.18181818181818182,0.48484848484848486
20150625-W-Eastbourne-QF-Belinda_Bencic-Johanna_Konta,Belinda Bencic,0.46153846153846156,0.25,0.28846153846153844
20150625-W-Eastbourne-QF-Belinda_Bencic-Johanna_Konta,Johanna Konta,0.4,0.13333333333333333,0.4666666666666667
20150624-W-Eastbourne-R16-Caroline_Wozniacki-Svetlana_Kuznetsova,Caroline Wozniacki,0.36486486486486486,0.28378378378378377,0.33783783783783783
20150624-W-Eastbourne-R16-Caroline_Wozniacki-Svetlana_Kuznetsova,Svetlana Kuznetsova,0.4375,0.1375,0.425
20150623-W-Eastbourne-R32-Madison_Keys-Belinda_Bencic,Madison Keys,0.2702702702702703,0.08108108108108109,0.6486486486486487
20150623-W-Eastbourne-R32-Madison_Keys-Belinda_Bencic,Belinda Bencic,0.2608695652173913,0.30434782608695654,0.43478260869565216
20150622-W-Eastbourne-R64-Irina_Camelia_Begu-Barbora_Strycova,Irina Camelia Begu,0.2608695652173913,0.08695652173913043,0.6521739130434783
20150622-W-Eastbourne-R64-Irina_Camelia_Begu-Barbora_Strycova,Barbora Strycova,0.25806451612903225,0.12903225806451613,0.6129032258064516
20150621-W-Birmingham-F-Karolina_Pliskova-Angelique_Kerber,Karolina Pliskova,0.36633663366336633,0.21782178217821782,0.4158415841584158
20150621-W-Birmingham-F-Karolina_Pliskova-Angelique_Kerber,Angelique Kerber,0.36923076923076925,0.4,0.23076923076923078
20150620-W-Birmingham-SF-Kristina_Mladenovic-Karolina_Pliskova,Kristina Mladenovic,0.23404255319148937,0.23404255319148937,0.5319148936170213
20150620-W-Birmingham-SF-Kristina_Mladenovic-Karolina_Pliskova,Karolina Pliskova,0.40540540540540543,0.13513513513513514,0.4594594594594595
20150619-W-Birmingham-QF-Katerina_Siniakova-Angelique_Kerber,Katerina Siniakova,0.4411764705882353,0.08823529411764706,0.47058823529411764
20150619-W-Birmingham-QF-Katerina_Siniakova-Angelique_Kerber,Angelique Kerber,0.4,0.14545454545454545,0.45454545454545453
20150618-W-Birmingham-R16-Kristina_Mladenovic-Barbora_Strycova,Kristina Mladenovic,0.4909090909090909,0.21818181818181817,0.2909090909090909
20150618-W-Birmingham-R16-Kristina_Mladenovic-Barbora_Strycova,Barbora Strycova,0.3,0.22,0.48
20150617-W-Birmingham-R32-Sabine_Lisicki-Belinda_Bencic,Sabine Lisicki,0.34545454545454546,0.05454545454545454,0.6
20150617-W-Birmingham-R32-Sabine_Lisicki-Belinda_Bencic,Belinda Bencic,0.28,0.16,0.56
20150617-W-Birmingham-R32-Ana_Ivanovic-Michelle_Larcher_De_Brito,Ana Ivanovic,0.2857142857142857,0.1111111111111111,0.6031746031746031
20150617-W-Birmingham-R32-Ana_Ivanovic-Michelle_Larcher_De_Brito,Michelle Larcher De Brito,0.30434782608695654,0.18840579710144928,0.5072463768115942
20150616-W-Birmingham-R64-Aleksandra_Krunic-Heather_Watson,Aleksandra Krunic,0.2222222222222222,0.2037037037037037,0.5740740740740741
20150616-W-Birmingham-R64-Aleksandra_Krunic-Heather_Watson,Heather Watson,0.20754716981132076,0.18867924528301888,0.6037735849056604
20150615-W-Nottingham-F-Monica_Niculescu-Ana_Konjuh,Monica Niculescu,0.13333333333333333,0.35555555555555557,0.5111111111111111
20150615-W-Nottingham-F-Monica_Niculescu-Ana_Konjuh,Ana Konjuh,0.2976190476190476,0.15476190476190477,0.5476190476190477
20150615-W-Birmingham-R64-Magdalena_Rybarikova-Garbine_Muguruza,Magdalena Rybarikova,0.34285714285714286,0.3142857142857143,0.34285714285714286
20150615-W-Birmingham-R64-Magdalena_Rybarikova-Garbine_Muguruza,Garbine Muguruza,0.25,0.225,0.525
20150614-W-s_Hertogenbosch-F-Camila_Giorgi-Belinda_Bencic,Camila Giorgi,0.42,0.12,0.46
20150614-W-s_Hertogenbosch-F-Camila_Giorgi-Belinda_Bencic,Belinda Bencic,0.21875,0.1875,0.59375
20150614-W-Nottingham-SF-Agnieszka_Radwanska-Monica_Niculescu,Agnieszka Radwanska,0.4567901234567901,0.18518518518518517,0.35802469135802467
20150614-W-Nottingham-SF-Agnieszka_Radwanska-Monica_Niculescu,Monica Niculescu,0.36363636363636365,0.36363636363636365,0.2727272727272727
20150611-W-s_Hertogenbosch-R16-Jelena_Jankovic-Andrea_Hlavackova,Jelena Jankovic,0.4411764705882353,0.23529411764705882,0.3235294117647059
20150611-W-s_Hertogenbosch-R16-Jelena_Jankovic-Andrea_Hlavackova,Andrea Hlavackova,0.34210526315789475,0.15789473684210525,0.5
20150611-W-s_Hertogenbosch-R16-Anastasia_Pavlyuchenkova-Kiki_Bertens,Anastasia Pavlyuchenkova,0.16,0.18,0.66
20150611-W-s_Hertogenbosch-R16-Anastasia_Pavlyuchenkova-Kiki_Bertens,Kiki Bertens,0.2647058823529412,0.14705882352941177,0.5882352941176471
20150608-W-s_Hertogenbosch-R32-Michaella_Krajicek-Oceane_Dodin,Michaella Krajicek,0.45161290322580644,0.0967741935483871,0.45161290322580644
20150608-W-s_Hertogenbosch-R32-Michaella_Krajicek-Oceane_Dodin,Oceane Dodin,0.4,0.3,0.3
20150606-W-Roland_Garros-F-Serena_Williams-Lucie_Safarova,Serena Williams,0.2638888888888889,0.2777777777777778,0.4583333333333333
20150606-W-Roland_Garros-F-Serena_Williams-Lucie_Safarova,Lucie Safarova,0.2826086956521739,0.17391304347826086,0.5434782608695652
20150604-W-Roland_Garros-SF-Serena_Williams-Timea_Bacsinszky,Serena Williams,0.3194444444444444,0.16666666666666666,0.5138888888888888
20150604-W-Roland_Garros-SF-Serena_Williams-Timea_Bacsinszky,Timea Bacsinszky,0.4074074074074074,0.09259259259259259,0.5
20150604-W-Roland_Garros-SF-Ana_Ivanovic-Lucie_Safarova,Ana Ivanovic,0.3333333333333333,0.10526315789473684,0.5614035087719298
20150604-W-Roland_Garros-SF-Ana_Ivanovic-Lucie_Safarova,Lucie Safarova,0.4262295081967213,0.16393442622950818,0.4098360655737705
20150602-W-Roland_Garros-QF-Serena_Williams-Sara_Errani,Serena Williams,0.5178571428571429,0.19642857142857142,0.2857142857142857
20150602-W-Roland_Garros-QF-Serena_Williams-Sara_Errani,Sara Errani,0.3333333333333333,0.20833333333333334,0.4583333333333333
20150602-W-Roland_Garros-QF-Ana_Ivanovic-Elina_Svitolina,Ana Ivanovic,0.5,0.1323529411764706,0.36764705882352944
20150602-W-Roland_Garros-QF-Ana_Ivanovic-Elina_Svitolina,Elina Svitolina,0.2,0.16666666666666666,0.6333333333333333
20150601-W-Roland_Garros-R16-Serena_Williams-Sloane_Stephens,Serena Williams,0.20930232558139536,0.3953488372093023,0.3953488372093023
20150601-W-Roland_Garros-R16-Serena_Williams-Sloane_Stephens,Sloane Stephens,0.375,0.35714285714285715,0.25
20150601-W-Roland_Garros-R16-Petra_Kvitova-Timea_Bacsinszky,Petra Kvitova,0.22666666666666666,0.10666666666666667,0.6666666666666666
20150601-W-Roland_Garros-R16-Petra_Kvitova-Timea_Bacsinszky,Timea Bacsinszky,0.2857142857142857,0.14285714285714285,0.5714285714285714
20150531-W-Roland_Garros-R16-Garbine_Muguruza-Flavia_Pennetta,Garbine Muguruza,0.4225352112676056,0.2112676056338028,0.36619718309859156
20150531-W-Roland_Garros-R16-Garbine_Muguruza-Flavia_Pennetta,Flavia Pennetta,0.4482758620689655,0.2413793103448276,0.3103448275862069
20150531-W-Roland_Garros-R16-Alize_Cornet-Elina_Svitolina,Alize Cornet,0.32432432432432434,0.10810810810810811,0.5675675675675675
20150531-W-Roland_Garros-R16-Alize_Cornet-Elina_Svitolina,Elina Svitolina,0.3448275862068966,0.15517241379310345,0.5
20150530-W-Roland_Garros-R32-Victoria_Azarenka-Serena_Williams,Victoria Azarenka,0.30357142857142855,0.26785714285714285,0.42857142857142855
20150530-W-Roland_Garros-R32-Victoria_Azarenka-Serena_Williams,Serena Williams,0.45454545454545453,0.18181818181818182,0.36363636363636365
20150530-W-Roland_Garros-R32-Madison_Keys-Timea_Bacsinszky,Madison Keys,0.21428571428571427,0.08928571428571429,0.6964285714285714
20150530-W-Roland_Garros-R32-Madison_Keys-Timea_Bacsinszky,Timea Bacsinszky,0.35,0.175,0.475
20150529-W-Roland_Garros-R32-Garbine_Muguruza-Angelique_Kerber,Garbine Muguruza,0.4342105263157895,0.2631578947368421,0.3026315789473684
20150529-W-Roland_Garros-R32-Garbine_Muguruza-Angelique_Kerber,Angelique Kerber,0.40425531914893614,0.2127659574468085,0.3829787234042553
20150529-W-Roland_Garros-R32-Ana_Ivanovic-Donna_Vekic,Ana Ivanovic,0.5,0.16666666666666666,0.3333333333333333
20150529-W-Roland_Garros-R32-Ana_Ivanovic-Donna_Vekic,Donna Vekic,0.18181818181818182,0.2727272727272727,0.5454545454545454
20150528-W-Roland_Garros-R64-Svetlana_Kuznetsova-Francesca_Schiavone,Svetlana Kuznetsova,0.3951612903225806,0.2661290322580645,0.3387096774193548
20150528-W-Roland_Garros-R64-Svetlana_Kuznetsova-Francesca_Schiavone,Francesca Schiavone,0.28776978417266186,0.4028776978417266,0.30935251798561153
20150528-W-Roland_Garros-R64-Caroline_Wozniacki-Julia_Goerges,Caroline Wozniacki,0.3409090909090909,0.20454545454545456,0.45454545454545453
20150528-W-Roland_Garros-R64-Caroline_Wozniacki-Julia_Goerges,Julia Goerges,0.41975308641975306,0.14814814814814814,0.43209876543209874
20150527-W-Roland_Garros-R64-Vitalia_Diatchenko-Maria_Sharapova,Vitalia Diatchenko,0.28846153846153844,0.21153846153846154,0.5
20150527-W-Roland_Garros-R64-Vitalia_Diatchenko-Maria_Sharapova,Maria Sharapova,0.5588235294117647,0.29411764705882354,0.14705882352941177
20150527-W-Roland_Garros-R64-Elina_Svitolina-Yulia_Putintseva,Elina Svitolina,0.38317757009345793,0.12149532710280374,0.4953271028037383
20150527-W-Roland_Garros-R64-Elina_Svitolina-Yulia_Putintseva,Yulia Putintseva,0.4065934065934066,0.18681318681318682,0.4065934065934066
20150527-W-Roland_Garros-R64-Camila_Giorgi-Garbine_Muguruza,Camila Giorgi,0.24444444444444444,0.17777777777777778,0.5777777777777777
20150527-W-Roland_Garros-R64-Camila_Giorgi-Garbine_Muguruza,Garbine Muguruza,0.20588235294117646,0.38235294117647056,0.4117647058823529
20150526-W-Roland_Garros-R128-Serena_Williams-Andrea_Hlavackova,Serena Williams,0.48717948717948717,0.28205128205128205,0.23076923076923078
20150526-W-Roland_Garros-R128-Serena_Williams-Andrea_Hlavackova,Andrea Hlavackova,0.37037037037037035,0.1111111111111111,0.5185185185185185
20150525-W-Roland_Garros-R128-Petra_Martic-Garbine_Muguruza,Petra Martic,0.3,0.175,0.525
20150525-W-Roland_Garros-R128-Petra_Martic-Garbine_Muguruza,Garbine Muguruza,0.5333333333333333,0.2,0.26666666666666666
20150517-W-Rome-F-Maria_Sharapova-Carla_Suarez_Navarro,Maria Sharapova,0.336734693877551,0.15306122448979592,0.5102040816326531
20150517-W-Rome-F-Maria_Sharapova-Carla_Suarez_Navarro,Carla Suarez Navarro,0.15625,0.21875,0.625
20150516-W-Rome-SF-Maria_Sharapova-Daria_Saville,Maria Sharapova,0.39344262295081966,0.21311475409836064,0.39344262295081966
20150516-W-Rome-SF-Maria_Sharapova-Daria_Saville,Daria Saville,0.2631578947368421,0.2894736842105263,0.4473684210526316
20150515-W-Rome-QF-Maria_Sharapova-Victoria_Azarenka,Maria Sharapova,0.40476190476190477,0.38095238095238093,0.21428571428571427
20150515-W-Rome-QF-Maria_Sharapova-Victoria_Azarenka,Victoria Azarenka,0.30303030303030304,0.3333333333333333,0.36363636363636365
20150513-W-Rome_Masters-R32-Ana_Ivanovic-Daria_Saville,Ana Ivanovic,0.4112903225806452,0.1774193548387097,0.4112903225806452
20150513-W-Rome_Masters-R32-Ana_Ivanovic-Daria_Saville,Daria Saville,0.3764705882352941,0.23529411764705882,0.38823529411764707
20150512-W-Rome-R64-Flavia_Pennetta-Elina_Svitolina,Flavia Pennetta,0.2727272727272727,0.1590909090909091,0.5681818181818182
20150512-W-Rome-R64-Flavia_Pennetta-Elina_Svitolina,Elina Svitolina,0.39215686274509803,0.11764705882352941,0.49019607843137253
20150509-W-ITF_Indian_Harbour_Beach-SF-Louisa_Chirico-Maria_Sanchez,Louisa Chirico,0.32142857142857145,0.16071428571428573,0.5178571428571429
20150509-W-ITF_Indian_Harbour_Beach-SF-Louisa_Chirico-Maria_Sanchez,Maria Sanchez,0.3484848484848485,0.12121212121212122,0.5303030303030303
20150508-W-Madrid-SF-Serena_Williams-Petra_Kvitova,Serena Williams,0.24489795918367346,0.12244897959183673,0.6326530612244898
20150508-W-Madrid-SF-Serena_Williams-Petra_Kvitova,Petra Kvitova,0.4444444444444444,0.1388888888888889,0.4166666666666667
20150506-W-Madrid-R16-Serena_Williams-Victoria_Azarenka,Serena Williams,0.3617021276595745,0.1702127659574468,0.46808510638297873
20150506-W-Madrid-R16-Serena_Williams-Victoria_Azarenka,Victoria Azarenka,0.16071428571428573,0.4107142857142857,0.42857142857142855
20150505-W-Madrid-R32-Petra_Kvitova-Coco_Vandeweghe,Petra Kvitova,0.21739130434782608,0.15217391304347827,0.6304347826086957
20150505-W-Madrid-R32-Petra_Kvitova-Coco_Vandeweghe,Coco Vandeweghe,0.3225806451612903,0.0967741935483871,0.5806451612903226
20150503-W-Madrid-R64-Maria_Sharapova-Timea_Bacsinszky,Maria Sharapova,0.5217391304347826,0.17391304347826086,0.30434782608695654
20150503-W-Madrid-R64-Maria_Sharapova-Timea_Bacsinszky,Timea Bacsinszky,0.3235294117647059,0.2647058823529412,0.4117647058823529
20150503-W-ITF_Wiesbaden-F-Tereza_Martincova-Anastasija_Sevastova,Tereza Martincova,0.2,0.03333333333333333,0.7666666666666667
20150503-W-ITF_Wiesbaden-F-Tereza_Martincova-Anastasija_Sevastova,Anastasija Sevastova,0.4318181818181818,0.09090909090909091,0.4772727272727273
20150502-W-Prague-F-Karolina_Pliskova-Lucie_Hradecka,Karolina Pliskova,0.3111111111111111,0.2,0.4888888888888889
20150502-W-Prague-F-Karolina_Pliskova-Lucie_Hradecka,Lucie Hradecka,0.36231884057971014,0.13043478260869565,0.5072463768115942
20150502-W-ITF_Charlottesville-SF-Elizaveta_Ianchuk-Allie_Kiick,Elizaveta Ianchuk,0.35294117647058826,0.0392156862745098,0.6078431372549019
20150502-W-ITF_Charlottesville-SF-Elizaveta_Ianchuk-Allie_Kiick,Allie Kiick,0.17857142857142858,0.14285714285714285,0.6785714285714286
20150428-W-Marrakech-R32-Daria_Kasatkina-Garbine_Muguruza,Daria Kasatkina,0.07142857142857142,0.25,0.6785714285714286
20150428-W-Marrakech-R32-Daria_Kasatkina-Garbine_Muguruza,Garbine Muguruza,0.41818181818181815,0.12727272727272726,0.45454545454545453
20150427-W-Prague-R32-Katerina_Siniakova-Irina_Camelia_Begu,Katerina Siniakova,0.4375,0.15625,0.40625
20150427-W-Prague-R32-Katerina_Siniakova-Irina_Camelia_Begu,Irina Camelia Begu,0.21951219512195122,0.21951219512195122,0.5609756097560976
20150427-W-Prague-Q3-Danka_Kovinic-Marketa_Vondrousova,Danka Kovinic,0.22727272727272727,0.20454545454545456,0.5681818181818182
20150427-W-Prague-Q3-Danka_Kovinic-Marketa_Vondrousova,Marketa Vondrousova,0.22807017543859648,0.22807017543859648,0.543859649122807
20150425-W-Stuttgart-SF-Madison_Brengle-Angelique_Kerber,Madison Brengle,0.27906976744186046,0.11627906976744186,0.6046511627906976
20150425-W-Stuttgart-SF-Madison_Brengle-Angelique_Kerber,Angelique Kerber,0.55,0.1,0.35
20150425-W-ITF_Dothan-SF-Paula_Cristina_Goncalves-Katerina_Stewart,Paula Cristina Goncalves,0.19148936170212766,0.1276595744680851,0.6808510638297872
20150425-W-ITF_Dothan-SF-Paula_Cristina_Goncalves-Katerina_Stewart,Katerina Stewart,0.36666666666666664,0.16666666666666666,0.4666666666666667
20150424-W-Stuttgart-QF-Caroline_Wozniacki-Carla_Suarez_Navarro,Caroline Wozniacki,0.34375,0.375,0.28125
20150424-W-Stuttgart-QF-Caroline_Wozniacki-Carla_Suarez_Navarro,Carla Suarez Navarro,0.325,0.075,0.6
20150424-W-ITF_Dothan-QF-Louisa_Chirico-Jessica_Pegula,Louisa Chirico,0.16393442622950818,0.11475409836065574,0.7213114754098361
20150424-W-ITF_Dothan-QF-Louisa_Chirico-Jessica_Pegula,Jessica Pegula,0.28,0.07,0.65
20150423-W-Stuttgart-R16-Carina_Witthoeft-Caroline_Garcia,Carina Witthoeft,0.125,0.25,0.625
20150423-W-Stuttgart-R16-Carina_Witthoeft-Caroline_Garcia,Caroline Garcia,0.36486486486486486,0.13513513513513514,0.5
20150422-W-Stuttgart-R32-Zarina_Diyas-Sabine_Lisicki,Zarina Diyas,0.2962962962962963,0.2962962962962963,0.4074074074074074
20150422-W-Stuttgart-R32-Zarina_Diyas-Sabine_Lisicki,Sabine Lisicki,0.2037037037037037,0.18518518518518517,0.6111111111111112
20150421-W-Stuttgart-R32-Garbine_Muguruza-Barbora_Strycova,Garbine Muguruza,0.38095238095238093,0.16666666666666666,0.4523809523809524
20150421-W-Stuttgart-R32-Garbine_Muguruza-Barbora_Strycova,Barbora Strycova,0.2647058823529412,0.058823529411764705,0.6764705882352942
20150421-W-Stuttgart-R32-Caroline_Garcia-Ana_Ivanovic,Caroline Garcia,0.4807692307692308,0.21153846153846154,0.3076923076923077
20150421-W-Stuttgart-R32-Caroline_Garcia-Ana_Ivanovic,Ana Ivanovic,0.3023255813953488,0.16279069767441862,0.5348837209302325
20150419-W-Fed_Cup_World_Group_PO-RR-Serena_Williams-Sara_Errani,Serena Williams,0.4523809523809524,0.06349206349206349,0.48412698412698413
20150419-W-Fed_Cup_World_Group_PO-RR-Serena_Williams-Sara_Errani,Sara Errani,0.13725490196078433,0.49019607843137253,0.37254901960784315
20150418-W-Fed_Cup_World_Group_SF-RR-Sabine_Lisicki-Anastasia_Pavlyuchenkova,Sabine Lisicki,0.3424657534246575,0.2328767123287671,0.4246575342465753
20150418-W-Fed_Cup_World_Group_SF-RR-Sabine_Lisicki-Anastasia_Pavlyuchenkova,Anastasia Pavlyuchenkova,0.265625,0.359375,0.375
20150418-W-Fed_Cup_World_Group_PO-RR-Camila_Giorgi-Serena_Williams,Camila Giorgi,0.425,0.15,0.425
20150418-W-Fed_Cup_World_Group_PO-RR-Camila_Giorgi-Serena_Williams,Serena Williams,0.40476190476190477,0.16666666666666666,0.42857142857142855
20150412-W-Katowice-F-Anna_Karolina_Schmiedlova-Camila_Giorgi,Anna Karolina Schmiedlova,0.25806451612903225,0.6129032258064516,0.12903225806451613
20150412-W-Katowice-F-Anna_Karolina_Schmiedlova-Camila_Giorgi,Camila Giorgi,0.3287671232876712,0.2602739726027397,0.410958904109589
20150412-W-Charleston-F-Madison_Keys-Angelique_Kerber,Madison Keys,0.31386861313868614,0.08029197080291971,0.6058394160583942
20150412-W-Charleston-F-Madison_Keys-Angelique_Kerber,Angelique Kerber,0.2830188679245283,0.1509433962264151,0.5660377358490566
20150410-W-Katowice-QF-Anna_Karolina_Schmiedlova-Alize_Cornet,Anna Karolina Schmiedlova,0.23076923076923078,0.6153846153846154,0.15384615384615385
20150410-W-Katowice-QF-Anna_Karolina_Schmiedlova-Alize_Cornet,Alize Cornet,0.4583333333333333,0.16666666666666666,0.375
20150409-W-Katowice-R16-Katerina_Siniakova-Anna_Karolina_Schmiedlova,Katerina Siniakova,0.21739130434782608,0.1956521739130435,0.5869565217391305
20150409-W-Katowice-R16-Katerina_Siniakova-Anna_Karolina_Schmiedlova,Anna Karolina Schmiedlova,0.18867924528301888,0.2641509433962264,0.5471698113207547
20150409-W-Charleston-QF-Lauren_Davis-Madison_Keys,Lauren Davis,0.17647058823529413,0.058823529411764705,0.7647058823529411
20150409-W-Charleston-QF-Lauren_Davis-Madison_Keys,Madison Keys,0.43636363636363634,0.14545454545454545,0.41818181818181815
20150408-W-Charleston-R32-Kateryna_Bondarenko-Madison_Keys,Kateryna Bondarenko,0.125,0.20833333333333334,0.6666666666666666
20150408-W-Charleston-R32-Kateryna_Bondarenko-Madison_Keys,Madison Keys,0.4594594594594595,0.24324324324324326,0.2972972972972973
20150408-W-Charleston-R32-Eugenie_Bouchard-Lauren_Davis,Eugenie Bouchard,0.2,0.24,0.56
20150408-W-Charleston-R32-Eugenie_Bouchard-Lauren_Davis,Lauren Davis,0.5862068965517241,0.2413793103448276,0.1724137931034483
20150406-W-Charleston-R64-Silvia_Soler_Espinosa-Shelby_Rogers,Silvia Soler Espinosa,0.25,0.08333333333333333,0.6666666666666666
20150406-W-Charleston-R64-Silvia_Soler_Espinosa-Shelby_Rogers,Shelby Rogers,0.35714285714285715,0.16666666666666666,0.47619047619047616
20150404-W-Miami-F-Serena_Williams-Carla_Suarez_Navarro,Serena Williams,0.5121951219512195,0.04878048780487805,0.43902439024390244
20150404-W-Miami-F-Serena_Williams-Carla_Suarez_Navarro,Carla Suarez Navarro,0.13636363636363635,0.0,0.8636363636363636
20150402-W-Miami-SF-Andrea_Petkovic-Carla_Suarez_Navarro,Andrea Petkovic,0.1875,0.125,0.6875
20150402-W-Miami-SF-Andrea_Petkovic-Carla_Suarez_Navarro,Carla Suarez Navarro,0.2826086956521739,0.15217391304347827,0.5652173913043478
20150401-W-Miami-QF-Serena_Williams-Sabine_Lisicki,Serena Williams,0.24691358024691357,0.2345679012345679,0.5061728395061729
20150401-W-Miami-QF-Serena_Williams-Sabine_Lisicki,Sabine Lisicki,0.2391304347826087,0.32608695652173914,0.43478260869565216
20150330-W-Miami-R16-Agnieszka_Radwanska-Carla_Suarez_Navarro,Agnieszka Radwanska,0.38571428571428573,0.17142857142857143,0.44285714285714284
20150330-W-Miami-R16-Agnieszka_Radwanska-Carla_Suarez_Navarro,Carla Suarez Navarro,0.5526315789473685,0.13157894736842105,0.3157894736842105
20150328-W-Miami-R32-Paula_Badosa-Karolina_Pliskova,Paula Badosa,0.2692307692307692,0.07692307692307693,0.6538461538461539
20150328-W-Miami-R32-Paula_Badosa-Karolina_Pliskova,Karolina Pliskova,0.574468085106383,0.14893617021276595,0.2765957446808511
20150327-W-Miami-R64-Jelena_Jankovic-Victoria_Azarenka,Jelena Jankovic,0.19148936170212766,0.3191489361702128,0.48936170212765956
20150327-W-Miami-R64-Jelena_Jankovic-Victoria_Azarenka,Victoria Azarenka,0.5,0.22916666666666666,0.2708333333333333
20150325-W-Miami-R128-Daniela_Hantuchova-Belinda_Bencic,Daniela Hantuchova,0.43023255813953487,0.06976744186046512,0.5
20150325-W-Miami-R128-Daniela_Hantuchova-Belinda_Bencic,Belinda Bencic,0.5128205128205128,0.07692307692307693,0.41025641025641024
20150320-W-Indian_Wells-SF-Sabine_Lisicki-Jelena_Jankovic,Sabine Lisicki,0.3488372093023256,0.03488372093023256,0.6162790697674418
20150320-W-Indian_Wells-SF-Sabine_Lisicki-Jelena_Jankovic,Jelena Jankovic,0.34,0.2,0.46
20150317-W-Indian_Wells-R16-Timea_Bacsinszky-Elina_Svitolina,Timea Bacsinszky,0.35064935064935066,0.1038961038961039,0.5454545454545454
20150317-W-Indian_Wells-R16-Timea_Bacsinszky-Elina_Svitolina,Elina Svitolina,0.24,0.05333333333333334,0.7066666666666667
20150316-W-Indian_Wells-R32-Eugenie_Bouchard-Coco_Vandeweghe,Eugenie Bouchard,0.3235294117647059,0.14705882352941177,0.5294117647058824
20150316-W-Indian_Wells-R32-Eugenie_Bouchard-Coco_Vandeweghe,Coco Vandeweghe,0.25,0.05555555555555555,0.6944444444444444
20150316-W-Indian_Wells-R32-Caroline_Wozniacki-Belinda_Bencic,Caroline Wozniacki,0.2641509433962264,0.09433962264150944,0.6415094339622641
20150316-W-Indian_Wells-R32-Caroline_Wozniacki-Belinda_Bencic,Belinda Bencic,0.3469387755102041,0.061224489795918366,0.5918367346938775
20150315-W-Indian_Wells-R32-Agnieszka_Radwanska-Heather_Watson,Agnieszka Radwanska,0.28888888888888886,0.24444444444444444,0.4666666666666667
20150315-W-Indian_Wells-R32-Agnieszka_Radwanska-Heather_Watson,Heather Watson,0.3488372093023256,0.23255813953488372,0.4186046511627907
20150314-W-Indian_Wells-R64-Madison_Brengle-Flavia_Pennetta,Madison Brengle,0.3137254901960784,0.11764705882352941,0.5686274509803921
20150314-W-Indian_Wells-R64-Madison_Brengle-Flavia_Pennetta,Flavia Pennetta,0.4444444444444444,0.12962962962962962,0.42592592592592593
20150314-W-Indian_Wells-R64-Kirsten_Flipkens-Victoria_Azarenka,Kirsten Flipkens,0.3170731707317073,0.12195121951219512,0.5609756097560976
20150314-W-Indian_Wells-R64-Kirsten_Flipkens-Victoria_Azarenka,Victoria Azarenka,0.4583333333333333,0.22916666666666666,0.3125
20150314-W-Indian_Wells-R64-Ana_Ivanovic-Yulia_Putintseva,Ana Ivanovic,0.4772727272727273,0.13636363636363635,0.38636363636363635
20150314-W-Indian_Wells-R64-Ana_Ivanovic-Yulia_Putintseva,Yulia Putintseva,0.3023255813953488,0.13953488372093023,0.5581395348837209
20150313-W-Indian_Wells-R64-Agnieszka_Radwanska-Alison_Riske_Amritraj,Agnieszka Radwanska,0.375,0.125,0.5
20150313-W-Indian_Wells-R64-Agnieszka_Radwanska-Alison_Riske_Amritraj,Alison Riske Amritraj,0.19607843137254902,0.17647058823529413,0.6274509803921569
20150311-W-Indian_Wells-R128-Sloane_Stephens-Chanelle_Scheepers,Sloane Stephens,0.18333333333333332,0.16666666666666666,0.65
20150311-W-Indian_Wells-R128-Sloane_Stephens-Chanelle_Scheepers,Chanelle Scheepers,0.14545454545454545,0.2545454545454545,0.6
20150311-W-Indian_Wells-R128-Monica_Puig-Nicole_Gibbs,Monica Puig,0.16666666666666666,0.1388888888888889,0.6944444444444444
20150311-W-Indian_Wells-R128-Monica_Puig-Nicole_Gibbs,Nicole Gibbs,0.18,0.16,0.66
20150307-W-Monterrey-SF-Caroline_Garcia-Ana_Ivanovic,Caroline Garcia,0.47058823529411764,0.20588235294117646,0.3235294117647059
20150307-W-Monterrey-SF-Caroline_Garcia-Ana_Ivanovic,Ana Ivanovic,0.3225806451612903,0.22580645161290322,0.45161290322580644
20150228-W-Doha-F-Victoria_Azarenka-Lucie_Safarova,Victoria Azarenka,0.34782608695652173,0.2826086956521739,0.3695652173913043
20150228-W-Doha-F-Victoria_Azarenka-Lucie_Safarova,Lucie Safarova,0.5277777777777778,0.19444444444444445,0.2777777777777778
20150227-W-Doha-SF-Lucie_Safarova-Carla_Suarez_Navarro,Lucie Safarova,0.4117647058823529,0.1568627450980392,0.43137254901960786
20150227-W-Doha-SF-Lucie_Safarova-Carla_Suarez_Navarro,Carla Suarez Navarro,0.23684210526315788,0.05263157894736842,0.7105263157894737
20150225-W-Doha-R16-Kate_Makarova-Lucie_Safarova,Kate Makarova,0.20238095238095238,0.32142857142857145,0.47619047619047616
20150225-W-Doha-R16-Kate_Makarova-Lucie_Safarova,Lucie Safarova,0.4142857142857143,0.21428571428571427,0.37142857142857144
20150223-W-Doha-R32-Victoria_Azarenka-Angelique_Kerber,Victoria Azarenka,0.5,0.1,0.4
20150223-W-Doha-R32-Victoria_Azarenka-Angelique_Kerber,Angelique Kerber,0.3142857142857143,0.11428571428571428,0.5714285714285714
20150223-W-Doha-R32-Flavia_Pennetta-Svetlana_Kuznetsova,Flavia Pennetta,0.352112676056338,0.2535211267605634,0.39436619718309857
20150223-W-Doha-R32-Flavia_Pennetta-Svetlana_Kuznetsova,Svetlana Kuznetsova,0.39705882352941174,0.19117647058823528,0.4117647058823529
20150220-W-ITF_Altenkirchen-QF-Ana_Vrljic-Oceane_Dodin,Ana Vrljic,0.32558139534883723,0.16279069767441862,0.5116279069767442
20150220-W-ITF_Altenkirchen-QF-Ana_Vrljic-Oceane_Dodin,Oceane Dodin,0.42,0.22,0.36
20150220-W-Dubai-SF-Garbine_Muguruza-Karolina_Pliskova,Garbine Muguruza,0.3300970873786408,0.05825242718446602,0.6116504854368932
20150220-W-Dubai-SF-Garbine_Muguruza-Karolina_Pliskova,Karolina Pliskova,0.32926829268292684,0.07317073170731707,0.5975609756097561
20150219-W-Dubai-R16-Agnieszka_Radwanska-Garbine_Muguruza,Agnieszka Radwanska,0.3448275862068966,0.1724137931034483,0.4827586206896552
20150219-W-Dubai-R16-Agnieszka_Radwanska-Garbine_Muguruza,Garbine Muguruza,0.4444444444444444,0.28888888888888886,0.26666666666666666
20150219-W-Dubai-QF-Lucie_Safarova-Karolina_Pliskova,Lucie Safarova,0.265625,0.21875,0.515625
20150219-W-Dubai-QF-Lucie_Safarova-Karolina_Pliskova,Karolina Pliskova,0.3333333333333333,0.09333333333333334,0.5733333333333334
20150217-W-Dubai-R32-Sabine_Lisicki-Monica_Niculescu,Sabine Lisicki,0.43661971830985913,0.1267605633802817,0.43661971830985913
20150217-W-Dubai-R32-Sabine_Lisicki-Monica_Niculescu,Monica Niculescu,0.20588235294117646,0.3235294117647059,0.47058823529411764
20150217-W-Dubai-R32-Elina_Svitolina-Petra_Kvitova,Elina Svitolina,0.25,0.15,0.6
20150217-W-Dubai-R32-Elina_Svitolina-Petra_Kvitova,Petra Kvitova,0.345679012345679,0.14814814814814814,0.5061728395061729
20150216-W-Dubai-R64-Jarmila_Gajdosova-Garbine_Muguruza,Jarmila Gajdosova,0.24528301886792453,0.18867924528301888,0.5660377358490566
20150216-W-Dubai-R64-Jarmila_Gajdosova-Garbine_Muguruza,Garbine Muguruza,0.6551724137931034,0.06896551724137931,0.27586206896551724
20150216-W-Dubai-R64-Anastasia_Pavlyuchenkova-Karolina_Pliskova,Anastasia Pavlyuchenkova,0.23255813953488372,0.18604651162790697,0.5813953488372093
20150216-W-Dubai-R64-Anastasia_Pavlyuchenkova-Karolina_Pliskova,Karolina Pliskova,0.37142857142857144,0.2571428571428571,0.37142857142857144
20150216-W-Dubai-R32-Caroline_Wozniacki-Samantha_Stosur,Caroline Wozniacki,0.2839506172839506,0.19753086419753085,0.5185185185185185
20150216-W-Dubai-R32-Caroline_Wozniacki-Samantha_Stosur,Samantha Stosur,0.3333333333333333,0.07142857142857142,0.5833333333333334
20150213-W-Antwerp-QF-Mona_Barthel-Barbora_Strycova,Mona Barthel,0.2222222222222222,0.2222222222222222,0.5555555555555556
20150213-W-Antwerp-QF-Mona_Barthel-Barbora_Strycova,Barbora Strycova,0.42857142857142855,0.11904761904761904,0.4523809523809524
20150212-W-Antwerp-R16-Kristina_Mladenovic-Lucie_Safarova,Kristina Mladenovic,0.2857142857142857,0.14285714285714285,0.5714285714285714
20150212-W-Antwerp-R16-Kristina_Mladenovic-Lucie_Safarova,Lucie Safarova,0.5135135135135135,0.16216216216216217,0.32432432432432434
20150210-W-Antwerp-R32-Alize_Cornet-Belinda_Bencic,Alize Cornet,0.3333333333333333,0.11594202898550725,0.5507246376811594
20150210-W-Antwerp-R32-Alize_Cornet-Belinda_Bencic,Belinda Bencic,0.21666666666666667,0.16666666666666666,0.6166666666666667
20150208-W-ITF_Midland-F-Tatjana_Maria-Louisa_Chirico,Tatjana Maria,0.47368421052631576,0.2631578947368421,0.2631578947368421
20150208-W-ITF_Midland-F-Tatjana_Maria-Louisa_Chirico,Louisa Chirico,0.32653061224489793,0.12244897959183673,0.5510204081632653
20150207-W-ITF_Midland-SF-Louisa_Chirico-Katerina_Vankova,Louisa Chirico,0.3870967741935484,0.25806451612903225,0.3548387096774194
20150207-W-ITF_Midland-SF-Louisa_Chirico-Katerina_Vankova,Katerina Vankova,0.21052631578947367,0.10526315789473684,0.6842105263157895
20150207-W-Fed_Cup_World_Group_R1-RR-Agnieszka_Radwanska-Svetlana_Kuznetsova,Agnieszka Radwanska,0.3384615384615385,0.24615384615384617,0.4153846153846154
20150207-W-Fed_Cup_World_Group_R1-RR-Agnieszka_Radwanska-Svetlana_Kuznetsova,Svetlana Kuznetsova,0.3698630136986301,0.1917808219178082,0.4383561643835616
20150203-W-ITF_Midland-R32-Louisa_Chirico-Maria_Sakkari,Louisa Chirico,0.30158730158730157,0.15873015873015872,0.5396825396825397
20150203-W-ITF_Midland-R32-Louisa_Chirico-Maria_Sakkari,Maria Sakkari,0.19047619047619047,0.14285714285714285,0.6666666666666666
20150131-W-Australian_Open-F-Maria_Sharapova-Serena_Williams,Maria Sharapova,0.3888888888888889,0.19444444444444445,0.4166666666666667
20150131-W-Australian_Open-F-Maria_Sharapova-Serena_Williams,Serena Williams,0.32075471698113206,0.18867924528301888,0.49056603773584906
20150129-W-Australian_Open-SF-Maria_Sharapova-Kate_Makarova,Maria Sharapova,0.4,0.17777777777777778,0.4222222222222222
20150129-W-Australian_Open-SF-Maria_Sharapova-Kate_Makarova,Kate Makarova,0.21951219512195122,0.1951219512195122,0.5853658536585366
20150127-W-Australian_Open-QF-Eugenie_Bouchard-Maria_Sharapova,Eugenie Bouchard,0.2553191489361702,0.1702127659574468,0.574468085106383
20150127-W-Australian_Open-QF-Eugenie_Bouchard-Maria_Sharapova,Maria Sharapova,0.42105263157894735,0.23684210526315788,0.34210526315789475
20150125-W-Australian_Open-R16-Madison_Brengle-Madison_Keys,Madison Brengle,0.1,0.3,0.6
20150125-W-Australian_Open-R16-Madison_Brengle-Madison_Keys,Madison Keys,0.4375,0.171875,0.390625
20150125-W-Australian_Open-R16-Eugenie_Bouchard-Irina_Camelia_Begu,Eugenie Bouchard,0.32222222222222224,0.24444444444444444,0.43333333333333335
20150125-W-Australian_Open-R16-Eugenie_Bouchard-Irina_Camelia_Begu,Irina Camelia Begu,0.27586206896551724,0.1724137931034483,0.5517241379310345
20150125-W-Australian_Open-R16-Agnieszka_Radwanska-Venus_Williams,Agnieszka Radwanska,0.3829787234042553,0.19148936170212766,0.425531914893617
20150125-W-Australian_Open-R16-Agnieszka_Radwanska-Venus_Williams,Venus Williams,0.3333333333333333,0.27450980392156865,0.39215686274509803
20150125-W-Australian_Open-QF-Dominika_Cibulkova-Serena_Williams,Dominika Cibulkova,0.36666666666666664,0.2,0.43333333333333335
20150125-W-Australian_Open-QF-Dominika_Cibulkova-Serena_Williams,Serena Williams,0.3888888888888889,0.2222222222222222,0.3888888888888889
20150124-W-Australian_Open-R32-Petra_Kvitova-Madison_Keys,Petra Kvitova,0.3181818181818182,0.11363636363636363,0.5681818181818182
20150124-W-Australian_Open-R32-Petra_Kvitova-Madison_Keys,Madison Keys,0.23529411764705882,0.29411764705882354,0.47058823529411764
20150123-W-Australian_Open-R32-Zarina_Diyas-Maria_Sharapova,Zarina Diyas,0.2916666666666667,0.3333333333333333,0.375
20150123-W-Australian_Open-R32-Zarina_Diyas-Maria_Sharapova,Maria Sharapova,0.45,0.35,0.2
20150123-W-Australian_Open-R32-Eugenie_Bouchard-Caroline_Garcia,Eugenie Bouchard,0.25,0.4423076923076923,0.3076923076923077
20150123-W-Australian_Open-R32-Eugenie_Bouchard-Caroline_Garcia,Caroline Garcia,0.3,0.26,0.44
20150122-W-Australian_Open-R64-Samantha_Stosur-Coco_Vandeweghe,Samantha Stosur,0.34375,0.1875,0.46875
20150122-W-Australian_Open-R64-Samantha_Stosur-Coco_Vandeweghe,Coco Vandeweghe,0.41025641025641024,0.23076923076923078,0.358974358974359
20150122-W-Australian_Open-R64-Daniela_Hantuchova-Garbine_Muguruza,Daniela Hantuchova,0.36065573770491804,0.14754098360655737,0.4918032786885246
20150122-W-Australian_Open-R64-Daniela_Hantuchova-Garbine_Muguruza,Garbine Muguruza,0.42857142857142855,0.16666666666666666,0.40476190476190477
20150121-W-Australian_Open-R64-Eugenie_Bouchard-Kiki_Bertens,Eugenie Bouchard,0.42857142857142855,0.19047619047619047,0.38095238095238093
20150121-W-Australian_Open-R64-Eugenie_Bouchard-Kiki_Bertens,Kiki Bertens,0.23076923076923078,0.07692307692307693,0.6923076923076923
20150121-W-Australian_Open-R64-Agnieszka_Radwanska-Johanna_Larsson,Agnieszka Radwanska,0.56,0.16,0.28
20150121-W-Australian_Open-R64-Agnieszka_Radwanska-Johanna_Larsson,Johanna Larsson,0.16,0.04,0.8
20150120-W-Australian_Open-R128-Andrea_Petkovic-Madison_Brengle,Andrea Petkovic,0.3163265306122449,0.17346938775510204,0.5102040816326531
20150120-W-Australian_Open-R128-Andrea_Petkovic-Madison_Brengle,Madison Brengle,0.3235294117647059,0.19117647058823528,0.4852941176470588
20150120-W-Australian_Open-R128-Agnieszka_Radwanska-Kurumi_Nara,Agnieszka Radwanska,0.3125,0.21875,0.46875
20150120-W-Australian_Open-R128-Agnieszka_Radwanska-Kurumi_Nara,Kurumi Nara,0.3191489361702128,0.10638297872340426,0.574468085106383
20150119-W-Australian_Open-R128-Venus_Williams-Maria_Teresa_Torro_Flor,Venus Williams,0.36363636363636365,0.24242424242424243,0.3939393939393939
20150119-W-Australian_Open-R128-Venus_Williams-Maria_Teresa_Torro_Flor,Maria Teresa Torro Flor,0.25,0.16666666666666666,0.5833333333333334
20150119-W-Australian_Open-R128-Sloane_Stephens-Victoria_Azarenka,Sloane Stephens,0.2727272727272727,0.18181818181818182,0.5454545454545454
20150119-W-Australian_Open-R128-Sloane_Stephens-Victoria_Azarenka,Victoria Azarenka,0.3,0.3,0.4
20150119-W-Australian_Open-R128-Monica_Puig-Arina_Rodionova,Monica Puig,0.42857142857142855,0.21428571428571427,0.35714285714285715
20150119-W-Australian_Open-R128-Monica_Puig-Arina_Rodionova,Arina Rodionova,0.2608695652173913,0.21739130434782608,0.5217391304347826
20150119-W-Australian_Open-R128-Magdalena_Rybarikova-Ana_Konjuh,Magdalena Rybarikova,0.23076923076923078,0.2692307692307692,0.5
20150119-W-Australian_Open-R128-Magdalena_Rybarikova-Ana_Konjuh,Ana Konjuh,0.3548387096774194,0.12903225806451613,0.5161290322580645
20150119-W-Australian_Open-R128-Julia_Goerges-Belinda_Bencic,Julia Goerges,0.4716981132075472,0.1320754716981132,0.39622641509433965
20150119-W-Australian_Open-R128-Julia_Goerges-Belinda_Bencic,Belinda Bencic,0.16666666666666666,0.25,0.5833333333333334
20150119-W-Australian_Open-R128-Carina_Witthoeft-Carla_Suarez_Navarro,Carina Witthoeft,0.2564102564102564,0.2564102564102564,0.48717948717948717
20150119-W-Australian_Open-R128-Carina_Witthoeft-Carla_Suarez_Navarro,Carla Suarez Navarro,0.24242424242424243,0.15151515151515152,0.6060606060606061
20150116-W-Hobart-SF-Heather_Watson-Alison_Riske_Amritraj,Heather Watson,0.23529411764705882,0.3137254901960784,0.45098039215686275
20150116-W-Hobart-SF-Heather_Watson-Alison_Riske_Amritraj,Alison Riske Amritraj,0.23333333333333334,0.26666666666666666,0.5
20150115-W-Hobart-R16-Heather_Watson-Sloane_Stephens,Heather Watson,0.2631578947368421,0.47368421052631576,0.2631578947368421
20150115-W-Hobart-R16-Heather_Watson-Sloane_Stephens,Sloane Stephens,0.34375,0.3125,0.34375
20150115-W-Hobart-QF-Zarina_Diyas-Alison_Riske_Amritraj,Zarina Diyas,0.2857142857142857,0.14285714285714285,0.5714285714285714
20150115-W-Hobart-QF-Zarina_Diyas-Alison_Riske_Amritraj,Alison Riske Amritraj,0.46875,0.28125,0.25
20150113-W-Sydney-R16-Agnieszka_Radwanska-Garbine_Muguruza,Agnieszka Radwanska,0.3469387755102041,0.16326530612244897,0.4897959183673469
20150113-W-Sydney-R16-Agnieszka_Radwanska-Garbine_Muguruza,Garbine Muguruza,0.3626373626373626,0.17582417582417584,0.46153846153846156
20150113-W-Hobart-R16-Kurumi_Nara-Johanna_Larsson,Kurumi Nara,0.3611111111111111,0.19444444444444445,0.4444444444444444
20150113-W-Hobart-R16-Kurumi_Nara-Johanna_Larsson,Johanna Larsson,0.25,0.16071428571428573,0.5892857142857143
20150111-W-Hobart_International-R32-Monica_Puig-Kaia_Kanepi,Monica Puig,0.26785714285714285,0.16071428571428573,0.5714285714285714
20150111-W-Hobart_International-R32-Monica_Puig-Kaia_Kanepi,Kaia Kanepi,0.23529411764705882,0.2647058823529412,0.5
20150111-W-Hobart-R32-Kurumi_Nara-Klara_Koukalova,Kurumi Nara,0.22857142857142856,0.37142857142857144,0.4
20150111-W-Hobart-R32-Kurumi_Nara-Klara_Koukalova,Klara Koukalova,0.32894736842105265,0.14473684210526316,0.5263157894736842
20150109-W-Brisbane-SF-Maria_Sharapova-Elina_Svitolina,Maria Sharapova,0.423728813559322,0.1694915254237288,0.4067796610169492
20150109-W-Brisbane-SF-Maria_Sharapova-Elina_Svitolina,Elina Svitolina,0.3125,0.1875,0.5
20150109-W-Auckland-QF-Julia_Goerges-Caroline_Wozniacki,Julia Goerges,0.30303030303030304,0.15151515151515152,0.5454545454545454
20150109-W-Auckland-QF-Julia_Goerges-Caroline_Wozniacki,Caroline Wozniacki,0.21739130434782608,0.391304347826087,0.391304347826087
20150108-W-Shenzhen-QF-Tereza_Smitkova-Petra_Kvitova,Tereza Smitkova,0.24,0.2,0.56
20150108-W-Shenzhen-QF-Tereza_Smitkova-Petra_Kvitova,Petra Kvitova,0.36363636363636365,0.23636363636363636,0.4
20150108-W-Brisbane-QF-Elina_Svitolina-Angelique_Kerber,Elina Svitolina,0.37662337662337664,0.15584415584415584,0.4675324675324675
20150108-W-Brisbane-QF-Elina_Svitolina-Angelique_Kerber,Angelique Kerber,0.3368421052631579,0.18947368421052632,0.47368421052631576
20150107-W-Brisbane-R16-Ana_Ivanovic-Jarmila_Gajdosova,Ana Ivanovic,0.5416666666666666,0.16666666666666666,0.2916666666666667
20150107-W-Brisbane-R16-Ana_Ivanovic-Jarmila_Gajdosova,Jarmila Gajdosova,0.2807017543859649,0.2807017543859649,0.43859649122807015
20150107-W-Auckland-R16-Caroline_Wozniacki-Taylor_Townsend,Caroline Wozniacki,0.34375,0.3125,0.34375
20150107-W-Auckland-R16-Caroline_Wozniacki-Taylor_Townsend,Taylor Townsend,0.24615384615384617,0.26153846153846155,0.49230769230769234
20150105-W-Brisbane-R32-Sabine_Lisicki-Yaroslava_Shvedova,Sabine Lisicki,0.5072463768115942,0.17391304347826086,0.3188405797101449
20150105-W-Brisbane-R32-Sabine_Lisicki-Yaroslava_Shvedova,Yaroslava Shvedova,0.29411764705882354,0.3137254901960784,0.39215686274509803
20150105-W-Brisbane-R32-Elina_Svitolina-Magdalena_Rybarikova,Elina Svitolina,0.3404255319148936,0.0425531914893617,0.6170212765957447
20150105-W-Brisbane-R32-Elina_Svitolina-Magdalena_Rybarikova,Magdalena Rybarikova,0.16,0.04,0.8
20150105-W-Brisbane-R32-Dominika_Cibulkova-Madison_Keys,Dominika Cibulkova,0.3333333333333333,0.3333333333333333,0.3333333333333333
20150105-W-Brisbane-R32-Dominika_Cibulkova-Madison_Keys,Madison Keys,0.525,0.15,0.325
20150105-W-Auckland-R32-Daniela_Hantuchova-Sara_Errani,Daniela Hantuchova,0.5538461538461539,0.09230769230769231,0.35384615384615387
20150105-W-Auckland-R32-Daniela_Hantuchova-Sara_Errani,Sara Errani,0.28,0.32,0.4
20141107-W-Taipei-QF-Vitalia_Diatchenko-Luksika_Kumkhum,Vitalia Diatchenko,0.40476190476190477,0.16666666666666666,0.42857142857142855
20141107-W-Taipei-QF-Vitalia_Diatchenko-Luksika_Kumkhum,Luksika Kumkhum,0.2571428571428571,0.17142857142857143,0.5714285714285714
20141101-W-Sofia-SF-Flavia_Pennetta-Carla_Suarez_Navarro,Flavia Pennetta,0.3968253968253968,0.1111111111111111,0.49206349206349204
20141101-W-Sofia-SF-Flavia_Pennetta-Carla_Suarez_Navarro,Carla Suarez Navarro,0.27450980392156865,0.13725490196078433,0.5882352941176471
20141027-W-Sofia-RR-Tsvetana_Pironkova-Dominika_Cibulkova,Tsvetana Pironkova,0.13953488372093023,0.16279069767441862,0.6976744186046512
20141027-W-Sofia-RR-Tsvetana_Pironkova-Dominika_Cibulkova,Dominika Cibulkova,0.36923076923076925,0.2153846153846154,0.4153846153846154
20141027-W-Sofia-RR-Kate_Makarova-Garbine_Muguruza,Kate Makarova,0.1724137931034483,0.2413793103448276,0.5862068965517241
20141027-W-Sofia-RR-Kate_Makarova-Garbine_Muguruza,Garbine Muguruza,0.4090909090909091,0.2727272727272727,0.3181818181818182
20141027-W-Sofia-RR-Flavia_Pennetta-Garbine_Muguruza,Flavia Pennetta,0.2727272727272727,0.2,0.5272727272727272
20141027-W-Sofia-RR-Flavia_Pennetta-Garbine_Muguruza,Garbine Muguruza,0.2948717948717949,0.24358974358974358,0.46153846153846156
20141027-W-Sofia-RR-Alize_Cornet-Garbine_Muguruza,Alize Cornet,0.3157894736842105,0.10526315789473684,0.5789473684210527
20141027-W-Sofia-RR-Alize_Cornet-Garbine_Muguruza,Garbine Muguruza,0.21818181818181817,0.2727272727272727,0.509090909090909
20141024-W-Singapore-RR-Ana_Ivanovic-Simona_Halep,Ana Ivanovic,0.3924050632911392,0.16455696202531644,0.4430379746835443
20141024-W-Singapore-RR-Ana_Ivanovic-Simona_Halep,Simona Halep,0.3333333333333333,0.12,0.5466666666666666
20141023-W-Singapore-RR-Petra_Kvitova-Maria_Sharapova,Petra Kvitova,0.41025641025641024,0.15384615384615385,0.4358974358974359
20141023-W-Singapore-RR-Petra_Kvitova-Maria_Sharapova,Maria Sharapova,0.2777777777777778,0.16666666666666666,0.5555555555555556
20141023-W-Singapore-RR-Agnieszka_Radwanska-Caroline_Wozniacki,Agnieszka Radwanska,0.359375,0.15625,0.484375
20141023-W-Singapore-RR-Agnieszka_Radwanska-Caroline_Wozniacki,Caroline Wozniacki,0.34782608695652173,0.2391304347826087,0.41304347826086957
20141022-W-Singapore-RR-Ana_Ivanovic-Eugenie_Bouchard,Ana Ivanovic,0.3541666666666667,0.1875,0.4583333333333333
20141022-W-Singapore-RR-Ana_Ivanovic-Eugenie_Bouchard,Eugenie Bouchard,0.3076923076923077,0.07692307692307693,0.6153846153846154
20141021-W-Singapore-RR-Caroline_Wozniacki-Maria_Sharapova,Caroline Wozniacki,0.1694915254237288,0.2033898305084746,0.6271186440677966
20141021-W-Singapore-RR-Caroline_Wozniacki-Maria_Sharapova,Maria Sharapova,0.2782608695652174,0.16521739130434782,0.5565217391304348
20141020-W-Singapore-RR-Caroline_Wozniacki-Petra_Kvitova,Caroline Wozniacki,0.3181818181818182,0.4090909090909091,0.2727272727272727
20141020-W-Singapore-RR-Caroline_Wozniacki-Petra_Kvitova,Petra Kvitova,0.2542372881355932,0.22033898305084745,0.5254237288135594
20141020-W-ITF_Macon-QF-Irina_Falconi-Madison_Brengle,Irina Falconi,0.4852941176470588,0.14705882352941177,0.36764705882352944
20141020-W-ITF_Macon-QF-Irina_Falconi-Madison_Brengle,Madison Brengle,0.3103448275862069,0.10344827586206896,0.5862068965517241
20141012-W-Tianjin-F-Belinda_Bencic-Alison_Riske_Amritraj,Belinda Bencic,0.3888888888888889,0.05555555555555555,0.5555555555555556
20141012-W-Tianjin-F-Belinda_Bencic-Alison_Riske_Amritraj,Alison Riske Amritraj,0.4318181818181818,0.20454545454545456,0.36363636363636365
20141011-W-Osaka-SF-Samantha_Stosur-Elina_Svitolina,Samantha Stosur,0.28,0.18,0.54
20141011-W-Osaka-SF-Samantha_Stosur-Elina_Svitolina,Elina Svitolina,0.29545454545454547,0.1590909090909091,0.5454545454545454
20141007-W-Linz-R32-Camila_Giorgi-Andrea_Petkovic,Camila Giorgi,0.4634146341463415,0.1951219512195122,0.34146341463414637
20141007-W-Linz-R32-Camila_Giorgi-Andrea_Petkovic,Andrea Petkovic,0.15789473684210525,0.21052631578947367,0.631578947368421
20141006-W-Tianjin-SF-Alison_Riske_Amritraj-Saisai_Zheng,Alison Riske Amritraj,0.4782608695652174,0.2608695652173913,0.2608695652173913
20141006-W-Tianjin-SF-Alison_Riske_Amritraj-Saisai_Zheng,Saisai Zheng,0.23076923076923078,0.07692307692307693,0.6923076923076923
20141006-W-Linz-SF-Anna_Lena_Friedsam-Karolina_Pliskova,Anna Lena Friedsam,0.43333333333333335,0.13333333333333333,0.43333333333333335
20141006-W-Linz-SF-Anna_Lena_Friedsam-Karolina_Pliskova,Karolina Pliskova,0.34328358208955223,0.208955223880597,0.44776119402985076
20141004-W-Beijing-SF-Ana_Ivanovic-Maria_Sharapova,Ana Ivanovic,0.21951219512195122,0.4146341463414634,0.36585365853658536
20141004-W-Beijing-SF-Ana_Ivanovic-Maria_Sharapova,Maria Sharapova,0.2222222222222222,0.5555555555555556,0.2222222222222222
20140929-W-Beijing-R64-Sabine_Lisicki-Shilin_Xu,Sabine Lisicki,0.34545454545454546,0.23636363636363636,0.41818181818181815
20140929-W-Beijing-R64-Sabine_Lisicki-Shilin_Xu,Shilin Xu,0.2857142857142857,0.11904761904761904,0.5952380952380952
20140928-W-Beijing-R64-Agnieszka_Radwanska-Coco_Vandeweghe,Agnieszka Radwanska,0.25,0.05,0.7
20140928-W-Beijing-R64-Agnieszka_Radwanska-Coco_Vandeweghe,Coco Vandeweghe,0.288135593220339,0.1016949152542373,0.6101694915254238
20140927-W-Wuhan-F-Petra_Kvitova-Eugenie_Bouchard,Petra Kvitova,0.4375,0.125,0.4375
20140927-W-Wuhan-F-Petra_Kvitova-Eugenie_Bouchard,Eugenie Bouchard,0.32142857142857145,0.07142857142857142,0.6071428571428571
20140926-W-Wuhan-SF-Petra_Kvitova-Elina_Svitolina,Petra Kvitova,0.417910447761194,0.14925373134328357,0.43283582089552236
20140926-W-Wuhan-SF-Petra_Kvitova-Elina_Svitolina,Elina Svitolina,0.27586206896551724,0.13793103448275862,0.5862068965517241
20140926-W-Wuhan-SF-Caroline_Wozniacki-Eugenie_Bouchard,Caroline Wozniacki,0.2682926829268293,0.1951219512195122,0.5365853658536586
20140926-W-Wuhan-SF-Caroline_Wozniacki-Eugenie_Bouchard,Eugenie Bouchard,0.4444444444444444,0.1111111111111111,0.4444444444444444
20140925-W-Wuhan-QF-Elina_Svitolina-Angelique_Kerber,Elina Svitolina,0.4838709677419355,0.06451612903225806,0.45161290322580644
20140925-W-Wuhan-QF-Elina_Svitolina-Angelique_Kerber,Angelique Kerber,0.3888888888888889,0.09722222222222222,0.5138888888888888
20140924-W-Wuhan-R16-Eugenie_Bouchard-Alison_Riske_Amritraj,Eugenie Bouchard,0.40384615384615385,0.1346153846153846,0.46153846153846156
20140924-W-Wuhan-R16-Eugenie_Bouchard-Alison_Riske_Amritraj,Alison Riske Amritraj,0.35,0.1,0.55
20140924-W-Wuhan-R16-Caroline_Wozniacki-Casey_Dellacqua,Caroline Wozniacki,0.30303030303030304,0.36363636363636365,0.3333333333333333
20140924-W-Wuhan-R16-Caroline_Wozniacki-Casey_Dellacqua,Casey Dellacqua,0.25,0.16071428571428573,0.5714285714285714
20140921-W-Guangzhou-F-Alize_Cornet-Monica_Niculescu,Alize Cornet,0.30952380952380953,0.2857142857142857,0.40476190476190477
20140921-W-Guangzhou-F-Alize_Cornet-Monica_Niculescu,Monica Niculescu,0.45652173913043476,0.1956521739130435,0.34782608695652173
20140919-W-Tokyo-QF-Caroline_Wozniacki-Carla_Suarez_Navarro,Caroline Wozniacki,0.29545454545454547,0.29545454545454547,0.4090909090909091
20140919-W-Tokyo-QF-Caroline_Wozniacki-Carla_Suarez_Navarro,Carla Suarez Navarro,0.2777777777777778,0.19444444444444445,0.5277777777777778
20140919-W-Tokyo-QF-Ana_Ivanovic-Lucie_Safarova,Ana Ivanovic,0.5142857142857142,0.17142857142857143,0.3142857142857143
20140919-W-Tokyo-QF-Ana_Ivanovic-Lucie_Safarova,Lucie Safarova,0.3617021276595745,0.23404255319148937,0.40425531914893614
20140918-W-Tokyo-R16-Garbine_Muguruza-Jelena_Jankovic,Garbine Muguruza,0.25862068965517243,0.29310344827586204,0.4482758620689655
20140918-W-Tokyo-R16-Garbine_Muguruza-Jelena_Jankovic,Jelena Jankovic,0.30120481927710846,0.14457831325301204,0.5542168674698795
20140918-W-Tokyo-R16-Caroline_Wozniacki-Jarmila_Gajdosova,Caroline Wozniacki,0.43859649122807015,0.17543859649122806,0.38596491228070173
20140918-W-Tokyo-R16-Caroline_Wozniacki-Jarmila_Gajdosova,Jarmila Gajdosova,0.41237113402061853,0.10309278350515463,0.4845360824742268
20140916-W-Tokyo-R32-Madison_Keys-Lucie_Safarova,Madison Keys,0.27586206896551724,0.21839080459770116,0.5057471264367817
20140916-W-Tokyo-R32-Madison_Keys-Lucie_Safarova,Lucie Safarova,0.296875,0.21875,0.484375
20140916-W-Tokyo-R32-Elina_Svitolina-Barbora_Strycova,Elina Svitolina,0.3333333333333333,0.2549019607843137,0.4117647058823529
20140916-W-Tokyo-R32-Elina_Svitolina-Barbora_Strycova,Barbora Strycova,0.30612244897959184,0.14285714285714285,0.5510204081632653
20140915-W-Tokyo-R32-Svetlana_Kuznetsova-Belinda_Bencic,Svetlana Kuznetsova,0.3157894736842105,0.13157894736842105,0.5526315789473685
20140915-W-Tokyo-R32-Svetlana_Kuznetsova-Belinda_Bencic,Belinda Bencic,0.41025641025641024,0.20512820512820512,0.38461538461538464
20140909-W-Tashkent-R32-Jelena_Ostapenko-Shahar_Peer,Jelena Ostapenko,0.3384615384615385,0.2923076923076923,0.36923076923076925
20140909-W-Tashkent-R32-Jelena_Ostapenko-Shahar_Peer,Shahar Peer,0.23529411764705882,0.3235294117647059,0.4411764705882353
20140908-W-Quebec_City-F-Mirjana_Lucic-Venus_Williams,Mirjana Lucic,0.35294117647058826,0.19607843137254902,0.45098039215686275
20140908-W-Quebec_City-F-Mirjana_Lucic-Venus_Williams,Venus Williams,0.3076923076923077,0.05128205128205128,0.6410256410256411
20140907-W-US_Open-F-Serena_Williams-Caroline_Wozniacki,Serena Williams,0.375,0.21428571428571427,0.4107142857142857
20140907-W-US_Open-F-Serena_Williams-Caroline_Wozniacki,Caroline Wozniacki,0.043478260869565216,0.30434782608695654,0.6521739130434783
20140903-W-US_Open-QF-Serena_Williams-Flavia_Pennetta,Serena Williams,0.4883720930232558,0.18604651162790697,0.32558139534883723
20140903-W-US_Open-QF-Serena_Williams-Flavia_Pennetta,Flavia Pennetta,0.18181818181818182,0.24242424242424243,0.5757575757575758
20140902-W-US_Open-QF-Caroline_Wozniacki-Sara_Errani,Caroline Wozniacki,0.5116279069767442,0.3023255813953488,0.18604651162790697
20140902-W-US_Open-QF-Caroline_Wozniacki-Sara_Errani,Sara Errani,0.3548387096774194,0.12903225806451613,0.5161290322580645
20140901-W-US_Open-R16-Eugenie_Bouchard-Kate_Makarova,Eugenie Bouchard,0.3333333333333333,0.0784313725490196,0.5882352941176471
20140901-W-US_Open-R16-Eugenie_Bouchard-Kate_Makarova,Kate Makarova,0.3157894736842105,0.21052631578947367,0.47368421052631576
20140831-W-US_Open-R32-Caroline_Wozniacki-Maria_Sharapova,Caroline Wozniacki,0.3090909090909091,0.23636363636363636,0.45454545454545453
20140831-W-US_Open-R32-Caroline_Wozniacki-Maria_Sharapova,Maria Sharapova,0.3106796116504854,0.1941747572815534,0.49514563106796117
20140831-W-US_Open-R16-Belinda_Bencic-Jelena_Jankovic,Belinda Bencic,0.36486486486486486,0.22972972972972974,0.40540540540540543
20140831-W-US_Open-R16-Belinda_Bencic-Jelena_Jankovic,Jelena Jankovic,0.3835616438356164,0.1506849315068493,0.4657534246575342
20140830-W-US_Open-R64-Ana_Ivanovic-Karolina_Pliskova,Ana Ivanovic,0.3469387755102041,0.2653061224489796,0.3877551020408163
20140830-W-US_Open-R64-Ana_Ivanovic-Karolina_Pliskova,Karolina Pliskova,0.43243243243243246,0.2702702702702703,0.2972972972972973
20140829-W-US_Open-R32-Venus_Williams-Sara_Errani,Venus Williams,0.3723404255319149,0.14893617021276595,0.4787234042553192
20140829-W-US_Open-R32-Venus_Williams-Sara_Errani,Sara Errani,0.33962264150943394,0.20754716981132076,0.4528301886792453
20140828-W-US_Open-R64-Zarina_Diyas-Catherine_Cartan_Bellis,Zarina Diyas,0.30158730158730157,0.14285714285714285,0.5555555555555556
20140828-W-US_Open-R64-Zarina_Diyas-Catherine_Cartan_Bellis,Catherine Cartan Bellis,0.22340425531914893,0.20212765957446807,0.574468085106383
20140816-W-Cincinnati-SF-Ana_Ivanovic-Maria_Sharapova,Ana Ivanovic,0.3333333333333333,0.2222222222222222,0.4444444444444444
20140816-W-Cincinnati-SF-Ana_Ivanovic-Maria_Sharapova,Maria Sharapova,0.30337078651685395,0.25842696629213485,0.43820224719101125
20140815-W-Cincinnati-QF-Jelena_Jankovic-Serena_Williams,Jelena Jankovic,0.13333333333333333,0.36666666666666664,0.5
20140815-W-Cincinnati-QF-Jelena_Jankovic-Serena_Williams,Serena Williams,0.3611111111111111,0.3055555555555556,0.3333333333333333
20140815-W-Cincinnati-QF-Caroline_Wozniacki-Agnieszka_Radwanska,Caroline Wozniacki,0.3023255813953488,0.3488372093023256,0.3488372093023256
20140815-W-Cincinnati-QF-Caroline_Wozniacki-Agnieszka_Radwanska,Agnieszka Radwanska,0.36764705882352944,0.22058823529411764,0.4117647058823529
20140815-W-Cincinnati-QF-Ana_Ivanovic-Elina_Svitolina,Ana Ivanovic,0.4418604651162791,0.32558139534883723,0.23255813953488372
20140815-W-Cincinnati-QF-Ana_Ivanovic-Elina_Svitolina,Elina Svitolina,0.42857142857142855,0.25,0.32142857142857145
20140814-W-Cincinnati-R16-Maria_Sharapova-Anastasia_Pavlyuchenkova,Maria Sharapova,0.23809523809523808,0.3968253968253968,0.36507936507936506
20140814-W-Cincinnati-R16-Maria_Sharapova-Anastasia_Pavlyuchenkova,Anastasia Pavlyuchenkova,0.16666666666666666,0.43333333333333335,0.4
20140814-W-Cincinnati-R16-Caroline_Wozniacki-Angelique_Kerber,Caroline Wozniacki,0.3404255319148936,0.3829787234042553,0.2765957446808511
20140814-W-Cincinnati-R16-Caroline_Wozniacki-Angelique_Kerber,Angelique Kerber,0.3709677419354839,0.1774193548387097,0.45161290322580644
20140814-W-Cincinnati-R16-Agnieszka_Radwanska-Sabine_Lisicki,Agnieszka Radwanska,0.25,0.5,0.25
20140814-W-Cincinnati-R16-Agnieszka_Radwanska-Sabine_Lisicki,Sabine Lisicki,0.24390243902439024,0.0975609756097561,0.6585365853658537
20140813-W-Cincinnati-R32-Petra_Kvitova-Elina_Svitolina,Petra Kvitova,0.38095238095238093,0.10714285714285714,0.5119047619047619
20140813-W-Cincinnati-R32-Petra_Kvitova-Elina_Svitolina,Elina Svitolina,0.26666666666666666,0.4,0.3333333333333333
20140813-W-Cincinnati-R32-Caroline_Wozniacki-Shuai_Zhang,Caroline Wozniacki,0.3333333333333333,0.2916666666666667,0.375
20140813-W-Cincinnati-R32-Caroline_Wozniacki-Shuai_Zhang,Shuai Zhang,0.23529411764705882,0.23529411764705882,0.5294117647058824
20140813-W-Cincinnati-R32-Ana_Ivanovic-Christina_Mchale,Ana Ivanovic,0.36363636363636365,0.3333333333333333,0.30303030303030304
20140813-W-Cincinnati-R32-Ana_Ivanovic-Christina_Mchale,Christina Mchale,0.20454545454545456,0.3181818181818182,0.4772727272727273
20140813-W-Cincinnati-R32-Agnieszka_Radwanska-Kurumi_Nara,Agnieszka Radwanska,0.20588235294117646,0.29411764705882354,0.5
20140813-W-Cincinnati-R32-Agnieszka_Radwanska-Kurumi_Nara,Kurumi Nara,0.22413793103448276,0.1896551724137931,0.5862068965517241
20140812-W-Cincinnati-R32-Maria_Sharapova-Madison_Keys,Maria Sharapova,0.14285714285714285,0.2653061224489796,0.5918367346938775
20140812-W-Cincinnati-R32-Maria_Sharapova-Madison_Keys,Madison Keys,0.2413793103448276,0.15517241379310345,0.603448275862069
20140811-W-Cincinnati-R64-Caroline_Wozniacki-Magdalena_Rybarikova,Caroline Wozniacki,0.3333333333333333,0.3611111111111111,0.3055555555555556
20140811-W-Cincinnati-R64-Caroline_Wozniacki-Magdalena_Rybarikova,Magdalena Rybarikova,0.288135593220339,0.15254237288135594,0.559322033898305
20140811-W-Cincinnati-R64-Alize_Cornet-Madison_Keys,Alize Cornet,0.16666666666666666,0.041666666666666664,0.7916666666666666
20140811-W-Cincinnati-R64-Alize_Cornet-Madison_Keys,Madison Keys,0.35064935064935066,0.06493506493506493,0.5844155844155844
20140809-W-Montreal-SF-Serena_Williams-Venus_Williams,Serena Williams,0.18333333333333332,0.3,0.5166666666666667
20140809-W-Montreal-SF-Serena_Williams-Venus_Williams,Venus Williams,0.26666666666666666,0.3333333333333333,0.4
20140808-W-Montreal-QF-Agnieszka_Radwanska-Victoria_Azarenka,Agnieszka Radwanska,0.5882352941176471,0.23529411764705882,0.17647058823529413
20140808-W-Montreal-QF-Agnieszka_Radwanska-Victoria_Azarenka,Victoria Azarenka,0.3269230769230769,0.15384615384615385,0.5192307692307693
20140807-W-Montreal-R32-Ana_Ivanovic-Coco_Vandeweghe,Ana Ivanovic,0.29577464788732394,0.14084507042253522,0.5633802816901409
20140807-W-Montreal-R32-Ana_Ivanovic-Coco_Vandeweghe,Coco Vandeweghe,0.41836734693877553,0.09183673469387756,0.4897959183673469
20140807-W-Montreal-R16-Heather_Watson-Victoria_Azarenka,Heather Watson,0.31666666666666665,0.18333333333333332,0.5
20140807-W-Montreal-R16-Heather_Watson-Victoria_Azarenka,Victoria Azarenka,0.5172413793103449,0.13793103448275862,0.3448275862068966
20140807-W-Montreal-R16-Caroline_Wozniacki-Shelby_Rogers,Caroline Wozniacki,0.5789473684210527,0.2631578947368421,0.15789473684210525
20140807-W-Montreal-R16-Caroline_Wozniacki-Shelby_Rogers,Shelby Rogers,0.29411764705882354,0.14705882352941177,0.5588235294117647
20140806-W-Montreal-R32-Petra_Kvitova-Casey_Dellacqua,Petra Kvitova,0.38095238095238093,0.2222222222222222,0.38095238095238093
20140806-W-Montreal-R32-Petra_Kvitova-Casey_Dellacqua,Casey Dellacqua,0.4090909090909091,0.045454545454545456,0.5454545454545454
20140806-W-Montreal-R32-Maria_Sharapova-Garbine_Muguruza,Maria Sharapova,0.36666666666666664,0.43333333333333335,0.2
20140806-W-Montreal-R32-Maria_Sharapova-Garbine_Muguruza,Garbine Muguruza,0.2542372881355932,0.3559322033898305,0.3898305084745763
20140805-W-Montreal-R64-Daniela_Hantuchova-Caroline_Wozniacki,Daniela Hantuchova,0.28,0.12,0.6
20140805-W-Montreal-R64-Daniela_Hantuchova-Caroline_Wozniacki,Caroline Wozniacki,0.4411764705882353,0.3235294117647059,0.23529411764705882
20140805-W-Montreal-R32-Eugenie_Bouchard-Shelby_Rogers,Eugenie Bouchard,0.3333333333333333,0.14814814814814814,0.5185185185185185
20140805-W-Montreal-R32-Eugenie_Bouchard-Shelby_Rogers,Shelby Rogers,0.4090909090909091,0.13636363636363635,0.45454545454545453
20140804-W-Montreal-R64-Sloane_Stephens-Aleksandra_Wozniak,Sloane Stephens,0.2702702702702703,0.13513513513513514,0.5945945945945946
20140804-W-Montreal-R64-Sloane_Stephens-Aleksandra_Wozniak,Aleksandra Wozniak,0.034482758620689655,0.1724137931034483,0.7931034482758621
20140802-W-Stanford-SF-Serena_Williams-Andrea_Petkovic,Serena Williams,0.4444444444444444,0.2222222222222222,0.3333333333333333
20140802-W-Stanford-SF-Serena_Williams-Andrea_Petkovic,Andrea Petkovic,0.25,0.1875,0.5625
20140731-W-Stanford-R16-Venus_Williams-Victoria_Azarenka,Venus Williams,0.35294117647058826,0.0784313725490196,0.5686274509803921
20140731-W-Stanford-R16-Venus_Williams-Victoria_Azarenka,Victoria Azarenka,0.23636363636363636,0.09090909090909091,0.6727272727272727
20140729-W-Stanford-R32-Dominika_Cibulkova-Garbine_Muguruza,Dominika Cibulkova,0.2833333333333333,0.13333333333333333,0.5833333333333334
20140729-W-Stanford-R32-Dominika_Cibulkova-Garbine_Muguruza,Garbine Muguruza,0.2962962962962963,0.1111111111111111,0.5925925925925926
20140714-W-Istanbul-R32-Caroline_Wozniacki-Belinda_Bencic,Caroline Wozniacki,0.19047619047619047,0.47619047619047616,0.3333333333333333
20140714-W-Istanbul-R32-Caroline_Wozniacki-Belinda_Bencic,Belinda Bencic,0.32142857142857145,0.10714285714285714,0.5714285714285714
20140707-W-ITF_Sacramento-R32-Nicole_Gibbs-Alexandra_Stevenson,Nicole Gibbs,0.3170731707317073,0.24390243902439024,0.43902439024390244
20140707-W-ITF_Sacramento-R32-Nicole_Gibbs-Alexandra_Stevenson,Alexandra Stevenson,0.275,0.125,0.6
20140705-W-Wimbledon-F-Eugenie_Bouchard-Petra_Kvitova,Eugenie Bouchard,0.3684210526315789,0.3157894736842105,0.3157894736842105
20140705-W-Wimbledon-F-Eugenie_Bouchard-Petra_Kvitova,Petra Kvitova,0.5,0.3409090909090909,0.1590909090909091
20140703-W-Wimbledon-SF-Lucie_Safarova-Petra_Kvitova,Lucie Safarova,0.3333333333333333,0.2564102564102564,0.41025641025641024
20140703-W-Wimbledon-SF-Lucie_Safarova-Petra_Kvitova,Petra Kvitova,0.3902439024390244,0.1951219512195122,0.4146341463414634
20140702-W-Wimbledon-QF-Eugenie_Bouchard-Angelique_Kerber,Eugenie Bouchard,0.45454545454545453,0.16363636363636364,0.38181818181818183
20140702-W-Wimbledon-QF-Eugenie_Bouchard-Angelique_Kerber,Angelique Kerber,0.4,0.15555555555555556,0.4444444444444444
20140701-W-Wimbledon-QF-Lucie_Safarova-Kate_Makarova,Lucie Safarova,0.41025641025641024,0.1794871794871795,0.41025641025641024
20140701-W-Wimbledon-QF-Lucie_Safarova-Kate_Makarova,Kate Makarova,0.21739130434782608,0.21739130434782608,0.5652173913043478
20140701-W-Wimbledon-QF-Barbora_Strycova-Petra_Kvitova,Barbora Strycova,0.13333333333333333,0.3,0.5666666666666667
20140701-W-Wimbledon-QF-Barbora_Strycova-Petra_Kvitova,Petra Kvitova,0.3333333333333333,0.25,0.4166666666666667
20140630-W-Wimbledon-R16-Petra_Kvitova-Shuai_Peng,Petra Kvitova,0.45,0.35,0.2
20140630-W-Wimbledon-R16-Petra_Kvitova-Shuai_Peng,Shuai Peng,0.42857142857142855,0.19047619047619047,0.38095238095238093
20140628-W-Wimbledon-R32-Maria_Sharapova-Alison_Riske_Amritraj,Maria Sharapova,0.5116279069767442,0.2558139534883721,0.23255813953488372
20140628-W-Wimbledon-R32-Maria_Sharapova-Alison_Riske_Amritraj,Alison Riske Amritraj,0.30434782608695654,0.2608695652173913,0.43478260869565216
20140627-W-Wimbledon-R32-Venus_Williams-Petra_Kvitova,Venus Williams,0.32075471698113206,0.16981132075471697,0.5094339622641509
20140627-W-Wimbledon-R32-Venus_Williams-Petra_Kvitova,Petra Kvitova,0.3829787234042553,0.14893617021276595,0.46808510638297873
20140625-W-Wimbledon-R64-Mona_Barthel-Petra_Kvitova,Mona Barthel,0.3103448275862069,0.2413793103448276,0.4482758620689655
20140625-W-Wimbledon-R64-Mona_Barthel-Petra_Kvitova,Petra Kvitova,0.53125,0.25,0.21875
20140623-W-Wimbledon-R128-Petra_Kvitova-Andrea_Hlavackova,Petra Kvitova,0.36363636363636365,0.3090909090909091,0.32727272727272727
20140623-W-Wimbledon-R128-Petra_Kvitova-Andrea_Hlavackova,Andrea Hlavackova,0.44,0.16,0.4
20140623-W-Wimbledon-R128-Maria_Sharapova-Samantha_Murray,Maria Sharapova,0.32142857142857145,0.4642857142857143,0.21428571428571427
20140623-W-Wimbledon-R128-Maria_Sharapova-Samantha_Murray,Samantha Murray,0.2916666666666667,0.16666666666666666,0.5416666666666666
20140621-W-Eastbourne-F-Madison_Keys-Angelique_Kerber,Madison Keys,0.37894736842105264,0.1368421052631579,0.4842105263157895
20140621-W-Eastbourne-F-Madison_Keys-Angelique_Kerber,Angelique Kerber,0.2545454545454545,0.32727272727272727,0.41818181818181815
20140620-W-Eastbourne-SF-Madison_Keys-Heather_Watson,Madison Keys,0.2631578947368421,0.23684210526315788,0.5
20140620-W-Eastbourne-SF-Madison_Keys-Heather_Watson,Heather Watson,0.20833333333333334,0.125,0.6666666666666666
20140619-W-Eastbourne-QF-Madison_Keys-Lauren_Davis,Madison Keys,0.4473684210526316,0.13157894736842105,0.42105263157894735
20140619-W-Eastbourne-QF-Madison_Keys-Lauren_Davis,Lauren Davis,0.23529411764705882,0.08823529411764706,0.6764705882352942
20140619-W-Eastbourne-QF-Kate_Makarova-Angelique_Kerber,Kate Makarova,0.34545454545454546,0.05454545454545454,0.6
20140619-W-Eastbourne-QF-Kate_Makarova-Angelique_Kerber,Angelique Kerber,0.45,0.175,0.375
20140616-W-Eastbourne-R32-Caroline_Wozniacki-Samantha_Stosur,Caroline Wozniacki,0.3333333333333333,0.4444444444444444,0.2222222222222222
20140616-W-Eastbourne-R32-Caroline_Wozniacki-Samantha_Stosur,Samantha Stosur,0.3333333333333333,0.21052631578947367,0.45614035087719296
20140609-W-Birmingham-R32-Donna_Vekic-Belinda_Bencic,Donna Vekic,0.2857142857142857,0.23809523809523808,0.47619047619047616
20140609-W-Birmingham-R32-Donna_Vekic-Belinda_Bencic,Belinda Bencic,0.3877551020408163,0.20408163265306123,0.40816326530612246
20140607-W-Roland_Garros-F-Maria_Sharapova-Simona_Halep,Maria Sharapova,0.3305785123966942,0.2066115702479339,0.4628099173553719
20140607-W-Roland_Garros-F-Maria_Sharapova-Simona_Halep,Simona Halep,0.27941176470588236,0.17647058823529413,0.5441176470588235
20140605-W-Roland_Garros-SF-Maria_Sharapova-Eugenie_Bouchard,Maria Sharapova,0.35135135135135137,0.2972972972972973,0.35135135135135137
20140605-W-Roland_Garros-SF-Maria_Sharapova-Eugenie_Bouchard,Eugenie Bouchard,0.30952380952380953,0.2261904761904762,0.4642857142857143
20140603-W-Roland_Garros-QF-Maria_Sharapova-Garbine_Muguruza,Maria Sharapova,0.25806451612903225,0.22580645161290322,0.5161290322580645
20140603-W-Roland_Garros-QF-Maria_Sharapova-Garbine_Muguruza,Garbine Muguruza,0.2676056338028169,0.15492957746478872,0.5774647887323944
20140603-W-Roland_Garros-QF-Eugenie_Bouchard-Carla_Suarez_Navarro,Eugenie Bouchard,0.39622641509433965,0.2641509433962264,0.33962264150943394
20140603-W-Roland_Garros-QF-Eugenie_Bouchard-Carla_Suarez_Navarro,Carla Suarez Navarro,0.29577464788732394,0.3380281690140845,0.36619718309859156
20140601-W-Roland_Garros-R16-Pauline_Parmentier-Garbine_Muguruza,Pauline Parmentier,0.21951219512195122,0.12195121951219512,0.6585365853658537
20140601-W-Roland_Garros-R16-Pauline_Parmentier-Garbine_Muguruza,Garbine Muguruza,0.38095238095238093,0.23809523809523808,0.38095238095238093
20140530-W-Roland_Garros-R32-Anna_Karolina_Schmiedlova-Garbine_Muguruza,Anna Karolina Schmiedlova,0.3055555555555556,0.1388888888888889,0.5555555555555556
20140530-W-Roland_Garros-R32-Anna_Karolina_Schmiedlova-Garbine_Muguruza,Garbine Muguruza,0.36666666666666664,0.23333333333333334,0.4
20140529-W-Roland_Garros-R64-Marina_Erakovic-Petra_Kvitova,Marina Erakovic,0.25925925925925924,0.18518518518518517,0.5555555555555556
20140529-W-Roland_Garros-R64-Marina_Erakovic-Petra_Kvitova,Petra Kvitova,0.29545454545454547,0.13636363636363635,0.5681818181818182
20140529-W-Roland_Garros-R64-Ana_Ivanovic-Elina_Svitolina,Ana Ivanovic,0.4666666666666667,0.26666666666666666,0.26666666666666666
20140529-W-Roland_Garros-R64-Ana_Ivanovic-Elina_Svitolina,Elina Svitolina,0.375,0.3125,0.3125
20140528-W-Roland_Garros-R64-Serena_Williams-Garbine_Muguruza,Serena Williams,0.16129032258064516,0.1935483870967742,0.6451612903225806
20140528-W-Roland_Garros-R64-Serena_Williams-Garbine_Muguruza,Garbine Muguruza,0.2222222222222222,0.25,0.5277777777777778
20140528-W-Roland_Garros-R64-Dominika_Cibulkova-Tamira_Paszek,Dominika Cibulkova,0.40384615384615385,0.09615384615384616,0.5
20140528-W-Roland_Garros-R64-Dominika_Cibulkova-Tamira_Paszek,Tamira Paszek,0.2391304347826087,0.15217391304347827,0.6086956521739131
20140528-W-Roland_Garros-R64-Anna_Karolina_Schmiedlova-Venus_Williams,Anna Karolina Schmiedlova,0.3968253968253968,0.3492063492063492,0.25396825396825395
20140528-W-Roland_Garros-R64-Anna_Karolina_Schmiedlova-Venus_Williams,Venus Williams,0.32989690721649484,0.32989690721649484,0.3402061855670103
20140526-W-Roland_Garros-R128-Serena_Williams-Alize_Lim,Serena Williams,0.4411764705882353,0.19117647058823528,0.35294117647058826
20140526-W-Roland_Garros-R128-Serena_Williams-Alize_Lim,Alize Lim,0.21739130434782608,0.30434782608695654,0.4782608695652174
20140513-W-Rome-R32-Camila_Giorgi-Dominika_Cibulkova,Camila Giorgi,0.35526315789473684,0.21052631578947367,0.4342105263157895
20140513-W-Rome-R32-Camila_Giorgi-Dominika_Cibulkova,Dominika Cibulkova,0.21875,0.09375,0.6875
20140423-W-Stuttgart-R32-Julia_Goerges-Sorana_Cirstea,Julia Goerges,0.44642857142857145,0.19642857142857142,0.35714285714285715
20140423-W-Stuttgart-R32-Julia_Goerges-Sorana_Cirstea,Sorana Cirstea,0.2894736842105263,0.13157894736842105,0.5789473684210527
20140422-W-Stuttgart-R32-Maria_Sharapova-Lucie_Safarova,Maria Sharapova,0.3493975903614458,0.10843373493975904,0.5421686746987951
20140422-W-Stuttgart-R32-Maria_Sharapova-Lucie_Safarova,Lucie Safarova,0.34615384615384615,0.0673076923076923,0.5865384615384616
20140419-W-Fed_Cup_World_Group_SF-RR-Sara_Errani-Lucie_Safarova,Sara Errani,0.14285714285714285,0.3333333333333333,0.5238095238095238
20140419-W-Fed_Cup_World_Group_SF-RR-Sara_Errani-Lucie_Safarova,Lucie Safarova,0.48148148148148145,0.18518518518518517,0.3333333333333333
20140405-W-Monterrey-SF-Caroline_Wozniacki-Ana_Ivanovic,Caroline Wozniacki,0.20930232558139536,0.2558139534883721,0.5348837209302325
20140405-W-Monterrey-SF-Caroline_Wozniacki-Ana_Ivanovic,Ana Ivanovic,0.31645569620253167,0.21518987341772153,0.46835443037974683
20140404-W-Charleston-QF-Sara_Errani-Belinda_Bencic,Sara Errani,0.375,0.23214285714285715,0.39285714285714285
20140404-W-Charleston-QF-Sara_Errani-Belinda_Bencic,Belinda Bencic,0.48863636363636365,0.14772727272727273,0.36363636363636365
20140325-W-Miami-QF-Maria_Sharapova-Petra_Kvitova,Maria Sharapova,0.2926829268292683,0.2926829268292683,0.4146341463414634
20140325-W-Miami-QF-Maria_Sharapova-Petra_Kvitova,Petra Kvitova,0.32653061224489793,0.12244897959183673,0.5510204081632653
20140320-W-Miami-R64-Shuai_Peng-Angelique_Kerber,Shuai Peng,0.44680851063829785,0.1595744680851064,0.39361702127659576
20140320-W-Miami-R64-Shuai_Peng-Angelique_Kerber,Angelique Kerber,0.42592592592592593,0.18518518518518517,0.3888888888888889
20140317-W-Miami-R32-Caroline_Wozniacki-Sloane_Stephens,Caroline Wozniacki,0.35294117647058826,0.17647058823529413,0.47058823529411764
20140317-W-Miami-R32-Caroline_Wozniacki-Sloane_Stephens,Sloane Stephens,0.21153846153846154,0.038461538461538464,0.75
20140314-W-Indian_Wells-SF-Agnieszka_Radwanska-Simona_Halep,Agnieszka Radwanska,0.23255813953488372,0.13953488372093023,0.627906976744186
20140314-W-Indian_Wells-SF-Agnieszka_Radwanska-Simona_Halep,Simona Halep,0.3076923076923077,0.07692307692307693,0.6153846153846154
20140311-W-Indian_Wells-R16-Dominika_Cibulkova-Petra_Kvitova,Dominika Cibulkova,0.3333333333333333,0.19047619047619047,0.47619047619047616
20140311-W-Indian_Wells-R16-Dominika_Cibulkova-Petra_Kvitova,Petra Kvitova,0.2222222222222222,0.07936507936507936,0.6984126984126984
20140309-W-Indian_Wells-R32-Eugenie_Bouchard-Sara_Errani,Eugenie Bouchard,0.49230769230769234,0.09230769230769231,0.4
20140309-W-Indian_Wells-R32-Eugenie_Bouchard-Sara_Errani,Sara Errani,0.25806451612903225,0.22580645161290322,0.5161290322580645
20140308-W-Indian_Wells-R64-Ana_Ivanovic-Elina_Svitolina,Ana Ivanovic,0.36283185840707965,0.10619469026548672,0.5309734513274337
20140308-W-Indian_Wells-R64-Ana_Ivanovic-Elina_Svitolina,Elina Svitolina,0.2542372881355932,0.13559322033898305,0.6101694915254238
20140307-W-Indian_Wells-R64-Shuai_Peng-Eugenie_Bouchard,Shuai Peng,0.3055555555555556,0.08333333333333333,0.6111111111111112
20140307-W-Indian_Wells-R64-Shuai_Peng-Eugenie_Bouchard,Eugenie Bouchard,0.5882352941176471,0.029411764705882353,0.38235294117647056
20140222-W-Dubai-SF-Serena_Williams-Alize_Cornet,Serena Williams,0.25862068965517243,0.20689655172413793,0.5344827586206896
20140222-W-Dubai-SF-Serena_Williams-Alize_Cornet,Alize Cornet,0.3103448275862069,0.3448275862068966,0.3448275862068966
20140214-W-Doha-QF-Petra_Cetkovska-Angelique_Kerber,Petra Cetkovska,0.1794871794871795,0.05128205128205128,0.7692307692307693
20140214-W-Doha-QF-Petra_Cetkovska-Angelique_Kerber,Angelique Kerber,0.39285714285714285,0.17857142857142858,0.39285714285714285
20140201-W-Paris_Open-SF-Alize_Cornet-Sara_Errani,Alize Cornet,0.3821138211382114,0.15447154471544716,0.4634146341463415
20140201-W-Paris_Open-SF-Alize_Cornet-Sara_Errani,Sara Errani,0.34065934065934067,0.24175824175824176,0.4175824175824176
20140125-W-Australian_Open-F-Dominika_Cibulkova-Na_Li,Dominika Cibulkova,0.2682926829268293,0.1951219512195122,0.5365853658536586
20140125-W-Australian_Open-F-Dominika_Cibulkova-Na_Li,Na Li,0.4411764705882353,0.14705882352941177,0.4117647058823529
20140121-W-Dubai-QF-Serena_Williams-Jelena_Jankovic,Serena Williams,0.3076923076923077,0.2692307692307692,0.4230769230769231
20140121-W-Dubai-QF-Serena_Williams-Jelena_Jankovic,Jelena Jankovic,0.19444444444444445,0.19444444444444445,0.6111111111111112
20140119-W-Australian_Open-R16-Serena_Williams-Ana_Ivanovic,Serena Williams,0.1702127659574468,0.2978723404255319,0.5319148936170213
20140119-W-Australian_Open-R16-Serena_Williams-Ana_Ivanovic,Ana Ivanovic,0.45454545454545453,0.21212121212121213,0.3333333333333333
20140119-W-Australian_Open-R16-Agnieszka_Radwanska-Garbine_Muguruza,Agnieszka Radwanska,0.18181818181818182,0.5757575757575758,0.24242424242424243
20140119-W-Australian_Open-R16-Agnieszka_Radwanska-Garbine_Muguruza,Garbine Muguruza,0.2923076923076923,0.2,0.5076923076923077
20140118-W-Australian_Open-R32-Maria_Sharapova-Alize_Cornet,Maria Sharapova,0.4520547945205479,0.2328767123287671,0.3150684931506849
20140118-W-Australian_Open-R32-Maria_Sharapova-Alize_Cornet,Alize Cornet,0.28125,0.28125,0.4375
20140117-W-Australian_Open-R32-Serena_Williams-Daniela_Hantuchova,Serena Williams,0.2727272727272727,0.22727272727272727,0.5
20140117-W-Australian_Open-R32-Serena_Williams-Daniela_Hantuchova,Daniela Hantuchova,0.25806451612903225,0.12903225806451613,0.6129032258064516
20140114-W-Hobart-QF-Camila_Giorgi-Eugenie_Bouchard,Camila Giorgi,0.21052631578947367,0.3157894736842105,0.47368421052631576
20140114-W-Hobart-QF-Camila_Giorgi-Eugenie_Bouchard,Eugenie Bouchard,0.4482758620689655,0.13793103448275862,0.41379310344827586
20140114-W-Australian_Open-R128-Caroline_Wozniacki-Lourdes_Dominguez_Lino,Caroline Wozniacki,0.39473684210526316,0.3157894736842105,0.2894736842105263
20140114-W-Australian_Open-R128-Caroline_Wozniacki-Lourdes_Dominguez_Lino,Lourdes Dominguez Lino,0.21951219512195122,0.17073170731707318,0.6097560975609756
20140113-W-Australian_Open_Q-Q2-Carina_Witthoeft-Anastasia_Rodionova,Carina Witthoeft,0.1891891891891892,0.2702702702702703,0.5405405405405406
20140113-W-Australian_Open_Q-Q2-Carina_Witthoeft-Anastasia_Rodionova,Anastasia Rodionova,0.18,0.16,0.66
20140113-W-Australian_Open-R64-Alla_Kudryavtseva-Angelique_Kerber,Alla Kudryavtseva,0.4186046511627907,0.13953488372093023,0.4418604651162791
20140113-W-Australian_Open-R64-Alla_Kudryavtseva-Angelique_Kerber,Angelique Kerber,0.4857142857142857,0.2,0.3142857142857143
20140113-W-Australian_Open-R128-Venus_Williams-Kate_Makarova,Venus Williams,0.40384615384615385,0.18269230769230768,0.41346153846153844
20140113-W-Australian_Open-R128-Venus_Williams-Kate_Makarova,Kate Makarova,0.3275862068965517,0.25862068965517243,0.41379310344827586
20140113-W-Australian_Open-R128-Ana_Konjuh-Na_Li,Ana Konjuh,0.18421052631578946,0.10526315789473684,0.7105263157894737
20140113-W-Australian_Open-R128-Ana_Konjuh-Na_Li,Na Li,0.4473684210526316,0.05263157894736842,0.5
20140110-W-Sydney-F-Tsvetana_Pironkova-Angelique_Kerber,Tsvetana Pironkova,0.4,0.26153846153846155,0.3384615384615385
20140110-W-Sydney-F-Tsvetana_Pironkova-Angelique_Kerber,Angelique Kerber,0.359375,0.296875,0.34375
20140110-W-Hobart-SF-Estrella_Cabeza_Candela-Garbine_Muguruza,Estrella Cabeza Candela,0.11764705882352941,0.17647058823529413,0.7058823529411765
20140110-W-Hobart-SF-Estrella_Cabeza_Candela-Garbine_Muguruza,Garbine Muguruza,0.2647058823529412,0.5,0.23529411764705882
20140110-W-Hobart-F-Garbine_Muguruza-Klara_Koukalova,Garbine Muguruza,0.3333333333333333,0.26666666666666666,0.4
20140110-W-Hobart-F-Garbine_Muguruza-Klara_Koukalova,Klara Koukalova,0.2571428571428571,0.2,0.5428571428571428
20140109-W-Sydney-SF-Madison_Keys-Angelique_Kerber,Madison Keys,0.30434782608695654,0.13043478260869565,0.5652173913043478
20140109-W-Sydney-SF-Madison_Keys-Angelique_Kerber,Angelique Kerber,0.3055555555555556,0.4166666666666667,0.2777777777777778
20140108-W-Hobart-R16-Yanina_Wickmayer-Garbine_Muguruza,Yanina Wickmayer,0.09090909090909091,0.45454545454545453,0.45454545454545453
20140108-W-Hobart-R16-Yanina_Wickmayer-Garbine_Muguruza,Garbine Muguruza,0.42857142857142855,0.5714285714285714,0.0
20140104-W-Brisbane-F-Victoria_Azarenka-Serena_Williams,Victoria Azarenka,0.275,0.275,0.45
20140104-W-Brisbane-F-Victoria_Azarenka-Serena_Williams,Serena Williams,0.3877551020408163,0.16326530612244897,0.4489795918367347
20140103-W-Auckland-QF-Jamie_Hampton-Lauren_Davis,Jamie Hampton,0.2755102040816326,0.17346938775510204,0.5510204081632653
20140103-W-Auckland-QF-Jamie_Hampton-Lauren_Davis,Lauren Davis,0.18867924528301888,0.22641509433962265,0.5849056603773585
20140102-W-Brisbane-QF-Angelique_Kerber-Jelena_Jankovic,Angelique Kerber,0.275,0.15,0.575
20140102-W-Brisbane-QF-Angelique_Kerber-Jelena_Jankovic,Jelena Jankovic,0.43529411764705883,0.2,0.36470588235294116
20140102-W-Auckland-QF-Garbine_Muguruza-Venus_Williams,Garbine Muguruza,0.13513513513513514,0.13513513513513514,0.7297297297297297
20140102-W-Auckland-QF-Garbine_Muguruza-Venus_Williams,Venus Williams,0.2826086956521739,0.1956521739130435,0.5217391304347826
20131230-W-Brisbane-R32-Maria_Sharapova-Caroline_Garcia,Maria Sharapova,0.5333333333333333,0.2,0.26666666666666666
20131230-W-Brisbane-R32-Maria_Sharapova-Caroline_Garcia,Caroline Garcia,0.15384615384615385,0.19230769230769232,0.6538461538461539
20131229-W-Brisbane-R32-Elina_Svitolina-Varvara_Lepchenko,Elina Svitolina,0.22580645161290322,0.4838709677419355,0.2903225806451613
20131229-W-Brisbane-R32-Elina_Svitolina-Varvara_Lepchenko,Varvara Lepchenko,0.30434782608695654,0.15217391304347827,0.5434782608695652
20131031-W-Sofia-RR-Simona_Halep-Elina_Svitolina,Simona Halep,0.3448275862068966,0.2413793103448276,0.41379310344827586
20131031-W-Sofia-RR-Simona_Halep-Elina_Svitolina,Elina Svitolina,0.1388888888888889,0.19444444444444445,0.6666666666666666
20131020-W-Luxembourg-F-Caroline_Wozniacki-Annika_Beck,Caroline Wozniacki,0.275,0.225,0.5
20131020-W-Luxembourg-F-Caroline_Wozniacki-Annika_Beck,Annika Beck,0.19148936170212766,0.1276595744680851,0.6808510638297872
20131019-W-Luxembourg-SF-Sabine_Lisicki-Caroline_Wozniacki,Sabine Lisicki,0.40816326530612246,0.12244897959183673,0.4489795918367347
20131019-W-Luxembourg-SF-Sabine_Lisicki-Caroline_Wozniacki,Caroline Wozniacki,0.32,0.36,0.32
20131016-W-Luxembourg-R32-Andrea_Petkovic-Eugenie_Bouchard,Andrea Petkovic,0.2571428571428571,0.21428571428571427,0.5285714285714286
20131016-W-Luxembourg-R32-Andrea_Petkovic-Eugenie_Bouchard,Eugenie Bouchard,0.36619718309859156,0.15492957746478872,0.4788732394366197
20131012-W-Linz-SF-Stefanie_Voegele-Ana_Ivanovic,Stefanie Voegele,0.2692307692307692,0.3076923076923077,0.4230769230769231
20131012-W-Linz-SF-Stefanie_Voegele-Ana_Ivanovic,Ana Ivanovic,0.5283018867924528,0.22641509433962265,0.24528301886792453
20131011-W-Linz-QF-Dominika_Cibulkova-Ana_Ivanovic,Dominika Cibulkova,0.2682926829268293,0.24390243902439024,0.4878048780487805
20131011-W-Linz-QF-Dominika_Cibulkova-Ana_Ivanovic,Ana Ivanovic,0.4166666666666667,0.20833333333333334,0.375
20130907-W-Warsaw_Tomaszewski_Cup-F-Dayana_Yastremska-Amina_Anshba,Dayana Yastremska,0.35625,0.13125,0.50625
20130907-W-Warsaw_Tomaszewski_Cup-F-Dayana_Yastremska-Amina_Anshba,Amina Anshba,0.1935483870967742,0.2903225806451613,0.5161290322580645
20130826-W-US_Open-R128-Ying_Ying_Duan-Caroline_Wozniacki,Ying Ying Duan,0.3333333333333333,0.12,0.5466666666666666
20130826-W-US_Open-R128-Ying_Ying_Duan-Caroline_Wozniacki,Caroline Wozniacki,0.4090909090909091,0.09090909090909091,0.5
20130826-W-US_Open-R128-Eugenie_Bouchard-Karolina_Pliskova,Eugenie Bouchard,0.3230769230769231,0.09230769230769231,0.5846153846153846
20130826-W-US_Open-R128-Eugenie_Bouchard-Karolina_Pliskova,Karolina Pliskova,0.2717391304347826,0.09782608695652174,0.6304347826086957
20130826-W-US_Open-R128-Agnieszka_Radwanska-Silvia_Soler_Espinosa,Agnieszka Radwanska,0.41025641025641024,0.28205128205128205,0.3076923076923077
20130826-W-US_Open-R128-Agnieszka_Radwanska-Silvia_Soler_Espinosa,Silvia Soler Espinosa,0.20588235294117646,0.3235294117647059,0.47058823529411764
20130819-W-New_Haven-F-Petra_Kvitova-Simona_Halep,Petra Kvitova,0.2702702702702703,0.16216216216216217,0.5675675675675675
20130819-W-New_Haven-F-Petra_Kvitova-Simona_Halep,Simona Halep,0.5,0.3076923076923077,0.19230769230769232
20130818-W-Cincinnati-F-Victoria_Azarenka-Serena_Williams,Victoria Azarenka,0.2698412698412698,0.19047619047619047,0.5396825396825397
20130818-W-Cincinnati-F-Victoria_Azarenka-Serena_Williams,Serena Williams,0.32323232323232326,0.16161616161616163,0.5151515151515151
20130816-W-Cincinnati-QF-Magdalena_Rybarikova-Victoria_Azarenka,Magdalena Rybarikova,0.34146341463414637,0.024390243902439025,0.6341463414634146
20130816-W-Cincinnati-QF-Magdalena_Rybarikova-Victoria_Azarenka,Victoria Azarenka,0.4772727272727273,0.1590909090909091,0.36363636363636365
20130807-W-Toronto-R32-Eugenie_Bouchard-Petra_Kvitova,Eugenie Bouchard,0.1794871794871795,0.23076923076923078,0.5897435897435898
20130807-W-Toronto-R32-Eugenie_Bouchard-Petra_Kvitova,Petra Kvitova,0.41379310344827586,0.13793103448275862,0.4482758620689655
20130718-W-Bastad-SF-Serena_Williams-Klara_Koukalova,Serena Williams,0.35135135135135137,0.24324324324324326,0.40540540540540543
20130718-W-Bastad-SF-Serena_Williams-Klara_Koukalova,Klara Koukalova,0.3055555555555556,0.08333333333333333,0.6111111111111112
20130715-W-Bastad-F-Serena_Williams-Johanna_Larsson,Serena Williams,0.4375,0.078125,0.484375
20130715-W-Bastad-F-Serena_Williams-Johanna_Larsson,Johanna Larsson,0.2222222222222222,0.037037037037037035,0.7407407407407407
20130704-W-Wimbledon-SF-Agnieszka_Radwanska-Sabine_Lisicki,Agnieszka Radwanska,0.28846153846153844,0.46153846153846156,0.25
20130704-W-Wimbledon-SF-Agnieszka_Radwanska-Sabine_Lisicki,Sabine Lisicki,0.42452830188679247,0.2169811320754717,0.3584905660377358
20130702-W-Wimbledon-QF-Kaia_Kanepi-Sabine_Lisicki,Kaia Kanepi,0.2,0.26666666666666666,0.5333333333333333
20130702-W-Wimbledon-QF-Kaia_Kanepi-Sabine_Lisicki,Sabine Lisicki,0.45454545454545453,0.20454545454545456,0.3409090909090909
20130701-W-Wimbledon-R16-Sabine_Lisicki-Serena_Williams,Sabine Lisicki,0.3157894736842105,0.15789473684210525,0.5131578947368421
20130701-W-Wimbledon-R16-Sabine_Lisicki-Serena_Williams,Serena Williams,0.2647058823529412,0.25,0.47058823529411764
20130701-W-Wimbledon-R16-Kaia_Kanepi-Laura_Robson,Kaia Kanepi,0.33962264150943394,0.11320754716981132,0.5471698113207547
20130701-W-Wimbledon-R16-Kaia_Kanepi-Laura_Robson,Laura Robson,0.35294117647058826,0.11764705882352941,0.5294117647058824
20130627-W-Wimbledon-R64-Agnieszka_Radwanska-Mathilde_Johansson,Agnieszka Radwanska,0.34285714285714286,0.45714285714285713,0.2
20130627-W-Wimbledon-R64-Agnieszka_Radwanska-Mathilde_Johansson,Mathilde Johansson,0.36666666666666664,0.2,0.43333333333333335
20130626-W-Wimbledon-R64-Eugenie_Bouchard-Ana_Ivanovic,Eugenie Bouchard,0.2894736842105263,0.42105263157894735,0.2894736842105263
20130626-W-Wimbledon-R64-Eugenie_Bouchard-Ana_Ivanovic,Ana Ivanovic,0.42857142857142855,0.32142857142857145,0.25
20130606-W-Roland_Garros-SF-Serena_Williams-Sara_Errani,Serena Williams,0.66,0.16,0.18
20130606-W-Roland_Garros-SF-Serena_Williams-Sara_Errani,Sara Errani,0.2222222222222222,0.4444444444444444,0.3333333333333333
20130606-W-Roland_Garros-SF-Maria_Sharapova-Victoria_Azarenka,Maria Sharapova,0.3972602739726027,0.273972602739726,0.3287671232876712
20130606-W-Roland_Garros-SF-Maria_Sharapova-Victoria_Azarenka,Victoria Azarenka,0.2391304347826087,0.41304347826086957,0.34782608695652173
20130603-W-ITF_Nottingham-R32-An_Sophie_Mestach-Johanna_Konta,An Sophie Mestach,0.28205128205128205,0.23076923076923078,0.48717948717948717
20130603-W-ITF_Nottingham-R32-An_Sophie_Mestach-Johanna_Konta,Johanna Konta,0.42857142857142855,0.23809523809523808,0.3333333333333333
20130524-W-Strasbourg-SF-Alize_Cornet-Eugenie_Bouchard,Alize Cornet,0.3333333333333333,0.2638888888888889,0.4027777777777778
20130524-W-Strasbourg-SF-Alize_Cornet-Eugenie_Bouchard,Eugenie Bouchard,0.36885245901639346,0.13934426229508196,0.4918032786885246
20130518-W-Rome-SF-Serena_Williams-Simona_Halep,Serena Williams,0.4090909090909091,0.22727272727272727,0.36363636363636365
20130518-W-Rome-SF-Serena_Williams-Simona_Halep,Simona Halep,0.1111111111111111,0.2962962962962963,0.5925925925925926
20130513-W-Rome-R64-Venus_Williams-Laura_Robson,Venus Williams,0.23809523809523808,0.16666666666666666,0.5952380952380952
20130513-W-Rome-R64-Venus_Williams-Laura_Robson,Laura Robson,0.3404255319148936,0.14893617021276595,0.5106382978723404
20130512-W-Madrid-F-Maria_Sharapova-Serena_Williams,Maria Sharapova,0.375,0.09375,0.53125
20130512-W-Madrid-F-Maria_Sharapova-Serena_Williams,Serena Williams,0.3684210526315789,0.3157894736842105,0.3157894736842105
20130508-W-Madrid-R32-Victoria_Azarenka-Kate_Makarova,Victoria Azarenka,0.33783783783783783,0.10810810810810811,0.5540540540540541
20130508-W-Madrid-R32-Victoria_Azarenka-Kate_Makarova,Kate Makarova,0.36923076923076925,0.046153846153846156,0.5846153846153846
20130506-W-Madrid-R64-Maria_Sharapova-Alexandra_Dulgheru,Maria Sharapova,0.2807017543859649,0.2982456140350877,0.42105263157894735
20130506-W-Madrid-R64-Maria_Sharapova-Alexandra_Dulgheru,Alexandra Dulgheru,0.25,0.1,0.65
20130505-W-Madrid-R64-Serena_Williams-Yulia_Putintseva,Serena Williams,0.38333333333333336,0.26666666666666666,0.35
20130505-W-Madrid-R64-Serena_Williams-Yulia_Putintseva,Yulia Putintseva,0.2702702702702703,0.1891891891891892,0.5405405405405406
20130420-W-Fed_Cup_World_Group_PO-RR-Ana_Ivanovic-Angelique_Kerber,Ana Ivanovic,0.3939393939393939,0.1919191919191919,0.41414141414141414
20130420-W-Fed_Cup_World_Group_PO-RR-Ana_Ivanovic-Angelique_Kerber,Angelique Kerber,0.3333333333333333,0.20634920634920634,0.4603174603174603
20130413-W-Katowice-F-Petra_Kvitova-Roberta_Vinci,Petra Kvitova,0.3611111111111111,0.2361111111111111,0.4027777777777778
20130413-W-Katowice-F-Petra_Kvitova-Roberta_Vinci,Roberta Vinci,0.4090909090909091,0.38636363636363635,0.20454545454545456
20130407-W-Charleston-F-Serena_Williams-Jelena_Jankovic,Serena Williams,0.4864864864864865,0.21621621621621623,0.2972972972972973
20130407-W-Charleston-F-Serena_Williams-Jelena_Jankovic,Jelena Jankovic,0.32558139534883723,0.20930232558139536,0.46511627906976744
20130403-W-Charleston-R32-Caroline_Wozniacki-Silvia_Soler_Espinosa,Caroline Wozniacki,0.32142857142857145,0.21428571428571427,0.4642857142857143
20130403-W-Charleston-R32-Caroline_Wozniacki-Silvia_Soler_Espinosa,Silvia Soler Espinosa,0.23076923076923078,0.07692307692307693,0.6923076923076923
20130402-W-Charleston-R32-Camila_Giorgi-Serena_Williams,Camila Giorgi,0.4117647058823529,0.17647058823529413,0.4117647058823529
20130402-W-Charleston-R32-Camila_Giorgi-Serena_Williams,Serena Williams,0.2619047619047619,0.2857142857142857,0.4523809523809524
20130331-W-Miami-F-Serena_Williams-Maria_Sharapova,Serena Williams,0.37142857142857144,0.2571428571428571,0.37142857142857144
20130331-W-Miami-F-Serena_Williams-Maria_Sharapova,Maria Sharapova,0.2727272727272727,0.3181818181818182,0.4090909090909091
20130328-W-Miami-SF-Jelena_Jankovic-Maria_Sharapova,Jelena Jankovic,0.3333333333333333,0.20833333333333334,0.4583333333333333
20130328-W-Miami-SF-Jelena_Jankovic-Maria_Sharapova,Maria Sharapova,0.32558139534883723,0.46511627906976744,0.20930232558139536
20130322-W-Miami-R64-Eugenie_Bouchard-Maria_Sharapova,Eugenie Bouchard,0.1875,0.25,0.5625
20130322-W-Miami-R64-Eugenie_Bouchard-Maria_Sharapova,Maria Sharapova,0.4864864864864865,0.2972972972972973,0.21621621621621623
20130312-W-Indian_Wells-R16-Caroline_Wozniacki-Nadia_Petrova,Caroline Wozniacki,0.15,0.275,0.575
20130312-W-Indian_Wells-R16-Caroline_Wozniacki-Nadia_Petrova,Nadia Petrova,0.3225806451612903,0.14516129032258066,0.532258064516129
20130221-W-Dubai-QF-Caroline_Wozniacki-Marion_Bartoli,Caroline Wozniacki,0.40350877192982454,0.42105263157894735,0.17543859649122806
20130221-W-Dubai-QF-Caroline_Wozniacki-Marion_Bartoli,Marion Bartoli,0.3838383838383838,0.24242424242424243,0.37373737373737376
20130221-W-Dubai-QF-Agnieszka_Radwanska-Petra_Kvitova,Agnieszka Radwanska,0.3,0.3,0.4
20130221-W-Dubai-QF-Agnieszka_Radwanska-Petra_Kvitova,Petra Kvitova,0.38095238095238093,0.20238095238095238,0.4166666666666667
20130220-W-Dubai-R16-Caroline_Wozniacki-Jie_Zheng,Caroline Wozniacki,0.3181818181818182,0.45454545454545453,0.22727272727272727
20130220-W-Dubai-R16-Caroline_Wozniacki-Jie_Zheng,Jie Zheng,0.2857142857142857,0.08571428571428572,0.6285714285714286
20130219-W-Dubai-R32-Samantha_Stosur-Kate_Makarova,Samantha Stosur,0.1206896551724138,0.29310344827586204,0.5862068965517241
20130219-W-Dubai-R32-Samantha_Stosur-Kate_Makarova,Kate Makarova,0.09090909090909091,0.09090909090909091,0.8181818181818182
20130216-W-Doha-SF-Serena_Williams-Maria_Sharapova,Serena Williams,0.34146341463414637,0.21951219512195122,0.43902439024390244
20130216-W-Doha-SF-Serena_Williams-Maria_Sharapova,Maria Sharapova,0.20689655172413793,0.20689655172413793,0.5862068965517241
20130201-W-Paris-QF-Kiki_Bertens-Lucie_Safarova,Kiki Bertens,0.2702702702702703,0.24324324324324326,0.4864864864864865
20130201-W-Paris-QF-Kiki_Bertens-Lucie_Safarova,Lucie Safarova,0.23255813953488372,0.13953488372093023,0.627906976744186
20130131-W-Paris-R16-Dominika_Cibulkova-Kiki_Bertens,Dominika Cibulkova,0.23214285714285715,0.19642857142857142,0.5714285714285714
20130131-W-Paris-R16-Dominika_Cibulkova-Kiki_Bertens,Kiki Bertens,0.25862068965517243,0.20689655172413793,0.5344827586206896
20130124-W-Australian_Open-SF-Sloane_Stephens-Victoria_Azarenka,Sloane Stephens,0.22033898305084745,0.11864406779661017,0.6610169491525424
20130124-W-Australian_Open-SF-Sloane_Stephens-Victoria_Azarenka,Victoria Azarenka,0.3958333333333333,0.16666666666666666,0.4375
20130123-W-Australian_Open-QF-Svetlana_Kuznetsova-Victoria_Azarenka,Svetlana Kuznetsova,0.30158730158730157,0.19047619047619047,0.5079365079365079
20130123-W-Australian_Open-QF-Svetlana_Kuznetsova-Victoria_Azarenka,Victoria Azarenka,0.3770491803278688,0.29508196721311475,0.32786885245901637
20130120-W-Australian_Open-R16-Serena_Williams-Maria_Kirilenko,Serena Williams,0.5,0.32142857142857145,0.17857142857142858
20130120-W-Australian_Open-R16-Serena_Williams-Maria_Kirilenko,Maria Kirilenko,0.23809523809523808,0.19047619047619047,0.5714285714285714
20130120-W-Australian_Open-R16-Elena_Vesnina-Victoria_Azarenka,Elena Vesnina,0.2571428571428571,0.14285714285714285,0.6
20130120-W-Australian_Open-R16-Elena_Vesnina-Victoria_Azarenka,Victoria Azarenka,0.5384615384615384,0.19230769230769232,0.2692307692307692
20130120-W-Australian_Open-R16-Ana_Ivanovic-Agnieszka_Radwanska,Ana Ivanovic,0.49230769230769234,0.12307692307692308,0.38461538461538464
20130120-W-Australian_Open-R16-Ana_Ivanovic-Agnieszka_Radwanska,Agnieszka Radwanska,0.2631578947368421,0.5263157894736842,0.21052631578947367
20130119-W-Australian_Open-R32-Caroline_Wozniacki-Lesia_Tsurenko,Caroline Wozniacki,0.2,0.32,0.48
20130119-W-Australian_Open-R32-Caroline_Wozniacki-Lesia_Tsurenko,Lesia Tsurenko,0.2222222222222222,0.2222222222222222,0.5555555555555556
20130118-W-Australian_Open-R32-Victoria_Azarenka-Jamie_Hampton,Victoria Azarenka,0.2909090909090909,0.23636363636363636,0.4727272727272727
20130118-W-Australian_Open-R32-Victoria_Azarenka-Jamie_Hampton,Jamie Hampton,0.3673469387755102,0.09183673469387756,0.5408163265306123
20130118-W-Australian_Open-R32-Venus_Williams-Maria_Sharapova,Venus Williams,0.2647058823529412,0.23529411764705882,0.5
20130118-W-Australian_Open-R32-Venus_Williams-Maria_Sharapova,Maria Sharapova,0.27906976744186046,0.37209302325581395,0.3488372093023256
20130117-W-Australian_Open-R64-Victoria_Azarenka-Eleni_Daniilidou,Victoria Azarenka,0.6129032258064516,0.06451612903225806,0.3225806451612903
20130117-W-Australian_Open-R64-Victoria_Azarenka-Eleni_Daniilidou,Eleni Daniilidou,0.2222222222222222,0.1111111111111111,0.6666666666666666
20130117-W-Australian_Open-R64-Laura_Robson-Petra_Kvitova,Laura Robson,0.2727272727272727,0.25757575757575757,0.4696969696969697
20130117-W-Australian_Open-R64-Laura_Robson-Petra_Kvitova,Petra Kvitova,0.25882352941176473,0.23529411764705882,0.5058823529411764
20130117-W-Australian_Open-R64-Garbine_Muguruza-Serena_Williams,Garbine Muguruza,0.36666666666666664,0.3,0.3333333333333333
20130117-W-Australian_Open-R64-Garbine_Muguruza-Serena_Williams,Serena Williams,0.38095238095238093,0.47619047619047616,0.14285714285714285
20130117-W-Australian_Open-R32-Jelena_Jankovic-Ana_Ivanovic,Jelena Jankovic,0.32558139534883723,0.37209302325581395,0.3023255813953488
20130117-W-Australian_Open-R32-Jelena_Jankovic-Ana_Ivanovic,Ana Ivanovic,0.5,0.25,0.25
20130116-W-Australian_Open-R64-Julia_Goerges-Romina_Oprandi,Julia Goerges,0.38461538461538464,0.23076923076923078,0.38461538461538464
20130116-W-Australian_Open-R64-Julia_Goerges-Romina_Oprandi,Romina Oprandi,0.07407407407407407,0.3333333333333333,0.5925925925925926
20130115-W-Australian_Open-R128-Victoria_Azarenka-Monica_Niculescu,Victoria Azarenka,0.46,0.12,0.42
20130115-W-Australian_Open-R128-Victoria_Azarenka-Monica_Niculescu,Monica Niculescu,0.21739130434782608,0.08695652173913043,0.6956521739130435
20130115-W-Australian_Open-R128-Nadia_Petrova-Kimiko_Date_Krumm,Nadia Petrova,0.16216216216216217,0.21621621621621623,0.6216216216216216
20130115-W-Australian_Open-R128-Nadia_Petrova-Kimiko_Date_Krumm,Kimiko Date Krumm,0.37209302325581395,0.27906976744186046,0.3488372093023256
20130112-W-Beijing-R16-Agnieszka_Radwanska-Polona_Hercog,Agnieszka Radwanska,0.5161290322580645,0.12903225806451613,0.3548387096774194
20130112-W-Beijing-R16-Agnieszka_Radwanska-Polona_Hercog,Polona Hercog,0.4090909090909091,0.06060606060606061,0.5303030303030303
20130110-W-Hobart-R16-Shuai_Peng-Monica_Niculescu,Shuai Peng,0.3282442748091603,0.31297709923664124,0.35877862595419846
20130110-W-Hobart-R16-Shuai_Peng-Monica_Niculescu,Monica Niculescu,0.3492063492063492,0.42857142857142855,0.2222222222222222
20130110-W-Hobart-QF-Kirsten_Flipkens-Monica_Niculescu,Kirsten Flipkens,0.3373493975903614,0.26506024096385544,0.39759036144578314
20130110-W-Hobart-QF-Kirsten_Flipkens-Monica_Niculescu,Monica Niculescu,0.3384615384615385,0.27692307692307694,0.38461538461538464
20130107-W-Hobart-R32-Timea_Babos-Klara_Koukalova,Timea Babos,0.20454545454545456,0.13636363636363635,0.6590909090909091
20130107-W-Hobart-R32-Timea_Babos-Klara_Koukalova,Klara Koukalova,0.21052631578947367,0.15789473684210525,0.6052631578947368
20130107-W-Hobart-R32-Mona_Barthel-Ashleigh_Barty,Mona Barthel,0.44776119402985076,0.23880597014925373,0.31343283582089554
20130107-W-Hobart-R32-Mona_Barthel-Ashleigh_Barty,Ashleigh Barty,0.4090909090909091,0.22727272727272727,0.36363636363636365
20130107-W-Hobart-R16-Tsvetana_Pironkova-Klara_Koukalova,Tsvetana Pironkova,0.3584905660377358,0.22641509433962265,0.41509433962264153
20130107-W-Hobart-R16-Tsvetana_Pironkova-Klara_Koukalova,Klara Koukalova,0.28378378378378377,0.22972972972972974,0.4864864864864865
20130105-W-Auckland-F-Yanina_Wickmayer-Agnieszka_Radwanska,Yanina Wickmayer,0.3493975903614458,0.1927710843373494,0.4578313253012048
20130105-W-Auckland-F-Yanina_Wickmayer-Agnieszka_Radwanska,Agnieszka Radwanska,0.0967741935483871,0.5161290322580645,0.3870967741935484
20121103-W-Fed_Cup_World_Group_F-RR-Jelena_Jankovic-Lucie_Safarova,Jelena Jankovic,0.1388888888888889,0.3333333333333333,0.5277777777777778
20121103-W-Fed_Cup_World_Group_F-RR-Jelena_Jankovic-Lucie_Safarova,Lucie Safarova,0.5111111111111111,0.2222222222222222,0.26666666666666666
20121027-W-WTA_Championships-SF-Victoria_Azarenka-Maria_Sharapova,Victoria Azarenka,0.275,0.3,0.425
20121027-W-WTA_Championships-SF-Victoria_Azarenka-Maria_Sharapova,Maria Sharapova,0.44,0.16,0.4
20121024-W-WTA_Championships-RR-Agnieszka_Radwanska-Maria_Sharapova,Agnieszka Radwanska,0.27586206896551724,0.2413793103448276,0.4827586206896552
20121024-W-WTA_Championships-RR-Agnieszka_Radwanska-Maria_Sharapova,Maria Sharapova,0.4122137404580153,0.0916030534351145,0.48091603053435117
20121023-W-Luxembourg-QF-Andrea_Petkovic-Ksenia_Pervak,Andrea Petkovic,0.34210526315789475,0.2631578947368421,0.39473684210526316
20121023-W-Luxembourg-QF-Andrea_Petkovic-Ksenia_Pervak,Ksenia Pervak,0.2857142857142857,0.2,0.5142857142857142
20121021-W-Moscow-F-Caroline_Wozniacki-Samantha_Stosur,Caroline Wozniacki,0.3448275862068966,0.29310344827586204,0.3620689655172414
20121021-W-Moscow-F-Caroline_Wozniacki-Samantha_Stosur,Samantha Stosur,0.39361702127659576,0.1595744680851064,0.44680851063829785
20121007-W-Beijing-F-Maria_Sharapova-Victoria_Azarenka,Maria Sharapova,0.2545454545454545,0.14545454545454545,0.6
20121007-W-Beijing-F-Maria_Sharapova-Victoria_Azarenka,Victoria Azarenka,0.25,0.21428571428571427,0.5357142857142857
20120907-W-US_Open-SF-Serena_Williams-Sara_Errani,Serena Williams,0.41818181818181815,0.18181818181818182,0.4
20120907-W-US_Open-SF-Serena_Williams-Sara_Errani,Sara Errani,0.2857142857142857,0.14285714285714285,0.5714285714285714
20120902-W-US_Open-R16-Andrea_Hlavackova-Serena_Williams,Andrea Hlavackova,0.2857142857142857,0.19047619047619047,0.5238095238095238
20120902-W-US_Open-R16-Andrea_Hlavackova-Serena_Williams,Serena Williams,0.48717948717948717,0.41025641025641024,0.10256410256410256
20120829-W-US_Open-R64-Maria_Sharapova-Lourdes_Dominguez_Lino,Maria Sharapova,0.4117647058823529,0.3137254901960784,0.27450980392156865
20120829-W-US_Open-R64-Maria_Sharapova-Lourdes_Dominguez_Lino,Lourdes Dominguez Lino,0.0,0.2,0.8
20120810-W-Montreal-R16-Marion_Bartoli-Petra_Kvitova,Marion Bartoli,0.15789473684210525,0.2631578947368421,0.5789473684210527
20120810-W-Montreal-R16-Marion_Bartoli-Petra_Kvitova,Petra Kvitova,0.4878048780487805,0.21951219512195122,0.2926829268292683
20120804-W-Olympics-F-Serena_Williams-Maria_Sharapova,Serena Williams,0.45161290322580644,0.25806451612903225,0.2903225806451613
20120804-W-Olympics-F-Serena_Williams-Maria_Sharapova,Maria Sharapova,0.22727272727272727,0.22727272727272727,0.5454545454545454
20120804-W-Olympics-BR-Victoria_Azarenka-Maria_Kirilenko,Victoria Azarenka,0.4222222222222222,0.2,0.37777777777777777
20120804-W-Olympics-BR-Victoria_Azarenka-Maria_Kirilenko,Maria Kirilenko,0.28846153846153844,0.25,0.46153846153846156
20120803-W-Olympics-SF-Serena_Williams-Victoria_Azarenka,Serena Williams,0.5333333333333333,0.13333333333333333,0.3333333333333333
20120803-W-Olympics-SF-Serena_Williams-Victoria_Azarenka,Victoria Azarenka,0.38461538461538464,0.07692307692307693,0.5384615384615384
20120803-W-Olympics-SF-Maria_Sharapova-Maria_Kirilenko,Maria Sharapova,0.48214285714285715,0.14285714285714285,0.375
20120803-W-Olympics-SF-Maria_Sharapova-Maria_Kirilenko,Maria Kirilenko,0.2777777777777778,0.16666666666666666,0.5555555555555556
20120802-W-Olympics-QF-Victoria_Azarenka-Angelique_Kerber,Victoria Azarenka,0.39622641509433965,0.22641509433962265,0.37735849056603776
20120802-W-Olympics-QF-Victoria_Azarenka-Angelique_Kerber,Angelique Kerber,0.31343283582089554,0.14925373134328357,0.5373134328358209
20120802-W-Olympics-QF-Kim_Clijsters-Maria_Sharapova,Kim Clijsters,0.14634146341463414,0.24390243902439024,0.6097560975609756
20120802-W-Olympics-QF-Kim_Clijsters-Maria_Sharapova,Maria Sharapova,0.3508771929824561,0.21052631578947367,0.43859649122807015
20120801-W-Olympics-R16-Sabine_Lisicki-Maria_Sharapova,Sabine Lisicki,0.2459016393442623,0.29508196721311475,0.45901639344262296
20120801-W-Olympics-R16-Sabine_Lisicki-Maria_Sharapova,Maria Sharapova,0.3118279569892473,0.26881720430107525,0.41935483870967744
20120801-W-Olympics-R16-Nadia_Petrova-Victoria_Azarenka,Nadia Petrova,0.30434782608695654,0.2608695652173913,0.43478260869565216
20120801-W-Olympics-R16-Nadia_Petrova-Victoria_Azarenka,Victoria Azarenka,0.3269230769230769,0.3076923076923077,0.36538461538461536
20120731-W-Olympics-R32-Laura_Robson-Maria_Sharapova,Laura Robson,0.2564102564102564,0.1794871794871795,0.5641025641025641
20120731-W-Olympics-R32-Laura_Robson-Maria_Sharapova,Maria Sharapova,0.4,0.1,0.5
20120731-W-Olympics-R32-Aleksandra_Wozniak-Venus_Williams,Aleksandra Wozniak,0.18518518518518517,0.2962962962962963,0.5185185185185185
20120731-W-Olympics-R32-Aleksandra_Wozniak-Venus_Williams,Venus Williams,0.5217391304347826,0.10869565217391304,0.3695652173913043
20120730-W-Olympics-R64-Serena_Williams-Jelena_Jankovic,Serena Williams,0.3157894736842105,0.2894736842105263,0.39473684210526316
20120730-W-Olympics-R64-Serena_Williams-Jelena_Jankovic,Jelena Jankovic,0.36,0.2,0.44
20120730-W-Olympics-R64-Maria_Sharapova-Shahar_Peer,Maria Sharapova,0.4222222222222222,0.24444444444444444,0.3333333333333333
20120730-W-Olympics-R64-Maria_Sharapova-Shahar_Peer,Shahar Peer,0.125,0.25,0.625
20120730-W-Olympics-R16-Vera_Zvonareva-Serena_Williams,Vera Zvonareva,0.2,0.26666666666666666,0.5333333333333333
20120730-W-Olympics-R16-Vera_Zvonareva-Serena_Williams,Serena Williams,0.4358974358974359,0.20512820512820512,0.358974358974359
20120730-W-Olympics-R16-Daniela_Hantuchova-Caroline_Wozniacki,Daniela Hantuchova,0.4523809523809524,0.14285714285714285,0.40476190476190477
20120730-W-Olympics-R16-Daniela_Hantuchova-Caroline_Wozniacki,Caroline Wozniacki,0.3548387096774194,0.3225806451612903,0.3225806451612903
20120729-W-Olympics-R64-Agnieszka_Radwanska-Julia_Goerges,Agnieszka Radwanska,0.3,0.22,0.48
20120729-W-Olympics-R64-Agnieszka_Radwanska-Julia_Goerges,Julia Goerges,0.4166666666666667,0.19047619047619047,0.39285714285714285
20120728-W-Olympics-R64-Vera_Zvonareva-Sofia_Arvidsson,Vera Zvonareva,0.4444444444444444,0.23809523809523808,0.31746031746031744
20120728-W-Olympics-R64-Vera_Zvonareva-Sofia_Arvidsson,Sofia Arvidsson,0.37777777777777777,0.2222222222222222,0.4
20120728-W-Olympics-R64-Ana_Ivanovic-Christina_Mchale,Ana Ivanovic,0.2857142857142857,0.22448979591836735,0.4897959183673469
20120728-W-Olympics-R64-Ana_Ivanovic-Christina_Mchale,Christina Mchale,0.22641509433962265,0.2641509433962264,0.5094339622641509
20120723-W-Baku-R32-Qiang_Wang-Mandy_Minella,Qiang Wang,0.2608695652173913,0.07608695652173914,0.6630434782608695
20120723-W-Baku-R32-Qiang_Wang-Mandy_Minella,Mandy Minella,0.2875,0.0875,0.625
20120630-W-Wimbledon-R32-Petra_Kvitova-Varvara_Lepchenko,Petra Kvitova,0.45161290322580644,0.1935483870967742,0.3548387096774194
20120630-W-Wimbledon-R32-Petra_Kvitova-Varvara_Lepchenko,Varvara Lepchenko,0.30434782608695654,0.21739130434782608,0.4782608695652174
20120623-W-s_Hertogenbosch-F-Nadia_Petrova-Urszula_Radwanska,Nadia Petrova,0.3541666666666667,0.25,0.3958333333333333
20120623-W-s_Hertogenbosch-F-Nadia_Petrova-Urszula_Radwanska,Urszula Radwanska,0.2222222222222222,0.19444444444444445,0.5833333333333334
20120610-W-Roland_Garros-F-Maria_Sharapova-Sara_Errani,Maria Sharapova,0.4696969696969697,0.22727272727272727,0.30303030303030304
20120610-W-Roland_Garros-F-Maria_Sharapova-Sara_Errani,Sara Errani,0.34375,0.34375,0.3125
20120607-W-Roland_Garros-SF-Samantha_Stosur-Sara_Errani,Samantha Stosur,0.3541666666666667,0.11458333333333333,0.53125
20120607-W-Roland_Garros-SF-Samantha_Stosur-Sara_Errani,Sara Errani,0.3442622950819672,0.29508196721311475,0.36065573770491804
20120520-W-Rome-F-Na_Li-Maria_Sharapova,Na Li,0.24096385542168675,0.24096385542168675,0.5180722891566265
20120520-W-Rome-F-Na_Li-Maria_Sharapova,Maria Sharapova,0.1978021978021978,0.2967032967032967,0.4945054945054945
20120511-W-Madrid-QF-Serena_Williams-Maria_Sharapova,Serena Williams,0.4411764705882353,0.3235294117647059,0.23529411764705882
20120511-W-Madrid-QF-Serena_Williams-Maria_Sharapova,Maria Sharapova,0.2916666666666667,0.375,0.3333333333333333
20120507-W-Madrid-R64-Serena_Williams-Elena_Vesnina,Serena Williams,0.5813953488372093,0.18604651162790697,0.23255813953488372
20120507-W-Madrid-R64-Serena_Williams-Elena_Vesnina,Elena Vesnina,0.10526315789473684,0.47368421052631576,0.42105263157894735
20120429-W-Stuttgart-F-Maria_Sharapova-Victoria_Azarenka,Maria Sharapova,0.5476190476190477,0.16666666666666666,0.2857142857142857
20120429-W-Stuttgart-F-Maria_Sharapova-Victoria_Azarenka,Victoria Azarenka,0.34375,0.28125,0.375
20120428-W-Fes-F-Laura_Pous_Tio-Kiki_Bertens,Laura Pous Tio,0.0851063829787234,0.19148936170212766,0.723404255319149
20120428-W-Fes-F-Laura_Pous_Tio-Kiki_Bertens,Kiki Bertens,0.24,0.16,0.58
20120414-W-Copenhagen-SF-Caroline_Wozniacki-Petra_Martic,Caroline Wozniacki,0.36,0.4,0.24
20120414-W-Copenhagen-SF-Caroline_Wozniacki-Petra_Martic,Petra Martic,0.32,0.18,0.5
20120401-W-Miami-F-Agnieszka_Radwanska-Maria_Sharapova,Agnieszka Radwanska,0.15625,0.125,0.71875
20120401-W-Miami-F-Agnieszka_Radwanska-Maria_Sharapova,Maria Sharapova,0.313953488372093,0.03488372093023256,0.6511627906976745
20120327-W-Miami-QF-Serena_Williams-Caroline_Wozniacki,Serena Williams,0.4126984126984127,0.12698412698412698,0.4603174603174603
20120327-W-Miami-QF-Serena_Williams-Caroline_Wozniacki,Caroline Wozniacki,0.27586206896551724,0.4827586206896552,0.2413793103448276
20120315-W-Indian_Wells-QF-Ana_Ivanovic-Marion_Bartoli,Ana Ivanovic,0.35555555555555557,0.06666666666666667,0.5777777777777777
20120315-W-Indian_Wells-QF-Ana_Ivanovic-Marion_Bartoli,Marion Bartoli,0.25,0.09375,0.65625
20120313-W-Indian_Wells-R16-Maria_Sharapova-Roberta_Vinci,Maria Sharapova,0.4406779661016949,0.2542372881355932,0.3050847457627119
20120313-W-Indian_Wells-R16-Maria_Sharapova-Roberta_Vinci,Roberta Vinci,0.22727272727272727,0.18181818181818182,0.5909090909090909
20120225-W-Dubai-F-Julia_Goerges-Agnieszka_Radwanska,Julia Goerges,0.3469387755102041,0.10204081632653061,0.5510204081632653
20120225-W-Dubai-F-Julia_Goerges-Agnieszka_Radwanska,Agnieszka Radwanska,0.375,0.15625,0.46875
20120220-W-Dubai-QF-Caroline_Wozniacki-Ana_Ivanovic,Caroline Wozniacki,0.2777777777777778,0.2222222222222222,0.5
20120220-W-Dubai-QF-Caroline_Wozniacki-Ana_Ivanovic,Ana Ivanovic,0.2839506172839506,0.19753086419753085,0.5185185185185185
20120128-W-Australian_Open-F-Victoria_Azarenka-Maria_Sharapova,Victoria Azarenka,0.3939393939393939,0.3939393939393939,0.21212121212121213
20120128-W-Australian_Open-F-Victoria_Azarenka-Maria_Sharapova,Maria Sharapova,0.2391304347826087,0.1956521739130435,0.5652173913043478
20120126-W-Australian_Open-SF-Petra_Kvitova-Maria_Sharapova,Petra Kvitova,0.3150684931506849,0.1506849315068493,0.5342465753424658
20120126-W-Australian_Open-SF-Petra_Kvitova-Maria_Sharapova,Maria Sharapova,0.2830188679245283,0.3018867924528302,0.41509433962264153
20120124-W-Australian_Open-QF-Caroline_Wozniacki-Kim_Clijsters,Caroline Wozniacki,0.17777777777777778,0.28888888888888886,0.5333333333333333
20120124-W-Australian_Open-QF-Caroline_Wozniacki-Kim_Clijsters,Kim Clijsters,0.40229885057471265,0.14942528735632185,0.4482758620689655
20120122-W-Australian_Open-R16-Kim_Clijsters-Na_Li,Kim Clijsters,0.24615384615384617,0.23076923076923078,0.5230769230769231
20120122-W-Australian_Open-R16-Kim_Clijsters-Na_Li,Na Li,0.3368421052631579,0.17894736842105263,0.4842105263157895
20120122-W-Australian_Open-R16-Jelena_Jankovic-Caroline_Wozniacki,Jelena Jankovic,0.3287671232876712,0.1643835616438356,0.5068493150684932
20120122-W-Australian_Open-R16-Jelena_Jankovic-Caroline_Wozniacki,Caroline Wozniacki,0.2894736842105263,0.3684210526315789,0.34210526315789475
20120120-W-Australian_Open-R32-Caroline_Wozniacki-Monica_Niculescu,Caroline Wozniacki,0.34615384615384615,0.4423076923076923,0.21153846153846154
20120120-W-Australian_Open-R32-Caroline_Wozniacki-Monica_Niculescu,Monica Niculescu,0.3939393939393939,0.24242424242424243,0.36363636363636365
20120120-W-Australian_Open-R32-Angelique_Kerber-Maria_Sharapova,Angelique Kerber,0.3333333333333333,0.23076923076923078,0.4358974358974359
20120120-W-Australian_Open-R32-Angelique_Kerber-Maria_Sharapova,Maria Sharapova,0.4411764705882353,0.3088235294117647,0.25
20120116-W-Australian_Open-R128-Na_Li-Ksenia_Pervak,Na Li,0.28,0.24,0.48
20120116-W-Australian_Open-R128-Na_Li-Ksenia_Pervak,Ksenia Pervak,0.21212121212121213,0.15151515151515152,0.6363636363636364
20120116-W-Australian_Open-R128-Caroline_Wozniacki-Anastasia_Rodionova,Caroline Wozniacki,0.3235294117647059,0.4411764705882353,0.23529411764705882
20120116-W-Australian_Open-R128-Caroline_Wozniacki-Anastasia_Rodionova,Anastasia Rodionova,0.27586206896551724,0.22413793103448276,0.4827586206896552
20120114-W-Hobart-F-Mona_Barthel-Yanina_Wickmayer,Mona Barthel,0.5333333333333333,0.2,0.26666666666666666
20120114-W-Hobart-F-Mona_Barthel-Yanina_Wickmayer,Yanina Wickmayer,0.34,0.16,0.5
20120113-W-Hobart-SF-Yanina_Wickmayer-Shahar_Peer,Yanina Wickmayer,0.4264705882352941,0.25,0.3235294117647059
20120113-W-Hobart-SF-Yanina_Wickmayer-Shahar_Peer,Shahar Peer,0.3148148148148148,0.2222222222222222,0.46296296296296297
20120113-W-Hobart-SF-Angelique_Kerber-Mona_Barthel,Angelique Kerber,0.2549019607843137,0.35294117647058826,0.39215686274509803
20120113-W-Hobart-SF-Angelique_Kerber-Mona_Barthel,Mona Barthel,0.42,0.28,0.3
20111025-W-WTA_Championships-RR-Caroline_Wozniacki-Agnieszka_Radwanska,Caroline Wozniacki,0.3717948717948718,0.32051282051282054,0.2948717948717949
20111025-W-WTA_Championships-RR-Caroline_Wozniacki-Agnieszka_Radwanska,Agnieszka Radwanska,0.35555555555555557,0.2222222222222222,0.4222222222222222
20110910-W-US_Open-SF-Samantha_Stosur-Angelique_Kerber,Samantha Stosur,0.3333333333333333,0.28,0.38666666666666666
20110910-W-US_Open-SF-Samantha_Stosur-Angelique_Kerber,Angelique Kerber,0.2692307692307692,0.38461538461538464,0.34615384615384615
20110910-W-US_Open-F-Serena_Williams-Samantha_Stosur,Serena Williams,0.3333333333333333,0.07142857142857142,0.5952380952380952
20110910-W-US_Open-F-Serena_Williams-Samantha_Stosur,Samantha Stosur,0.4722222222222222,0.16666666666666666,0.3611111111111111
20110813-W-Toronto-SF-Serena_Williams-Victoria_Azarenka,Serena Williams,0.38095238095238093,0.21428571428571427,0.40476190476190477
20110813-W-Toronto-SF-Serena_Williams-Victoria_Azarenka,Victoria Azarenka,0.2777777777777778,0.25,0.4722222222222222
20110702-W-Wimbledon-F-Petra_Kvitova-Maria_Sharapova,Petra Kvitova,0.3673469387755102,0.1836734693877551,0.4489795918367347
20110702-W-Wimbledon-F-Petra_Kvitova-Maria_Sharapova,Maria Sharapova,0.19444444444444445,0.3055555555555556,0.5
20110625-W-Wimbledon-R32-Caroline_Wozniacki-Jarmila_Gajdosova,Caroline Wozniacki,0.41379310344827586,0.4482758620689655,0.13793103448275862
20110625-W-Wimbledon-R32-Caroline_Wozniacki-Jarmila_Gajdosova,Jarmila Gajdosova,0.5121951219512195,0.17073170731707318,0.2926829268292683
20110624-W-Wimbledon-R64-Virginie_Razzano-Caroline_Wozniacki,Virginie Razzano,0.5128205128205128,0.1794871794871795,0.3076923076923077
20110624-W-Wimbledon-R64-Virginie_Razzano-Caroline_Wozniacki,Caroline Wozniacki,0.2903225806451613,0.6129032258064516,0.0967741935483871
20110615-W-Eastbourne-R16-Venus_Williams-Ana_Ivanovic,Venus Williams,0.47619047619047616,0.23809523809523808,0.23809523809523808
20110615-W-Eastbourne-R16-Venus_Williams-Ana_Ivanovic,Ana Ivanovic,0.42857142857142855,0.14285714285714285,0.42857142857142855
20110614-W-Wimbledon-R64-Venus_Williams-Kimiko_Date_Krumm,Venus Williams,0.36363636363636365,0.19318181818181818,0.4431818181818182
20110614-W-Wimbledon-R64-Venus_Williams-Kimiko_Date_Krumm,Kimiko Date Krumm,0.39285714285714285,0.17857142857142858,0.42857142857142855
20110614-W-Eastbourne-R32-Ana_Ivanovic-Julia_Goerges,Ana Ivanovic,0.32142857142857145,0.25,0.42857142857142855
20110614-W-Eastbourne-R32-Ana_Ivanovic-Julia_Goerges,Julia Goerges,0.32,0.16,0.52
20110612-W-Copenhagen-F-Caroline_Wozniacki-Lucie_Safarova,Caroline Wozniacki,0.37037037037037035,0.4444444444444444,0.18518518518518517
20110612-W-Copenhagen-F-Caroline_Wozniacki-Lucie_Safarova,Lucie Safarova,0.375,0.125,0.5
20110604-W-Roland_Garros-F-Francesca_Schiavone-Na_Li,Francesca Schiavone,0.3,0.375,0.325
20110604-W-Roland_Garros-F-Francesca_Schiavone-Na_Li,Na Li,0.39705882352941174,0.3235294117647059,0.27941176470588236
20110602-W-Roland_Garros-SF-Na_Li-Maria_Sharapova,Na Li,0.36507936507936506,0.2698412698412698,0.36507936507936506
20110602-W-Roland_Garros-SF-Na_Li-Maria_Sharapova,Maria Sharapova,0.26666666666666666,0.3333333333333333,0.4
20110508-W-Madrid-F-Petra_Kvitova-Victoria_Azarenka,Petra Kvitova,0.4268292682926829,0.06097560975609756,0.5121951219512195
20110508-W-Madrid-F-Petra_Kvitova-Victoria_Azarenka,Victoria Azarenka,0.20454545454545456,0.20454545454545456,0.5909090909090909
20110423-W-Stuttgart-SF-Caroline_Wozniacki-Agnieszka_Radwanska,Caroline Wozniacki,0.47058823529411764,0.19117647058823528,0.3382352941176471
20110423-W-Stuttgart-SF-Caroline_Wozniacki-Agnieszka_Radwanska,Agnieszka Radwanska,0.2857142857142857,0.25396825396825395,0.4603174603174603
20110420-W-Stuttgart-R16-Na_Li-Sabine_Lisicki,Na Li,0.3392857142857143,0.25,0.4107142857142857
20110420-W-Stuttgart-R16-Na_Li-Sabine_Lisicki,Sabine Lisicki,0.4838709677419355,0.1935483870967742,0.3225806451612903
20110402-W-Miami-F-Maria_Sharapova-Victoria_Azarenka,Maria Sharapova,0.273972602739726,0.2602739726027397,0.4657534246575342
20110402-W-Miami-F-Maria_Sharapova-Victoria_Azarenka,Victoria Azarenka,0.5142857142857142,0.17142857142857143,0.3142857142857143
20110317-W-Indian_Wells-SF-Caroline_Wozniacki-Maria_Sharapova,Caroline Wozniacki,0.2,0.28,0.52
20110317-W-Indian_Wells-SF-Caroline_Wozniacki-Maria_Sharapova,Maria Sharapova,0.3,0.11666666666666667,0.5833333333333334
20110314-W-Indian_Wells-R32-Caroline_Wozniacki-Maria_Jose_Martinez_Sanchez,Caroline Wozniacki,0.3142857142857143,0.34285714285714286,0.34285714285714286
20110314-W-Indian_Wells-R32-Caroline_Wozniacki-Maria_Jose_Martinez_Sanchez,Maria Jose Martinez Sanchez,0.3181818181818182,0.13636363636363635,0.5454545454545454
20110313-W-Indian_Wells-R32-Maria_Sharapova-Aravane_Rezai,Maria Sharapova,0.4166666666666667,0.25,0.3333333333333333
20110313-W-Indian_Wells-R32-Maria_Sharapova-Aravane_Rezai,Aravane Rezai,0.2727272727272727,0.15151515151515152,0.5757575757575758
20110225-W-Doha-SF-Caroline_Wozniacki-Marion_Bartoli,Caroline Wozniacki,0.3333333333333333,0.358974358974359,0.3076923076923077
20110225-W-Doha-SF-Caroline_Wozniacki-Marion_Bartoli,Marion Bartoli,0.2978723404255319,0.14893617021276595,0.5531914893617021
20110224-W-Doha-QF-Caroline_Wozniacki-Flavia_Pennetta,Caroline Wozniacki,0.5263157894736842,0.3333333333333333,0.14035087719298245
20110224-W-Doha-QF-Caroline_Wozniacki-Flavia_Pennetta,Flavia Pennetta,0.5454545454545454,0.12727272727272726,0.32727272727272727
20110127-W-Australian_Open-SF-Caroline_Wozniacki-Na_Li,Caroline Wozniacki,0.2,0.28,0.52
20110127-W-Australian_Open-SF-Caroline_Wozniacki-Na_Li,Na Li,0.33636363636363636,0.2,0.4636363636363636
20110126-W-Australian_Open-QF-Agnieszka_Radwanska-Kim_Clijsters,Agnieszka Radwanska,0.3611111111111111,0.3055555555555556,0.3333333333333333
20110126-W-Australian_Open-QF-Agnieszka_Radwanska-Kim_Clijsters,Kim Clijsters,0.42391304347826086,0.1956521739130435,0.3804347826086957
20110125-W-Australian_Open-QF-Francesca_Schiavone-Caroline_Wozniacki,Francesca Schiavone,0.41304347826086957,0.14130434782608695,0.44565217391304346
20110125-W-Australian_Open-QF-Francesca_Schiavone-Caroline_Wozniacki,Caroline Wozniacki,0.24074074074074073,0.4074074074074074,0.35185185185185186
20110123-W-Australian_Open-R16-Francesca_Schiavone-Svetlana_Kuznetsova,Francesca Schiavone,0.39568345323741005,0.23741007194244604,0.3669064748201439
20110123-W-Australian_Open-R16-Francesca_Schiavone-Svetlana_Kuznetsova,Svetlana Kuznetsova,0.3780487804878049,0.24390243902439024,0.3780487804878049
20110123-W-Australian_Open-R16-Caroline_Wozniacki-Anastasija_Sevastova,Caroline Wozniacki,0.4117647058823529,0.20588235294117646,0.38235294117647056
20110123-W-Australian_Open-R16-Caroline_Wozniacki-Anastasija_Sevastova,Anastasija Sevastova,0.32857142857142857,0.15714285714285714,0.5142857142857142
20110123-W-Australian_Open-R16-Andrea_Petkovic-Maria_Sharapova,Andrea Petkovic,0.3333333333333333,0.4,0.26666666666666666
20110123-W-Australian_Open-R16-Andrea_Petkovic-Maria_Sharapova,Maria Sharapova,0.3023255813953488,0.2558139534883721,0.4418604651162791
20110121-W-Australian_Open-R32-Caroline_Wozniacki-Dominika_Cibulkova,Caroline Wozniacki,0.25925925925925924,0.4444444444444444,0.2962962962962963
20110121-W-Australian_Open-R32-Caroline_Wozniacki-Dominika_Cibulkova,Dominika Cibulkova,0.3974358974358974,0.11538461538461539,0.48717948717948717
20110119-W-Australian_Open-R64-Vania_King-Caroline_Wozniacki,Vania King,0.3225806451612903,0.12903225806451613,0.5483870967741935
20110119-W-Australian_Open-R64-Vania_King-Caroline_Wozniacki,Caroline Wozniacki,0.5405405405405406,0.2702702702702703,0.1891891891891892
20110117-W-Australian_Open-R128-Caroline_Wozniacki-Gisela_Dulko,Caroline Wozniacki,0.39473684210526316,0.3157894736842105,0.2894736842105263
20110117-W-Australian_Open-R128-Caroline_Wozniacki-Gisela_Dulko,Gisela Dulko,0.39285714285714285,0.14285714285714285,0.4642857142857143
20110114-W-Sydney-F-Kim_Clijsters-Na_Li,Kim Clijsters,0.26785714285714285,0.25,0.48214285714285715
20110114-W-Sydney-F-Kim_Clijsters-Na_Li,Na Li,0.2962962962962963,0.3333333333333333,0.37037037037037035
20110114-W-Hobart-SF-Klara_Koukalova-Jarmila_Gajdosova,Klara Koukalova,0.2564102564102564,0.20512820512820512,0.5384615384615384
20110114-W-Hobart-SF-Klara_Koukalova-Jarmila_Gajdosova,Jarmila Gajdosova,0.3559322033898305,0.23728813559322035,0.4067796610169492
20110113-W-Sydney-QF-Kim_Clijsters-Victoria_Azarenka,Kim Clijsters,0.3728813559322034,0.2711864406779661,0.3389830508474576
20110113-W-Sydney-QF-Kim_Clijsters-Victoria_Azarenka,Victoria Azarenka,0.2682926829268293,0.34146341463414637,0.3902439024390244
20110112-W-Hobart-R16-Alicia_Molik-Sara_Errani,Alicia Molik,0.30303030303030304,0.06060606060606061,0.6363636363636364
20110112-W-Hobart-R16-Alicia_Molik-Sara_Errani,Sara Errani,0.46875,0.3125,0.21875
20110110-W-Hobart-R32-Marion_Bartoli-Dinara_Safina,Marion Bartoli,0.4358974358974359,0.46153846153846156,0.10256410256410256
20110110-W-Hobart-R32-Marion_Bartoli-Dinara_Safina,Dinara Safina,0.34782608695652173,0.15217391304347827,0.5
20101030-W-WTA_Championships-SF-Samantha_Stosur-Kim_Clijsters,Samantha Stosur,0.2553191489361702,0.2127659574468085,0.5319148936170213
20101030-W-WTA_Championships-SF-Samantha_Stosur-Kim_Clijsters,Kim Clijsters,0.3333333333333333,0.2962962962962963,0.37037037037037035
20101030-W-WTA_Championships-SF-Caroline_Wozniacki-Vera_Zvonareva,Caroline Wozniacki,0.32075471698113206,0.33962264150943394,0.33962264150943394
20101030-W-WTA_Championships-SF-Caroline_Wozniacki-Vera_Zvonareva,Vera Zvonareva,0.37209302325581395,0.11627906976744186,0.5116279069767442
20101027-W-WTA_Championships-RR-Jelena_Jankovic-Kim_Clijsters,Jelena Jankovic,0.2619047619047619,0.23809523809523808,0.5
20101027-W-WTA_Championships-RR-Jelena_Jankovic-Kim_Clijsters,Kim Clijsters,0.40476190476190477,0.2619047619047619,0.3333333333333333
20101026-W-WTA_Championships-RR-Francesca_Schiavone-Samantha_Stosur,Francesca Schiavone,0.3333333333333333,0.16666666666666666,0.5
20101026-W-WTA_Championships-RR-Francesca_Schiavone-Samantha_Stosur,Samantha Stosur,0.35714285714285715,0.16071428571428573,0.48214285714285715
20101026-W-WTA_Championships-RR-Caroline_Wozniacki-Elena_Dementieva,Caroline Wozniacki,0.4444444444444444,0.2777777777777778,0.2222222222222222
20101026-W-WTA_Championships-RR-Caroline_Wozniacki-Elena_Dementieva,Elena Dementieva,0.2857142857142857,0.07142857142857142,0.6428571428571429
20101008-W-Beijing-QF-Caroline_Wozniacki-Ana_Ivanovic,Caroline Wozniacki,0.35185185185185186,0.3333333333333333,0.3148148148148148
20101008-W-Beijing-QF-Caroline_Wozniacki-Ana_Ivanovic,Ana Ivanovic,0.4177215189873418,0.16455696202531644,0.3924050632911392
20101007-W-Beijing-R16-Caroline_Wozniacki-Petra_Kvitova,Caroline Wozniacki,0.12,0.6,0.28
20101007-W-Beijing-R16-Caroline_Wozniacki-Petra_Kvitova,Petra Kvitova,0.29577464788732394,0.19718309859154928,0.5070422535211268
20101005-W-Beijing-R32-Na_Li-Alisa_Kleybanova,Na Li,0.21621621621621623,0.5135135135135135,0.2702702702702703
20101005-W-Beijing-R32-Na_Li-Alisa_Kleybanova,Alisa Kleybanova,0.3333333333333333,0.2222222222222222,0.4444444444444444
20100906-W-US_Open-R16-Caroline_Wozniacki-Maria_Sharapova,Caroline Wozniacki,0.3611111111111111,0.3055555555555556,0.3333333333333333
20100906-W-US_Open-R16-Caroline_Wozniacki-Maria_Sharapova,Maria Sharapova,0.3888888888888889,0.18055555555555555,0.4305555555555556
20100827-W-New_Haven-SF-Caroline_Wozniacki-Elena_Dementieva,Caroline Wozniacki,0.30952380952380953,0.27380952380952384,0.4166666666666667
20100827-W-New_Haven-SF-Caroline_Wozniacki-Elena_Dementieva,Elena Dementieva,0.35051546391752575,0.18556701030927836,0.4536082474226804
20100605-W-Roland_Garros-F-Samantha_Stosur-Francesca_Schiavone,Samantha Stosur,0.3442622950819672,0.2786885245901639,0.3770491803278688
20100605-W-Roland_Garros-F-Samantha_Stosur-Francesca_Schiavone,Francesca Schiavone,0.4418604651162791,0.3023255813953488,0.2558139534883721
20100603-W-Roland_Garros-SF-Samantha_Stosur-Jelena_Jankovic,Samantha Stosur,0.2564102564102564,0.41025641025641024,0.3333333333333333
20100603-W-Roland_Garros-SF-Samantha_Stosur-Jelena_Jankovic,Jelena Jankovic,0.1875,0.3125,0.5
20100603-W-Roland_Garros-SF-Francesca_Schiavone-Elena_Dementieva,Francesca Schiavone,0.39285714285714285,0.14285714285714285,0.4642857142857143
20100603-W-Roland_Garros-SF-Francesca_Schiavone-Elena_Dementieva,Elena Dementieva,0.2558139534883721,0.2558139534883721,0.4883720930232558
20100601-W-Roland_Garros-QF-Nadia_Petrova-Elena_Dementieva,Nadia Petrova,0.44642857142857145,0.08928571428571429,0.4642857142857143
20100601-W-Roland_Garros-QF-Nadia_Petrova-Elena_Dementieva,Elena Dementieva,0.38596491228070173,0.2631578947368421,0.3508771929824561
20100530-W-Roland_Garros-R16-Chanelle_Scheepers-Elena_Dementieva,Chanelle Scheepers,0.2558139534883721,0.046511627906976744,0.6976744186046512
20100530-W-Roland_Garros-R16-Chanelle_Scheepers-Elena_Dementieva,Elena Dementieva,0.34210526315789475,0.21052631578947367,0.4473684210526316
20100508-W-Rome-F-Maria_Jose_Martinez_Sanchez-Jelena_Jankovic,Maria Jose Martinez Sanchez,0.43478260869565216,0.17391304347826086,0.391304347826087
20100508-W-Rome-F-Maria_Jose_Martinez_Sanchez-Jelena_Jankovic,Jelena Jankovic,0.2923076923076923,0.27692307692307694,0.4307692307692308
20100502-W-Stuttgart-F-Samantha_Stosur-Justine_Henin,Samantha Stosur,0.36363636363636365,0.22727272727272727,0.4090909090909091
20100502-W-Stuttgart-F-Samantha_Stosur-Justine_Henin,Justine Henin,0.3770491803278688,0.2786885245901639,0.3442622950819672
20100130-W-Australian_Open-F-Serena_Williams-Justine_Henin,Serena Williams,0.29508196721311475,0.26229508196721313,0.4426229508196721
20100130-W-Australian_Open-F-Serena_Williams-Justine_Henin,Justine Henin,0.34328358208955223,0.2835820895522388,0.373134328358209
20100128-W-Australian_Open-SF-Na_Li-Serena_Williams,Na Li,0.27941176470588236,0.29411764705882354,0.4264705882352941
20100128-W-Australian_Open-SF-Na_Li-Serena_Williams,Serena Williams,0.38181818181818183,0.2545454545454545,0.36363636363636365
20100127-W-Australian_Open-QF-Serena_Williams-Victoria_Azarenka,Serena Williams,0.3956043956043956,0.17582417582417584,0.42857142857142855
20100127-W-Australian_Open-QF-Serena_Williams-Victoria_Azarenka,Victoria Azarenka,0.30303030303030304,0.3939393939393939,0.30303030303030304
20100122-W-Australian_Open-R32-Nadia_Petrova-Kim_Clijsters,Nadia Petrova,0.391304347826087,0.17391304347826086,0.43478260869565216
20100122-W-Australian_Open-R32-Nadia_Petrova-Kim_Clijsters,Kim Clijsters,0.07142857142857142,0.17857142857142858,0.75
20100118-W-Australian_Open-R128-Maria_Kirilenko-Maria_Sharapova,Maria Kirilenko,0.2786885245901639,0.3442622950819672,0.3770491803278688
20100118-W-Australian_Open-R128-Maria_Kirilenko-Maria_Sharapova,Maria Sharapova,0.29523809523809524,0.2857142857142857,0.41904761904761906
20100114-W-Sydney-QF-Dinara_Safina-Elena_Dementieva,Dinara Safina,0.33962264150943394,0.1509433962264151,0.5094339622641509
20100114-W-Sydney-QF-Dinara_Safina-Elena_Dementieva,Elena Dementieva,0.5588235294117647,0.23529411764705882,0.17647058823529413
20100111-W-Sydney-SF-Victoria_Azarenka-Elena_Dementieva,Victoria Azarenka,0.358974358974359,0.1282051282051282,0.5128205128205128
20100111-W-Sydney-SF-Victoria_Azarenka-Elena_Dementieva,Elena Dementieva,0.5,0.19047619047619047,0.30952380952380953
20100111-W-Sydney-F-Serena_Williams-Elena_Dementieva,Serena Williams,0.20754716981132076,0.22641509433962265,0.5471698113207547
20100111-W-Sydney-F-Serena_Williams-Elena_Dementieva,Elena Dementieva,0.3548387096774194,0.41935483870967744,0.1935483870967742
20100109-W-Brisbane-F-Kim_Clijsters-Justine_Henin,Kim Clijsters,0.2875,0.225,0.4875
20100109-W-Brisbane-F-Kim_Clijsters-Justine_Henin,Justine Henin,0.2857142857142857,0.20238095238095238,0.5119047619047619
20100106-W-Brisbane-R16-Sesil_Karatantcheva-Justine_Henin,Sesil Karatantcheva,0.15625,0.59375,0.25
20100106-W-Brisbane-R16-Sesil_Karatantcheva-Justine_Henin,Justine Henin,0.32786885245901637,0.3442622950819672,0.32786885245901637
20091028-W-WTA_Championships-RR-Venus_Williams-Serena_Williams,Venus Williams,0.4044943820224719,0.1348314606741573,0.4606741573033708
20091028-W-WTA_Championships-RR-Venus_Williams-Serena_Williams,Serena Williams,0.24390243902439024,0.18292682926829268,0.5609756097560976
20091003-W-Tokyo-F-Maria_Sharapova-Jelena_Jankovic,Maria Sharapova,0.45,0.0,0.55
20091003-W-Tokyo-F-Maria_Sharapova-Jelena_Jankovic,Jelena Jankovic,0.17647058823529413,0.17647058823529413,0.6470588235294118
20090908-W-US_Open-QF-Na_Li-Kim_Clijsters,Na Li,0.13793103448275862,0.1896551724137931,0.6724137931034483
20090908-W-US_Open-QF-Na_Li-Kim_Clijsters,Kim Clijsters,0.25925925925925924,0.14814814814814814,0.5925925925925926
20090907-W-US_Open-R16-Svetlana_Kuznetsova-Caroline_Wozniacki,Svetlana Kuznetsova,0.3793103448275862,0.15517241379310345,0.46551724137931033
20090907-W-US_Open-R16-Svetlana_Kuznetsova-Caroline_Wozniacki,Caroline Wozniacki,0.23636363636363636,0.36363636363636365,0.4
20090906-W-US_Open-R16-Flavia_Pennetta-Vera_Zvonareva,Flavia Pennetta,0.2441860465116279,0.20930232558139536,0.5465116279069767
20090906-W-US_Open-R16-Flavia_Pennetta-Vera_Zvonareva,Vera Zvonareva,0.19230769230769232,0.20512820512820512,0.6025641025641025
20090822-W-Toronto-SF-Serena_Williams-Elena_Dementieva,Serena Williams,0.24074074074074073,0.09259259259259259,0.6666666666666666
20090822-W-Toronto-SF-Serena_Williams-Elena_Dementieva,Elena Dementieva,0.28846153846153844,0.25,0.46153846153846156
20090816-W-Cincinnati-SF-Jelena_Jankovic-Elena_Dementieva,Jelena Jankovic,0.2857142857142857,0.1746031746031746,0.5396825396825397
20090816-W-Cincinnati-SF-Jelena_Jankovic-Elena_Dementieva,Elena Dementieva,0.34615384615384615,0.20192307692307693,0.4326923076923077
20090813-W-Cincinnati-R16-Kim_Clijsters-Svetlana_Kuznetsova,Kim Clijsters,0.3225806451612903,0.2903225806451613,0.3870967741935484
20090813-W-Cincinnati-R16-Kim_Clijsters-Svetlana_Kuznetsova,Svetlana Kuznetsova,0.22077922077922077,0.2857142857142857,0.4935064935064935
20090704-W-Wimbledon-F-Venus_Williams-Serena_Williams,Venus Williams,0.22857142857142856,0.34285714285714286,0.42857142857142855
20090704-W-Wimbledon-F-Venus_Williams-Serena_Williams,Serena Williams,0.3,0.45,0.25
20090630-W-Wimbledon-QF-Elena_Dementieva-Francesca_Schiavone,Elena Dementieva,0.3333333333333333,0.25,0.4166666666666667
20090630-W-Wimbledon-QF-Elena_Dementieva-Francesca_Schiavone,Francesca Schiavone,0.21212121212121213,0.09090909090909091,0.696969696969697
20090630-W-Wimbledon-QF-Dinara_Safina-Sabine_Lisicki,Dinara Safina,0.3055555555555556,0.2777777777777778,0.4166666666666667
20090630-W-Wimbledon-QF-Dinara_Safina-Sabine_Lisicki,Sabine Lisicki,0.26666666666666666,0.14666666666666667,0.5733333333333334
20090629-W-Wimbledon-R16-Virginie_Razzano-Francesca_Schiavone,Virginie Razzano,0.22413793103448276,0.3620689655172414,0.41379310344827586
20090629-W-Wimbledon-R16-Virginie_Razzano-Francesca_Schiavone,Francesca Schiavone,0.35135135135135137,0.35135135135135137,0.2972972972972973
20090622-W-Wimbledon-R128-Elena_Dementieva-Alla_Kudryavtseva,Elena Dementieva,0.2857142857142857,0.37142857142857144,0.34285714285714286
20090622-W-Wimbledon-R128-Elena_Dementieva-Alla_Kudryavtseva,Alla Kudryavtseva,0.17647058823529413,0.20588235294117646,0.6176470588235294
20090606-W-Roland_Garros-F-Svetlana_Kuznetsova-Dinara_Safina,Svetlana Kuznetsova,0.23529411764705882,0.19607843137254902,0.5686274509803921
20090606-W-Roland_Garros-F-Svetlana_Kuznetsova-Dinara_Safina,Dinara Safina,0.28205128205128205,0.07692307692307693,0.6410256410256411
20090604-W-Roland_Garros-SF-Dinara_Safina-Dominika_Cibulkova,Dinara Safina,0.375,0.07142857142857142,0.5535714285714286
20090604-W-Roland_Garros-SF-Dinara_Safina-Dominika_Cibulkova,Dominika Cibulkova,0.16393442622950818,0.14754098360655737,0.6885245901639344
20090603-W-Roland_Garros-QF-Serena_Williams-Svetlana_Kuznetsova,Serena Williams,0.37777777777777777,0.24444444444444444,0.37777777777777777
20090603-W-Roland_Garros-QF-Serena_Williams-Svetlana_Kuznetsova,Svetlana Kuznetsova,0.31868131868131866,0.32967032967032966,0.3516483516483517
20090517-W-Madrid-F-Caroline_Wozniacki-Dinara_Safina,Caroline Wozniacki,0.25,0.19230769230769232,0.5576923076923077
20090517-W-Madrid-F-Caroline_Wozniacki-Dinara_Safina,Dinara Safina,0.2911392405063291,0.22784810126582278,0.4810126582278481
20090511-W-Madrid-SF-Patty_Schnyder-Dinara_Safina,Patty Schnyder,0.3,0.2,0.5
20090511-W-Madrid-SF-Patty_Schnyder-Dinara_Safina,Dinara Safina,0.4576271186440678,0.2542372881355932,0.288135593220339
20090416-W-Charleston-R16-Sabine_Lisicki-Venus_Williams,Sabine Lisicki,0.3793103448275862,0.2413793103448276,0.3793103448275862
20090416-W-Charleston-R16-Sabine_Lisicki-Venus_Williams,Venus Williams,0.275,0.2,0.525
20090320-W-Indian_Wells-SF-Vera_Zvonareva-Victoria_Azarenka,Vera Zvonareva,0.1794871794871795,0.38461538461538464,0.4358974358974359
20090320-W-Indian_Wells-SF-Vera_Zvonareva-Victoria_Azarenka,Victoria Azarenka,0.15217391304347827,0.32608695652173914,0.5217391304347826
20090316-W-Indian_Wells-R32-Daniela_Hantuchova-Petra_Cetkovska,Daniela Hantuchova,0.3287671232876712,0.2328767123287671,0.4383561643835616
20090316-W-Indian_Wells-R32-Daniela_Hantuchova-Petra_Cetkovska,Petra Cetkovska,0.2786885245901639,0.26229508196721313,0.45901639344262296
20090316-W-Indian_Wells-R32-Ana_Ivanovic-Gisela_Dulko,Ana Ivanovic,0.32608695652173914,0.1956521739130435,0.4782608695652174
20090316-W-Indian_Wells-R32-Ana_Ivanovic-Gisela_Dulko,Gisela Dulko,0.21428571428571427,0.19047619047619047,0.5952380952380952
20090215-W-Paris-F-Amelie_Mauresmo-Elena_Dementieva,Amelie Mauresmo,0.2631578947368421,0.21052631578947367,0.5263157894736842
20090215-W-Paris-F-Amelie_Mauresmo-Elena_Dementieva,Elena Dementieva,0.26666666666666666,0.34444444444444444,0.3888888888888889
20090207-W-Fed_Cup_World_Group_R1-RR-Shuai_Zhang-Elena_Dementieva,Shuai Zhang,0.23333333333333334,0.06666666666666667,0.7
20090207-W-Fed_Cup_World_Group_R1-RR-Shuai_Zhang-Elena_Dementieva,Elena Dementieva,0.41304347826086957,0.1956521739130435,0.391304347826087
20090207-W-Fed_Cup_WG_R1-RR-Flavia_Pennetta-Amelie_Mauresmo,Flavia Pennetta,0.29411764705882354,0.24509803921568626,0.46078431372549017
20090207-W-Fed_Cup_WG_R1-RR-Flavia_Pennetta-Amelie_Mauresmo,Amelie Mauresmo,0.25,0.3,0.45
20090131-W-Australian_Open-F-Serena_Williams-Dinara_Safina,Serena Williams,0.4864864864864865,0.32432432432432434,0.1891891891891892
20090131-W-Australian_Open-F-Serena_Williams-Dinara_Safina,Dinara Safina,0.39285714285714285,0.17857142857142858,0.42857142857142855
20090125-W-Australian_Open-R16-Jelena_Dokic-Alisa_Kleybanova,Jelena Dokic,0.3577981651376147,0.24770642201834864,0.3944954128440367
20090125-W-Australian_Open-R16-Jelena_Dokic-Alisa_Kleybanova,Alisa Kleybanova,0.3013698630136986,0.2328767123287671,0.4657534246575342
20090119-W-Australian_Open-R128-Ana_Ivanovic-Julia_Goerges,Ana Ivanovic,0.2826086956521739,0.391304347826087,0.32608695652173914
20090119-W-Australian_Open-R128-Ana_Ivanovic-Julia_Goerges,Julia Goerges,0.2903225806451613,0.27419354838709675,0.41935483870967744
20081026-W-Luxembourg-F-Caroline_Wozniacki-Elena_Dementieva,Caroline Wozniacki,0.27941176470588236,0.22058823529411764,0.5
20081026-W-Luxembourg-F-Caroline_Wozniacki-Elena_Dementieva,Elena Dementieva,0.38317757009345793,0.1588785046728972,0.45794392523364486
20080903-W-US_Open-QF-Serena_Williams-Venus_Williams,Serena Williams,0.2833333333333333,0.25,0.4666666666666667
20080903-W-US_Open-QF-Serena_Williams-Venus_Williams,Venus Williams,0.32098765432098764,0.20987654320987653,0.4691358024691358
20080823-W-New_Haven-F-Anna_Chakvetadze-Caroline_Wozniacki,Anna Chakvetadze,0.3103448275862069,0.13793103448275862,0.5517241379310345
20080823-W-New_Haven-F-Anna_Chakvetadze-Caroline_Wozniacki,Caroline Wozniacki,0.125,0.375,0.5
20080817-W-Olympics-F-Dinara_Safina-Elena_Dementieva,Dinara Safina,0.21311475409836064,0.14754098360655737,0.6229508196721312
20080817-W-Olympics-F-Dinara_Safina-Elena_Dementieva,Elena Dementieva,0.3170731707317073,0.13414634146341464,0.5487804878048781
20080816-W-Olympics-SF-Vera_Zvonareva-Elena_Dementieva,Vera Zvonareva,0.2898550724637681,0.18840579710144928,0.5072463768115942
20080816-W-Olympics-SF-Vera_Zvonareva-Elena_Dementieva,Elena Dementieva,0.34782608695652173,0.2463768115942029,0.4057971014492754
20080816-W-Olympics-SF-Na_Li-Dinara_Safina,Na Li,0.3181818181818182,0.13636363636363635,0.5454545454545454
20080816-W-Olympics-SF-Na_Li-Dinara_Safina,Dinara Safina,0.19444444444444445,0.2777777777777778,0.5277777777777778
20080806-W-US_Open-F-Serena_Williams-Jelena_Jankovic,Serena Williams,0.3888888888888889,0.18888888888888888,0.4222222222222222
20080806-W-US_Open-F-Serena_Williams-Jelena_Jankovic,Jelena Jankovic,0.22448979591836735,0.32653061224489793,0.4489795918367347
20080705-W-Wimbledon-F-Venus_Williams-Serena_Williams,Venus Williams,0.38461538461538464,0.2692307692307692,0.34615384615384615
20080705-W-Wimbledon-F-Venus_Williams-Serena_Williams,Serena Williams,0.40350877192982454,0.15789473684210525,0.43859649122807015
20080607-W-Roland_Garros-F-Dinara_Safina-Ana_Ivanovic,Dinara Safina,0.3125,0.140625,0.546875
20080607-W-Roland_Garros-F-Dinara_Safina-Ana_Ivanovic,Ana Ivanovic,0.35,0.21666666666666667,0.43333333333333335
20080602-W-Roland_Garros-R16-Dinara_Safina-Maria_Sharapova,Dinara Safina,0.358974358974359,0.19230769230769232,0.44871794871794873
20080602-W-Roland_Garros-R16-Dinara_Safina-Maria_Sharapova,Maria Sharapova,0.3229166666666667,0.2708333333333333,0.40625
20080530-W-Roland_Garros-R32-Serena_Williams-Katarina_Srebotnik,Serena Williams,0.36538461538461536,0.11538461538461539,0.5192307692307693
20080530-W-Roland_Garros-R32-Serena_Williams-Katarina_Srebotnik,Katarina Srebotnik,0.41379310344827586,0.20689655172413793,0.3793103448275862
20080328-W-Miami-QF-Serena_Williams-Justine_Henin,Serena Williams,0.3684210526315789,0.39473684210526316,0.23684210526315788
20080328-W-Miami-QF-Serena_Williams-Justine_Henin,Justine Henin,0.24242424242424243,0.24242424242424243,0.5151515151515151
20080126-W-Australian_Open-F-Ana_Ivanovic-Maria_Sharapova,Ana Ivanovic,0.25,0.22727272727272727,0.5227272727272727
20080126-W-Australian_Open-F-Ana_Ivanovic-Maria_Sharapova,Maria Sharapova,0.325,0.45,0.225
20080124-W-Australian_Open-SF-Maria_Sharapova-Jelena_Jankovic,Maria Sharapova,0.4772727272727273,0.25,0.2727272727272727
20080124-W-Australian_Open-SF-Maria_Sharapova-Jelena_Jankovic,Jelena Jankovic,0.32,0.28,0.4
20080124-W-Australian_Open-SF-Ana_Ivanovic-Daniela_Hantuchova,Ana Ivanovic,0.41818181818181815,0.10909090909090909,0.4727272727272727
20080124-W-Australian_Open-SF-Ana_Ivanovic-Daniela_Hantuchova,Daniela Hantuchova,0.30985915492957744,0.30985915492957744,0.38028169014084506
20080123-W-Australian_Open-QF-Daniela_Hantuchova-Agnieszka_Radwanska,Daniela Hantuchova,0.45161290322580644,0.2903225806451613,0.25806451612903225
20080123-W-Australian_Open-QF-Daniela_Hantuchova-Agnieszka_Radwanska,Agnieszka Radwanska,0.34146341463414637,0.21951219512195122,0.4146341463414634
20080122-W-Australian_Open-QF-Maria_Sharapova-Justine_Henin,Maria Sharapova,0.48148148148148145,0.2037037037037037,0.3148148148148148
20080122-W-Australian_Open-QF-Maria_Sharapova-Justine_Henin,Justine Henin,0.3125,0.1875,0.5
20080120-W-Australian_Open-R16-Caroline_Wozniacki-Ana_Ivanovic,Caroline Wozniacki,0.28205128205128205,0.23076923076923078,0.48717948717948717
20080120-W-Australian_Open-R16-Caroline_Wozniacki-Ana_Ivanovic,Ana Ivanovic,0.4107142857142857,0.19642857142857142,0.39285714285714285
20080116-W-Australian_Open-R64-Olga_Puchkova-Justine_Henin,Olga Puchkova,0.2391304347826087,0.2608695652173913,0.5
20080116-W-Australian_Open-R64-Olga_Puchkova-Justine_Henin,Justine Henin,0.34146341463414637,0.3170731707317073,0.34146341463414637
20070908-W-US_Open-F-Svetlana_Kuznetsova-Justine_Henin,Svetlana Kuznetsova,0.2,0.1111111111111111,0.6888888888888889
20070908-W-US_Open-F-Svetlana_Kuznetsova-Justine_Henin,Justine Henin,0.358974358974359,0.23076923076923078,0.41025641025641024
20070907-W-US_Open-SF-Venus_Williams-Justine_Henin,Venus Williams,0.3050847457627119,0.1864406779661017,0.5084745762711864
20070907-W-US_Open-SF-Venus_Williams-Justine_Henin,Justine Henin,0.38333333333333336,0.2,0.4166666666666667
20070904-W-US_Open-QF-Serena_Williams-Justine_Henin,Serena Williams,0.2037037037037037,0.2222222222222222,0.5740740740740741
20070904-W-US_Open-QF-Serena_Williams-Justine_Henin,Justine Henin,0.3898305084745763,0.23728813559322035,0.3728813559322034
20070902-W-US_Open-R16-Dinara_Safina-Justine_Henin,Dinara Safina,0.24242424242424243,0.21212121212121213,0.5454545454545454
20070902-W-US_Open-R16-Dinara_Safina-Justine_Henin,Justine Henin,0.32,0.36,0.32
20070901-W-US_Open-R32-Agnieszka_Radwanska-Maria_Sharapova,Agnieszka Radwanska,0.2962962962962963,0.12962962962962962,0.5740740740740741
20070901-W-US_Open-R32-Agnieszka_Radwanska-Maria_Sharapova,Maria Sharapova,0.3125,0.1625,0.525
20070831-W-US_Open-R32-Justine_Henin-Kate_Makarova,Justine Henin,0.5,0.32142857142857145,0.17857142857142858
20070831-W-US_Open-R32-Justine_Henin-Kate_Makarova,Kate Makarova,0.25,0.175,0.575
20070829-W-US_Open-R64-Tsvetana_Pironkova-Justine_Henin,Tsvetana Pironkova,0.30303030303030304,0.21212121212121213,0.48484848484848486
20070829-W-US_Open-R64-Tsvetana_Pironkova-Justine_Henin,Justine Henin,0.42105263157894735,0.21052631578947367,0.3684210526315789
20070708-W-Wimbledon-F-Venus_Williams-Marion_Bartoli,Venus Williams,0.4642857142857143,0.16071428571428573,0.375
20070708-W-Wimbledon-F-Venus_Williams-Marion_Bartoli,Marion Bartoli,0.2413793103448276,0.41379310344827586,0.3448275862068966
20070623-W-Eastbourne-SF-Justine_Henin-Marion_Bartoli,Justine Henin,0.45454545454545453,0.3333333333333333,0.21212121212121213
20070623-W-Eastbourne-SF-Justine_Henin-Marion_Bartoli,Marion Bartoli,0.15384615384615385,0.3076923076923077,0.5384615384615384
20070623-W-Eastbourne-F-Amelie_Mauresmo-Justine_Henin,Amelie Mauresmo,0.3684210526315789,0.24561403508771928,0.38596491228070173
20070623-W-Eastbourne-F-Amelie_Mauresmo-Justine_Henin,Justine Henin,0.4864864864864865,0.21621621621621623,0.2972972972972973
20070621-W-Eastbourne-R16-Agnieszka_Radwanska-Justine_Henin,Agnieszka Radwanska,0.21875,0.28125,0.5
20070621-W-Eastbourne-R16-Agnieszka_Radwanska-Justine_Henin,Justine Henin,0.4827586206896552,0.15517241379310345,0.3620689655172414
20070607-W-Roland_Garros-SF-Justine_Henin-Jelena_Jankovic,Justine Henin,0.4339622641509434,0.24528301886792453,0.32075471698113206
20070607-W-Roland_Garros-SF-Justine_Henin-Jelena_Jankovic,Jelena Jankovic,0.2777777777777778,0.19444444444444445,0.5277777777777778
20070607-W-Roland_Garros-SF-Ana_Ivanovic-Maria_Sharapova,Ana Ivanovic,0.26666666666666666,0.36666666666666664,0.36666666666666664
20070607-W-Roland_Garros-SF-Ana_Ivanovic-Maria_Sharapova,Maria Sharapova,0.2,0.225,0.575
20070509-W-Roland_Garros-F-Justine_Henin-Ana_Ivanovic,Justine Henin,0.29411764705882354,0.4411764705882353,0.2647058823529412
20070509-W-Roland_Garros-F-Justine_Henin-Ana_Ivanovic,Ana Ivanovic,0.2972972972972973,0.16216216216216217,0.5405405405405406
20070506-W-Warsaw-F-Alona_Bondarenko-Justine_Henin,Alona Bondarenko,0.14814814814814814,0.2222222222222222,0.6296296296296297
20070506-W-Warsaw-F-Alona_Bondarenko-Justine_Henin,Justine Henin,0.42857142857142855,0.21428571428571427,0.35714285714285715
20070408-W-Amelia_Island-F-Nadia_Petrova-Tatiana_Golovin,Nadia Petrova,0.29508196721311475,0.13114754098360656,0.5573770491803278
20070408-W-Amelia_Island-F-Nadia_Petrova-Tatiana_Golovin,Tatiana Golovin,0.4482758620689655,0.2413793103448276,0.3103448275862069
20070127-W-Australian_Open-F-Serena_Williams-Maria_Sharapova,Serena Williams,0.5128205128205128,0.2564102564102564,0.23076923076923078
20070127-W-Australian_Open-F-Serena_Williams-Maria_Sharapova,Maria Sharapova,0.3181818181818182,0.3181818181818182,0.36363636363636365
20070117-W-Australian_Open-R64-Martina_Hingis-Alla_Kudryavtseva,Martina Hingis,0.3333333333333333,0.45454545454545453,0.21212121212121213
20070117-W-Australian_Open-R64-Martina_Hingis-Alla_Kudryavtseva,Alla Kudryavtseva,0.3448275862068966,0.22413793103448276,0.43103448275862066
20070116-W-Australian_Open-R128-Martina_Hingis-Nathalie_Dechy,Martina Hingis,0.3888888888888889,0.5,0.1111111111111111
20070116-W-Australian_Open-R128-Martina_Hingis-Nathalie_Dechy,Nathalie Dechy,0.39285714285714285,0.17857142857142858,0.42857142857142855
20061108-W-WTA_Championships-RR-Nadia_Petrova-Martina_Hingis,Nadia Petrova,0.32941176470588235,0.17647058823529413,0.49411764705882355
20061108-W-WTA_Championships-RR-Nadia_Petrova-Martina_Hingis,Martina Hingis,0.3023255813953488,0.13953488372093023,0.5581395348837209
20061006-W-Stuttgart-QF-Tatiana_Golovin-Michaella_Krajicek,Tatiana Golovin,0.5333333333333333,0.3111111111111111,0.15555555555555556
20061006-W-Stuttgart-QF-Tatiana_Golovin-Michaella_Krajicek,Michaella Krajicek,0.2972972972972973,0.32432432432432434,0.3783783783783784
20060917-W-Fed_Cup_World_Group_F-RR-Justine_Henin-Francesca_Schiavone,Justine Henin,0.2537313432835821,0.31343283582089554,0.43283582089552236
20060917-W-Fed_Cup_World_Group_F-RR-Justine_Henin-Francesca_Schiavone,Francesca Schiavone,0.2222222222222222,0.24444444444444444,0.5333333333333333
20060908-W-US_Open-SF-Amelie_Mauresmo-Maria_Sharapova,Amelie Mauresmo,0.14035087719298245,0.19298245614035087,0.6666666666666666
20060908-W-US_Open-SF-Amelie_Mauresmo-Maria_Sharapova,Maria Sharapova,0.35185185185185186,0.24074074074074073,0.4074074074074074
20060903-W-US_Open-R16-Justine_Henin-Shahar_Peer,Justine Henin,0.45454545454545453,0.3939393939393939,0.15151515151515152
20060903-W-US_Open-R16-Justine_Henin-Shahar_Peer,Shahar Peer,0.13043478260869565,0.21739130434782608,0.6521739130434783
20060821-W-New_Haven-QF-Amelie_Mauresmo-Lindsay_Davenport,Amelie Mauresmo,0.32432432432432434,0.10810810810810811,0.5675675675675675
20060821-W-New_Haven-QF-Amelie_Mauresmo-Lindsay_Davenport,Lindsay Davenport,0.24561403508771928,0.2631578947368421,0.49122807017543857
20060813-W-Los_Angeles-F-Jelena_Jankovic-Elena_Dementieva,Jelena Jankovic,0.3625,0.125,0.5
20060813-W-Los_Angeles-F-Jelena_Jankovic-Elena_Dementieva,Elena Dementieva,0.3902439024390244,0.1951219512195122,0.3902439024390244
20060709-W-Wimbledon-F-Amelie_Mauresmo-Justine_Henin,Amelie Mauresmo,0.3125,0.265625,0.421875
20060709-W-Wimbledon-F-Amelie_Mauresmo-Justine_Henin,Justine Henin,0.4246575342465753,0.2191780821917808,0.3561643835616438
20060706-W-Wimbledon-SF-Justine_Henin-Kim_Clijsters,Justine Henin,0.32727272727272727,0.2909090909090909,0.38181818181818183
20060706-W-Wimbledon-SF-Justine_Henin-Kim_Clijsters,Kim Clijsters,0.2545454545454545,0.2909090909090909,0.45454545454545453
20060703-W-Wimbledon-R16-Maria_Sharapova-Flavia_Pennetta,Maria Sharapova,0.2826086956521739,0.30434782608695654,0.41304347826086957
20060703-W-Wimbledon-R16-Maria_Sharapova-Flavia_Pennetta,Flavia Pennetta,0.3684210526315789,0.25,0.3815789473684211
20060624-W-Eastbourne-F-Anastasia_Myskina-Justine_Henin,Anastasia Myskina,0.313953488372093,0.2558139534883721,0.43023255813953487
20060624-W-Eastbourne-F-Anastasia_Myskina-Justine_Henin,Justine Henin,0.375,0.2625,0.375
20060610-W-Roland_Garros-F-Svetlana_Kuznetsova-Justine_Henin,Svetlana Kuznetsova,0.288135593220339,0.11864406779661017,0.5932203389830508
20060610-W-Roland_Garros-F-Svetlana_Kuznetsova-Justine_Henin,Justine Henin,0.23529411764705882,0.17647058823529413,0.5882352941176471
20060602-W-Roland_Garros-R32-Aravane_Rezai-Nicole_Vaidisova,Aravane Rezai,0.2898550724637681,0.17391304347826086,0.5362318840579711
20060602-W-Roland_Garros-R32-Aravane_Rezai-Nicole_Vaidisova,Nicole Vaidisova,0.36363636363636365,0.22727272727272727,0.4090909090909091
20060302-W-Doha-QF-Svetlana_Kuznetsova-Martina_Hingis,Svetlana Kuznetsova,0.3614457831325301,0.13253012048192772,0.5060240963855421
20060302-W-Doha-QF-Svetlana_Kuznetsova-Martina_Hingis,Martina Hingis,0.23333333333333334,0.36666666666666664,0.4
20060221-W-Dubai-R32-Martina_Hingis-Sania_Mirza,Martina Hingis,0.35714285714285715,0.26785714285714285,0.375
20060221-W-Dubai-R32-Martina_Hingis-Sania_Mirza,Sania Mirza,0.32857142857142857,0.2714285714285714,0.4
20060128-W-Australian_Open-F-Amelie_Mauresmo-Justine_Henin,Amelie Mauresmo,0.18181818181818182,0.4090909090909091,0.4090909090909091
20060128-W-Australian_Open-F-Amelie_Mauresmo-Justine_Henin,Justine Henin,0.08571428571428572,0.2571428571428571,0.6571428571428571
20060125-W-Australian_Open-QF-Kim_Clijsters-Martina_Hingis,Kim Clijsters,0.32978723404255317,0.2978723404255319,0.3723404255319149
20060125-W-Australian_Open-QF-Kim_Clijsters-Martina_Hingis,Martina Hingis,0.3148148148148148,0.35185185185185186,0.3333333333333333
20060120-W-Australian_Open-R32-Serena_Williams-Daniela_Hantuchova,Serena Williams,0.20754716981132076,0.16981132075471697,0.6226415094339622
20060120-W-Australian_Open-R32-Serena_Williams-Daniela_Hantuchova,Daniela Hantuchova,0.25,0.3,0.45
20051113-W-WTA_Championships-F-Amelie_Mauresmo-Mary_Pierce,Amelie Mauresmo,0.37142857142857144,0.17142857142857143,0.45714285714285713
20051113-W-WTA_Championships-F-Amelie_Mauresmo-Mary_Pierce,Mary Pierce,0.31746031746031744,0.23015873015873015,0.4523809523809524
20051023-W-Zurich-F-Patty_Schnyder-Lindsay_Davenport,Patty Schnyder,0.3191489361702128,0.1276595744680851,0.5531914893617021
20051023-W-Zurich-F-Patty_Schnyder-Lindsay_Davenport,Lindsay Davenport,0.27848101265822783,0.26582278481012656,0.45569620253164556
20050919-W-Fed_Cup_World_Group_F-RR-Mary_Pierce-Elena_Dementieva,Mary Pierce,0.37254901960784315,0.22549019607843138,0.4019607843137255
20050919-W-Fed_Cup_World_Group_F-RR-Mary_Pierce-Elena_Dementieva,Elena Dementieva,0.4375,0.3125,0.25
20050911-W-US_Open-F-Mary_Pierce-Kim_Clijsters,Mary Pierce,0.15789473684210525,0.34210526315789475,0.5
20050911-W-US_Open-F-Mary_Pierce-Kim_Clijsters,Kim Clijsters,0.3448275862068966,0.3103448275862069,0.3448275862068966
20050908-W-US_Open-SF-Mary_Pierce-Elena_Dementieva,Mary Pierce,0.3157894736842105,0.22807017543859648,0.45614035087719296
20050908-W-US_Open-SF-Mary_Pierce-Elena_Dementieva,Elena Dementieva,0.35185185185185186,0.24074074074074073,0.4074074074074074
20050907-W-US_Open-QF-Venus_Williams-Kim_Clijsters,Venus Williams,0.225,0.1625,0.6125
20050907-W-US_Open-QF-Venus_Williams-Kim_Clijsters,Kim Clijsters,0.25,0.15,0.6
20050907-W-US_Open-QF-Mary_Pierce-Amelie_Mauresmo,Mary Pierce,0.35,0.35,0.3
20050907-W-US_Open-QF-Mary_Pierce-Amelie_Mauresmo,Amelie Mauresmo,0.48484848484848486,0.030303030303030304,0.48484848484848486
20050906-W-US_Open-QF-Lindsay_Davenport-Elena_Dementieva,Lindsay Davenport,0.20689655172413793,0.27586206896551724,0.5172413793103449
20050906-W-US_Open-QF-Lindsay_Davenport-Elena_Dementieva,Elena Dementieva,0.4074074074074074,0.1728395061728395,0.41975308641975306
20050905-W-US_Open-R16-Mary_Pierce-Justine_Henin,Mary Pierce,0.3584905660377358,0.2830188679245283,0.3584905660377358
20050905-W-US_Open-R16-Mary_Pierce-Justine_Henin,Justine Henin,0.4146341463414634,0.17073170731707318,0.4146341463414634
20050904-W-US_Open-R16-Serena_Williams-Venus_Williams,Serena Williams,0.21951219512195122,0.21951219512195122,0.5609756097560976
20050904-W-US_Open-R16-Serena_Williams-Venus_Williams,Venus Williams,0.25,0.2857142857142857,0.4642857142857143
20050702-W-Wimbledon-F-Venus_Williams-Lindsay_Davenport,Venus Williams,0.4536082474226804,0.20618556701030927,0.3402061855670103
20050702-W-Wimbledon-F-Venus_Williams-Lindsay_Davenport,Lindsay Davenport,0.2840909090909091,0.2727272727272727,0.4431818181818182
20050701-W-Wimbledon-SF-Amelie_Mauresmo-Lindsay_Davenport,Amelie Mauresmo,0.45454545454545453,0.13636363636363635,0.4090909090909091
20050701-W-Wimbledon-SF-Amelie_Mauresmo-Lindsay_Davenport,Lindsay Davenport,0.41379310344827586,0.22988505747126436,0.3563218390804598
20050628-W-Wimbledon-QF-Venus_Williams-Mary_Pierce,Venus Williams,0.34545454545454546,0.4,0.2545454545454545
20050628-W-Wimbledon-QF-Venus_Williams-Mary_Pierce,Mary Pierce,0.44,0.22,0.34
20050604-W-Roland_Garros-F-Mary_Pierce-Justine_Henin,Mary Pierce,0.23529411764705882,0.14705882352941177,0.6176470588235294
20050604-W-Roland_Garros-F-Mary_Pierce-Justine_Henin,Justine Henin,0.30303030303030304,0.3939393939393939,0.30303030303030304
20050515-W-Rome-F-Amelie_Mauresmo-Patty_Schnyder,Amelie Mauresmo,0.4,0.08571428571428572,0.5142857142857142
20050515-W-Rome-F-Amelie_Mauresmo-Patty_Schnyder,Patty Schnyder,0.2463768115942029,0.2463768115942029,0.5072463768115942
20050129-W-Australian_Open-F-Serena_Williams-Lindsay_Davenport,Serena Williams,0.3958333333333333,0.3958333333333333,0.20833333333333334
20050129-W-Australian_Open-F-Serena_Williams-Lindsay_Davenport,Lindsay Davenport,0.38095238095238093,0.2619047619047619,0.3333333333333333
20050127-W-Australian_Open-SF-Serena_Williams-Maria_Sharapova,Serena Williams,0.2826086956521739,0.17391304347826086,0.5434782608695652
20050127-W-Australian_Open-SF-Serena_Williams-Maria_Sharapova,Maria Sharapova,0.15853658536585366,0.2682926829268293,0.573170731707317
20050117-W-Australian_Open-R64-Tzipi_Obziler-Anastasia_Myskina,Tzipi Obziler,0.2894736842105263,0.10526315789473684,0.6052631578947368
20050117-W-Australian_Open-R64-Tzipi_Obziler-Anastasia_Myskina,Anastasia Myskina,0.29310344827586204,0.20689655172413793,0.5
20041116-W-Tour_Championships-F-Maria_Sharapova-Serena_Williams,Maria Sharapova,0.21818181818181817,0.36363636363636365,0.41818181818181815
20041116-W-Tour_Championships-F-Maria_Sharapova-Serena_Williams,Serena Williams,0.3333333333333333,0.30952380952380953,0.35714285714285715
20041115-W-Tour_Championships-SF-Maria_Sharapova-Anastasia_Myskina,Maria Sharapova,0.3020833333333333,0.20833333333333334,0.4895833333333333
20041115-W-Tour_Championships-SF-Maria_Sharapova-Anastasia_Myskina,Anastasia Myskina,0.2909090909090909,0.2,0.509090909090909
20041113-W-Tour_Championships-RR-Maria_Sharapova-Amelie_Mauresmo,Maria Sharapova,0.3918918918918919,0.17567567567567569,0.43243243243243246
20041113-W-Tour_Championships-RR-Maria_Sharapova-Amelie_Mauresmo,Amelie Mauresmo,0.36363636363636365,0.30303030303030304,0.3333333333333333
20040926-W-Beijing-F-Svetlana_Kuznetsova-Serena_Williams,Svetlana Kuznetsova,0.2222222222222222,0.25,0.5277777777777778
20040926-W-Beijing-F-Svetlana_Kuznetsova-Serena_Williams,Serena Williams,0.25,0.2631578947368421,0.4868421052631579
20040826-W-New_Haven-QF-Jelena_Jankovic-Elena_Dementieva,Jelena Jankovic,0.24444444444444444,0.17777777777777778,0.5777777777777777
20040826-W-New_Haven-QF-Jelena_Jankovic-Elena_Dementieva,Elena Dementieva,0.375,0.22916666666666666,0.3958333333333333
20040823-W-New_Haven-SF-Elena_Bovina-Elena_Dementieva,Elena Bovina,0.4,0.22857142857142856,0.37142857142857144
20040823-W-New_Haven-SF-Elena_Bovina-Elena_Dementieva,Elena Dementieva,0.2903225806451613,0.22580645161290322,0.45161290322580644
20040821-W-Olympics-F-Amelie_Mauresmo-Justine_Henin,Amelie Mauresmo,0.20689655172413793,0.27586206896551724,0.5172413793103449
20040821-W-Olympics-F-Amelie_Mauresmo-Justine_Henin,Justine Henin,0.22641509433962265,0.41509433962264153,0.3584905660377358
20040820-W-Olympics-SF-Anastasia_Myskina-Justine_Henin,Anastasia Myskina,0.20689655172413793,0.2413793103448276,0.5517241379310345
20040820-W-Olympics-SF-Anastasia_Myskina-Justine_Henin,Justine Henin,0.19811320754716982,0.3018867924528302,0.5
20040808-W-Montreal-F-Amelie_Mauresmo-Elena_Likhovtseva,Amelie Mauresmo,0.5555555555555556,0.1388888888888889,0.3055555555555556
20040808-W-Montreal-F-Amelie_Mauresmo-Elena_Likhovtseva,Elena Likhovtseva,0.2894736842105263,0.18421052631578946,0.5263157894736842
20040801-W-San_Diego-F-Lindsay_Davenport-Anastasia_Myskina,Lindsay Davenport,0.358974358974359,0.28205128205128205,0.358974358974359
20040801-W-San_Diego-F-Lindsay_Davenport-Anastasia_Myskina,Anastasia Myskina,0.23333333333333334,0.13333333333333333,0.6333333333333333
20040730-W-San_Diego-QF-Maria_Sharapova-Anastasia_Myskina,Maria Sharapova,0.2903225806451613,0.16129032258064516,0.5483870967741935
20040730-W-San_Diego-QF-Maria_Sharapova-Anastasia_Myskina,Anastasia Myskina,0.3125,0.25,0.4375
20040703-W-Wimbledon-F-Maria_Sharapova-Serena_Williams,Maria Sharapova,0.3125,0.20833333333333334,0.4791666666666667
20040703-W-Wimbledon-F-Maria_Sharapova-Serena_Williams,Serena Williams,0.2631578947368421,0.07894736842105263,0.6578947368421053
20040411-W-Amelia_Island-F-Amelie_Mauresmo-Lindsay_Davenport,Amelie Mauresmo,0.4222222222222222,0.2,0.37777777777777777
20040411-W-Amelia_Island-F-Amelie_Mauresmo-Lindsay_Davenport,Lindsay Davenport,0.41818181818181815,0.21818181818181817,0.36363636363636365
20040330-W-Miami-QF-Elena_Dementieva-Venus_Williams,Elena Dementieva,0.2916666666666667,0.2916666666666667,0.4166666666666667
20040330-W-Miami-QF-Elena_Dementieva-Venus_Williams,Venus Williams,0.25842696629213485,0.15730337078651685,0.5842696629213483
20040131-W-Australian_Open-F-Kim_Clijsters-Justine_Henin,Kim Clijsters,0.15625,0.328125,0.515625
20040131-W-Australian_Open-F-Kim_Clijsters-Justine_Henin,Justine Henin,0.36923076923076925,0.26153846153846155,0.36923076923076925
20031120-W-Fed_Cup_World_Group_SF-RR-Anastasia_Myskina-Amelie_Mauresmo,Anastasia Myskina,0.28735632183908044,0.2988505747126437,0.41379310344827586
20031120-W-Fed_Cup_World_Group_SF-RR-Anastasia_Myskina-Amelie_Mauresmo,Amelie Mauresmo,0.27472527472527475,0.32967032967032966,0.3956043956043956
20031107-W-WTA_Tour_Championships-RR-Elena_Dementieva-Chanda_Rubin,Elena Dementieva,0.4482758620689655,0.14942528735632185,0.40229885057471265
20031107-W-WTA_Tour_Championships-RR-Elena_Dementieva-Chanda_Rubin,Chanda Rubin,0.25925925925925924,0.24691358024691357,0.49382716049382713
20030928-W-Leipzig-F-Anastasia_Myskina-Justine_Henin,Anastasia Myskina,0.3582089552238806,0.23880597014925373,0.40298507462686567
20030928-W-Leipzig-F-Anastasia_Myskina-Justine_Henin,Justine Henin,0.2962962962962963,0.24074074074074073,0.46296296296296297
20030906-W-US_Open-SF-Kim_Clijsters-Lindsay_Davenport,Kim Clijsters,0.5,0.13333333333333333,0.36666666666666664
20030906-W-US_Open-SF-Kim_Clijsters-Lindsay_Davenport,Lindsay Davenport,0.25,0.15384615384615385,0.5961538461538461
20030906-W-US_Open-F-Kim_Clijsters-Justine_Henin,Kim Clijsters,0.21818181818181817,0.18181818181818182,0.5818181818181818
20030906-W-US_Open-F-Kim_Clijsters-Justine_Henin,Justine Henin,0.3409090909090909,0.20454545454545456,0.45454545454545453
20030705-W-Wimbledon-F-Venus_Williams-Serena_Williams,Venus Williams,0.2857142857142857,0.30158730158730157,0.4126984126984127
20030705-W-Wimbledon-F-Venus_Williams-Serena_Williams,Serena Williams,0.2839506172839506,0.2716049382716049,0.4444444444444444
20030703-W-Wimbledon-SF-Venus_Williams-Kim_Clijsters,Venus Williams,0.18072289156626506,0.46987951807228917,0.3493975903614458
20030703-W-Wimbledon-SF-Venus_Williams-Kim_Clijsters,Kim Clijsters,0.4126984126984127,0.1746031746031746,0.4126984126984127
20030607-W-Roland_Garros-F-Kim_Clijsters-Justine_Henin,Kim Clijsters,0.16666666666666666,0.19047619047619047,0.6428571428571429
20030607-W-Roland_Garros-F-Kim_Clijsters-Justine_Henin,Justine Henin,0.4166666666666667,0.1875,0.3958333333333333
20030222-W-Dubai-F-Monica_Seles-Justine_Henin,Monica Seles,0.1875,0.4270833333333333,0.3854166666666667
20030222-W-Dubai-F-Monica_Seles-Justine_Henin,Justine Henin,0.40860215053763443,0.27956989247311825,0.3118279569892473
20030125-W-Australian_Open-F-Serena_Williams-Venus_Williams,Serena Williams,0.30851063829787234,0.19148936170212766,0.5
20030125-W-Australian_Open-F-Serena_Williams-Venus_Williams,Venus Williams,0.2465753424657534,0.2602739726027397,0.4931506849315068
20021110-W-WTA_Tour_Championships-QF-Monica_Seles-Venus_Williams,Monica Seles,0.40476190476190477,0.23809523809523808,0.35714285714285715
20021110-W-WTA_Tour_Championships-QF-Monica_Seles-Venus_Williams,Venus Williams,0.4025974025974026,0.14285714285714285,0.45454545454545453
20021107-W-WTA_Tour_Championships-R16-Jelena_Dokic-Anastasia_Myskina,Jelena Dokic,0.21739130434782608,0.21739130434782608,0.5652173913043478
20021107-W-WTA_Tour_Championships-R16-Jelena_Dokic-Anastasia_Myskina,Anastasia Myskina,0.13513513513513514,0.1891891891891892,0.6756756756756757
20021010-W-Filderstadt-R16-Martina_Hingis-Elena_Dementieva,Martina Hingis,0.2647058823529412,0.2647058823529412,0.47058823529411764
20021010-W-Filderstadt-R16-Martina_Hingis-Elena_Dementieva,Elena Dementieva,0.5,0.25,0.25
20020828-W-US_Open-R64-Elena_Bovina-Jelena_Dokic,Elena Bovina,0.3488372093023256,0.18604651162790697,0.46511627906976744
20020828-W-US_Open-R64-Elena_Bovina-Jelena_Dokic,Jelena Dokic,0.4,0.08888888888888889,0.5111111111111111
20020823-W-New_Haven-SF-Venus_Williams-Daniela_Hantuchova,Venus Williams,0.5277777777777778,0.19444444444444445,0.2777777777777778
20020823-W-New_Haven-SF-Venus_Williams-Daniela_Hantuchova,Daniela Hantuchova,0.375,0.15625,0.46875
20020607-W-Roland_Garros-SF-Clarisa_Fernandez-Venus_Williams,Clarisa Fernandez,0.06896551724137931,0.20689655172413793,0.7241379310344828
20020607-W-Roland_Garros-SF-Clarisa_Fernandez-Venus_Williams,Venus Williams,0.29310344827586204,0.25862068965517243,0.4482758620689655
20020604-W-Roland_Garros-QF-Jelena_Dokic-Jennifer_Capriati,Jelena Dokic,0.2857142857142857,0.22077922077922077,0.4935064935064935
20020604-W-Roland_Garros-QF-Jelena_Dokic-Jennifer_Capriati,Jennifer Capriati,0.2765957446808511,0.19148936170212766,0.5319148936170213
20020329-W-Miami-SF-Jennifer_Capriati-Monica_Seles,Jennifer Capriati,0.37777777777777777,0.24444444444444444,0.37777777777777777
20020329-W-Miami-SF-Jennifer_Capriati-Monica_Seles,Monica Seles,0.29213483146067415,0.24719101123595505,0.4606741573033708
20020312-W-Indian_Wells-R16-Daniela_Hantuchova-Justine_Henin,Daniela Hantuchova,0.38235294117647056,0.20588235294117646,0.4117647058823529
20020312-W-Indian_Wells-R16-Daniela_Hantuchova-Justine_Henin,Justine Henin,0.29411764705882354,0.058823529411764705,0.6470588235294118
20020217-W-Antwerp-F-Venus_Williams-Justine_Henin,Venus Williams,0.4025974025974026,0.14285714285714285,0.45454545454545453
20020217-W-Antwerp-F-Venus_Williams-Justine_Henin,Justine Henin,0.21621621621621623,0.2972972972972973,0.4864864864864865
20020126-W-Australian_Open-F-Martina_Hingis-Jennifer_Capriati,Martina Hingis,0.24175824175824176,0.15384615384615385,0.6043956043956044
20020126-W-Australian_Open-F-Martina_Hingis-Jennifer_Capriati,Jennifer Capriati,0.28888888888888886,0.14444444444444443,0.5666666666666667
20011109-W-Fed_Cup_World_Group_RRA-RR-Elena_Dementieva-Amelie_Mauresmo,Elena Dementieva,0.3508771929824561,0.24561403508771928,0.40350877192982454
20011109-W-Fed_Cup_World_Group_RRA-RR-Elena_Dementieva-Amelie_Mauresmo,Amelie Mauresmo,0.32786885245901637,0.16393442622950818,0.5081967213114754
20011031-W-WTA_Tour_Championships-R16-Jelena_Dokic-Meghann_Shaughnessy,Jelena Dokic,0.38181818181818183,0.34545454545454546,0.2727272727272727
20011031-W-WTA_Tour_Championships-R16-Jelena_Dokic-Meghann_Shaughnessy,Meghann Shaughnessy,0.38095238095238093,0.16666666666666666,0.4523809523809524
20010908-W-US_Open-F-Serena_Williams-Venus_Williams,Serena Williams,0.25925925925925924,0.12962962962962962,0.6111111111111112
20010908-W-US_Open-F-Serena_Williams-Venus_Williams,Venus Williams,0.2,0.3,0.5
20010708-W-Wimbledon-F-Venus_Williams-Justine_Henin,Venus Williams,0.3584905660377358,0.2830188679245283,0.3584905660377358
20010708-W-Wimbledon-F-Venus_Williams-Justine_Henin,Justine Henin,0.22580645161290322,0.2903225806451613,0.4838709677419355
20010609-W-Roland_Garros-F-Jennifer_Capriati-Kim_Clijsters,Jennifer Capriati,0.2247191011235955,0.15730337078651685,0.6179775280898876
20010609-W-Roland_Garros-F-Jennifer_Capriati-Kim_Clijsters,Kim Clijsters,0.18691588785046728,0.24299065420560748,0.5700934579439252
20010505-W-Hamburg-SF-Venus_Williams-Jelena_Dokic,Venus Williams,0.3695652173913043,0.30434782608695654,0.32608695652173914
20010505-W-Hamburg-SF-Venus_Williams-Jelena_Dokic,Jelena Dokic,0.20833333333333334,0.125,0.6666666666666666
20010331-W-Miami-F-Jennifer_Capriati-Venus_Williams,Jennifer Capriati,0.1346153846153846,0.3269230769230769,0.5384615384615384
20010331-W-Miami-F-Jennifer_Capriati-Venus_Williams,Venus Williams,0.345679012345679,0.19753086419753085,0.4567901234567901
20010127-W-Australian_Open-F-Martina_Hingis-Jennifer_Capriati,Martina Hingis,0.24528301886792453,0.3018867924528302,0.4528301886792453
20010127-W-Australian_Open-F-Martina_Hingis-Jennifer_Capriati,Jennifer Capriati,0.3953488372093023,0.27906976744186046,0.32558139534883723
20010124-W-Australian_Open-QF-Serena_Williams-Martina_Hingis,Serena Williams,0.3076923076923077,0.21153846153846154,0.4807692307692308
20010124-W-Australian_Open-QF-Serena_Williams-Martina_Hingis,Martina Hingis,0.17647058823529413,0.5147058823529411,0.3088235294117647
20000928-W-Olympics-F-Elena_Dementieva-Venus_Williams,Elena Dementieva,0.14285714285714285,0.2571428571428571,0.6
20000928-W-Olympics-F-Elena_Dementieva-Venus_Williams,Venus Williams,0.2777777777777778,0.2777777777777778,0.4444444444444444
20000906-W-US_Open-QF-Serena_Williams-Lindsay_Davenport,Serena Williams,0.328125,0.1875,0.484375
20000906-W-US_Open-QF-Serena_Williams-Lindsay_Davenport,Lindsay Davenport,0.22,0.46,0.32
20000905-W-US_Open-QF-Martina_Hingis-Monica_Seles,Martina Hingis,0.3888888888888889,0.3333333333333333,0.2777777777777778
20000905-W-US_Open-QF-Martina_Hingis-Monica_Seles,Monica Seles,0.2807017543859649,0.22807017543859648,0.49122807017543857
20000902-W-US_Open-F-Venus_Williams-Lindsay_Davenport,Venus Williams,0.34,0.28,0.38
20000902-W-US_Open-F-Venus_Williams-Lindsay_Davenport,Lindsay Davenport,0.30612244897959184,0.2653061224489796,0.42857142857142855
20000816-W-Montreal-R32-Justine_Henin-Lindsay_Davenport,Justine Henin,0.28378378378378377,0.25675675675675674,0.4594594594594595
20000816-W-Montreal-R32-Justine_Henin-Lindsay_Davenport,Lindsay Davenport,0.2535211267605634,0.3380281690140845,0.4084507042253521
20000708-W-Wimbledon-SF-Venus_Williams-Serena_Williams,Venus Williams,0.175,0.3,0.525
20000708-W-Wimbledon-SF-Venus_Williams-Serena_Williams,Serena Williams,0.2857142857142857,0.14285714285714285,0.5714285714285714
20000708-W-Wimbledon-SF-Jelena_Dokic-Lindsay_Davenport,Jelena Dokic,0.3103448275862069,0.10344827586206896,0.5862068965517241
20000708-W-Wimbledon-SF-Jelena_Dokic-Lindsay_Davenport,Lindsay Davenport,0.2972972972972973,0.24324324324324326,0.4594594594594595
20000708-W-Wimbledon-F-Venus_Williams-Lindsay_Davenport,Venus Williams,0.43103448275862066,0.22413793103448276,0.3448275862068966
20000708-W-Wimbledon-F-Venus_Williams-Lindsay_Davenport,Lindsay Davenport,0.35294117647058826,0.23529411764705882,0.4117647058823529
20000704-W-Wimbledon-QF-Venus_Williams-Martina_Hingis,Venus Williams,0.4,0.2,0.4
20000704-W-Wimbledon-QF-Venus_Williams-Martina_Hingis,Martina Hingis,0.3275862068965517,0.29310344827586204,0.3793103448275862
20000610-W-Roland_Garros-F-Conchita_Martinez-Mary_Pierce,Conchita Martinez,0.3137254901960784,0.19607843137254902,0.49019607843137253
20000610-W-Roland_Garros-F-Conchita_Martinez-Mary_Pierce,Mary Pierce,0.39759036144578314,0.26506024096385544,0.3373493975903614
20000521-W-Rome-F-Amelie_Mauresmo-Monica_Seles,Amelie Mauresmo,0.3508771929824561,0.14035087719298245,0.5087719298245614
20000521-W-Rome-F-Amelie_Mauresmo-Monica_Seles,Monica Seles,0.3157894736842105,0.3157894736842105,0.3684210526315789
20000514-W-Berlin-F-Conchita_Martinez-Amanda_Coetzer,Conchita Martinez,0.4186046511627907,0.3023255813953488,0.27906976744186046
20000514-W-Berlin-F-Conchita_Martinez-Amanda_Coetzer,Amanda Coetzer,0.3,0.25,0.45
20000318-W-Indian_Wells-SF-Mary_Pierce-Martina_Hingis,Mary Pierce,0.42105263157894735,0.21052631578947367,0.3684210526315789
20000318-W-Indian_Wells-SF-Mary_Pierce-Martina_Hingis,Martina Hingis,0.2647058823529412,0.5,0.23529411764705882
20000317-W-Indian_Wells-QF-Martina_Hingis-Monica_Seles,Martina Hingis,0.5384615384615384,0.2564102564102564,0.20512820512820512
20000317-W-Indian_Wells-QF-Martina_Hingis-Monica_Seles,Monica Seles,0.20930232558139536,0.3488372093023256,0.4418604651162791
20000220-W-Hanover-F-Serena_Williams-Denisa_Chladkova,Serena Williams,0.2903225806451613,0.3225806451612903,0.3870967741935484
20000220-W-Hanover-F-Serena_Williams-Denisa_Chladkova,Denisa Chladkova,0.25,0.07142857142857142,0.6785714285714286
20000129-W-Australian_Open-F-Martina_Hingis-Lindsay_Davenport,Martina Hingis,0.2777777777777778,0.2222222222222222,0.5
20000129-W-Australian_Open-F-Martina_Hingis-Lindsay_Davenport,Lindsay Davenport,0.3559322033898305,0.3050847457627119,0.3389830508474576
20000117-W-Australian_Open-R64-Martina_Hingis-Justine_Henin,Martina Hingis,0.4090909090909091,0.3181818181818182,0.2727272727272727
20000117-W-Australian_Open-R64-Martina_Hingis-Justine_Henin,Justine Henin,0.41304347826086957,0.17391304347826086,0.41304347826086957
19991101-W-Leipzig-R16-Sandrine_Testud-Anna_Kournikova,Sandrine Testud,0.2682926829268293,0.1951219512195122,0.5365853658536586
19991101-W-Leipzig-R16-Sandrine_Testud-Anna_Kournikova,Anna Kournikova,0.48,0.18,0.34
19990919-W-Fed_Cup_World_Group_F-RR-Venus_Williams-Elena_Dementieva,Venus Williams,0.2465753424657534,0.2602739726027397,0.4931506849315068
19990919-W-Fed_Cup_World_Group_F-RR-Venus_Williams-Elena_Dementieva,Elena Dementieva,0.2857142857142857,0.26785714285714285,0.44642857142857145
19990909-W-US_Open-SF-Serena_Williams-Lindsay_Davenport,Serena Williams,0.3088235294117647,0.16176470588235295,0.5294117647058824
19990909-W-US_Open-SF-Serena_Williams-Lindsay_Davenport,Lindsay Davenport,0.29850746268656714,0.1791044776119403,0.5223880597014925
19990704-W-Wimbledon-F-Steffi_Graf-Lindsay_Davenport,Steffi Graf,0.45098039215686275,0.1568627450980392,0.39215686274509803
19990704-W-Wimbledon-F-Steffi_Graf-Lindsay_Davenport,Lindsay Davenport,0.3333333333333333,0.23529411764705882,0.43137254901960786
19990703-W-Wimbledon-SF-Alexandra_Stevenson-Lindsay_Davenport,Alexandra Stevenson,0.24242424242424243,0.21212121212121213,0.5454545454545454
19990703-W-Wimbledon-SF-Alexandra_Stevenson-Lindsay_Davenport,Lindsay Davenport,0.27586206896551724,0.3793103448275862,0.3448275862068966
19990605-W-Roland_Garros-F-Steffi_Graf-Martina_Hingis,Steffi Graf,0.3157894736842105,0.3263157894736842,0.35789473684210527
19990605-W-Roland_Garros-F-Steffi_Graf-Martina_Hingis,Martina Hingis,0.37349397590361444,0.18072289156626506,0.4457831325301205
19990501-W-Hamburg-SF-Barbara_Schett-Mary_Pierce,Barbara Schett,0.5079365079365079,0.19047619047619047,0.30158730158730157
19990501-W-Hamburg-SF-Barbara_Schett-Mary_Pierce,Mary Pierce,0.4939759036144578,0.1566265060240964,0.3493975903614458
19990313-W-Indian_Wells-F-Serena_Williams-Steffi_Graf,Serena Williams,0.35135135135135137,0.16216216216216217,0.4864864864864865
19990313-W-Indian_Wells-F-Serena_Williams-Steffi_Graf,Steffi Graf,0.1724137931034483,0.3620689655172414,0.46551724137931033
19990221-W-Hanover-F-Venus_Williams-Jana_Novotna,Venus Williams,0.36764705882352944,0.14705882352941177,0.4852941176470588
19990221-W-Hanover-F-Venus_Williams-Jana_Novotna,Jana Novotna,0.43902439024390244,0.2682926829268293,0.2926829268292683
19990218-W-Hanover-QF-Steffi_Graf-Barbara_Schett,Steffi Graf,0.1794871794871795,0.1794871794871795,0.6410256410256411
19990218-W-Hanover-QF-Steffi_Graf-Barbara_Schett,Barbara Schett,0.23529411764705882,0.11764705882352941,0.6470588235294118
19990201-W-Tokyo-QF-Steffi_Graf-Martina_Hingis,Steffi Graf,0.25757575757575757,0.3787878787878788,0.36363636363636365
19990201-W-Tokyo-QF-Steffi_Graf-Martina_Hingis,Martina Hingis,0.38181818181818183,0.2727272727272727,0.34545454545454546
19990130-W-Australian_Open-F-Amelie_Mauresmo-Martina_Hingis,Amelie Mauresmo,0.421875,0.09375,0.484375
19990130-W-Australian_Open-F-Amelie_Mauresmo-Martina_Hingis,Martina Hingis,0.4186046511627907,0.20930232558139536,0.37209302325581395
19990128-W-Australian_Open-SF-Amelie_Mauresmo-Lindsay_Davenport,Amelie Mauresmo,0.44155844155844154,0.14285714285714285,0.4155844155844156
19990128-W-Australian_Open-SF-Amelie_Mauresmo-Lindsay_Davenport,Lindsay Davenport,0.40540540540540543,0.17567567567567569,0.4189189189189189
19990127-W-Australian_Open-QF-Monica_Seles-Steffi_Graf,Monica Seles,0.4883720930232558,0.23255813953488372,0.27906976744186046
19990127-W-Australian_Open-QF-Monica_Seles-Steffi_Graf,Steffi Graf,0.34615384615384615,0.23076923076923078,0.4230769230769231
19990127-W-Australian_Open-QF-Martina_Hingis-Mary_Pierce,Martina Hingis,0.5636363636363636,0.2727272727272727,0.16363636363636364
19990127-W-Australian_Open-QF-Martina_Hingis-Mary_Pierce,Mary Pierce,0.4807692307692308,0.2692307692307692,0.25
19990111-W-Sydney-R16-Serena_Williams-Steffi_Graf,Serena Williams,0.2823529411764706,0.2235294117647059,0.49411764705882355
19990111-W-Sydney-R16-Serena_Williams-Steffi_Graf,Steffi Graf,0.2,0.3466666666666667,0.4533333333333333
19990108-W-Hong_Kong-SF-Serena_Williams-Steffi_Graf,Serena Williams,0.3050847457627119,0.15254237288135594,0.5423728813559322
19990108-W-Hong_Kong-SF-Serena_Williams-Steffi_Graf,Steffi Graf,0.37142857142857144,0.2571428571428571,0.37142857142857144
19981121-W-WTA_Tour_Championships-SF-Lindsay_Davenport-Steffi_Graf,Lindsay Davenport,0.34285714285714286,0.22857142857142856,0.42857142857142855
19981121-W-WTA_Tour_Championships-SF-Lindsay_Davenport-Steffi_Graf,Steffi Graf,0.36363636363636365,0.21818181818181817,0.41818181818181815
19981115-W-Philadelphia-F-Steffi_Graf-Lindsay_Davenport,Steffi Graf,0.39655172413793105,0.1724137931034483,0.43103448275862066
19981115-W-Philadelphia-F-Steffi_Graf-Lindsay_Davenport,Lindsay Davenport,0.345679012345679,0.24691358024691357,0.4074074074074074
19981025-W-Moscow-F-Monica_Seles-Mary_Pierce,Monica Seles,0.4423076923076923,0.11538461538461539,0.4423076923076923
19981025-W-Moscow-F-Monica_Seles-Mary_Pierce,Mary Pierce,0.4909090909090909,0.16363636363636364,0.34545454545454546
19981005-W-Filderstadt-R32-Venus_Williams-Silvia_Farina_Elia,Venus Williams,0.375,0.25,0.375
19981005-W-Filderstadt-R32-Venus_Williams-Silvia_Farina_Elia,Silvia Farina Elia,0.28205128205128205,0.2948717948717949,0.4230769230769231
19980912-W-US_Open-F-Martina_Hingis-Lindsay_Davenport,Martina Hingis,0.47368421052631576,0.15789473684210525,0.3684210526315789
19980912-W-US_Open-F-Martina_Hingis-Lindsay_Davenport,Lindsay Davenport,0.3611111111111111,0.3055555555555556,0.3333333333333333
19980910-W-US_Open-SF-Martina_Hingis-Jana_Novotna,Martina Hingis,0.3548387096774194,0.24193548387096775,0.4032258064516129
19980910-W-US_Open-SF-Martina_Hingis-Jana_Novotna,Jana Novotna,0.2727272727272727,0.2159090909090909,0.5113636363636364
19980906-W-New_Haven-F-Steffi_Graf-Jana_Novotna,Steffi Graf,0.45652173913043476,0.1956521739130435,0.34782608695652173
19980906-W-New_Haven-F-Steffi_Graf-Jana_Novotna,Jana Novotna,0.3235294117647059,0.08823529411764706,0.5882352941176471
19980719-W-Mahwah-F-Steffi_Graf-Amanda_Coetzer,Steffi Graf,0.26229508196721313,0.14754098360655737,0.5901639344262295
19980719-W-Mahwah-F-Steffi_Graf-Amanda_Coetzer,Amanda Coetzer,0.15625,0.15625,0.6875
19980704-W-Wimbledon-F-Nathalie_Tauziat-Jana_Novotna,Nathalie Tauziat,0.3409090909090909,0.2727272727272727,0.38636363636363635
19980704-W-Wimbledon-F-Nathalie_Tauziat-Jana_Novotna,Jana Novotna,0.5,0.21428571428571427,0.2857142857142857
19980702-W-Wimbledon-SF-Nathalie_Tauziat-Natalia_Zvereva,Nathalie Tauziat,0.3333333333333333,0.2463768115942029,0.4057971014492754
19980702-W-Wimbledon-SF-Nathalie_Tauziat-Natalia_Zvereva,Natalia Zvereva,0.4117647058823529,0.20588235294117646,0.36764705882352944
19980702-W-Wimbledon-SF-Martina_Hingis-Jana_Novotna,Martina Hingis,0.40350877192982454,0.19298245614035087,0.40350877192982454
19980702-W-Wimbledon-SF-Martina_Hingis-Jana_Novotna,Jana Novotna,0.3181818181818182,0.3181818181818182,0.36363636363636365
19980604-W-Roland_Garros-F-Monica_Seles-Arantxa_Sanchez_Vicario,Monica Seles,0.46078431372549017,0.12745098039215685,0.4117647058823529
19980604-W-Roland_Garros-F-Monica_Seles-Arantxa_Sanchez_Vicario,Arantxa Sanchez Vicario,0.4583333333333333,0.10416666666666667,0.4375
19980207-W-Tokyo-F-Martina_Hingis-Lindsay_Davenport,Martina Hingis,0.32142857142857145,0.25,0.42857142857142855
19980207-W-Tokyo-F-Martina_Hingis-Lindsay_Davenport,Lindsay Davenport,0.46808510638297873,0.23404255319148937,0.2978723404255319
19980131-W-Australian_Open-F-Martina_Hingis-Conchita_Martinez,Martina Hingis,0.47058823529411764,0.13725490196078433,0.39215686274509803
19980131-W-Australian_Open-F-Martina_Hingis-Conchita_Martinez,Conchita Martinez,0.3125,0.171875,0.515625
19980121-W-Australian_Open-R64-Serena_Williams-Venus_Williams,Serena Williams,0.2653061224489796,0.16326530612244897,0.5714285714285714
19980121-W-Australian_Open-R64-Serena_Williams-Venus_Williams,Venus Williams,0.3695652173913043,0.21739130434782608,0.41304347826086957
19970906-W-US_Open-SF-Martina_Hingis-Lindsay_Davenport,Martina Hingis,0.4406779661016949,0.23728813559322035,0.3220338983050847
19970906-W-US_Open-SF-Martina_Hingis-Lindsay_Davenport,Lindsay Davenport,0.39655172413793105,0.1206896551724138,0.4827586206896552
19970906-W-US_Open-F-Venus_Williams-Martina_Hingis,Venus Williams,0.23255813953488372,0.13953488372093023,0.627906976744186
19970906-W-US_Open-F-Venus_Williams-Martina_Hingis,Martina Hingis,0.4375,0.21875,0.34375
19970705-W-Wimbledon-F-Martina_Hingis-Jana_Novotna,Martina Hingis,0.43333333333333335,0.2777777777777778,0.28888888888888886
19970705-W-Wimbledon-F-Martina_Hingis-Jana_Novotna,Jana Novotna,0.4666666666666667,0.38333333333333336,0.15
19970704-W-Wimbledon-SF-Martina_Hingis-Anna_Kournikova,Martina Hingis,0.46153846153846156,0.2564102564102564,0.28205128205128205
19970704-W-Wimbledon-SF-Martina_Hingis-Anna_Kournikova,Anna Kournikova,0.37681159420289856,0.2608695652173913,0.36231884057971014
19970607-W-Roland_Garros-F-Martina_Hingis-Iva_Majoli,Martina Hingis,0.3404255319148936,0.14893617021276595,0.5106382978723404
19970607-W-Roland_Garros-F-Martina_Hingis-Iva_Majoli,Iva Majoli,0.41935483870967744,0.1774193548387097,0.4032258064516129
19970430-W-Hamburg-R16-Barbara_Schett-Anke_Huber,Barbara Schett,0.38666666666666666,0.17333333333333334,0.44
19970430-W-Hamburg-R16-Barbara_Schett-Anke_Huber,Anke Huber,0.4,0.16666666666666666,0.43333333333333335
19970125-W-Australian_Open-F-Martina_Hingis-Mary_Pierce,Martina Hingis,0.6097560975609756,0.14634146341463414,0.24390243902439024
19970125-W-Australian_Open-F-Martina_Hingis-Mary_Pierce,Mary Pierce,0.34146341463414637,0.12195121951219512,0.5365853658536586
19970123-W-Australian_Open-SF-Mary_Pierce-Amanda_Coetzer,Mary Pierce,0.42857142857142855,0.2714285714285714,0.3
19970123-W-Australian_Open-SF-Mary_Pierce-Amanda_Coetzer,Amanda Coetzer,0.43333333333333335,0.2,0.36666666666666664
19960907-W-US_Open-F-Monica_Seles-Steffi_Graf,Monica Seles,0.3225806451612903,0.22580645161290322,0.45161290322580644
19960907-W-US_Open-F-Monica_Seles-Steffi_Graf,Steffi Graf,0.3541666666666667,0.25,0.3958333333333333
19960803-W-Olympics-F-Lindsay_Davenport-Arantxa_Sanchez_Vicario,Lindsay Davenport,0.2857142857142857,0.2857142857142857,0.42857142857142855
19960803-W-Olympics-F-Lindsay_Davenport-Arantxa_Sanchez_Vicario,Arantxa Sanchez Vicario,0.4358974358974359,0.07692307692307693,0.48717948717948717
19960707-W-Wimbledon-SF-Steffi_Graf-Kimiko_Date_Krumm,Steffi Graf,0.3275862068965517,0.10344827586206896,0.5689655172413793
19960707-W-Wimbledon-SF-Steffi_Graf-Kimiko_Date_Krumm,Kimiko Date Krumm,0.27906976744186046,0.19767441860465115,0.5232558139534884
19960706-W-Wimbledon-F-Steffi_Graf-Arantxa_Sanchez_Vicario,Steffi Graf,0.37333333333333335,0.21333333333333335,0.41333333333333333
19960706-W-Wimbledon-F-Steffi_Graf-Arantxa_Sanchez_Vicario,Arantxa Sanchez Vicario,0.2619047619047619,0.19047619047619047,0.5476190476190477
19960608-W-Roland_Garros-F-Steffi_Graf-Arantxa_Sanchez_Vicario,Steffi Graf,0.272,0.24,0.48
19960608-W-Roland_Garros-F-Steffi_Graf-Arantxa_Sanchez_Vicario,Arantxa Sanchez Vicario,0.2916666666666667,0.18055555555555555,0.5277777777777778
19960503-W-Hamburg-QF-Martina_Hingis-Mary_Pierce,Martina Hingis,0.36507936507936506,0.23809523809523808,0.3968253968253968
19960503-W-Hamburg-QF-Martina_Hingis-Mary_Pierce,Mary Pierce,0.41975308641975306,0.24691358024691357,0.3333333333333333
19960317-W-Indian_Wells-F-Conchita_Martinez-Steffi_Graf,Conchita Martinez,0.3181818181818182,0.06060606060606061,0.6060606060606061
19960317-W-Indian_Wells-F-Conchita_Martinez-Steffi_Graf,Steffi Graf,0.3111111111111111,0.13333333333333333,0.5555555555555556
19960127-W-Australian_Open-F-Monica_Seles-Anke_Huber,Monica Seles,0.325,0.25,0.425
19960127-W-Australian_Open-F-Monica_Seles-Anke_Huber,Anke Huber,0.2807017543859649,0.21052631578947367,0.5087719298245614
19960125-W-Australian_Open-SF-Chanda_Rubin-Monica_Seles,Chanda Rubin,0.2903225806451613,0.21505376344086022,0.4946236559139785
19960125-W-Australian_Open-SF-Chanda_Rubin-Monica_Seles,Monica Seles,0.5098039215686274,0.21568627450980393,0.27450980392156865
19960113-W-Sydney-F-Monica_Seles-Lindsay_Davenport,Monica Seles,0.4,0.28888888888888886,0.3111111111111111
19960113-W-Sydney-F-Monica_Seles-Lindsay_Davenport,Lindsay Davenport,0.38636363636363635,0.2727272727272727,0.3409090909090909
19960110-W-Sydney-R16-Monica_Seles-Dominique_Monami,Monica Seles,0.2564102564102564,0.358974358974359,0.38461538461538464
19960110-W-Sydney-R16-Monica_Seles-Dominique_Monami,Dominique Monami,0.3055555555555556,0.16666666666666666,0.5277777777777778
19950909-W-US_Open-F-Monica_Seles-Steffi_Graf,Monica Seles,0.29213483146067415,0.24719101123595505,0.4606741573033708
19950909-W-US_Open-F-Monica_Seles-Steffi_Graf,Steffi Graf,0.2549019607843137,0.29411764705882354,0.45098039215686275
19950905-W-US_Open-QF-Monica_Seles-Jana_Novotna,Monica Seles,0.35384615384615387,0.24615384615384617,0.4
19950905-W-US_Open-QF-Monica_Seles-Jana_Novotna,Jana Novotna,0.1590909090909091,0.22727272727272727,0.6136363636363636
19950828-W-US_Open-R128-Monica_Seles-Ruxandra_Dragomir_Ilie,Monica Seles,0.2826086956521739,0.41304347826086957,0.30434782608695654
19950828-W-US_Open-R128-Monica_Seles-Ruxandra_Dragomir_Ilie,Ruxandra Dragomir Ilie,0.21428571428571427,0.2857142857142857,0.5
19950828-W-US_Open-QF-Steffi_Graf-Amy_Frazier,Steffi Graf,0.2571428571428571,0.37142857142857144,0.37142857142857144
19950828-W-US_Open-QF-Steffi_Graf-Amy_Frazier,Amy Frazier,0.23684210526315788,0.3157894736842105,0.4473684210526316
19950708-W-Wimbledon-F-Steffi_Graf-Arantxa_Sanchez_Vicario,Steffi Graf,0.43,0.16,0.41
19950708-W-Wimbledon-F-Steffi_Graf-Arantxa_Sanchez_Vicario,Arantxa Sanchez Vicario,0.35384615384615387,0.1076923076923077,0.5384615384615384
19950610-W-Roland_Garros-F-Steffi_Graf-Arantxa_Sanchez_Vicario,Steffi Graf,0.21839080459770116,0.367816091954023,0.41379310344827586
19950610-W-Roland_Garros-F-Steffi_Graf-Arantxa_Sanchez_Vicario,Arantxa Sanchez Vicario,0.15384615384615385,0.25,0.5961538461538461
19950416-W-Houston-F-Steffi_Graf-Asa_Carlsson,Steffi Graf,0.4,0.2,0.4
19950416-W-Houston-F-Steffi_Graf-Asa_Carlsson,Asa Carlsson,0.1935483870967742,0.12903225806451613,0.6774193548387096
19950219-W-Paris-F-Steffi_Graf-Mary_Pierce,Steffi Graf,0.42857142857142855,0.20408163265306123,0.3673469387755102
19950219-W-Paris-F-Steffi_Graf-Mary_Pierce,Mary Pierce,0.3548387096774194,0.1935483870967742,0.45161290322580644
19950128-W-Australian_Open-F-Mary_Pierce-Arantxa_Sanchez_Vicario,Mary Pierce,0.39622641509433965,0.16981132075471697,0.4339622641509434
19950128-W-Australian_Open-F-Mary_Pierce-Arantxa_Sanchez_Vicario,Arantxa Sanchez Vicario,0.2765957446808511,0.10638297872340426,0.6170212765957447
19950126-W-Australian_Open-SF-Mary_Pierce-Conchita_Martinez,Mary Pierce,0.32,0.26,0.42
19950126-W-Australian_Open-SF-Mary_Pierce-Conchita_Martinez,Conchita Martinez,0.2647058823529412,0.11764705882352941,0.6176470588235294
19950115-W-Sydney-F-Lindsay_Davenport-Gabriela_Sabatini,Lindsay Davenport,0.2786885245901639,0.22950819672131148,0.4918032786885246
19950115-W-Sydney-F-Lindsay_Davenport-Gabriela_Sabatini,Gabriela Sabatini,0.3333333333333333,0.2619047619047619,0.40476190476190477
19940910-W-US_Open-SF-Arantxa_Sanchez_Vicario-Gabriela_Sabatini,Arantxa Sanchez Vicario,0.3,0.17142857142857143,0.5285714285714286
19940910-W-US_Open-SF-Arantxa_Sanchez_Vicario-Gabriela_Sabatini,Gabriela Sabatini,0.27419354838709675,0.1935483870967742,0.532258064516129
19940821-W-Montreal-F-Steffi_Graf-Arantxa_Sanchez_Vicario,Steffi Graf,0.1978021978021978,0.24175824175824176,0.5604395604395604
19940821-W-Montreal-F-Steffi_Graf-Arantxa_Sanchez_Vicario,Arantxa Sanchez Vicario,0.32558139534883723,0.1511627906976744,0.5232558139534884
19940724-W-Mahwah-F-Steffi_Graf-Lisa_Raymond,Steffi Graf,0.3076923076923077,0.17307692307692307,0.5192307692307693
19940724-W-Mahwah-F-Steffi_Graf-Lisa_Raymond,Lisa Raymond,0.24193548387096775,0.20967741935483872,0.5483870967741935
19940702-W-Wimbledon-F-Conchita_Martinez-Martina_Navratilova,Conchita Martinez,0.5517241379310345,0.1839080459770115,0.26436781609195403
19940702-W-Wimbledon-F-Conchita_Martinez-Martina_Navratilova,Martina Navratilova,0.4927536231884058,0.15942028985507245,0.34782608695652173
19940605-W-Roland_Garros-F-Mary_Pierce-Arantxa_Sanchez_Vicario,Mary Pierce,0.3333333333333333,0.2619047619047619,0.40476190476190477
19940605-W-Roland_Garros-F-Mary_Pierce-Arantxa_Sanchez_Vicario,Arantxa Sanchez Vicario,0.21794871794871795,0.24358974358974358,0.5384615384615384
19940408-W-Amelia_Island-QF-Mary_Pierce-Gabriela_Sabatini,Mary Pierce,0.2549019607843137,0.19607843137254902,0.5490196078431373
19940408-W-Amelia_Island-QF-Mary_Pierce-Gabriela_Sabatini,Gabriela Sabatini,0.41935483870967744,0.2903225806451613,0.2903225806451613
19940227-W-Indian_Wells-F-Steffi_Graf-Amanda_Coetzer,Steffi Graf,0.2692307692307692,0.2692307692307692,0.46153846153846156
19940227-W-Indian_Wells-F-Steffi_Graf-Amanda_Coetzer,Amanda Coetzer,0.15789473684210525,0.05263157894736842,0.7894736842105263
19940128-W-Australian_Open-F-Steffi_Graf-Arantxa_Sanchez_Vicario,Steffi Graf,0.3333333333333333,0.2916666666666667,0.375
19940128-W-Australian_Open-F-Steffi_Graf-Arantxa_Sanchez_Vicario,Arantxa Sanchez Vicario,0.17647058823529413,0.2647058823529412,0.5588235294117647
19940127-W-Australian_Open-SF-Steffi_Graf-Kimiko_Date_Krumm,Steffi Graf,0.375,0.325,0.3
19940127-W-Australian_Open-SF-Steffi_Graf-Kimiko_Date_Krumm,Kimiko Date Krumm,0.27906976744186046,0.2558139534883721,0.46511627906976744
19940108-W-Hong_Kong-F-Arantxa_Sanchez_Vicario-Steffi_Graf,Arantxa Sanchez Vicario,0.3225806451612903,0.16129032258064516,0.5161290322580645
19940108-W-Hong_Kong-F-Arantxa_Sanchez_Vicario-Steffi_Graf,Steffi Graf,0.26582278481012656,0.34177215189873417,0.3924050632911392
19931114-W-Philadelphia-F-Conchita_Martinez-Steffi_Graf,Conchita Martinez,0.46153846153846156,0.11538461538461539,0.4230769230769231
19931114-W-Philadelphia-F-Conchita_Martinez-Steffi_Graf,Steffi Graf,0.24561403508771928,0.24561403508771928,0.5087719298245614
19931003-W-Leipzig-F-Steffi_Graf-Jana_Novotna,Steffi Graf,0.48484848484848486,0.18181818181818182,0.3333333333333333
19931003-W-Leipzig-F-Steffi_Graf-Jana_Novotna,Jana Novotna,0.10714285714285714,0.07142857142857142,0.8214285714285714
19930911-W-US_Open-F-Steffi_Graf-Helena_Sukova,Steffi Graf,0.4727272727272727,0.2909090909090909,0.23636363636363636
19930911-W-US_Open-F-Steffi_Graf-Helena_Sukova,Helena Sukova,0.42857142857142855,0.3333333333333333,0.23809523809523808
19930808-W-San_Diego-F-Steffi_Graf-Arantxa_Sanchez_Vicario,Steffi Graf,0.22857142857142856,0.2857142857142857,0.4857142857142857
19930808-W-San_Diego-F-Steffi_Graf-Arantxa_Sanchez_Vicario,Arantxa Sanchez Vicario,0.3888888888888889,0.19444444444444445,0.4166666666666667
19930703-W-Wimbledon-F-Steffi_Graf-Jana_Novotna,Steffi Graf,0.35135135135135137,0.22972972972972974,0.4189189189189189
19930703-W-Wimbledon-F-Steffi_Graf-Jana_Novotna,Jana Novotna,0.44594594594594594,0.21621621621621623,0.33783783783783783
19930702-W-Wimbledon-SF-Martina_Navratilova-Jana_Novotna,Martina Navratilova,0.5111111111111111,0.2,0.28888888888888886
19930702-W-Wimbledon-SF-Martina_Navratilova-Jana_Novotna,Jana Novotna,0.4716981132075472,0.32075471698113206,0.20754716981132076
19930702-W-Wimbledon-SF-Conchita_Martinez-Steffi_Graf,Conchita Martinez,0.2553191489361702,0.1702127659574468,0.574468085106383
19930702-W-Wimbledon-SF-Conchita_Martinez-Steffi_Graf,Steffi Graf,0.4318181818181818,0.18181818181818182,0.38636363636363635
19930605-W-Roland_Garros-F-Steffi_Graf-Mary_Joe_Fernandez,Steffi Graf,0.30120481927710846,0.1927710843373494,0.5060240963855421
19930605-W-Roland_Garros-F-Steffi_Graf-Mary_Joe_Fernandez,Mary Joe Fernandez,0.24468085106382978,0.19148936170212766,0.5638297872340425
19930430-W-Hamburg-QF-Monica_Seles-Magdalena_Maleeva,Monica Seles,0.17142857142857143,0.4857142857142857,0.34285714285714286
19930430-W-Hamburg-QF-Monica_Seles-Magdalena_Maleeva,Magdalena Maleeva,0.25925925925925924,0.2777777777777778,0.46296296296296297
19930130-W-Australian_Open-F-Steffi_Graf-Monica_Seles,Steffi Graf,0.3125,0.203125,0.484375
19930130-W-Australian_Open-F-Steffi_Graf-Monica_Seles,Monica Seles,0.3188405797101449,0.2028985507246377,0.4782608695652174
19921116-W-Tour_Championships-F-Monica_Seles-Martina_Navratilova,Monica Seles,0.5428571428571428,0.2714285714285714,0.18571428571428572
19921116-W-Tour_Championships-F-Monica_Seles-Martina_Navratilova,Martina Navratilova,0.3225806451612903,0.3064516129032258,0.3709677419354839
19921025-W-Brighton-F-Steffi_Graf-Jana_Novotna,Steffi Graf,0.3404255319148936,0.23404255319148937,0.425531914893617
19921025-W-Brighton-F-Steffi_Graf-Jana_Novotna,Jana Novotna,0.27058823529411763,0.27058823529411763,0.4588235294117647
19921011-W-Zurich-F-Steffi_Graf-Martina_Navratilova,Steffi Graf,0.44660194174757284,0.21359223300970873,0.33980582524271846
19921011-W-Zurich-F-Steffi_Graf-Martina_Navratilova,Martina Navratilova,0.40350877192982454,0.2982456140350877,0.2982456140350877
19920912-W-US_Open-F-Monica_Seles-Arantxa_Sanchez_Vicario,Monica Seles,0.2830188679245283,0.2830188679245283,0.4339622641509434
19920912-W-US_Open-F-Monica_Seles-Arantxa_Sanchez_Vicario,Arantxa Sanchez Vicario,0.25396825396825395,0.19047619047619047,0.5555555555555556
19920823-W-Montreal-F-Monica_Seles-Arantxa_Sanchez_Vicario,Monica Seles,0.30097087378640774,0.22330097087378642,0.47572815533980584
19920823-W-Montreal-F-Monica_Seles-Arantxa_Sanchez_Vicario,Arantxa Sanchez Vicario,0.3815789473684211,0.18421052631578946,0.4342105263157895
19920808-W-Olympics-F-Steffi_Graf-Jennifer_Capriati,Steffi Graf,0.24390243902439024,0.18292682926829268,0.573170731707317
19920808-W-Olympics-F-Steffi_Graf-Jennifer_Capriati,Jennifer Capriati,0.22857142857142856,0.21428571428571427,0.5571428571428572
19920719-W-Fed_Cup_WG_F-RR-Steffi_Graf-Arantxa_Sanchez_Vicario,Steffi Graf,0.35555555555555557,0.2,0.4444444444444444
19920719-W-Fed_Cup_WG_F-RR-Steffi_Graf-Arantxa_Sanchez_Vicario,Arantxa Sanchez Vicario,0.25,0.1875,0.5625
19920704-W-Wimbledon-F-Steffi_Graf-Monica_Seles,Steffi Graf,0.38095238095238093,0.2857142857142857,0.3333333333333333
19920704-W-Wimbledon-F-Steffi_Graf-Monica_Seles,Monica Seles,0.1702127659574468,0.2978723404255319,0.5319148936170213
19920606-W-Roland_Garros-F-Monica_Seles-Steffi_Graf,Monica Seles,0.41025641025641024,0.19230769230769232,0.3974358974358974
19920606-W-Roland_Garros-F-Monica_Seles-Steffi_Graf,Steffi Graf,0.3053435114503817,0.1984732824427481,0.4961832061068702
19920604-W-Roland_Garros-SF-Steffi_Graf-Arantxa_Sanchez_Vicario,Steffi Graf,0.35294117647058826,0.29411764705882354,0.35294117647058826
19920604-W-Roland_Garros-SF-Steffi_Graf-Arantxa_Sanchez_Vicario,Arantxa Sanchez Vicario,0.21052631578947367,0.3333333333333333,0.45614035087719296
19920503-W-Hamburg-F-Steffi_Graf-Arantxa_Sanchez_Vicario,Steffi Graf,0.3076923076923077,0.24358974358974358,0.44871794871794873
19920503-W-Hamburg-F-Steffi_Graf-Arantxa_Sanchez_Vicario,Arantxa Sanchez Vicario,0.3111111111111111,0.1111111111111111,0.5777777777777777
19920412-W-Amelia_Island-F-Steffi_Graf-Gabriela_Sabatini,Steffi Graf,0.36363636363636365,0.21212121212121213,0.42424242424242425
19920412-W-Amelia_Island-F-Steffi_Graf-Gabriela_Sabatini,Gabriela Sabatini,0.3880597014925373,0.208955223880597,0.40298507462686567
19920125-W-Australian_Open-F-Monica_Seles-Mary_Joe_Fernandez,Monica Seles,0.41509433962264153,0.22641509433962265,0.3584905660377358
19920125-W-Australian_Open-F-Monica_Seles-Mary_Joe_Fernandez,Mary Joe Fernandez,0.29411764705882354,0.1568627450980392,0.5490196078431373
19911124-W-Virginia_Slims_Championships-F-Martina_Navratilova-Monica_Seles,Martina Navratilova,0.38235294117647056,0.22058823529411764,0.39705882352941174
19911124-W-Virginia_Slims_Championships-F-Martina_Navratilova-Monica_Seles,Monica Seles,0.44680851063829785,0.3617021276595745,0.19148936170212766
19911027-W-Brighton-F-Steffi_Graf-Zina_Garrison,Steffi Graf,0.4772727272727273,0.26136363636363635,0.26136363636363635
19911027-W-Brighton-F-Steffi_Graf-Zina_Garrison,Zina Garrison,0.48863636363636365,0.13636363636363635,0.375
19911006-W-Leipzig-F-Jana_Novotna-Steffi_Graf,Jana Novotna,0.30434782608695654,0.17391304347826086,0.5217391304347826
19911006-W-Leipzig-F-Jana_Novotna-Steffi_Graf,Steffi Graf,0.4528301886792453,0.20754716981132076,0.33962264150943394
19910908-W-US_Open-F-Monica_Seles-Martina_Navratilova,Monica Seles,0.5652173913043478,0.30434782608695654,0.13043478260869565
19910908-W-US_Open-F-Monica_Seles-Martina_Navratilova,Martina Navratilova,0.39473684210526316,0.15789473684210525,0.4473684210526316
19910706-W-Wimbledon-F-Gabriela_Sabatini-Steffi_Graf,Gabriela Sabatini,0.32857142857142857,0.35714285714285715,0.3142857142857143
19910706-W-Wimbledon-F-Gabriela_Sabatini-Steffi_Graf,Steffi Graf,0.42,0.26,0.32
19910704-W-Wimbledon-SF-Jennifer_Capriati-Gabriela_Sabatini,Jennifer Capriati,0.2857142857142857,0.15873015873015872,0.5555555555555556
19910704-W-Wimbledon-SF-Jennifer_Capriati-Gabriela_Sabatini,Gabriela Sabatini,0.39655172413793105,0.15517241379310345,0.4482758620689655
19910608-W-Roland_Garros-F-Monica_Seles-Arantxa_Sanchez_Vicario,Monica Seles,0.3333333333333333,0.21568627450980393,0.45098039215686275
19910608-W-Roland_Garros-F-Monica_Seles-Arantxa_Sanchez_Vicario,Arantxa Sanchez Vicario,0.2833333333333333,0.16666666666666666,0.55
19910414-W-Amelia_Island-F-Gabriela_Sabatini-Steffi_Graf,Gabriela Sabatini,0.36619718309859156,0.22535211267605634,0.4084507042253521
19910414-W-Amelia_Island-F-Gabriela_Sabatini-Steffi_Graf,Steffi Graf,0.28378378378378377,0.22972972972972974,0.4864864864864865
19901028-W-Brighton-F-Steffi_Graf-Helena_Sukova,Steffi Graf,0.41304347826086957,0.21739130434782608,0.3695652173913043
19901028-W-Brighton-F-Steffi_Graf-Helena_Sukova,Helena Sukova,0.36363636363636365,0.18181818181818182,0.45454545454545453
19901008-W-Zurich-F-Steffi_Graf-Gabriela_Sabatini,Steffi Graf,0.3275862068965517,0.3103448275862069,0.3620689655172414
19901008-W-Zurich-F-Steffi_Graf-Gabriela_Sabatini,Gabriela Sabatini,0.38095238095238093,0.19047619047619047,0.42857142857142855
19900930-W-Leipzig-F-Steffi_Graf-Arantxa_Sanchez_Vicario,Steffi Graf,0.3191489361702128,0.3404255319148936,0.3404255319148936
19900930-W-Leipzig-F-Steffi_Graf-Arantxa_Sanchez_Vicario,Arantxa Sanchez Vicario,0.17857142857142858,0.17857142857142858,0.6428571428571429
19900908-W-US_Open-F-Steffi_Graf-Gabriela_Sabatini,Steffi Graf,0.25,0.25,0.5
19900908-W-US_Open-F-Steffi_Graf-Gabriela_Sabatini,Gabriela Sabatini,0.4727272727272727,0.2,0.32727272727272727
19900827-W-US_Open-R16-Steffi_Graf-Jennifer_Capriati,Steffi Graf,0.3,0.4,0.3
19900827-W-US_Open-R16-Steffi_Graf-Jennifer_Capriati,Jennifer Capriati,0.2857142857142857,0.09523809523809523,0.6190476190476191
19900819-W-Manhattan_Beach-F-Monica_Seles-Martina_Navratilova,Monica Seles,0.4594594594594595,0.25675675675675674,0.28378378378378377
19900819-W-Manhattan_Beach-F-Monica_Seles-Martina_Navratilova,Martina Navratilova,0.27710843373493976,0.3373493975903614,0.3855421686746988
19900812-W-San_Diego-F-Manuela_Maleeva_Fragniere-Steffi_Graf,Manuela Maleeva Fragniere,0.21621621621621623,0.13513513513513514,0.6486486486486487
19900812-W-San_Diego-F-Manuela_Maleeva_Fragniere-Steffi_Graf,Steffi Graf,0.28846153846153844,0.2692307692307692,0.4423076923076923
19900707-W-Wimbledon-F-Zina_Garrison-Martina_Navratilova,Zina Garrison,0.35555555555555557,0.35555555555555557,0.28888888888888886
19900707-W-Wimbledon-F-Zina_Garrison-Martina_Navratilova,Martina Navratilova,0.6078431372549019,0.2549019607843137,0.13725490196078433
19900609-W-Roland_Garros-F-Steffi_Graf-Monica_Seles,Steffi Graf,0.35384615384615387,0.13846153846153847,0.5076923076923077
19900609-W-Roland_Garros-F-Steffi_Graf-Monica_Seles,Monica Seles,0.359375,0.1875,0.453125
19900415-W-Amelia_Island-F-Steffi_Graf-Arantxa_Sanchez_Vicario,Steffi Graf,0.4146341463414634,0.2926829268292683,0.2926829268292683
19900415-W-Amelia_Island-F-Steffi_Graf-Arantxa_Sanchez_Vicario,Arantxa Sanchez Vicario,0.041666666666666664,0.08333333333333333,0.875
19900408-W-Hilton_Head-F-Jennifer_Capriati-Martina_Navratilova,Jennifer Capriati,0.45652173913043476,0.13043478260869565,0.41304347826086957
19900408-W-Hilton_Head-F-Jennifer_Capriati-Martina_Navratilova,Martina Navratilova,0.25806451612903225,0.3387096774193548,0.4032258064516129
19900204-W-Tokyo-F-Steffi_Graf-Arantxa_Sanchez_Vicario,Steffi Graf,0.4444444444444444,0.24444444444444444,0.3111111111111111
19900204-W-Tokyo-F-Steffi_Graf-Arantxa_Sanchez_Vicario,Arantxa Sanchez Vicario,0.23333333333333334,0.3,0.4666666666666667
19900127-W-Australian_Open-F-Steffi_Graf-Mary_Joe_Fernandez,Steffi Graf,0.32,0.16,0.52
19900127-W-Australian_Open-F-Steffi_Graf-Mary_Joe_Fernandez,Mary Joe Fernandez,0.18,0.26,0.56
19890909-W-US_Open-F-Martina_Navratilova-Steffi_Graf,Martina Navratilova,0.5454545454545454,0.16363636363636364,0.2909090909090909
19890909-W-US_Open-F-Martina_Navratilova-Steffi_Graf,Steffi Graf,0.463768115942029,0.2898550724637681,0.2463768115942029
19890806-W-San_Diego-F-Zina_Garrison-Steffi_Graf,Zina Garrison,0.42,0.28,0.3
19890806-W-San_Diego-F-Zina_Garrison-Steffi_Graf,Steffi Graf,0.30666666666666664,0.41333333333333333,0.28
19890708-W-Wimbledon-F-Martina_Navratilova-Steffi_Graf,Martina Navratilova,0.5,0.18181818181818182,0.3181818181818182
19890708-W-Wimbledon-F-Martina_Navratilova-Steffi_Graf,Steffi Graf,0.48936170212765956,0.2978723404255319,0.2127659574468085
19890416-W-Amelia_Island-SF-Steffi_Graf-Arantxa_Sanchez_Vicario,Steffi Graf,0.26229508196721313,0.22950819672131148,0.5081967213114754
19890416-W-Amelia_Island-SF-Steffi_Graf-Arantxa_Sanchez_Vicario,Arantxa Sanchez Vicario,0.20512820512820512,0.1282051282051282,0.6666666666666666
19890409-W-Hilton_Head-F-Steffi_Graf-Natalia_Zvereva,Steffi Graf,0.358974358974359,0.20512820512820512,0.4358974358974359
19890409-W-Hilton_Head-F-Steffi_Graf-Natalia_Zvereva,Natalia Zvereva,0.23076923076923078,0.07692307692307693,0.6923076923076923
19890319-W-Boca_Raton-F-Steffi_Graf-Chris_Evert,Steffi Graf,0.26666666666666666,0.21333333333333335,0.52
19890319-W-Boca_Raton-F-Steffi_Graf-Chris_Evert,Chris Evert,0.22807017543859648,0.24561403508771928,0.5263157894736842
19890128-W-Australian_Open-F-Helena_Sukova-Steffi_Graf,Helena Sukova,0.275,0.275,0.45
19890128-W-Australian_Open-F-Helena_Sukova-Steffi_Graf,Steffi Graf,0.3269230769230769,0.38461538461538464,0.28846153846153844
19890126-W-Australian_Open-QF-Martina_Navratilova-Helena_Sukova,Martina Navratilova,0.4666666666666667,0.24,0.29333333333333333
19890126-W-Australian_Open-QF-Martina_Navratilova-Helena_Sukova,Helena Sukova,0.5056179775280899,0.24719101123595505,0.24719101123595505
19881001-W-Olympics-F-Steffi_Graf-Gabriela_Sabatini,Steffi Graf,0.3125,0.25,0.4375
19881001-W-Olympics-F-Steffi_Graf-Gabriela_Sabatini,Gabriela Sabatini,0.21621621621621623,0.2702702702702703,0.5135135135135135
19880929-W-Olympics-SF-Steffi_Graf-Zina_Garrison,Steffi Graf,0.4,0.4,0.2
19880929-W-Olympics-SF-Steffi_Graf-Zina_Garrison,Zina Garrison,0.28,0.16,0.56
19880929-W-Olympics-SF-Manuela_Maleeva_Fragniere-Gabriela_Sabatini,Manuela Maleeva Fragniere,0.15,0.15,0.7
19880929-W-Olympics-SF-Manuela_Maleeva_Fragniere-Gabriela_Sabatini,Gabriela Sabatini,0.3076923076923077,0.2564102564102564,0.4358974358974359
19880910-W-US_Open-F-Steffi_Graf-Gabriela_Sabatini,Steffi Graf,0.24615384615384617,0.27692307692307694,0.47692307692307695
19880910-W-US_Open-F-Steffi_Graf-Gabriela_Sabatini,Gabriela Sabatini,0.2926829268292683,0.2682926829268293,0.43902439024390244
19880908-W-US_Open-SF-Zina_Garrison-Gabriela_Sabatini,Zina Garrison,0.4,0.2857142857142857,0.3142857142857143
19880908-W-US_Open-SF-Zina_Garrison-Gabriela_Sabatini,Gabriela Sabatini,0.39655172413793105,0.41379310344827586,0.1896551724137931
19880731-W-Hamburg-F-Steffi_Graf-Katerina_Maleeva,Steffi Graf,0.30303030303030304,0.2727272727272727,0.42424242424242425
19880731-W-Hamburg-F-Steffi_Graf-Katerina_Maleeva,Katerina Maleeva,0.11764705882352941,0.20588235294117646,0.6764705882352942
19880704-W-Wimbledon-F-Martina_Navratilova-Steffi_Graf,Martina Navratilova,0.40425531914893614,0.3617021276595745,0.23404255319148937
19880704-W-Wimbledon-F-Martina_Navratilova-Steffi_Graf,Steffi Graf,0.6046511627906976,0.16279069767441862,0.23255813953488372
19880605-W-Roland_Garros-F-Steffi_Graf-Natalia_Zvereva,Steffi Graf,0.42105263157894735,0.39473684210526316,0.18421052631578946
19880605-W-Roland_Garros-F-Steffi_Graf-Natalia_Zvereva,Natalia Zvereva,0.15384615384615385,0.15384615384615385,0.6923076923076923
19880424-W-Houston-F-Chris_Evert-Martina_Navratilova,Chris Evert,0.42424242424242425,0.24242424242424243,0.3333333333333333
19880424-W-Houston-F-Chris_Evert-Martina_Navratilova,Martina Navratilova,0.34375,0.09375,0.5625
19880403-W-Tampa-F-Arantxa_Sanchez_Vicario-Chris_Evert,Arantxa Sanchez Vicario,0.25,0.05,0.7
19880403-W-Tampa-F-Arantxa_Sanchez_Vicario-Chris_Evert,Chris Evert,0.1774193548387097,0.20967741935483872,0.6129032258064516
19880306-W-San_Antonio-F-Steffi_Graf-Katerina_Maleeva,Steffi Graf,0.2857142857142857,0.30612244897959184,0.40816326530612246
19880306-W-San_Antonio-F-Steffi_Graf-Katerina_Maleeva,Katerina Maleeva,0.13793103448275862,0.06896551724137931,0.7931034482758621
19880124-W-Australian_Open-F-Steffi_Graf-Chris_Evert,Steffi Graf,0.2916666666666667,0.3125,0.3958333333333333
19880124-W-Australian_Open-F-Steffi_Graf-Chris_Evert,Chris Evert,0.16666666666666666,0.3125,0.5208333333333334
19870913-W-US_Open-F-Steffi_Graf-Martina_Navratilova,Steffi Graf,0.31343283582089554,0.1791044776119403,0.5074626865671642
19870913-W-US_Open-F-Steffi_Graf-Martina_Navratilova,Martina Navratilova,0.358974358974359,0.3076923076923077,0.3333333333333333
19870704-W-Wimbledon-SF-Chris_Evert-Martina_Navratilova,Chris Evert,0.5789473684210527,0.19736842105263158,0.2236842105263158
19870704-W-Wimbledon-SF-Chris_Evert-Martina_Navratilova,Martina Navratilova,0.5172413793103449,0.19540229885057472,0.28735632183908044
19870704-W-Wimbledon-F-Martina_Navratilova-Steffi_Graf,Martina Navratilova,0.5263157894736842,0.21052631578947367,0.2631578947368421
19870704-W-Wimbledon-F-Martina_Navratilova-Steffi_Graf,Steffi Graf,0.4222222222222222,0.17777777777777778,0.4
19870606-W-Roland_Garros-F-Steffi_Graf-Martina_Navratilova,Steffi Graf,0.3493975903614458,0.24096385542168675,0.40963855421686746
19870606-W-Roland_Garros-F-Steffi_Graf-Martina_Navratilova,Martina Navratilova,0.3924050632911392,0.21518987341772153,0.3924050632911392
19870223-W-Key_Biscayne-F-Chris_Evert-Steffi_Graf,Chris Evert,0.21428571428571427,0.10714285714285714,0.6785714285714286
19870223-W-Key_Biscayne-F-Chris_Evert-Steffi_Graf,Steffi Graf,0.29545454545454547,0.2727272727272727,0.4318181818181818
19870124-W-Australian_Open-F-Hana_Mandlikova-Martina_Navratilova,Hana Mandlikova,0.43636363636363634,0.38181818181818183,0.18181818181818182
19870124-W-Australian_Open-F-Hana_Mandlikova-Martina_Navratilova,Martina Navratilova,0.48148148148148145,0.2037037037037037,0.2962962962962963
19860906-W-US_Open-SF-Steffi_Graf-Martina_Navratilova,Steffi Graf,0.3253012048192771,0.3855421686746988,0.27710843373493976
19860906-W-US_Open-SF-Steffi_Graf-Martina_Navratilova,Martina Navratilova,0.379746835443038,0.3291139240506329,0.2911392405063291
19860905-W-US_Open-F-Martina_Navratilova-Helena_Sukova,Martina Navratilova,0.6410256410256411,0.15384615384615385,0.20512820512820512
19860905-W-US_Open-F-Martina_Navratilova-Helena_Sukova,Helena Sukova,0.5116279069767442,0.09302325581395349,0.3953488372093023
19860705-W-Wimbledon-F-Hana_Mandlikova-Martina_Navratilova,Hana Mandlikova,0.5217391304347826,0.2608695652173913,0.21739130434782608
19860705-W-Wimbledon-F-Hana_Mandlikova-Martina_Navratilova,Martina Navratilova,0.6046511627906976,0.18604651162790697,0.20930232558139536
19860607-W-Roland_Garros-F-Chris_Evert-Martina_Navratilova,Chris Evert,0.4,0.25333333333333335,0.3466666666666667
19860607-W-Roland_Garros-F-Chris_Evert-Martina_Navratilova,Martina Navratilova,0.4426229508196721,0.14754098360655737,0.4098360655737705
19860421-W-Amelia_Island-F-Steffi_Graf-Claudia_Kohde_Kilsch,Steffi Graf,0.18811881188118812,0.18811881188118812,0.6237623762376238
19860421-W-Amelia_Island-F-Steffi_Graf-Claudia_Kohde_Kilsch,Claudia Kohde Kilsch,0.20430107526881722,0.1827956989247312,0.6129032258064516
19860216-W-Boca_Raton-F-Steffi_Graf-Chris_Evert,Steffi Graf,0.16417910447761194,0.22388059701492538,0.5970149253731343
19860216-W-Boca_Raton-F-Steffi_Graf-Chris_Evert,Chris Evert,0.1891891891891892,0.35135135135135137,0.4594594594594595
19851207-W-Australian_Open-SF-Claudia_Kohde_Kilsch-Chris_Evert,Claudia Kohde Kilsch,0.41935483870967744,0.16129032258064516,0.41935483870967744
19851207-W-Australian_Open-SF-Claudia_Kohde_Kilsch-Chris_Evert,Chris Evert,0.4117647058823529,0.2549019607843137,0.3333333333333333
19851207-W-Australian_Open-F-Martina_Navratilova-Chris_Evert,Martina Navratilova,0.4393939393939394,0.2727272727272727,0.2878787878787879
19851207-W-Australian_Open-F-Martina_Navratilova-Chris_Evert,Chris Evert,0.35294117647058826,0.27941176470588236,0.36764705882352944
19850907-W-US_Open-F-Hana_Mandlikova-Martina_Navratilova,Hana Mandlikova,0.4406779661016949,0.3559322033898305,0.2033898305084746
19850907-W-US_Open-F-Hana_Mandlikova-Martina_Navratilova,Martina Navratilova,0.5915492957746479,0.22535211267605634,0.18309859154929578
19850818-W-Mahwah-F-Steffi_Graf-Kathy_Rinaldi_Stunkel,Steffi Graf,0.1978021978021978,0.17582417582417584,0.6153846153846154
19850818-W-Mahwah-F-Steffi_Graf-Kathy_Rinaldi_Stunkel,Kathy Rinaldi Stunkel,0.1780821917808219,0.2328767123287671,0.589041095890411
19850706-W-Wimbledon-F-Martina_Navratilova-Chris_Evert,Martina Navratilova,0.4307692307692308,0.2153846153846154,0.35384615384615387
19850706-W-Wimbledon-F-Martina_Navratilova-Chris_Evert,Chris Evert,0.35714285714285715,0.35714285714285715,0.2857142857142857
19850608-W-Roland_Garros-F-Chris_Evert-Martina_Navratilova,Chris Evert,0.4,0.26666666666666666,0.3333333333333333
19850608-W-Roland_Garros-F-Chris_Evert-Martina_Navratilova,Martina Navratilova,0.4107142857142857,0.17857142857142858,0.4107142857142857
19850519-W-Berlin-F-Steffi_Graf-Chris_Evert,Steffi Graf,0.2222222222222222,0.13580246913580246,0.6419753086419753
19850519-W-Berlin-F-Steffi_Graf-Chris_Evert,Chris Evert,0.22641509433962265,0.24528301886792453,0.5283018867924528
19841208-W-Australian_Open-F-Helena_Sukova-Chris_Evert,Helena Sukova,0.5,0.15384615384615385,0.34615384615384615
19841208-W-Australian_Open-F-Helena_Sukova-Chris_Evert,Chris Evert,0.4418604651162791,0.26744186046511625,0.29069767441860467
19841207-W-Australian_Open-SF-Martina_Navratilova-Helena_Sukova,Martina Navratilova,0.48148148148148145,0.2222222222222222,0.2962962962962963
19841207-W-Australian_Open-SF-Martina_Navratilova-Helena_Sukova,Helena Sukova,0.5595238095238095,0.13095238095238096,0.30952380952380953
19840908-W-US_Open-SF-Carling_Bassett_Seguso-Chris_Evert,Carling Bassett Seguso,0.10810810810810811,0.1891891891891892,0.7027027027027027
19840908-W-US_Open-SF-Carling_Bassett_Seguso-Chris_Evert,Chris Evert,0.39285714285714285,0.23214285714285715,0.375
19840908-W-US_Open-F-Chris_Evert-Martina_Navratilova,Chris Evert,0.34328358208955223,0.2835820895522388,0.373134328358209
19840908-W-US_Open-F-Chris_Evert-Martina_Navratilova,Martina Navratilova,0.4,0.17142857142857143,0.42857142857142855
19830910-W-US_Open-F-Martina_Navratilova-Chris_Evert,Martina Navratilova,0.42857142857142855,0.22448979591836735,0.3469387755102041
19830910-W-US_Open-F-Martina_Navratilova-Chris_Evert,Chris Evert,0.43243243243243246,0.10810810810810811,0.4594594594594595
19830523-W-Roland_Garros-F-Mima_Jausovec-Chris_Evert,Mima Jausovec,0.17647058823529413,0.17647058823529413,0.6470588235294118
19830523-W-Roland_Garros-F-Mima_Jausovec-Chris_Evert,Chris Evert,0.42857142857142855,0.1836734693877551,0.3877551020408163
19821129-W-Australian_Open-F-Martina_Navratilova-Chris_Evert,Martina Navratilova,0.36619718309859156,0.19718309859154928,0.43661971830985913
19821129-W-Australian_Open-F-Martina_Navratilova-Chris_Evert,Chris Evert,0.34545454545454546,0.41818181818181815,0.23636363636363636
19820831-W-US_Open-F-Hana_Mandlikova-Chris_Evert,Hana Mandlikova,0.2545454545454545,0.21818181818181817,0.5272727272727272
19820831-W-US_Open-F-Hana_Mandlikova-Chris_Evert,Chris Evert,0.3157894736842105,0.4473684210526316,0.23684210526315788
19811130-W-Australian_Open-F-Martina_Navratilova-Chris_Evert,Martina Navratilova,0.41284403669724773,0.21100917431192662,0.3761467889908257
19811130-W-Australian_Open-F-Martina_Navratilova-Chris_Evert,Chris Evert,0.3829787234042553,0.32978723404255317,0.2872340425531915
19811118-W-Perth-R16-Eva_Pfaff-Pam_Shriver,Eva Pfaff,0.3953488372093023,0.18604651162790697,0.4186046511627907
19811118-W-Perth-R16-Eva_Pfaff-Pam_Shriver,Pam Shriver,0.59375,0.09375,0.3125
19810703-W-Wimbledon-F-Hana_Mandlikova-Chris_Evert,Hana Mandlikova,0.28125,0.15625,0.5625
19810703-W-Wimbledon-F-Hana_Mandlikova-Chris_Evert,Chris Evert,0.36363636363636365,0.3333333333333333,0.30303030303030304
19810420-W-Amelia_Island-F-Martina_Navratilova-Chris_Evert,Martina Navratilova,0.14285714285714285,0.17857142857142858,0.6785714285714286
19810420-W-Amelia_Island-F-Martina_Navratilova-Chris_Evert,Chris Evert,0.358974358974359,0.38461538461538464,0.2564102564102564
19800906-W-US_Open-F-Hana_Mandlikova-Chris_Evert,Hana Mandlikova,0.33766233766233766,0.19480519480519481,0.4675324675324675
19800906-W-US_Open-F-Hana_Mandlikova-Chris_Evert,Chris Evert,0.2916666666666667,0.4166666666666667,0.2916666666666667
19790928-W-US_Open-F-Tracy_Austin-Chris_Evert,Tracy Austin,0.20967741935483872,0.1935483870967742,0.5967741935483871
19790928-W-US_Open-F-Tracy_Austin-Chris_Evert,Chris Evert,0.175,0.075,0.75
